academic_year,division,team_name,org_id,conference,record,assists_per_game,caused_turnovers_per_game,clearing_percentage,face_off_winning_percentage,ground_balls_per_game,man_down_defense,man_up_offense,opponent_clear_percentage,points_per_game,saves_per_game,scoring_defense,scoring_margin,scoring_offense,shot_percentage,turnovers_per_game,winning_percentage,wins,losses,ties,games_played,wp,opp_wp,opp_opp_wp,rpi
2014,1,Air Force,103551,ECAC,11-6,6.41,6.24,0.848,0.494,29.12,0.65,0.4,,18.12,9.06,9.41,2.29,11.71,0.285,11.94,0.647,,,,,,,,
2014,1,Army West Point,103552,Patriot,9-5,5.57,7.0,0.839,0.535,27.14,0.651,0.317,,15.71,8.5,7.21,2.93,10.14,0.272,12.93,0.643,,,,,,,,
2014,1,Bellarmine,103495,ECAC,7-5,5.75,8.92,0.921,0.402,24.42,0.652,0.267,,15.17,9.92,8.58,0.83,9.42,0.246,14.67,0.583,,,,,,,,
2014,1,Binghamton,103496,America East,7-8,6.07,6.87,0.904,0.463,26.0,0.551,0.417,,15.6,10.07,10.6,-1.07,9.53,0.285,12.07,0.467,,,,,,,,
2014,1,Boston U.,103497,Patriot,2-12,4.57,7.5,0.769,0.548,26.21,0.615,0.407,,11.79,12.36,11.0,-3.79,7.21,0.219,18.93,0.143,,,,,,,,
2014,1,Brown,103498,Ivy League,8-6,5.93,6.64,0.86,0.509,30.5,0.593,0.302,,16.07,13.0,10.64,-0.5,10.14,0.287,16.64,0.571,,,,,,,,
2014,1,Bryant,103499,NEC,16-5,6.05,5.24,0.86,0.678,34.1,0.77,0.422,,16.33,11.43,7.9,2.38,10.29,0.289,16.38,0.762,,,,,,,,
2014,1,Bucknell,103500,Patriot,7-8,4.6,9.47,0.882,0.342,27.07,0.642,0.405,,13.4,10.87,8.67,0.13,8.8,0.229,12.47,0.467,,,,,,,,
2014,1,Canisius,103501,MAAC,7-8,5.07,4.87,0.879,0.551,26.07,0.483,0.298,,13.67,10.53,9.47,-0.87,8.6,0.257,13.53,0.467,,,,,,,,
2014,1,Colgate,103502,Patriot,9-7,3.94,6.94,0.858,0.598,29.69,0.653,0.266,,12.38,9.88,8.88,-0.44,8.44,0.258,15.31,0.563,,,,,,,,
2014,1,Cornell,103503,Ivy League,11-5,7.13,7.94,0.875,0.517,34.94,0.653,0.443,,19.88,10.75,9.56,3.19,12.75,0.32,14.38,0.688,,,,,,,,
2014,1,Dartmouth,103504,Ivy League,2-10,4.0,9.58,0.8,0.405,31.58,0.432,0.238,,12.25,11.08,13.33,-5.08,8.25,0.22,17.25,0.167,,,,,,,,
2014,1,Delaware,103505,CAA,7-9,5.19,6.88,0.854,0.596,29.69,0.661,0.289,,14.31,10.56,9.0,0.13,9.13,0.273,14.81,0.438,,,,,,,,
2014,1,Denver,103506,Big East,16-3,7.37,5.95,0.885,0.485,29.32,0.629,0.405,,20.58,10.68,8.47,4.74,13.21,0.371,11.16,0.842,,,,,,,,
2014,1,Detroit Mercy,103507,MAAC,6-8,6.5,7.79,0.794,0.407,27.21,0.673,0.708,,15.64,16.07,9.64,-0.5,9.14,0.274,17.71,0.429,,,,,,,,
2014,1,Drexel,103508,CAA,13-5,6.44,6.28,0.891,0.606,31.78,0.578,0.38,,18.06,11.28,10.33,1.28,11.61,0.286,14.72,0.722,,,,,,,,
2014,1,Duke,103509,ACC,17-3,9.0,6.35,0.894,0.577,35.05,0.663,0.373,,23.85,9.6,9.65,5.2,14.85,0.358,13.8,0.85,,,,,,,,
2014,1,Fairfield,103510,ECAC,12-4,5.69,6.88,0.881,0.476,28.69,0.707,0.356,,17.0,9.94,8.44,2.88,11.31,0.369,12.44,0.75,,,,,,,,
2014,1,Furman,103511,ASUN,1-12,3.77,4.23,0.822,0.533,24.31,0.692,0.226,,11.08,11.54,13.85,-6.54,7.31,0.22,17.85,0.077,,,,,,,,
2014,1,Georgetown,103512,Big East,4-10,5.07,5.86,0.829,0.653,33.07,0.633,0.368,,13.71,10.57,10.79,-2.14,8.64,0.245,15.93,0.286,,,,,,,,
2014,1,Hartford,103513,America East,6-9,5.13,7.93,0.877,0.541,33.8,0.629,0.286,,15.13,10.27,10.4,-0.4,10.0,0.246,14.87,0.4,,,,,,,,
2014,1,Harvard,103514,Ivy League,10-7,6.82,7.53,0.885,0.49,29.65,0.602,0.389,,17.53,10.24,9.76,0.94,10.71,0.292,15.24,0.588,,,,,,,,
2014,1,High Point,103560,ASUN,9-7,5.69,8.06,0.843,0.581,31.25,0.774,0.241,,15.31,14.0,9.44,0.19,9.63,0.278,16.31,0.563,,,,,,,,
2014,1,Hobart,103515,NEC,5-10,4.0,6.4,0.823,0.405,24.87,0.633,0.333,,12.67,11.27,10.4,-1.73,8.67,0.273,13.6,0.333,,,,,,,,
2014,1,Hofstra,103516,CAA,11-5,4.81,6.0,0.868,0.551,28.69,0.571,0.377,,14.38,8.44,8.44,1.13,9.56,0.279,12.06,0.688,,,,,,,,
2014,1,Holy Cross,103517,Patriot,3-12,5.07,5.4,0.832,0.514,27.2,0.585,0.308,,14.13,10.73,13.47,-4.4,9.07,0.252,15.13,0.2,,,,,,,,
2014,1,Jacksonville,103518,ASUN,4-9,5.15,6.15,0.89,0.374,26.46,0.544,0.333,,14.69,12.62,11.77,-2.23,9.54,0.309,16.46,0.308,,,,,,,,
2014,1,Johns Hopkins,103519,Independent,11-5,7.44,6.13,0.826,0.57,30.63,0.659,0.545,,19.5,10.88,8.94,3.13,12.06,0.303,13.56,0.688,,,,,,,,
2014,1,Lafayette,103520,Patriot,2-11,2.85,6.23,0.774,0.394,25.69,0.727,0.204,,9.0,10.38,11.38,-5.23,6.15,0.198,14.92,0.154,,,,,,,,
2014,1,Lehigh,103521,Patriot,13-5,6.33,9.39,0.877,0.538,31.28,0.714,0.365,,16.89,9.83,7.22,3.33,10.56,0.285,15.44,0.722,,,,,,,,
2014,1,Loyola Maryland,103522,Patriot,15-2,7.53,8.06,0.918,0.525,36.0,0.686,0.442,,20.41,11.06,7.47,5.41,12.88,0.313,11.94,0.882,,,,,,,,
2014,1,Manhattan,103523,MAAC,5-10,3.33,7.13,0.73,0.379,27.87,0.59,0.306,,10.47,13.07,11.0,-3.87,7.13,0.253,15.93,0.333,,,,,,,,
2014,1,Marist,103524,MAAC,6-9,4.87,6.13,0.922,0.54,30.27,0.608,0.268,,15.87,10.8,11.67,-0.67,11.0,0.289,12.47,0.4,,,,,,,,
2014,1,Marquette,103525,Big East,6-10,4.56,6.19,0.883,0.441,26.44,0.467,0.411,,13.81,8.19,11.56,-2.31,9.25,0.287,12.56,0.375,,,,,,,,
2014,1,Maryland,103527,ACC,13-4,5.29,7.47,0.904,0.646,35.06,0.587,0.444,,16.65,9.65,7.24,4.12,11.35,0.283,13.71,0.765,,,,,,,,
2014,1,Massachusetts,103528,CAA,7-6,5.38,6.85,0.886,0.551,26.62,0.717,0.347,,14.54,10.54,9.69,-0.54,9.15,0.266,12.46,0.538,,,,,,,,
2014,1,Mercer,103529,ASUN,7-7,5.43,6.36,0.872,0.559,28.64,0.655,0.371,,14.93,12.0,10.86,-1.36,9.5,0.281,15.43,0.5,,,,,,,,
2014,1,Michigan,103530,ECAC,5-11,4.56,7.44,0.887,0.491,29.44,0.717,0.37,,14.38,10.31,12.56,-2.75,9.81,0.248,14.56,0.313,,,,,,,,
2014,1,Monmouth,103531,MAAC,0-13,2.77,8.46,0.837,0.296,26.15,0.656,0.267,,8.92,12.62,11.23,-5.08,6.15,0.182,15.38,0.0,,,,,,,,
2014,1,Mount St. Mary's,103532,NEC,1-15,2.69,6.63,0.776,0.47,26.38,0.477,0.311,,8.38,12.69,12.0,-6.31,5.69,0.205,18.19,0.063,,,,,,,,
2014,1,Navy,103553,Patriot,4-10,4.5,7.71,0.839,0.559,29.29,0.667,0.179,,13.43,10.64,9.36,-0.43,8.93,0.243,14.5,0.286,,,,,,,,
2014,1,North Carolina,103533,ACC,10-5,6.2,6.87,0.87,0.484,32.6,0.731,0.444,,19.2,10.53,8.4,4.6,13.0,0.329,12.2,0.667,,,,,,,,
2014,1,Notre Dame,103534,ACC,12-6,6.06,6.83,0.868,0.552,30.72,0.576,0.522,,17.89,9.44,9.56,2.28,11.83,0.319,14.33,0.667,,,,,,,,
2014,1,Ohio St.,103535,ECAC,6-8,6.07,6.64,0.918,0.455,28.0,0.611,0.255,,15.29,8.93,8.57,0.64,9.21,0.287,14.14,0.429,,,,,,,,
2014,1,Penn,103537,Ivy League,11-4,5.87,6.87,0.873,0.484,30.67,0.74,0.349,,16.47,11.0,9.27,1.33,10.6,0.291,17.73,0.733,,,,,,,,
2014,1,Penn St.,103536,CAA,7-6,5.0,7.62,0.884,0.6,30.15,0.667,0.35,,15.31,10.62,8.92,1.38,10.31,0.289,14.0,0.538,,,,,,,,
2014,1,Princeton,103538,Ivy League,7-6,7.46,6.31,0.886,0.46,28.62,0.791,0.512,,19.46,11.0,10.92,1.08,12.0,0.301,12.08,0.538,,,,,,,,
2014,1,Providence,103539,Big East,4-11,4.0,7.93,0.844,0.391,27.93,0.648,0.396,,12.53,10.93,10.73,-2.2,8.53,0.246,15.67,0.267,,,,,,,,
2014,1,Quinnipiac,103540,MAAC,6-8,6.93,6.57,0.864,0.501,30.71,0.542,0.365,,17.5,13.86,11.07,-0.5,10.57,0.295,16.21,0.429,,,,,,,,
2014,1,Richmond,103541,ASUN,6-11,5.0,8.76,0.878,0.362,29.29,0.639,0.288,,14.0,10.35,10.47,-1.47,9.0,0.272,17.18,0.353,,,,,,,,
2014,1,Robert Morris,103542,NEC,5-9,4.71,10.14,0.835,0.387,29.07,0.7,0.364,,13.86,10.79,11.57,-2.43,9.14,0.251,14.86,0.357,,,,,,,,
2014,1,Rutgers,103543,Big East,8-8,7.44,6.06,0.878,0.577,32.56,0.638,0.261,,19.56,11.5,11.19,0.94,12.13,0.314,15.0,0.5,,,,,,,,
2014,1,Sacred Heart,103544,NEC,6-9,6.27,7.27,0.893,0.412,26.4,0.667,0.294,,16.4,12.27,11.67,-1.53,10.13,0.277,15.27,0.4,,,,,,,,
2014,1,Saint Joseph's,103546,NEC,11-4,5.0,8.87,0.869,0.499,28.47,0.793,0.241,,16.13,10.07,8.2,2.93,11.13,0.295,14.2,0.733,,,,,,,,
2014,1,Siena,103547,MAAC,11-6,6.0,5.65,0.884,0.58,31.47,0.447,0.411,,16.18,11.12,9.82,0.35,10.18,0.253,14.71,0.647,,,,,,,,
2014,1,St. John's (NY),103545,Big East,7-7,6.64,7.21,0.9,0.412,27.57,0.538,0.414,,18.07,11.71,11.93,-0.5,11.43,0.301,11.93,0.5,,,,,,,,
2014,1,Stony Brook,103548,America East,6-10,7.31,3.63,0.839,0.61,33.06,0.689,0.491,,18.94,10.44,12.19,-0.56,11.63,0.373,14.63,0.375,,,,,,,,
2014,1,Syracuse,103549,ACC,11-5,8.0,6.81,0.863,0.467,29.44,0.613,0.431,,21.0,11.44,11.69,1.31,13.0,0.353,12.13,0.688,,,,,,,,
2014,1,Towson,103550,CAA,8-7,4.53,5.8,0.883,0.402,24.47,0.736,0.308,,13.0,9.6,9.73,-1.27,8.47,0.257,12.0,0.533,,,,,,,,
2014,1,UAlbany,103494,America East,12-6,9.39,7.72,0.892,0.41,29.33,0.609,0.471,,25.33,13.56,11.33,4.61,15.94,0.378,13.39,0.667,,,,,,,,
2014,1,UMBC,103526,America East,8-7,6.73,5.8,0.861,0.582,33.07,0.593,0.41,,18.93,11.53,11.93,0.27,12.2,0.317,13.4,0.533,,,,,,,,
2014,1,VMI,103556,ASUN,2-12,2.64,9.07,0.801,0.442,29.5,0.609,0.256,,8.86,11.5,12.43,-6.21,6.21,0.215,18.29,0.143,,,,,,,,
2014,1,Vermont,103554,America East,5-8,5.85,10.15,0.825,0.427,32.46,0.746,0.35,,15.92,11.38,11.0,-0.92,10.08,0.254,18.08,0.385,,,,,,,,
2014,1,Villanova,103555,Big East,6-10,5.25,9.75,0.815,0.493,30.5,0.719,0.343,,14.69,10.13,10.25,-0.81,9.44,0.263,15.69,0.375,,,,,,,,
2014,1,Virginia,103557,ACC,10-6,7.69,9.56,0.851,0.472,37.75,0.551,0.526,,20.31,9.88,11.13,1.5,12.63,0.308,12.06,0.625,,,,,,,,
2014,1,Wagner,103558,NEC,2-11,3.38,10.23,0.804,0.414,27.92,0.627,0.141,,10.31,12.31,12.38,-5.46,6.92,0.233,18.23,0.154,,,,,,,,
2014,1,Yale,103559,Ivy League,9-5,6.57,7.29,0.87,0.579,29.5,0.698,0.368,,17.07,9.0,8.57,1.93,10.5,0.284,15.21,0.643,,,,,,,,
2014,2,Adams St.,103584,Independent,4-8,,10.08,,,,0.725,,,,,,,,,16.0,0.3333333333333333,,,,,,,,
2014,2,Adelphi,103561,NE10,17-2,6.26,7.58,,0.657,38.21,,,,19.58,,8.47,4.84,13.32,0.275,16.11,0.895,,,,,,,,
2014,2,Alderson Broaddus,103585,ECAC-II,0-14,,7.29,,,,,,,,16.29,,,,,,0.0,,,,,,,,
2014,2,American Int'l,103562,NE10,2-14,5.5,,,,,,,,,14.75,,,,0.282,,0.125,,,,,,,,
2014,2,Assumption,103563,NE10,5-9,5.64,,,0.566,31.07,,,,,,,,,,,0.3571428571428571,,,,,,,,
2014,2,Belmont Abbey,103596,Conference Carolinas,6-10,,9.19,,,,,,,15.69,,,,,0.281,15.56,0.375,,,,,,,,
2014,2,Bentley,103564,NE10,8-7,,7.4,,,,0.765,0.364,,,11.4,8.2,,,,,0.5333333333333333,,,,,,,,
2014,2,Brevard,103610,SAC,3-10,,,,,,0.812,,,,16.23,,,,0.281,14.46,0.2307692307692307,,,,,,,,
2014,2,Catawba,103586,SAC,7-8,,,,,30.13,,,,,13.0,,,,,16.67,0.4666666666666667,,,,,,,,
2014,2,Chestnut Hill,103607,ECC,7-6,6.69,,,,30.0,,0.431,,18.46,12.38,,,11.77,0.317,,0.5384615384615384,,,,,,,,
2014,2,Coker,103587,SAC,6-8,7.43,,,,,,,,19.07,14.0,,,11.64,0.339,15.36,0.4285714285714285,,,,,,,,
2014,2,Colorado Mesa,103600,Independent,9-3,6.58,11.25,,,31.25,0.792,0.409,,18.25,11.92,7.83,3.83,11.67,0.287,16.92,0.75,,,,,,,,
2014,2,Dist. Columbia,103565,ECC,3-8,,8.73,,,,,,,,16.09,,,,,,0.2727272727272727,,,,,,,,
2014,2,Dominican (CA),103611,Independent,9-3,7.58,8.25,,,,0.746,0.348,,22.67,11.67,9.17,5.92,15.08,0.366,12.58,0.75,,,,,,,,
2014,2,Dominican (NY),103599,ECC,1-13,,,,,,,,,,20.21,,,,,,0.0714285714285714,,,,,,,,
2014,2,Dowling,103597,ECC,12-5,6.71,9.18,,0.581,33.53,,0.397,,20.0,,8.29,5.0,13.29,0.333,14.71,0.706,,,,,,,,
2014,2,Fla. Southern,103567,Sunshine State,11-4,7.93,7.8,0.896,0.595,36.6,0.72,0.406,,22.47,,,5.27,14.53,0.324,15.93,0.733,,,,,,,,
2014,2,Florida Tech,103566,Sunshine State,3-9,6.25,7.33,,,32.83,,,,17.83,10.92,,,,0.277,16.0,0.25,,,,,,,,
2014,2,Franklin Pierce,103568,NE10,6-7,,8.69,,,31.54,0.726,,,,13.46,8.92,,,,15.54,0.4615384615384615,,,,,,,,
2014,2,LIU Post,103570,ECC,11-6,5.76,8.06,,,,,0.417,,16.47,,7.24,3.47,,,13.76,0.647,,,,,,,,
2014,2,Lake Erie,103598,ECAC-II,10-4,7.14,7.43,0.902,0.564,30.14,0.71,0.511,,19.71,,7.57,5.0,12.57,0.28,13.86,0.714,,,,,,,,
2014,2,Le Moyne,103569,NE10,13-3,8.56,8.13,,0.56,31.25,,0.447,,22.06,,6.81,6.69,13.5,0.333,15.44,0.813,,,,,,,,
2014,2,Lees-McRae,103604,Conference Carolinas,0-14,,,,,,,,,,12.57,,,,,,0.0,,,,,,,,
2014,2,Lenoir-Rhyne,103588,SAC,10-4,9.14,,0.898,,30.86,,0.383,,24.29,,8.07,7.07,15.14,0.384,13.0,0.714,,,,,,,,
2014,2,Limestone,103589,Conference Carolinas,19-1,7.8,9.0,0.904,0.649,40.85,0.765,0.429,,22.6,,6.45,8.35,14.8,0.37,15.95,0.95,,,,,,,,
2014,2,Lindenwood,103612,ECAC-II,5-7,,11.17,,0.562,40.58,0.72,0.4,,16.83,,,,,0.287,,0.4166666666666667,,,,,,,,
2014,2,Lynn,103606,Sunshine State,1-10,,,,,33.09,,,,,18.09,,,,,,0.0909090909090909,,,,,,,,
2014,2,Mars Hill,103590,SAC,7-8,7.07,,0.898,,31.07,,,,19.0,12.73,,,11.93,0.367,14.8,0.4666666666666667,,,,,,,,
2014,2,Mercy,103571,ECC,10-6,5.56,9.38,,0.616,36.25,,,,16.5,,8.25,2.69,,0.281,,0.625,,,,,,,,
2014,2,Mercyhurst,103572,ECAC-II,12-4,8.06,7.94,0.897,0.609,,0.75,0.431,,19.25,,6.19,5.0,,0.3,12.31,0.75,,,,,,,,
2014,2,Merrimack,103573,NE10,12-5,,,,,34.12,0.754,0.358,,16.18,,8.12,2.82,,,15.35,0.706,,,,,,,,
2014,2,Molloy,103574,ECC,8-6,5.93,8.21,,,,0.767,,,17.79,,8.79,3.07,11.86,0.289,14.86,0.5714285714285714,,,,,,,,
2014,2,Mount Olive,103591,Conference Carolinas,13-3,9.19,8.0,0.892,,30.13,0.829,0.529,,23.19,12.75,7.63,6.38,14.0,0.363,15.56,0.813,,,,,,,,
2014,2,New York Tech,103576,ECC,12-4,7.63,10.5,,0.551,31.31,0.84,0.444,,19.25,11.06,7.13,4.5,11.63,0.311,,0.75,,,,,,,,
2014,2,Notre Dame de Namur,103608,Independent,1-8,,,,,,,,,,14.33,,,,,14.67,0.1111111111111111,,,,,,,,
2014,2,Ohio Valley,103605,ECAC-II,2-14,,,,,,,,,,13.94,,,,,,0.125,,,,,,,,
2014,2,Pace,103577,NE10,5-7,6.33,,,0.595,31.92,,,,16.75,12.5,,,,0.287,,0.4166666666666667,,,,,,,,
2014,2,Pfeiffer,103578,Conference Carolinas,9-5,6.71,9.57,,,32.93,,,,18.57,11.14,,,11.86,0.303,15.93,0.643,,,,,,,,
2014,2,Post,103592,Independent,4-11,,,,,,,,,,12.6,,,,0.272,,0.2666666666666666,,,,,,,,
2014,2,Queens (NC),103601,SAC,12-5,5.35,,,0.54,,0.763,0.354,,16.76,12.71,,,,0.298,14.88,0.706,,,,,,,,
2014,2,Rockhurst,103593,Independent,2-8,,,,,,,,,,13.0,,,,,,0.2,,,,,,,,
2014,2,Rollins,103579,Sunshine State,6-9,5.93,9.73,,0.604,33.0,,,,16.07,,,,,,,0.4,,,,,,,,
2014,2,Saint Leo,103581,Sunshine State,8-7,,,,0.662,30.67,0.737,0.362,,,,8.2,,,,14.73,0.5333333333333333,,,,,,,,
2014,2,Saint Michael's,103582,NE10,4-10,,8.5,,,31.29,,,,,12.21,,,,,,0.2857142857142857,,,,,,,,
2014,2,Seton Hill,103609,ECAC-II,10-6,7.06,7.69,0.903,,,,0.433,,19.31,,,2.56,12.25,0.345,16.81,0.625,,,,,,,,
2014,2,Southern N.H.,103575,NE10,7-8,,,,,,,,,,15.13,,,,,,0.4666666666666667,,,,,,,,
2014,2,St. Anselm,103580,NE10,6-9,5.47,8.6,,0.549,35.73,,,,,,,,,,,0.4,,,,,,,,
2014,2,Tampa,103583,Sunshine State,16-3,7.74,7.63,,0.605,35.95,,,,21.84,,7.79,6.32,14.11,0.331,15.32,0.842,,,,,,,,
2014,2,Tusculum,103603,SAC,5-8,,,,,31.0,0.744,,,,13.0,,,,,,0.3846153846153846,,,,,,,,
2014,2,Walsh,103613,ECAC-II,4-7,,8.82,,,30.0,,,,,,,,,,16.09,0.3636363636363636,,,,,,,,
2014,2,Wheeling,103602,ECAC-II,10-3,5.62,8.15,0.916,0.537,,0.833,,,18.31,,7.92,4.77,12.69,0.334,14.92,0.769,,,,,,,,
2014,2,Wingate,103595,SAC,7-6,8.23,,0.892,0.615,36.15,0.791,0.373,,21.08,11.85,,2.92,12.85,0.31,,0.5384615384615384,,,,,,,,
2014,2,Young Harris,103616,Independent,6-9,,,,0.534,,,,,,11.2,,,,,,0.4,,,,,,,,
2015,1,Air Force,105982,ECAC,8-7,5.53,7.67,0.866,0.505,26.27,0.591,0.25,,15.2,9.47,8.73,0.93,9.67,0.271,13.73,0.533,,,,,,,,
2015,1,Army West Point,105983,Patriot,10-7,6.59,6.71,0.872,0.57,28.53,0.615,0.413,,17.82,8.82,8.0,3.24,11.24,0.308,13.59,0.588,,,,,,,,
2015,1,Bellarmine,105924,SoCon,4-8,5.42,7.25,0.859,0.478,26.67,0.74,0.217,,15.33,10.83,9.67,0.25,9.92,0.293,14.08,0.333,,,,,,,,
2015,1,Binghamton,105925,America East,4-9,6.0,5.15,0.89,0.53,25.85,0.516,0.344,,16.77,9.92,10.77,0.0,10.77,0.308,13.23,0.308,,,,,,,,
2015,1,Boston U.,105926,Patriot,6-8,6.64,7.29,0.784,0.637,30.86,0.682,0.375,,17.36,11.64,10.0,0.71,10.71,0.263,15.5,0.429,,,,,,,,
2015,1,Brown,105927,Ivy League,12-5,8.18,9.41,0.87,0.587,38.65,0.683,0.489,,22.12,11.94,10.41,3.53,13.94,0.293,16.41,0.706,,,,,,,,
2015,1,Bryant,105928,NEC,8-10,4.78,5.67,0.779,0.67,30.61,0.568,0.264,,13.06,11.22,8.22,0.06,8.28,0.269,16.06,0.444,,,,,,,,
2015,1,Bucknell,105929,Patriot,9-6,4.47,7.33,0.832,0.431,26.6,0.579,0.333,,14.07,9.8,9.93,-0.33,9.6,0.277,12.47,0.6,,,,,,,,
2015,1,Canisius,105930,MAAC,3-12,4.13,6.33,0.821,0.452,25.27,0.514,0.34,,12.0,10.13,11.0,-3.13,7.87,0.241,14.53,0.2,,,,,,,,
2015,1,Colgate,105931,Patriot,10-6,6.06,6.19,0.841,0.378,25.69,0.711,0.56,,16.63,9.75,9.38,1.19,10.56,0.353,12.38,0.625,,,,,,,,
2015,1,Cornell,105932,Ivy League,10-6,5.63,7.25,0.831,0.657,35.81,0.656,0.382,,17.13,9.06,9.94,1.56,11.5,0.263,14.5,0.625,,,,,,,,
2015,1,Dartmouth,105933,Ivy League,5-8,4.92,8.85,0.797,0.556,31.85,0.696,0.325,,13.69,10.15,12.38,-3.62,8.77,0.277,18.77,0.385,,,,,,,,
2015,1,Delaware,105934,CAA,5-10,5.0,6.07,0.827,0.462,26.27,0.653,0.302,,14.07,11.53,10.67,-1.6,9.07,0.285,13.73,0.333,,,,,,,,
2015,1,Denver,105935,Big East,17-2,8.21,5.26,0.856,0.665,30.16,0.571,0.603,,21.95,10.0,8.47,5.26,13.74,0.357,11.63,0.895,,,,,,,,
2015,1,Detroit Mercy,105936,MAAC,8-6,5.21,7.29,0.883,0.447,28.21,0.592,0.451,,15.14,15.14,10.21,-0.29,9.93,0.286,15.64,0.571,,,,,,,,
2015,1,Drexel,105937,CAA,7-8,4.8,6.33,0.875,0.54,27.73,0.672,0.364,,13.47,9.47,9.8,-1.13,8.67,0.225,14.0,0.467,,,,,,,,
2015,1,Duke,105938,ACC,12-6,8.11,6.61,0.876,0.562,37.0,0.569,0.375,,22.39,11.0,11.56,2.72,14.28,0.322,14.78,0.667,,,,,,,,
2015,1,Fairfield,105939,CAA,9-6,5.27,6.07,0.839,0.562,28.47,0.64,0.302,,14.87,10.47,7.47,2.13,9.6,0.28,14.67,0.6,,,,,,,,
2015,1,Furman,105940,SoCon,4-9,3.69,6.69,0.879,0.42,21.69,0.756,0.184,,10.92,12.23,9.23,-2.0,7.23,0.211,14.62,0.308,,,,,,,,
2015,1,Georgetown,105941,Big East,10-6,6.13,7.13,0.842,0.449,30.25,0.547,0.442,,17.75,13.19,10.88,0.75,11.63,0.299,12.31,0.625,,,,,,,,
2015,1,Hartford,105942,America East,7-8,6.0,7.33,0.814,0.534,31.93,0.517,0.25,,15.8,11.93,11.07,-1.27,9.8,0.287,16.4,0.467,,,,,,,,
2015,1,Harvard,105943,Ivy League,7-7,6.71,8.93,0.836,0.425,30.93,0.629,0.365,,19.0,13.21,12.29,0.0,12.29,0.316,15.86,0.5,,,,,,,,
2015,1,High Point,105991,SoCon,10-7,5.82,7.65,0.913,0.55,29.71,0.727,0.421,,16.65,12.94,9.76,1.06,10.82,0.304,13.35,0.588,,,,,,,,
2015,1,Hobart,105944,NEC,7-7,3.71,5.21,0.852,0.387,22.29,0.706,0.394,,12.14,12.07,9.36,-0.93,8.43,0.268,12.79,0.5,,,,,,,,
2015,1,Hofstra,105945,CAA,5-9,5.29,5.29,0.841,0.606,27.86,0.578,0.369,,14.79,8.14,8.0,1.5,9.5,0.255,11.43,0.357,,,,,,,,
2015,1,Holy Cross,105946,Patriot,6-7,4.85,5.23,0.806,0.468,25.69,0.622,0.367,,14.08,9.46,11.85,-2.62,9.23,0.305,13.69,0.462,,,,,,,,
2015,1,Jacksonville,105947,SoCon,4-8,5.83,5.83,0.87,0.524,26.58,0.613,0.315,,14.92,13.25,12.33,-3.25,9.08,0.274,14.75,0.333,,,,,,,,
2015,1,Johns Hopkins,105948,Big Ten,11-7,7.78,5.78,0.872,0.522,29.06,0.62,0.463,,20.78,9.83,10.5,2.5,13.0,0.331,11.61,0.611,,,,,,,,
2015,1,Lafayette,105949,Patriot,4-10,4.79,7.43,0.815,0.39,26.79,0.689,0.346,,13.86,11.07,12.21,-3.14,9.07,0.262,15.14,0.286,,,,,,,,
2015,1,Lehigh,105950,Patriot,7-9,5.88,7.69,0.858,0.457,29.44,0.645,0.484,,16.06,10.0,10.06,0.13,10.19,0.294,12.44,0.438,,,,,,,,
2015,1,Loyola Maryland,105952,Patriot,7-8,6.93,6.87,0.874,0.552,31.0,0.515,0.324,,18.13,10.47,10.33,0.87,11.2,0.273,11.6,0.467,,,,,,,,
2015,1,Manhattan,105953,MAAC,1-14,2.87,4.0,0.756,0.401,22.47,0.687,0.203,,7.8,11.67,14.53,-9.6,4.93,0.176,16.13,0.067,,,,,,,,
2015,1,Marist,105954,MAAC,14-4,7.06,6.44,0.859,0.528,29.11,0.711,0.56,,18.83,11.28,8.61,3.17,11.78,0.32,12.89,0.778,,,,,,,,
2015,1,Marquette,105955,Big East,10-6,5.25,6.06,0.869,0.432,24.88,0.633,0.385,,15.44,10.63,10.5,-0.31,10.19,0.302,11.31,0.625,,,,,,,,
2015,1,Maryland,105957,Big Ten,15-4,4.68,6.05,0.866,0.523,26.68,0.702,0.419,,14.89,9.68,7.05,3.16,10.21,0.262,10.74,0.789,,,,,,,,
2015,1,Massachusetts,105958,CAA,5-10,6.6,6.6,0.859,0.429,26.33,0.636,0.37,,16.33,10.73,10.73,-1.0,9.73,0.296,11.87,0.333,,,,,,,,
2015,1,Mercer,105959,SoCon,5-8,4.62,6.54,0.873,0.514,27.08,0.636,0.298,,12.92,12.77,10.85,-2.54,8.31,0.205,13.77,0.385,,,,,,,,
2015,1,Michigan,105960,Big Ten,5-8,4.31,8.92,0.843,0.446,27.62,0.675,0.375,,14.15,13.62,11.54,-1.69,9.85,0.267,13.77,0.385,,,,,,,,
2015,1,Monmouth,105961,MAAC,6-8,2.86,7.0,0.814,0.402,23.0,0.717,0.241,,9.5,11.86,7.64,-1.0,6.64,0.213,13.21,0.429,,,,,,,,
2015,1,Mount St. Mary's,105962,NEC,5-10,2.93,8.07,0.808,0.48,26.2,0.647,0.227,,10.27,11.07,8.87,-1.53,7.33,0.227,15.0,0.333,,,,,,,,
2015,1,NJIT,105964,Independent,0-12,2.42,3.67,0.725,0.433,22.5,0.627,0.156,,6.92,11.33,13.25,-8.75,4.5,0.172,17.67,0.0,,,,,,,,
2015,1,Navy,105984,Patriot,9-5,5.07,8.07,0.834,0.6,32.0,0.583,0.302,,14.86,9.14,8.57,1.21,9.79,0.29,14.43,0.643,,,,,,,,
2015,1,North Carolina,105963,ACC,13-4,8.88,7.82,0.891,0.492,37.59,0.652,0.421,,23.24,11.12,10.18,4.18,14.35,0.325,12.53,0.765,,,,,,,,
2015,1,Notre Dame,105965,ACC,12-3,6.53,7.8,0.852,0.5,33.07,0.553,0.524,,19.8,10.87,9.33,3.93,13.27,0.333,13.6,0.8,,,,,,,,
2015,1,Ohio St.,105966,Big Ten,12-7,5.63,5.05,0.881,0.574,28.05,0.613,0.271,,15.63,9.53,9.16,0.84,10.0,0.3,13.89,0.632,,,,,,,,
2015,1,Penn,105968,Ivy League,6-7,6.23,7.54,0.838,0.476,28.92,0.652,0.4,,16.31,10.85,11.69,-1.62,10.08,0.281,15.15,0.462,,,,,,,,
2015,1,Penn St.,105967,Big Ten,5-9,4.64,5.29,0.874,0.517,27.57,0.674,0.306,,13.86,12.57,10.14,-0.93,9.21,0.279,13.57,0.357,,,,,,,,
2015,1,Princeton,105969,Ivy League,9-6,7.6,6.67,0.889,0.441,27.27,0.484,0.464,,19.6,11.0,10.8,1.2,12.0,0.344,12.13,0.6,,,,,,,,
2015,1,Providence,105970,Big East,5-9,3.43,7.43,0.797,0.383,26.64,0.767,0.14,,11.5,13.93,10.86,-2.79,8.07,0.254,16.93,0.357,,,,,,,,
2015,1,Quinnipiac,105971,MAAC,7-8,6.73,7.2,0.867,0.424,29.0,0.667,0.396,,16.6,12.2,11.73,-1.87,9.87,0.285,13.33,0.467,,,,,,,,
2015,1,Richmond,105972,SoCon,11-5,7.25,8.25,0.92,0.495,32.19,0.789,0.279,,19.0,10.75,7.44,4.31,11.75,0.303,14.06,0.688,,,,,,,,
2015,1,Robert Morris,105973,NEC,3-11,5.07,6.14,0.872,0.456,26.64,0.6,0.366,,14.57,10.79,11.29,-1.79,9.5,0.262,11.71,0.214,,,,,,,,
2015,1,Rutgers,105974,Big Ten,5-10,5.6,5.53,0.861,0.647,32.47,0.585,0.3,,15.93,9.0,10.27,0.07,10.33,0.278,13.67,0.333,,,,,,,,
2015,1,Sacred Heart,105975,NEC,6-7,4.92,7.15,0.81,0.516,28.15,0.537,0.236,,13.54,11.15,11.69,-3.08,8.62,0.267,17.85,0.462,,,,,,,,
2015,1,Saint Joseph's,105977,NEC,11-6,6.0,8.0,0.886,0.512,30.59,0.8,0.458,,16.71,9.53,7.65,3.06,10.71,0.27,12.88,0.647,,,,,,,,
2015,1,Siena,105978,MAAC,5-9,5.43,6.29,0.849,0.485,29.36,0.655,0.362,,14.71,11.57,11.57,-2.29,9.29,0.248,14.5,0.357,,,,,,,,
2015,1,St. John's (NY),105976,Big East,3-11,5.64,7.0,0.845,0.45,30.21,0.529,0.34,,15.5,10.43,12.0,-2.14,9.86,0.274,13.21,0.214,,,,,,,,
2015,1,Stony Brook,105979,America East,13-5,9.17,5.94,0.869,0.531,34.11,0.593,0.485,,23.06,8.33,10.89,3.0,13.89,0.402,12.0,0.722,,,,,,,,
2015,1,Syracuse,105980,ACC,13-3,8.75,6.19,0.905,0.662,34.56,0.688,0.508,,23.63,10.38,9.63,5.25,14.88,0.343,12.38,0.813,,,,,,,,
2015,1,Towson,105981,CAA,12-6,4.22,5.78,0.869,0.51,27.11,0.729,0.367,,12.78,9.94,7.72,0.83,8.56,0.244,10.61,0.667,,,,,,,,
2015,1,UAlbany,105923,America East,16-3,10.68,9.89,0.888,0.458,38.63,0.612,0.467,,27.79,12.21,10.0,7.11,17.11,0.366,15.63,0.842,,,,,,,,
2015,1,UMBC,105956,America East,5-8,4.54,7.08,0.788,0.437,24.54,0.622,0.368,,13.08,11.31,10.08,-1.54,8.54,0.276,15.46,0.385,,,,,,,,
2015,1,VMI,105987,SoCon,1-14,1.87,6.87,0.748,0.466,26.73,0.535,0.209,,7.07,11.4,15.4,-10.2,5.2,0.185,18.87,0.067,,,,,,,,
2015,1,Vermont,105985,America East,6-10,7.38,6.5,0.831,0.511,35.13,0.629,0.435,,19.5,13.44,14.25,-2.13,12.13,0.293,16.56,0.375,,,,,,,,
2015,1,Villanova,105986,Big East,6-8,5.29,5.29,0.857,0.477,22.5,0.625,0.292,,14.64,10.93,10.36,-1.0,9.36,0.243,12.86,0.429,,,,,,,,
2015,1,Virginia,105988,ACC,10-5,7.13,7.4,0.903,0.462,32.13,0.62,0.276,,19.2,13.0,11.0,1.07,12.07,0.328,12.93,0.667,,,,,,,,
2015,1,Wagner,105989,NEC,4-9,4.15,8.08,0.806,0.429,22.31,0.639,0.348,,11.31,9.31,8.23,-1.08,7.15,0.227,13.08,0.308,,,,,,,,
2015,1,Yale,105990,Ivy League,11-5,6.69,6.75,0.891,0.523,27.38,0.712,0.436,,18.06,8.44,8.13,3.25,11.38,0.324,13.56,0.688,,,,,,,,
2015,2,Adams St.,106015,Independent,4-11,3.93,,0.861,0.371,22.0,0.617,0.368,,14.2,10.13,14.67,,10.27,0.293,15.33,0.267,,,,,,,,
2015,2,Adelphi,105992,NE10,15-3,8.94,8.94,0.843,0.688,38.28,0.75,0.414,,23.94,10.89,8.89,6.11,15.0,0.315,16.83,0.833,,,,,,,,
2015,2,Alderson Broaddus,106016,ECAC-II,4-9,4.85,7.46,0.752,0.461,26.92,0.662,0.324,,13.0,11.62,13.69,,8.15,0.26,21.62,0.308,,,,,,,,
2015,2,American Int'l,105993,NE10,2-13,3.33,6.6,0.772,0.38,25.4,0.639,0.278,,9.8,14.6,14.4,,6.47,0.255,22.73,0.133,,,,,,,,
2015,2,Assumption,105994,NE10,9-8,4.35,4.88,0.831,0.56,29.47,0.656,0.145,,13.0,11.82,9.18,,8.65,0.284,18.29,0.529,,,,,,,,
2015,2,Belmont Abbey,106028,Conference Carolinas,11-5,6.19,7.81,0.861,0.463,29.81,0.722,0.429,,18.81,10.56,9.0,3.63,12.63,0.322,17.06,0.688,,,,,,,,
2015,2,Bentley,105995,NE10,6-7,3.92,6.46,0.846,0.616,24.85,0.694,0.286,,13.0,10.23,9.69,,9.08,0.228,15.46,0.462,,,,,,,,
2015,2,Brevard,106044,SAC,8-8,5.88,9.88,0.832,0.4,35.63,0.622,0.283,,16.38,13.88,12.0,,10.5,0.341,17.31,0.5,,,,,,,,
2015,2,CSU Pueblo,106030,RMAC,0-10,4.0,6.5,0.672,0.421,28.6,,0.255,,11.6,10.8,,,7.6,0.309,,0.0,,,,,,,,
2015,2,Catawba,106017,SAC,5-10,5.2,4.27,0.836,0.663,31.6,0.594,0.429,,14.67,10.33,11.33,,9.47,0.263,17.73,0.333,,,,,,,,
2015,2,Chestnut Hill,106041,ECC,6-7,4.77,6.46,0.798,0.38,26.0,0.645,0.397,,14.38,11.77,10.23,,9.62,0.275,16.31,0.462,,,,,,,,
2015,2,Coker,106018,SAC,9-5,5.21,6.5,0.866,0.436,31.29,0.6,0.254,,16.14,11.0,10.57,,10.93,0.33,16.36,0.643,,,,,,,,
2015,2,Colorado Mesa,106034,RMAC,9-3,7.75,7.75,0.869,0.54,29.67,0.741,0.339,,22.0,10.5,9.67,4.58,14.25,0.315,13.75,0.75,,,,,,,,
2015,2,Dist. Columbia,105996,ECC,2-9,3.55,7.45,0.727,0.563,39.55,0.573,0.283,,12.45,13.0,16.91,,8.91,0.251,24.18,0.182,,,,,,,,
2015,2,Dominican (NY),106032,ECC,1-12,3.92,9.0,0.701,0.475,33.31,0.627,0.203,,10.31,14.92,14.46,,,,24.85,0.077,,,,,,,,
2015,2,Dowling,106029,ECC,5-8,3.46,6.92,0.824,0.542,28.69,0.667,0.34,,13.08,10.77,10.92,,9.62,0.288,17.15,0.385,,,,,,,,
2015,2,Emmanuel (GA),106050,Independent,3-10,3.15,6.92,0.793,,,0.686,,,9.69,15.31,15.08,,6.54,0.203,14.46,0.231,,,,,,,,
2015,2,Fla. Southern,105998,Sunshine State,6-8,7.43,8.29,0.817,0.557,37.5,0.484,0.449,,20.21,12.07,12.57,,12.79,0.27,16.93,0.429,,,,,,,,
2015,2,Florida Tech,105997,Sunshine State,12-4,6.63,8.63,0.873,0.61,37.25,0.776,0.372,,19.06,10.5,9.19,3.25,12.44,0.277,17.56,0.75,,,,,,,,
2015,2,Franklin Pierce,105999,NE10,12-4,5.44,8.25,0.818,0.404,27.25,0.775,0.25,,15.88,12.56,8.5,,10.44,0.285,17.44,0.75,,,,,,,,
2015,2,LIU Post,106001,ECC,14-3,6.88,8.47,0.827,0.591,29.94,0.69,0.4,,20.24,9.94,8.59,4.76,13.35,0.333,15.71,0.824,,,,,,,,
2015,2,Lake Erie,106031,ECAC-II,15-3,6.06,11.17,0.881,0.355,26.28,0.674,0.302,,17.22,8.89,7.33,3.83,11.17,0.321,13.78,0.833,,,,,,,,
2015,2,Le Moyne,106000,NE10,16-3,7.16,7.21,0.844,0.491,31.95,0.81,0.438,,21.37,13.11,6.68,7.53,14.21,0.334,15.16,0.842,,,,,,,,
2015,2,Lees-McRae,106038,Conference Carolinas,2-14,4.44,6.06,0.735,0.349,26.44,0.674,0.132,,11.88,12.81,18.19,,7.44,0.272,18.31,0.125,,,,,,,,
2015,2,Lenoir-Rhyne,106019,SAC,9-7,6.69,10.94,0.884,0.502,34.0,0.607,0.265,,19.5,8.19,9.75,3.06,12.81,0.312,15.44,0.563,,,,,,,,
2015,2,Limestone,106020,Conference Carolinas,20-1,9.24,9.05,0.896,0.716,41.24,0.737,0.438,,26.29,8.67,7.48,9.57,17.05,0.371,16.62,0.952,,,,,,,,
2015,2,Lincoln Memorial,106021,SAC,4-10,4.5,9.21,0.812,0.458,32.21,0.787,0.167,,13.14,12.0,9.29,,8.64,0.257,19.07,0.286,,,,,,,,
2015,2,Lindenwood,106045,ECAC-II,14-4,6.67,7.5,0.834,0.643,33.06,0.708,0.379,,19.89,,8.06,5.17,13.22,0.339,17.33,0.778,,,,,,,,
2015,2,Lynn,106040,Sunshine State,7-7,6.29,7.86,0.87,0.538,32.29,0.609,0.412,,17.21,10.0,10.29,,10.93,0.313,14.07,0.5,,,,,,,,
2015,2,Mars Hill,106022,SAC,10-6,7.88,6.63,0.852,0.486,31.69,0.823,0.327,,21.94,13.0,9.06,5.0,14.06,0.414,15.81,0.625,,,,,,,,
2015,2,Mercy,106002,ECC,10-7,6.71,7.82,0.855,0.564,33.65,0.558,0.447,,18.35,9.06,9.71,,11.65,0.302,15.47,0.588,,,,,,,,
2015,2,Mercyhurst,106003,ECAC-II,8-6,6.43,6.29,0.872,0.554,25.5,0.784,0.347,,16.93,9.36,7.14,3.36,10.5,0.308,16.0,0.571,,,,,,,,
2015,2,Merrimack,106004,NE10,13-3,6.88,7.44,0.877,0.471,32.13,0.65,0.326,,19.94,11.19,7.5,5.56,13.06,0.287,14.19,0.813,,,,,,,,
2015,2,Molloy,106005,ECC,11-4,7.27,7.4,0.854,0.507,30.6,0.625,0.313,,20.13,10.27,9.67,3.2,12.87,0.311,13.2,0.733,,,,,,,,
2015,2,Mount Olive,106023,Conference Carolinas,11-5,5.69,6.75,0.854,0.552,32.13,0.709,0.224,,17.25,11.13,9.0,,11.56,0.324,15.94,0.688,,,,,,,,
2015,2,New York Tech,106007,ECC,12-4,8.56,10.63,0.835,0.452,28.69,0.831,0.517,,21.94,8.81,8.0,5.38,13.38,0.36,15.06,0.75,,,,,,,,
2015,2,North Greenville,106033,Conference Carolinas,1-14,4.07,4.0,0.831,0.375,26.47,0.627,0.243,,11.67,14.73,15.93,,7.6,0.331,19.4,0.067,,,,,,,,
2015,2,Notre Dame de Namur,106042,Independent,1-8,,8.0,,0.457,28.0,0.71,0.244,,,13.22,13.78,,7.11,0.223,24.44,0.111,,,,,,,,
2015,2,Ohio Valley,106039,Independent,0-15,3.53,6.8,0.745,0.35,22.93,0.583,0.169,,10.33,14.0,15.73,,6.8,0.268,23.4,0.0,,,,,,,,
2015,2,Pace,106008,NE10,9-7,6.44,9.5,0.83,0.523,35.38,0.704,0.322,,18.25,12.44,10.5,,11.81,0.317,19.19,0.563,,,,,,,,
2015,2,Pfeiffer,106009,Conference Carolinas,10-5,8.13,9.47,0.871,0.484,31.87,0.702,0.545,,22.2,10.47,10.13,3.93,14.07,0.34,15.13,0.667,,,,,,,,
2015,2,Post,106024,Independent,6-8,4.14,8.0,0.806,0.373,29.93,0.629,0.164,,13.93,12.86,10.71,,9.79,0.276,19.0,0.429,,,,,,,,
2015,2,Queens (NC),106035,SAC,9-8,5.59,5.53,0.789,0.617,28.18,0.71,0.587,,15.65,11.18,11.41,,10.06,0.336,19.65,0.529,,,,,,,,
2015,2,Roberts Wesleyan,106047,ECC,4-11,5.2,8.67,0.796,0.528,31.4,0.676,0.306,,14.0,12.73,11.93,,8.8,0.265,20.13,0.267,,,,,,,,
2015,2,Rockhurst,106025,Independent,7-5,7.0,6.67,0.895,0.584,30.83,0.803,0.275,,20.25,9.08,9.75,3.5,13.25,0.275,17.17,0.583,,,,,,,,
2015,2,Rollins,106010,Sunshine State,6-10,4.63,7.31,0.857,0.45,29.06,0.652,0.328,,13.44,11.75,10.25,,8.81,0.255,17.13,0.375,,,,,,,,
2015,2,Saint Leo,106012,Sunshine State,7-7,5.36,7.21,0.867,0.611,32.29,0.675,0.35,,16.29,12.36,9.43,,10.93,0.277,13.43,0.5,,,,,,,,
2015,2,Saint Michael's,106013,NE10,7-7,5.29,12.14,0.808,0.408,32.93,0.586,0.333,,14.79,14.21,12.36,,9.5,0.25,21.79,0.5,,,,,,,,
2015,2,Saint Rose,106026,NE10,4-10,4.43,7.0,0.848,0.428,28.07,0.627,0.269,,12.43,14.36,10.29,,8.0,0.251,17.79,0.286,,,,,,,,
2015,2,Seton Hill,106043,ECAC-II,9-5,4.57,6.0,0.897,0.646,27.36,0.718,0.254,,16.36,9.5,7.79,4.0,11.79,0.353,13.64,0.643,,,,,,,,
2015,2,Shorter,106048,Independent,7-7,4.29,6.93,0.856,0.465,26.5,0.783,0.316,,14.5,10.36,9.29,,10.21,0.316,17.36,0.5,,,,,,,,
2015,2,Southern N.H.,106006,NE10,2-13,5.13,7.4,0.848,0.42,30.4,0.728,0.283,,13.87,10.93,11.8,,8.73,0.242,17.67,0.133,,,,,,,,
2015,2,St. Anselm,106011,NE10,2-11,4.15,7.08,0.828,0.502,30.31,0.667,0.25,,12.38,10.85,14.08,,8.23,0.227,18.15,0.154,,,,,,,,
2015,2,Tampa,106014,Sunshine State,15-4,6.37,7.84,0.889,0.6,27.47,0.759,0.38,,18.89,9.11,8.26,4.26,12.53,0.311,13.68,0.789,,,,,,,,
2015,2,Tusculum,106037,SAC,5-8,5.77,6.31,0.85,0.46,31.08,0.757,0.388,,15.69,11.08,10.69,,9.92,0.276,17.0,0.385,,,,,,,,
2015,2,Walsh,106046,ECAC-II,3-10,5.54,11.08,0.798,0.423,26.62,0.653,0.207,,13.23,10.69,11.15,,7.69,0.277,16.38,0.231,,,,,,,,
2015,2,Wheeling,106036,ECAC-II,8-6,5.57,8.29,0.941,0.588,30.43,0.815,0.286,,18.29,10.64,8.93,3.79,12.71,0.332,15.43,0.571,,,,,,,,
2015,2,Wingate,106027,SAC,6-10,6.5,4.88,0.842,0.559,37.5,0.685,0.317,,17.38,11.69,12.0,,10.88,0.313,16.25,0.375,,,,,,,,
2015,2,Young Harris,106049,,9-7,7.06,7.25,0.902,0.491,27.94,0.605,0.281,,17.94,10.56,10.38,,10.88,0.335,14.5,0.563,,,,,,,,
2016,1,Air Force,23983,SoCon,15-3,5.17,6.94,0.871,0.512,24.39,0.706,0.325,,15.22,9.44,7.72,2.33,10.06,0.308,14.11,0.833,,,,,,,,
2016,1,Army West Point,23984,Patriot,10-7,6.29,8.24,0.892,0.613,33.59,0.686,0.414,,17.65,9.41,8.0,3.35,11.35,0.291,13.59,0.588,,,,,,,,
2016,1,Bellarmine,23925,SoCon,6-9,4.67,5.33,0.872,0.545,24.93,0.634,0.342,,13.27,9.13,9.13,-0.53,8.6,0.273,14.07,0.4,,,,,,,,
2016,1,Binghamton,23926,America East,4-10,5.07,5.0,0.893,0.483,25.43,0.558,0.227,,14.5,9.57,12.07,-2.64,9.43,0.254,12.5,0.286,,,,,,,,
2016,1,Boston U.,23927,Patriot,8-7,5.53,8.8,0.802,0.621,32.33,0.692,0.391,,14.87,10.87,9.87,-0.53,9.33,0.281,18.07,0.533,,,,,,,,
2016,1,Brown,23928,Ivy League,16-3,10.58,8.63,0.876,0.668,39.79,0.64,0.443,,26.89,12.79,9.0,7.32,16.32,0.361,16.74,0.842,,,,,,,,
2016,1,Bryant,23929,NEC,10-5,5.87,7.6,0.873,0.55,31.2,0.63,0.372,,17.07,11.13,8.53,2.67,11.2,0.275,15.73,0.667,,,,,,,,
2016,1,Bucknell,23930,Patriot,10-5,5.93,5.73,0.771,0.57,30.07,0.761,0.462,,17.0,12.07,9.07,2.0,11.07,0.305,14.73,0.667,,,,,,,,
2016,1,Canisius,23931,MAAC,4-8,6.0,5.75,0.83,0.507,25.33,0.633,0.371,,15.17,10.0,10.92,-1.75,9.17,0.262,11.92,0.333,,,,,,,,
2016,1,Colgate,23932,Patriot,4-10,4.14,5.43,0.876,0.409,24.36,0.634,0.194,,11.79,9.93,10.57,-2.93,7.64,0.231,12.14,0.286,,,,,,,,
2016,1,Cornell,23933,Ivy League,6-7,5.31,6.77,0.839,0.633,31.92,0.722,0.364,,14.62,10.54,10.23,-0.92,9.31,0.251,15.77,0.462,,,,,,,,
2016,1,Dartmouth,23934,Ivy League,1-13,3.57,7.14,0.749,0.389,28.14,0.52,0.277,,9.93,11.14,12.57,-6.21,6.36,0.207,17.5,0.071,,,,,,,,
2016,1,Delaware,23935,CAA,5-10,4.13,7.53,0.844,0.491,26.53,0.592,0.22,,12.33,9.0,10.47,-2.27,8.2,0.256,14.27,0.333,,,,,,,,
2016,1,Denver,23936,Big East,13-3,8.88,3.81,0.871,0.673,32.44,0.706,0.52,,22.44,9.69,9.13,4.44,13.56,0.377,12.5,0.813,,,,,,,,
2016,1,Detroit Mercy,23937,MAAC,2-10,3.5,6.75,0.831,0.447,24.92,0.533,0.385,,9.58,11.83,9.83,-3.75,6.08,0.201,16.08,0.167,,,,,,,,
2016,1,Drexel,23938,CAA,6-9,3.87,7.2,0.862,0.399,23.73,0.686,0.314,,12.8,11.67,9.47,-0.53,8.93,0.27,13.13,0.4,,,,,,,,
2016,1,Duke,23939,ACC,11-8,8.11,6.26,0.839,0.597,34.95,0.623,0.429,,21.47,10.68,9.95,3.42,13.37,0.346,15.0,0.579,,,,,,,,
2016,1,Fairfield,23940,CAA,9-8,5.0,3.65,0.837,0.53,24.59,0.667,0.365,,14.0,12.0,9.35,-0.35,9.0,0.272,13.29,0.529,,,,,,,,
2016,1,Furman,23941,SoCon,2-11,4.92,6.15,0.877,0.451,23.23,0.625,0.394,,12.92,9.54,11.31,-3.31,8.0,0.277,13.15,0.154,,,,,,,,
2016,1,Georgetown,23942,Big East,2-12,3.86,5.0,0.857,0.377,23.43,0.571,0.295,,11.0,12.0,11.07,-3.93,7.14,0.221,12.86,0.143,,,,,,,,
2016,1,Hartford,23943,America East,11-7,7.22,4.94,0.843,0.692,32.44,0.518,0.396,,18.06,10.56,10.17,0.67,10.83,0.307,15.89,0.611,,,,,,,,
2016,1,Harvard,23944,Ivy League,8-8,7.31,7.25,0.865,0.383,29.06,0.683,0.351,,18.75,12.25,10.75,0.69,11.44,0.328,12.81,0.5,,,,,,,,
2016,1,High Point,23992,SoCon,9-6,6.4,8.0,0.85,0.534,29.47,0.673,0.359,,17.2,11.93,10.8,0.0,10.8,0.307,15.27,0.6,,,,,,,,
2016,1,Hobart,23945,NEC,10-7,4.18,6.12,0.906,0.551,26.0,0.776,0.295,,13.41,10.88,10.12,-0.88,9.24,0.257,13.18,0.588,,,,,,,,
2016,1,Hofstra,23946,CAA,9-6,4.93,4.8,0.84,0.541,29.93,0.673,0.377,,14.93,11.13,8.53,1.47,10.0,0.278,10.93,0.6,,,,,,,,
2016,1,Holy Cross,23947,Patriot,4-11,4.13,8.8,0.858,0.366,25.67,0.522,0.288,,13.07,9.53,11.53,-2.6,8.93,0.25,12.33,0.267,,,,,,,,
2016,1,Jacksonville,23948,SoCon,3-10,4.77,3.85,0.814,0.543,27.77,0.633,0.255,,13.0,13.77,11.38,-3.15,8.23,0.27,16.85,0.231,,,,,,,,
2016,1,Johns Hopkins,23949,Big Ten,8-7,7.27,4.8,0.843,0.531,29.07,0.667,0.481,,19.6,10.27,11.6,0.73,12.33,0.313,12.67,0.533,,,,,,,,
2016,1,Lafayette,23950,Patriot,3-11,4.71,7.64,0.746,0.49,28.36,0.7,0.375,,12.43,9.79,11.5,-3.79,7.71,0.254,17.0,0.214,,,,,,,,
2016,1,Lehigh,23951,Patriot,6-9,6.07,9.67,0.863,0.329,27.8,0.672,0.465,,16.33,10.33,10.87,-0.6,10.27,0.319,11.53,0.4,,,,,,,,
2016,1,Loyola Maryland,23953,Patriot,14-4,6.17,7.33,0.898,0.511,29.83,0.644,0.432,,17.11,9.83,8.61,2.33,10.94,0.272,11.44,0.778,,,,,,,,
2016,1,Manhattan,23954,MAAC,3-12,3.67,4.47,0.791,0.368,23.4,0.614,0.25,,10.53,13.53,12.27,-5.4,6.87,0.261,18.53,0.2,,,,,,,,
2016,1,Marist,23955,MAAC,9-7,5.75,6.56,0.861,0.308,21.06,0.691,0.607,,15.38,11.88,8.56,1.06,9.63,0.298,12.06,0.563,,,,,,,,
2016,1,Marquette,23956,Big East,11-5,4.31,6.44,0.869,0.556,26.25,0.632,0.371,,13.63,8.38,8.13,1.19,9.31,0.297,12.0,0.688,,,,,,,,
2016,1,Maryland,23958,Big Ten,17-3,6.55,6.35,0.91,0.524,27.8,0.731,0.476,,18.15,9.7,8.35,3.25,11.6,0.305,10.65,0.85,,,,,,,,
2016,1,Massachusetts,23959,CAA,4-9,4.77,7.23,0.87,0.491,27.31,0.724,0.295,,13.38,10.69,9.85,-1.23,8.62,0.262,13.08,0.308,,,,,,,,
2016,1,Mercer,23960,SoCon,5-8,3.69,5.62,0.872,0.487,22.15,0.659,0.255,,12.92,11.62,10.92,-1.69,9.23,0.271,13.85,0.385,,,,,,,,
2016,1,Michigan,23961,Big Ten,3-10,4.77,7.31,0.849,0.533,28.31,0.614,0.333,,14.15,12.54,12.77,-3.38,9.38,0.277,14.23,0.231,,,,,,,,
2016,1,Monmouth,23962,MAAC,7-7,5.0,7.57,0.892,0.436,24.86,0.711,0.27,,14.64,9.36,8.43,1.21,9.64,0.274,10.57,0.5,,,,,,,,
2016,1,Mount St. Mary's,23963,NEC,6-8,5.07,8.0,0.867,0.511,28.43,0.655,0.262,,14.64,8.29,10.14,-0.57,9.57,0.274,12.29,0.429,,,,,,,,
2016,1,NJIT,23965,Independent,1-14,3.07,6.53,0.786,0.387,25.13,0.662,0.192,,8.93,12.53,13.8,-7.93,5.87,0.222,16.93,0.067,,,,,,,,
2016,1,Navy,23985,Patriot,11-5,5.31,7.81,0.869,0.566,29.63,0.59,0.364,,15.19,9.75,7.38,2.5,9.88,0.279,13.38,0.688,,,,,,,,
2016,1,North Carolina,23964,ACC,12-6,6.56,6.56,0.829,0.56,30.17,0.691,0.5,,19.61,9.67,10.5,2.56,13.06,0.326,12.44,0.667,,,,,,,,
2016,1,Notre Dame,23966,ACC,11-4,5.8,8.47,0.891,0.493,29.67,0.556,0.447,,16.8,10.13,8.0,3.0,11.0,0.293,13.2,0.733,,,,,,,,
2016,1,Ohio St.,23967,Big Ten,7-8,4.6,5.13,0.917,0.599,26.07,0.647,0.342,,14.0,9.4,9.07,0.33,9.4,0.277,10.93,0.467,,,,,,,,
2016,1,Penn,23969,Ivy League,8-7,6.13,5.33,0.858,0.46,25.8,0.68,0.417,,16.33,11.47,10.07,0.13,10.2,0.281,13.73,0.533,,,,,,,,
2016,1,Penn St.,23968,Big Ten,8-7,7.2,5.27,0.9,0.47,27.07,0.452,0.516,,19.07,9.47,10.93,0.93,11.87,0.343,10.47,0.533,,,,,,,,
2016,1,Princeton,23970,Ivy League,5-8,6.54,6.92,0.863,0.469,29.85,0.563,0.444,,16.54,9.92,11.54,-1.54,10.0,0.327,12.15,0.385,,,,,,,,
2016,1,Providence,23971,Big East,7-9,5.19,7.19,0.84,0.401,26.13,0.627,0.269,,14.94,11.75,10.81,-1.06,9.75,0.297,14.63,0.438,,,,,,,,
2016,1,Quinnipiac,23972,MAAC,12-4,5.81,6.88,0.881,0.515,27.63,0.679,0.276,,16.13,12.0,8.69,1.63,10.31,0.285,13.63,0.75,,,,,,,,
2016,1,Richmond,23973,SoCon,11-5,5.75,10.25,0.917,0.523,27.81,0.559,0.323,,14.38,9.56,7.44,1.19,8.63,0.254,14.31,0.688,,,,,,,,
2016,1,Robert Morris,23974,NEC,7-8,6.2,6.6,0.86,0.442,27.07,0.658,0.436,,17.53,10.93,11.4,-0.07,11.33,0.3,14.27,0.467,,,,,,,,
2016,1,Rutgers,23975,Big Ten,11-5,7.56,7.63,0.911,0.482,31.75,0.581,0.298,,20.0,10.38,9.88,2.56,12.44,0.312,11.06,0.688,,,,,,,,
2016,1,Sacred Heart,23976,NEC,2-14,4.69,7.5,0.876,0.41,24.56,0.558,0.267,,12.5,11.31,12.56,-4.75,7.81,0.219,15.06,0.125,,,,,,,,
2016,1,Saint Joseph's,23978,NEC,12-4,7.0,6.06,0.894,0.608,28.56,0.694,0.295,,19.31,10.31,7.88,4.44,12.31,0.361,12.44,0.75,,,,,,,,
2016,1,Siena,23979,MAAC,3-10,5.23,5.85,0.913,0.45,26.62,0.623,0.342,,14.0,9.15,12.08,-3.31,8.77,0.233,13.0,0.231,,,,,,,,
2016,1,St. John's (NY),23977,Big East,2-12,5.29,4.43,0.875,0.432,26.43,0.632,0.368,,13.43,11.71,13.43,-5.29,8.14,0.243,12.71,0.143,,,,,,,,
2016,1,Stony Brook,23980,America East,12-4,8.44,5.88,0.881,0.517,31.69,0.727,0.542,,21.75,10.31,9.13,4.19,13.31,0.359,11.94,0.75,,,,,,,,
2016,1,Syracuse,23981,ACC,12-5,7.0,7.41,0.902,0.626,30.59,0.535,0.469,,19.47,8.35,8.76,3.71,12.47,0.306,11.82,0.706,,,,,,,,
2016,1,Towson,23982,CAA,16-3,5.37,6.63,0.892,0.481,25.89,0.643,0.426,,16.26,8.47,7.26,3.63,10.89,0.292,10.32,0.842,,,,,,,,
2016,1,UAlbany,23924,America East,12-4,8.38,8.25,0.907,0.495,28.44,0.644,0.5,,21.31,12.69,10.06,2.88,12.94,0.342,13.38,0.75,,,,,,,,
2016,1,UMBC,23957,America East,4-10,6.36,7.36,0.838,0.312,23.86,0.595,0.395,,15.36,11.43,11.71,-2.71,9.0,0.324,13.71,0.286,,,,,,,,
2016,1,VMI,23988,SoCon,2-14,2.81,7.31,0.766,0.405,26.38,0.533,0.214,,8.81,11.0,13.94,-7.94,6.0,0.208,16.94,0.125,,,,,,,,
2016,1,Vermont,23986,America East,9-8,7.94,6.94,0.875,0.512,29.29,0.694,0.453,,20.29,11.71,10.65,1.71,12.35,0.309,15.06,0.529,,,,,,,,
2016,1,Villanova,23987,Big East,9-5,8.21,6.43,0.877,0.552,30.57,0.647,0.297,,21.79,9.64,10.64,2.93,13.57,0.292,11.29,0.643,,,,,,,,
2016,1,Virginia,23989,ACC,7-8,5.33,7.6,0.859,0.552,35.2,0.513,0.45,,15.93,9.73,10.33,0.27,10.6,0.265,11.8,0.467,,,,,,,,
2016,1,Wagner,23990,NEC,6-9,4.67,7.47,0.77,0.451,28.53,0.667,0.311,,13.47,10.53,10.33,-1.53,8.8,0.259,16.67,0.4,,,,,,,,
2016,1,Yale,23991,Ivy League,13-3,5.88,8.5,0.853,0.492,30.69,0.673,0.386,,18.25,8.0,8.13,4.25,12.38,0.302,12.81,0.813,,,,,,,,
2016,2,Adams St.,24019,RMAC,4-10,4.36,6.0,0.842,,,0.689,0.261,,11.14,14.79,10.86,,,,18.79,0.286,,,,,,,,
2016,2,Adelphi,23993,NE10,12-5,8.12,8.35,0.88,0.69,38.82,0.656,0.388,,22.82,10.59,10.65,4.06,14.71,0.326,16.47,0.706,,,,,,,,
2016,2,Alabama Huntsville,23994,,3-9,,,0.752,,,0.702,,,,13.92,15.0,,7.0,0.27,,0.25,,,,,,,,
2016,2,Alderson Broaddus,24020,ECAC-II,5-10,7.6,12.13,0.818,0.474,32.93,0.667,0.354,,19.8,11.53,11.67,,12.2,0.297,19.13,0.333,,,,,,,,
2016,2,American Int'l,23995,NE10,1-14,,6.47,,0.464,27.8,,,,,13.2,,,,0.258,,0.0666666666666666,,,,,,,,
2016,2,Assumption,23996,NE10,3-11,5.29,7.21,0.755,0.605,31.93,0.78,0.345,,14.14,12.93,12.14,,8.86,0.29,20.14,0.214,,,,,,,,
2016,2,Belmont Abbey,24033,Conference Carolinas,12-4,8.44,10.44,0.887,0.469,29.19,0.659,0.439,,22.94,,8.63,5.88,14.5,0.333,14.75,0.75,,,,,,,,
2016,2,Bentley,23997,NE10,6-7,4.85,7.23,0.814,0.71,31.46,0.636,0.26,,13.38,9.38,10.23,,8.54,0.239,17.69,0.462,,,,,,,,
2016,2,Brevard,24050,SAC,2-13,3.93,7.47,0.781,0.419,29.53,0.667,,,13.2,13.33,13.6,,9.27,0.298,17.8,0.133,,,,,,,,
2016,2,CSU Pueblo,24035,RMAC,3-11,5.29,9.79,0.805,0.429,28.21,,0.245,,15.21,11.43,14.5,,9.93,0.28,19.29,0.214,,,,,,,,
2016,2,Catawba,24021,SAC,5-10,4.73,6.0,0.859,0.723,32.13,0.733,0.246,,13.8,12.13,10.0,,9.07,,19.2,0.333,,,,,,,,
2016,2,Chestnut Hill,24047,ECC,6-7,5.92,6.92,0.908,0.391,26.0,0.707,0.226,,16.62,12.38,10.62,,10.69,0.298,13.38,0.462,,,,,,,,
2016,2,Coker,24022,SAC,5-11,5.0,8.19,0.882,0.392,25.88,0.629,0.265,,14.38,9.56,13.25,,9.38,0.295,13.69,0.313,,,,,,,,
2016,2,Colorado Mesa,24040,RMAC,13-4,5.29,7.06,0.881,0.503,24.59,0.658,0.426,,16.71,11.88,7.41,4.0,11.41,0.262,13.24,0.765,,,,,,,,
2016,2,Davis & Elkins,23998,Independent,0-9,,6.11,,,,0.706,,,,17.0,,,,0.235,,0.0,,,,,,,,
2016,2,Dist. Columbia,23999,ECC,4-8,3.58,7.75,0.815,0.546,35.25,0.649,0.383,,13.83,12.67,13.25,,10.25,0.239,20.0,0.333,,,,,,,,
2016,2,Dominican (NY),24037,ECC,3-12,3.73,6.8,,0.446,30.8,0.702,0.257,,,15.0,,,,,20.87,0.2,,,,,,,,
2016,2,Dowling,24034,ECC,10-5,7.4,8.53,0.822,0.429,27.2,0.646,0.385,,19.8,10.6,8.73,3.67,12.4,0.344,11.4,0.667,,,,,,,,
2016,2,Fla. Southern,24001,Sunshine State,9-9,6.56,8.72,0.849,0.48,31.78,0.643,0.325,,17.17,13.11,11.06,,10.61,0.242,17.11,0.5,,,,,,,,
2016,2,Florida Tech,24000,Sunshine State,6-7,4.46,10.15,0.794,0.55,27.69,0.632,0.263,,13.85,,11.31,,9.38,0.267,16.46,0.462,,,,,,,,
2016,2,Franklin Pierce,24002,NE10,5-8,5.15,7.08,0.862,0.392,29.46,0.75,0.295,,15.77,10.92,11.85,,10.62,0.27,15.15,0.385,,,,,,,,
2016,2,Georgian Court,24038,Independent,2-13,4.13,8.4,0.782,0.466,28.47,0.661,0.373,,11.8,12.47,14.8,,7.67,0.245,21.2,0.133,,,,,,,,
2016,2,LIU Post,24005,ECC,12-4,6.81,7.0,0.831,0.622,30.19,0.727,0.48,,20.25,9.25,8.13,5.31,13.44,0.343,13.63,0.75,,,,,,,,
2016,2,Lake Erie,24036,ECAC-II,9-6,6.07,9.4,0.849,0.593,28.87,0.711,0.343,,17.13,,9.93,,11.07,0.319,14.73,0.6,,,,,,,,
2016,2,Le Moyne,24004,NE10,20-0,8.9,7.0,0.856,0.525,30.05,0.854,0.406,,22.95,10.55,4.9,9.15,14.05,0.347,13.9,1.0,,,,,,,,
2016,2,Lees-McRae,24044,Conference Carolinas,2-12,4.86,6.79,,,25.93,0.581,0.21,,12.43,17.57,,,7.57,,19.5,0.143,,,,,,,,
2016,2,Lenoir-Rhyne,24023,SAC,12-4,6.13,7.44,0.855,0.5,34.19,0.823,0.344,,18.94,13.56,10.06,,12.81,0.292,14.44,0.75,,,,,,,,
2016,2,Limestone,24024,Conference Carolinas,21-1,10.91,7.09,0.921,0.709,38.86,0.786,0.373,,30.18,9.09,7.36,11.91,19.27,0.414,14.41,0.955,,,,,,,,
2016,2,Lincoln Memorial,24025,SAC,6-6,5.0,7.92,0.834,0.525,33.17,0.68,0.213,,15.83,11.75,10.83,,10.83,0.264,14.75,0.5,,,,,,,,
2016,2,Lindenwood,24051,ECAC-II,10-6,4.69,8.19,0.859,0.552,30.69,0.843,0.321,,15.63,9.31,7.75,3.19,10.94,0.273,15.88,0.625,,,,,,,,
2016,2,Lynn,24046,Sunshine State,9-5,7.71,10.43,0.899,0.614,34.36,0.765,0.34,,19.71,12.14,8.64,3.36,12.0,0.284,16.07,0.643,,,,,,,,
2016,2,Mars Hill,24026,SAC,4-11,,6.8,0.809,0.43,27.2,0.719,0.3,,10.67,12.53,10.53,,7.33,0.296,17.0,0.267,,,,,,,,
2016,2,Mercy,24006,ECC,9-6,6.13,8.6,0.819,0.464,28.73,0.701,0.328,,17.33,10.13,7.73,3.47,11.2,0.325,14.27,0.6,,,,,,,,
2016,2,Mercyhurst,24007,ECAC-II,15-3,6.5,8.28,0.886,0.427,25.61,0.797,0.384,,17.72,,6.67,4.56,11.22,0.328,14.11,0.833,,,,,,,,
2016,2,Merrimack,24008,NE10,15-3,7.61,8.94,0.869,0.637,37.83,0.706,0.372,,22.11,9.94,9.0,5.5,14.5,0.305,16.44,0.833,,,,,,,,
2016,2,Molloy,24009,ECC,10-5,7.13,8.2,0.83,0.505,28.67,0.692,0.29,,19.2,10.4,9.33,,12.07,0.307,16.6,0.667,,,,,,,,
2016,2,Mount Olive,24027,Conference Carolinas,13-5,5.06,8.89,0.889,0.511,29.22,0.768,0.306,,16.28,9.67,8.56,,11.22,0.285,13.94,0.722,,,,,,,,
2016,2,New York Tech,24011,ECC,13-5,8.11,7.5,0.885,0.441,27.17,0.812,0.357,,21.44,11.28,8.06,5.28,13.33,0.313,11.44,0.722,,,,,,,,
2016,2,North Greenville,24039,Conference Carolinas,5-10,5.13,6.13,0.869,0.467,23.93,0.596,0.246,,13.4,10.0,11.2,,8.27,0.29,19.2,0.333,,,,,,,,
2016,2,Notre Dame de Namur,24048,Independent,0-8,3.63,7.75,0.744,0.465,25.63,,0.385,,11.38,12.0,,,7.75,,17.5,0.0,,,,,,,,
2016,2,Ohio Valley,24045,ECAC-II,3-9,4.92,,0.809,0.482,26.42,0.663,0.208,,13.67,14.33,15.83,,8.75,0.306,,0.25,,,,,,,,
2016,2,Pace,24012,NE10,11-6,8.06,11.35,0.85,0.514,32.29,0.677,0.282,,21.65,11.41,9.88,3.71,13.59,0.319,17.06,0.647,,,,,,,,
2016,2,Pfeiffer,24013,Conference Carolinas,8-7,5.33,11.13,0.81,0.446,30.13,0.622,0.298,,15.73,12.4,12.07,,10.4,0.313,20.0,0.533,,,,,,,,
2016,2,Post,24028,Independent,6-8,5.36,6.71,0.841,0.39,29.14,0.683,0.258,,16.57,15.07,11.79,,11.21,0.299,16.71,0.429,,,,,,,,
2016,2,Queens (NC),24041,SAC,11-7,6.83,,0.875,0.652,32.56,0.702,0.333,,19.44,12.11,9.56,3.06,12.61,0.312,16.72,0.611,,,,,,,,
2016,2,Roberts Wesleyan,24053,ECC,3-13,4.75,6.81,0.788,0.541,24.56,,0.244,,13.63,11.75,12.56,,8.88,0.281,18.75,0.188,,,,,,,,
2016,2,Rockhurst,24029,RMAC,9-8,6.65,7.29,0.827,0.596,31.12,0.803,0.455,,19.47,10.35,10.35,,12.82,0.311,17.53,0.529,,,,,,,,
2016,2,Rollins,24014,Sunshine State,10-6,4.94,5.94,0.85,0.526,24.75,0.617,0.356,,15.06,,9.44,,10.13,0.289,12.44,0.625,,,,,,,,
2016,2,Saint Leo,24016,Sunshine State,9-5,8.29,8.29,0.895,0.614,31.29,0.689,0.521,,20.64,9.71,8.43,3.93,12.36,0.304,14.57,0.643,,,,,,,,
2016,2,Saint Michael's,24017,NE10,5-9,5.57,9.29,0.836,,30.57,0.719,0.262,,15.5,13.21,11.43,,9.93,0.267,17.93,0.357,,,,,,,,
2016,2,Saint Rose,24030,NE10,3-13,4.44,7.38,0.788,0.531,30.0,0.731,0.246,,12.44,12.0,9.63,,8.0,0.255,21.5,0.188,,,,,,,,
2016,2,Seton Hill,24049,ECAC-II,11-4,7.6,6.4,0.854,0.598,28.8,0.603,0.411,,20.27,11.0,9.47,3.2,12.67,0.303,16.47,0.733,,,,,,,,
2016,2,Shorter,24054,Independent,7-7,5.0,13.57,0.891,0.526,30.86,0.667,0.321,,17.21,12.64,11.07,,12.21,0.298,17.43,0.5,,,,,,,,
2016,2,Southern N.H.,24010,NE10,10-6,8.06,9.81,0.876,0.427,32.06,0.698,0.324,,21.06,11.88,13.31,,13.0,0.318,17.38,0.625,,,,,,,,
2016,2,St. Anselm,24015,NE10,8-6,5.86,9.71,0.857,0.395,33.29,0.692,0.297,,18.29,11.79,10.71,,12.43,0.316,17.64,0.571,,,,,,,,
2016,2,St. Thomas Aquinas,24031,Independent,0-12,,7.08,,0.384,,0.625,,,,14.17,13.83,,,0.249,,0.0,,,,,,,,
2016,2,Tampa,24018,Sunshine State,15-3,6.72,7.22,0.883,0.584,30.61,,0.465,,20.0,11.11,9.11,4.17,13.28,0.367,14.39,0.833,,,,,,,,
2016,2,Tusculum,24043,SAC,5-10,4.93,7.47,0.81,0.391,24.13,0.719,0.3,,14.8,12.53,10.87,,9.87,0.316,13.4,0.333,,,,,,,,
2016,2,UIndy,24003,ECAC-II,8-6,5.0,6.64,0.851,0.507,,0.75,0.51,,14.86,9.43,8.5,,9.86,0.271,15.79,0.571,,,,,,,,
2016,2,Walsh,24052,ECAC-II,5-10,4.4,7.87,0.785,0.451,25.4,0.71,0.313,,13.53,9.33,11.4,,9.13,0.306,17.4,0.333,,,,,,,,
2016,2,Wheeling,24042,ECAC-II,7-5,7.67,7.5,0.921,0.558,32.17,0.608,0.368,,22.17,10.58,11.33,3.17,14.5,0.382,13.0,0.583,,,,,,,,
2016,2,Wingate,24032,SAC,10-6,6.25,,0.843,0.434,28.94,0.765,0.228,,16.5,13.06,9.38,,10.25,0.296,15.0,0.625,,,,,,,,
2016,2,Young Harris,24055,Independent,10-5,6.73,,0.862,0.617,31.73,0.697,0.295,,20.93,10.53,8.87,5.33,14.2,0.34,17.2,0.667,,,,,,,,
2017,1,Air Force,110563,SoCon,12-6,5.89,6.44,0.879,0.544,26.56,0.622,0.38,,16.83,,8.17,2.78,10.94,0.288,12.17,0.667,,,,,,,,
2017,1,Army West Point,110564,Patriot,12-4,5.44,7.13,0.878,0.614,33.5,0.629,0.318,,16.06,8.81,8.19,2.44,10.63,0.272,12.19,0.75,,,,,,,,
2017,1,Bellarmine,110503,SoCon,4-9,4.69,5.69,0.838,0.383,20.0,0.581,0.313,,13.31,11.15,13.38,-4.77,8.62,0.264,13.69,0.308,,,,,,,,
2017,1,Binghamton,110504,America East,11-5,5.5,6.13,0.903,0.479,22.69,0.789,0.348,,15.06,9.06,8.19,1.38,9.56,0.315,11.69,0.688,,,,,,,,
2017,1,Boston U.,110505,Patriot,12-5,6.59,7.94,0.861,0.489,30.35,0.614,0.346,,17.35,12.71,8.88,1.88,10.76,0.316,14.47,0.706,,,,,,,,
2017,1,Brown,110506,Ivy League,10-6,7.81,8.0,0.864,0.59,36.56,0.681,0.4,,22.06,13.38,12.88,1.38,14.25,0.318,16.31,0.625,,,,,,,,
2017,1,Bryant,110507,NEC,11-8,5.63,7.53,0.861,0.564,28.89,0.585,0.532,,15.68,9.79,8.16,1.89,10.05,0.286,14.84,0.579,,,,,,,,
2017,1,Bucknell,110508,Patriot,5-8,6.38,7.08,0.826,0.515,27.92,0.714,0.4,,16.08,11.0,10.62,-0.92,9.69,0.257,13.0,0.385,,,,,,,,
2017,1,Canisius,110509,MAAC,6-9,5.93,6.33,0.869,0.436,26.27,0.614,0.349,,15.73,9.73,10.67,-0.87,9.8,0.304,13.8,0.4,,,,,,,,
2017,1,Cleveland St.,110510,Independent,5-9,4.64,5.79,0.813,0.431,26.93,0.565,0.339,,13.64,13.43,13.21,-4.21,9.0,0.284,16.0,0.357,,,,,,,,
2017,1,Colgate,110511,Patriot,5-9,6.14,4.86,0.888,0.517,26.93,0.686,0.375,,15.57,11.21,10.64,-1.21,9.43,0.252,14.5,0.357,,,,,,,,
2017,1,Cornell,110512,Ivy League,5-8,7.77,8.69,0.892,0.381,33.0,0.692,0.286,,19.46,12.0,13.46,-1.77,11.69,0.306,14.69,0.385,,,,,,,,
2017,1,Dartmouth,110513,Ivy League,2-11,3.77,9.54,,0.357,29.54,0.745,0.2,,10.85,12.85,12.77,-5.69,7.08,0.221,18.62,0.154,,,,,,,,
2017,1,Delaware,110514,CAA,7-8,5.27,5.47,0.842,0.496,27.47,0.673,0.357,,15.8,10.87,10.13,0.4,10.53,0.277,11.93,0.467,,,,,,,,
2017,1,Denver,110515,Big East,13-4,7.59,,0.876,0.723,30.18,0.568,0.456,,21.06,8.29,8.76,4.71,13.47,0.348,11.76,0.765,,,,,,,,
2017,1,Detroit Mercy,110516,MAAC,5-11,4.63,6.81,0.876,0.501,25.31,0.596,0.343,,13.06,11.06,10.75,-2.31,8.44,0.253,15.5,0.313,,,,,,,,
2017,1,Drexel,110517,CAA,6-8,5.57,6.36,0.832,0.379,25.21,0.605,0.432,,15.36,12.93,11.07,-1.29,9.79,0.322,14.14,0.429,,,,,,,,
2017,1,Duke,110518,ACC,13-5,7.83,6.17,0.872,0.549,30.89,0.673,0.5,,20.89,9.44,8.39,4.67,13.06,0.347,12.67,0.722,,,,,,,,
2017,1,Fairfield,110519,CAA,5-9,4.07,5.21,0.891,0.511,27.21,0.618,0.325,,12.57,11.64,10.36,-1.86,8.5,0.232,11.57,0.357,,,,,,,,
2017,1,Furman,110520,SoCon,7-8,6.27,7.33,0.893,0.485,25.53,0.605,0.222,,16.4,10.2,9.07,1.07,10.13,0.305,12.33,0.467,,,,,,,,
2017,1,Georgetown,110521,Big East,4-10,5.5,6.21,0.861,0.461,24.79,0.659,0.271,,15.64,11.29,11.21,-1.07,10.14,0.269,11.71,0.286,,,,,,,,
2017,1,Hampton,110522,DI Independent,1-7,,7.38,0.897,0.361,,0.474,0.303,,,14.13,13.63,,,0.229,,0.125,,,,,,,,
2017,1,Hartford,110523,America East,6-8,6.93,5.57,0.874,0.537,28.79,0.68,0.519,,18.0,10.71,11.0,0.07,11.07,0.312,13.36,0.429,,,,,,,,
2017,1,Harvard,110524,Ivy League,6-7,5.54,7.77,0.893,0.376,26.69,0.717,0.345,,16.46,12.23,11.08,-0.15,10.92,0.315,14.54,0.462,,,,,,,,
2017,1,High Point,110572,SoCon,4-10,4.79,7.64,0.868,0.339,23.29,0.5,0.327,,13.71,12.57,11.21,-2.29,8.93,0.275,15.14,0.286,,,,,,,,
2017,1,Hobart,110525,NEC,9-7,5.75,6.5,0.859,0.524,27.5,0.563,0.239,,17.69,11.69,11.13,0.81,11.94,0.279,13.31,0.563,,,,,,,,
2017,1,Hofstra,110526,CAA,11-3,6.36,4.21,0.899,0.457,26.71,0.65,0.365,,17.93,11.57,8.79,2.79,11.57,0.353,10.79,0.786,,,,,,,,
2017,1,Holy Cross,110527,Patriot,5-10,4.73,8.73,0.844,0.381,27.27,0.7,0.326,,13.27,8.8,10.8,-2.27,8.53,0.26,14.4,0.333,,,,,,,,
2017,1,Jacksonville,110528,SoCon,3-11,6.29,4.79,0.853,0.547,28.07,0.545,0.311,,15.43,12.43,12.57,-3.43,9.14,0.324,14.71,0.214,,,,,,,,
2017,1,Johns Hopkins,110529,Big Ten,8-7,6.67,6.73,0.896,0.465,26.67,0.525,0.605,,18.27,9.2,11.47,0.13,11.6,0.31,10.67,0.533,,,,,,,,
2017,1,Lafayette,110530,Patriot,2-12,4.21,7.07,0.84,0.474,28.93,0.588,0.273,,11.5,11.21,12.57,-5.29,7.29,0.225,15.0,0.143,,,,,,,,
2017,1,Lehigh,110531,Patriot,7-7,6.43,8.29,0.853,0.531,31.79,0.75,0.412,,16.21,11.0,10.0,-0.21,9.79,0.287,15.0,0.5,,,,,,,,
2017,1,Loyola Maryland,110533,Patriot,10-6,8.38,9.31,0.918,0.564,33.63,0.784,0.385,,20.75,9.94,8.38,4.0,12.38,0.301,11.69,0.625,,,,,,,,
2017,1,Manhattan,110534,MAAC,3-11,4.86,4.57,0.846,0.496,29.86,0.633,0.288,,13.29,12.36,13.21,-4.79,8.43,0.255,16.71,0.214,,,,,,,,
2017,1,Marist,110535,MAAC,10-6,5.13,5.63,0.876,0.522,23.13,0.74,0.35,,13.06,12.44,7.5,0.44,7.94,0.283,13.0,0.625,,,,,,,,
2017,1,Marquette,110536,Big East,8-8,4.56,5.75,0.885,0.497,26.13,0.756,0.3,,14.13,9.75,9.31,0.25,9.56,0.274,11.5,0.5,,,,,,,,
2017,1,Maryland,110538,Big Ten,16-3,6.21,5.89,0.903,0.5,30.05,0.714,0.351,,18.68,10.84,8.79,3.68,12.47,0.347,11.79,0.842,,,,,,,,
2017,1,Massachusetts,110539,CAA,7-8,5.73,7.87,0.891,0.558,27.73,0.66,0.426,,14.67,11.2,10.07,-1.13,8.93,0.255,13.67,0.467,,,,,,,,
2017,1,Mercer,110540,SoCon,5-8,6.0,8.85,0.857,0.556,26.69,0.686,0.441,,14.85,10.46,10.85,-2.0,8.85,0.253,15.0,0.385,,,,,,,,
2017,1,Michigan,110541,Big Ten,8-6,6.36,6.64,0.879,0.479,27.21,0.623,0.415,,16.93,11.21,11.29,-0.71,10.57,0.29,13.57,0.571,,,,,,,,
2017,1,Monmouth,110542,MAAC,14-4,4.78,9.0,0.906,0.477,26.06,0.64,0.352,,14.5,10.39,7.39,2.33,9.72,0.263,10.78,0.778,,,,,,,,
2017,1,Mount St. Mary's,110543,NEC,4-10,5.21,6.21,0.836,0.378,24.57,0.698,0.333,,14.0,10.79,11.36,-2.57,8.79,0.258,15.36,0.286,,,,,,,,
2017,1,NJIT,110545,Independent,1-14,3.4,5.6,0.776,,23.73,0.5,0.417,,10.33,13.13,12.4,-5.47,6.93,0.262,16.07,0.0666666666666666,,,,,,,,
2017,1,Navy,110565,Patriot,6-8,5.79,6.57,0.879,0.642,31.21,0.639,0.292,,15.21,9.43,9.57,-0.14,9.43,0.306,16.43,0.429,,,,,,,,
2017,1,North Carolina,110544,ACC,8-8,5.81,6.69,0.887,0.521,29.88,0.596,0.391,,17.31,10.13,10.44,1.06,11.5,0.289,13.25,0.5,,,,,,,,
2017,1,Notre Dame,110546,ACC,9-6,5.27,7.2,0.861,0.437,26.33,0.55,0.283,,15.8,10.27,9.8,0.73,10.53,0.319,12.47,0.6,,,,,,,,
2017,1,Ohio St.,110547,Big Ten,16-5,5.57,4.67,0.87,0.621,28.9,0.697,0.492,,16.9,9.95,8.38,2.95,11.33,0.335,13.19,0.762,,,,,,,,
2017,1,Penn,110549,Ivy League,7-6,5.62,5.69,0.87,0.49,26.69,0.808,,,16.92,10.15,10.77,0.54,11.31,0.308,12.0,0.538,,,,,,,,
2017,1,Penn St.,110548,Big Ten,12-4,7.81,4.94,0.87,0.584,30.44,0.515,0.415,,21.13,10.88,10.69,2.63,13.31,0.353,12.94,0.75,,,,,,,,
2017,1,Princeton,110550,Ivy League,9-6,9.4,7.4,0.817,0.49,33.47,0.75,0.462,,24.07,13.07,11.4,3.27,14.67,0.357,12.47,0.6,,,,,,,,
2017,1,Providence,110551,Big East,10-7,5.29,7.24,0.878,0.536,26.76,0.742,0.326,,14.94,10.71,8.35,1.29,9.65,0.252,13.47,0.588,,,,,,,,
2017,1,Quinnipiac,110552,MAAC,2-9,5.55,6.55,0.862,0.534,30.18,0.568,0.438,,14.82,11.27,11.45,-2.18,9.27,0.249,16.27,0.182,,,,,,,,
2017,1,Richmond,110553,SoCon,12-4,6.81,9.81,0.879,0.589,30.31,0.821,0.308,,17.25,12.13,6.25,4.19,10.44,0.302,13.56,0.75,,,,,,,,
2017,1,Robert Morris,110554,NEC,9-7,6.88,9.31,0.889,0.421,30.31,0.674,0.351,,17.75,13.13,10.31,0.56,10.88,0.282,14.88,0.563,,,,,,,,
2017,1,Rutgers,110555,Big Ten,10-4,6.79,9.71,0.871,0.538,32.14,0.7,0.242,,18.5,10.21,9.07,2.64,11.71,0.29,13.43,0.714,,,,,,,,
2017,1,Sacred Heart,110556,NEC,9-6,6.53,10.07,0.886,0.49,31.33,0.717,0.328,,17.87,10.0,10.27,1.07,11.33,0.287,15.8,0.6,,,,,,,,
2017,1,Saint Joseph's,110558,NEC,5-9,4.21,6.36,0.835,0.54,28.21,0.564,0.31,,13.07,12.0,9.93,-1.07,8.86,0.267,14.21,0.357,,,,,,,,
2017,1,Siena,110559,MAAC,3-11,5.36,6.93,0.819,0.431,26.57,0.529,0.515,,15.71,8.57,13.36,-3.0,10.36,0.274,11.71,0.214,,,,,,,,
2017,1,St. John's (NY),110557,Big East,1-13,4.71,4.57,0.819,0.431,24.21,0.5,0.333,,11.79,11.0,,-7.0,7.07,0.229,13.71,0.071,,,,,,,,
2017,1,Stony Brook,110560,America East,7-7,6.29,5.86,0.86,0.405,25.93,0.548,0.313,,17.0,9.07,11.79,-1.07,10.71,0.316,12.5,0.5,,,,,,,,
2017,1,Syracuse,110561,ACC,13-3,8.25,6.0,0.919,0.528,28.06,0.66,0.5,,20.31,9.94,10.06,2.0,12.06,0.322,10.88,0.813,,,,,,,,
2017,1,Towson,110562,CAA,12-5,4.71,7.12,0.887,0.573,26.71,0.638,0.364,,14.24,7.88,7.65,1.88,9.53,0.254,11.47,0.706,,,,,,,,
2017,1,UAlbany,110502,America East,15-3,9.5,6.06,0.892,0.686,33.28,0.829,0.358,,24.89,10.67,9.5,5.89,15.39,0.344,13.67,0.833,,,,,,,,
2017,1,UMBC,110537,America East,6-8,4.07,6.21,0.874,0.468,21.5,,0.231,,11.64,8.86,9.14,-1.57,7.57,0.258,13.0,0.429,,,,,,,,
2017,1,VMI,110568,SoCon,2-12,4.86,6.14,0.852,0.44,25.57,0.771,0.188,,12.5,12.64,12.86,-5.21,7.64,,14.29,0.143,,,,,,,,
2017,1,Vermont,110566,America East,5-8,6.54,8.08,0.818,0.503,26.23,0.755,0.291,,16.38,11.46,11.15,-1.31,9.85,0.331,17.62,0.385,,,,,,,,
2017,1,Villanova,110567,Big East,9-6,8.13,6.4,0.905,0.477,27.53,0.667,0.358,,21.27,9.73,11.47,1.67,13.13,0.291,10.53,0.6,,,,,,,,
2017,1,Virginia,110569,ACC,8-7,9.13,9.13,0.888,0.527,43.33,0.643,0.481,,23.53,11.47,13.27,1.13,14.4,0.311,15.13,0.533,,,,,,,,
2017,1,Wagner,110570,NEC,6-9,4.2,6.93,0.852,0.408,25.53,0.757,0.231,,11.93,13.2,9.73,-2.0,7.73,0.235,17.0,0.4,,,,,,,,
2017,1,Yale,110571,Ivy League,10-6,8.0,5.56,0.877,0.605,32.31,0.533,0.171,,20.94,9.38,10.31,2.63,12.94,0.314,12.06,0.625,,,,,,,,
2017,2,Adams St.,110600,RMAC,5-8,4.38,,0.764,0.441,27.23,0.647,0.203,,11.85,16.0,11.23,,7.46,,20.31,0.385,,,,,,,,
2017,2,Adelphi,110573,NE10,15-4,6.05,6.95,0.854,0.646,29.47,0.78,0.288,,16.58,10.89,7.74,,10.53,0.285,16.89,0.789,,,,,,,,
2017,2,Alabama Huntsville,110574,Independent,6-7,5.15,,,0.592,29.0,0.682,,,16.38,11.38,11.54,,11.23,0.287,17.0,0.462,,,,,,,,
2017,2,Alderson Broaddus,110601,Independent,1-11,5.5,7.75,,0.384,29.67,0.644,0.22,,14.42,11.17,15.33,,8.92,0.266,19.17,0.0833333333333333,,,,,,,,
2017,2,American Int'l,110575,NE10,1-16,,6.29,,,,,,,,14.88,,,,,,0.0588235294117647,,,,,,,,
2017,2,Assumption,110576,NE10,6-7,5.62,,0.807,0.539,28.69,0.816,0.313,,14.69,13.23,9.38,,9.08,0.303,15.15,0.462,,,,,,,,
2017,2,Belmont Abbey,110614,Conference Carolinas,12-5,7.71,6.82,0.954,0.57,31.82,0.829,0.333,,22.18,9.82,7.76,6.71,14.47,0.361,12.53,0.706,,,,,,,,
2017,2,Bentley,110577,NE10,6-7,5.23,7.54,0.763,0.668,34.92,0.773,0.245,,15.92,10.08,9.77,,10.69,0.277,17.69,0.462,,,,,,,,
2017,2,Brevard,110631,SAC,2-14,5.25,8.81,,0.386,32.38,0.616,0.292,,15.44,12.38,12.88,,10.19,0.362,,0.125,,,,,,,,
2017,2,CSU Pueblo,110615,RMAC,6-6,7.83,8.75,0.783,0.408,27.0,0.648,0.422,,20.42,11.58,13.67,,12.58,0.342,17.42,0.5,,,,,,,,
2017,2,Catawba,110602,SAC,8-8,4.75,8.25,0.887,0.377,28.06,0.734,0.293,,15.0,13.19,11.0,,10.25,0.281,17.94,0.5,,,,,,,,
2017,2,Chestnut Hill,110628,ECC,8-5,7.38,6.92,0.835,0.529,28.54,0.682,0.368,,19.54,11.69,8.46,3.69,12.15,0.337,15.77,0.615,,,,,,,,
2017,2,Chowan,110617,Conference Carolinas,1-12,5.23,7.85,0.76,,24.38,0.724,,,14.77,17.31,,,9.54,0.329,17.85,0.0769230769230769,,,,,,,,
2017,2,Coker,110603,SAC,4-10,4.71,7.07,0.858,0.471,29.86,0.75,0.228,,13.57,11.14,13.71,,8.86,0.259,17.29,0.286,,,,,,,,
2017,2,Colorado Mesa,110621,RMAC,16-2,6.22,10.89,0.902,0.613,32.78,0.794,0.364,,22.0,9.78,7.17,8.61,15.78,0.299,14.5,0.889,,,,,,,,
2017,2,Davis & Elkins,110578,G-MAC,4-10,6.79,8.93,0.787,0.422,31.79,0.813,,,16.29,14.07,14.5,,9.5,0.316,,0.286,,,,,,,,
2017,2,Dist. Columbia,110579,ECC,5-7,6.08,10.08,0.796,0.499,28.58,0.61,0.243,,18.42,11.92,14.25,,12.33,0.327,20.17,0.417,,,,,,,,
2017,2,Dominican (NY),110618,ECC,6-9,4.87,7.73,0.77,0.508,27.4,0.75,0.2,,13.53,12.93,12.13,,8.67,0.251,19.8,0.4,,,,,,,,
2017,2,Emmanuel (GA),110637,Conference Carolinas,1-12,,12.46,,,,,0.239,,,12.38,,,,,,0.0769230769230769,,,,,,,,
2017,2,Fla. Southern,110581,Sunshine State,7-8,5.13,7.8,0.82,0.504,26.0,0.678,0.317,,15.4,13.13,11.33,,10.27,0.27,17.93,0.467,,,,,,,,
2017,2,Florida Tech,110580,Sunshine State,8-7,5.87,8.2,0.855,0.58,34.33,0.646,0.333,,17.73,11.13,9.6,,11.87,0.279,15.07,0.533,,,,,,,,
2017,2,Franklin Pierce,110582,NE10,4-9,4.0,6.92,0.79,,,0.736,0.235,,13.38,12.23,11.62,,9.38,0.275,14.23,0.308,,,,,,,,
2017,2,Georgian Court,110619,Independent,5-11,4.44,6.88,0.795,0.432,29.13,0.629,,,12.44,15.0,13.19,,8.0,0.25,,0.313,,,,,,,,
2017,2,LIU Post,110585,ECC,8-8,5.56,6.25,0.885,0.657,31.56,0.77,0.367,,16.25,,8.19,,10.69,0.251,15.25,0.5,,,,,,,,
2017,2,Lake Erie,110616,G-MAC,7-8,5.2,9.0,0.87,0.579,29.47,0.693,0.362,,14.47,,9.6,,9.27,0.264,14.27,0.467,,,,,,,,
2017,2,Le Moyne,110584,NE10,14-3,5.65,7.47,0.881,0.496,25.82,0.636,0.267,,16.65,,5.76,5.24,11.0,0.269,11.76,0.824,,,,,,,,
2017,2,Lees-McRae,110625,Conference Carolinas,5-11,5.94,8.13,0.835,0.386,29.31,0.674,,,17.19,14.19,,,11.25,0.306,18.19,0.313,,,,,,,,
2017,2,Lenoir-Rhyne,110604,SAC,12-3,7.0,8.07,0.872,0.623,35.0,0.7,0.434,,20.13,12.53,10.0,3.13,13.13,0.286,14.2,0.8,,,,,,,,
2017,2,Limestone,110605,Conference Carolinas,21-1,7.0,7.82,0.922,0.74,44.27,0.775,0.329,,23.09,8.82,7.95,8.14,16.09,0.342,15.32,0.955,,,,,,,,
2017,2,Lincoln Memorial,110606,SAC,8-7,4.93,10.47,0.875,0.467,32.2,0.679,0.286,,16.07,11.73,10.33,,11.13,0.319,16.93,0.533,,,,,,,,
2017,2,Lindenwood,110632,Independent,10-4,6.43,7.29,0.858,0.538,30.5,0.797,0.383,,19.43,,7.14,5.86,13.0,0.29,12.5,0.714,,,,,,,,
2017,2,Lynn,110627,Sunshine State,6-7,6.08,6.46,0.845,0.633,31.38,0.744,0.333,,16.54,9.23,10.46,,10.46,0.264,15.0,0.462,,,,,,,,
2017,2,Mars Hill,110607,SAC,6-7,6.23,9.77,0.82,0.427,35.54,0.64,0.349,,15.54,12.0,10.0,,9.31,0.279,17.92,0.462,,,,,,,,
2017,2,Maryville (MO),110586,RMAC,1-14,,,,0.412,,,,,,13.27,14.07,,,,,0.0666666666666666,,,,,,,,
2017,2,Mercy,110587,ECC,12-5,6.18,6.88,0.84,0.567,31.41,0.703,0.319,,18.0,10.94,8.29,3.53,11.82,0.342,15.53,0.706,,,,,,,,
2017,2,Mercyhurst,110588,ECAC,12-3,7.6,8.27,0.903,0.526,26.87,0.745,0.333,,20.4,,6.6,6.2,12.8,0.332,11.0,0.8,,,,,,,,
2017,2,Merrimack,110589,NE10,15-4,7.42,7.42,0.838,0.598,33.89,0.764,0.45,,22.68,9.21,7.79,7.47,15.26,0.334,15.58,0.789,,,,,,,,
2017,2,Molloy,110590,ECC,9-5,6.0,11.07,0.872,0.555,30.71,0.696,0.254,,16.0,8.79,7.71,,10.0,0.245,14.93,0.643,,,,,,,,
2017,2,Mount Olive,110608,Conference Carolinas,11-5,6.56,9.31,0.858,0.572,26.5,0.792,0.4,,19.25,12.0,7.81,4.88,12.69,0.322,15.81,0.688,,,,,,,,
2017,2,New York Tech,110592,ECC,14-3,6.94,9.41,0.884,0.486,27.24,0.765,0.369,,19.24,10.47,8.41,3.88,12.29,0.333,14.82,0.824,,,,,,,,
2017,2,North Greenville,110620,Conference Carolinas,9-9,5.56,8.06,0.879,0.576,30.67,0.779,0.254,,17.28,10.28,9.56,,11.72,0.315,16.61,0.5,,,,,,,,
2017,2,Notre Dame de Namur,110629,Independent,1-8,3.78,,,0.385,,,0.375,,11.11,13.0,,,,0.266,15.78,0.1111111111111111,,,,,,,,
2017,2,Ohio Valley,110626,G-MAC,4-10,5.07,,0.735,0.478,,0.672,0.191,,14.14,13.36,,,9.07,0.291,20.43,0.286,,,,,,,,
2017,2,Pace,110593,NE10,12-4,8.0,9.75,0.876,0.499,32.94,0.74,0.359,,20.38,11.5,8.75,3.63,12.38,0.314,16.38,0.75,,,,,,,,
2017,2,Pfeiffer,110594,Conference Carolinas,7-9,5.94,6.38,0.813,0.487,30.25,0.659,0.339,,16.75,14.88,12.81,,10.81,0.341,18.19,0.438,,,,,,,,
2017,2,Post,110609,Independent,5-8,5.54,9.23,0.815,,30.31,0.714,0.268,,15.69,14.62,13.15,,10.15,0.282,16.77,0.385,,,,,,,,
2017,2,Queens (NC),110622,SAC,10-7,5.29,8.59,0.882,0.685,35.35,0.75,0.218,,16.06,10.12,9.88,,10.76,0.271,17.47,0.588,,,,,,,,
2017,2,Roberts Wesleyan,110634,ECC,4-12,4.63,7.5,0.808,0.545,27.25,0.821,0.38,,13.25,12.5,9.94,,8.63,0.283,17.69,0.25,,,,,,,,
2017,2,Rockhurst,110610,RMAC,12-5,8.24,10.12,0.836,0.6,34.71,0.696,0.471,,21.0,,9.41,3.35,12.76,0.294,18.53,0.706,,,,,,,,
2017,2,Rollins,110595,Sunshine State,7-7,4.86,6.86,0.835,0.42,27.36,,0.354,,14.5,9.14,9.86,,9.64,0.267,13.57,0.5,,,,,,,,
2017,2,Saint Leo,110597,Sunshine State,9-5,8.07,10.21,0.894,0.579,36.36,0.761,0.305,,22.64,13.5,9.0,5.57,14.57,0.378,14.64,0.643,,,,,,,,
2017,2,Saint Michael's,110598,NE10,2-10,5.42,9.08,0.827,0.472,29.25,0.635,0.222,,14.17,12.83,10.83,,8.75,,18.92,0.167,,,,,,,,
2017,2,Saint Rose,110611,NE10,4-11,,,0.786,0.538,27.6,0.732,0.315,,,14.0,11.67,,,,18.4,0.267,,,,,,,,
2017,2,Seton Hill,110630,ECAC-II,12-4,6.94,7.19,0.88,0.595,27.31,0.641,0.387,,19.25,9.75,7.38,4.94,12.31,0.319,13.63,0.75,,,,,,,,
2017,2,Shorter,110635,Independent,0-14,,7.29,0.762,,,,,,,17.93,,,,,,0.0,,,,,,,,
2017,2,Southern N.H.,110591,NE10,9-6,6.07,6.93,0.787,0.515,34.07,0.702,0.377,,18.33,10.93,10.53,,12.27,0.273,16.27,0.6,,,,,,,,
2017,2,St. Anselm,110596,NE10,8-6,6.0,9.57,0.846,0.461,36.07,0.607,0.32,,18.36,11.29,10.21,,12.36,0.265,16.86,0.571,,,,,,,,
2017,2,St. Thomas Aquinas,110612,ECC,5-10,,6.27,0.809,,26.73,0.779,0.182,,,12.73,10.93,,7.67,0.248,16.4,0.333,,,,,,,,
2017,2,Tampa,110599,Sunshine State,15-5,7.85,8.6,0.904,0.6,31.85,,0.692,,21.9,9.25,8.4,5.65,14.05,0.365,13.9,0.75,,,,,,,,
2017,2,Tusculum,110624,SAC,11-4,8.93,7.87,0.837,0.454,32.6,0.822,0.458,,22.6,11.4,8.53,5.13,13.67,0.338,14.2,0.733,,,,,,,,
2017,2,UAH,110574,Independent,6-7,,,,,,,0.31,,,,,,,,,0.4615384615384615,,,,,,,,
2017,2,UIndy,110583,Independent,7-6,7.0,8.54,0.88,0.581,29.46,0.725,0.327,,17.77,10.62,7.0,3.77,10.77,0.285,14.62,0.538,,,,,,,,
2017,2,Walsh,110633,ECAC-II,4-12,,6.38,0.864,0.514,25.69,0.639,0.188,,,10.69,9.94,,,0.242,17.19,0.25,,,,,,,,
2017,2,Wheeling,110623,MEC,6-8,6.29,8.79,0.883,0.384,29.43,0.684,0.357,,17.64,12.21,10.43,,11.36,0.329,13.71,0.429,,,,,,,,
2017,2,Wingate,110613,SAC,13-4,6.41,7.53,0.858,0.46,29.76,0.743,0.313,,17.12,11.12,7.53,3.18,10.71,0.303,12.47,0.765,,,,,,,,
2017,2,Young Harris,110636,Independent,7-8,6.8,8.93,0.855,0.572,31.8,0.676,0.286,,19.07,,9.87,,12.27,0.286,15.53,0.467,,,,,,,,
2018,1,Air Force,423561,SoCon,5-10,3.53,5.07,0.826,0.526,20.73,0.511,0.281,,11.4,8.4,10.67,-2.8,7.87,0.253,12.27,0.333,,,,,,,,
2018,1,Army West Point,423562,Patriot,5-8,5.54,8.62,0.843,0.493,28.92,0.68,0.343,,14.54,8.08,8.38,0.62,9.0,0.246,12.69,0.385,,,,,,,,
2018,1,Bellarmine,423501,SoCon,4-9,4.62,7.38,0.791,0.487,22.15,0.771,0.326,,12.46,11.62,9.38,-1.54,7.85,0.241,14.85,0.308,,,,,,,,
2018,1,Binghamton,423502,America East,4-11,3.53,6.73,0.838,0.418,22.47,0.761,0.205,,11.53,11.53,12.87,-4.87,8.0,0.245,12.6,0.267,,,,,,,,
2018,1,Boston U.,423503,Patriot,8-9,6.82,6.47,0.839,0.478,29.41,0.61,0.568,,16.88,12.24,11.35,-1.29,10.06,0.309,13.65,0.471,,,,,,,,
2018,1,Brown,423504,Ivy League,6-9,6.8,6.13,0.873,0.54,30.2,0.682,0.407,,18.53,13.8,12.27,-0.53,11.73,0.294,14.93,0.4,,,,,,,,
2018,1,Bryant,423505,NEC,8-7,5.07,6.0,0.888,0.675,32.13,0.697,0.366,,16.4,8.73,9.73,1.6,11.33,0.296,13.73,0.533,,,,,,,,
2018,1,Bucknell,423506,Patriot,11-4,6.4,7.4,0.874,0.459,26.07,0.65,0.326,,18.07,8.93,9.0,2.67,11.67,0.328,10.67,0.733,,,,,,,,
2018,1,Canisius,423507,MAAC,8-9,7.29,6.35,0.894,0.399,26.0,0.605,0.488,,18.76,10.0,12.76,-1.29,11.47,0.36,12.82,0.471,,,,,,,,
2018,1,Cleveland St.,423508,Independent,4-10,4.43,7.0,0.869,0.488,26.71,0.576,0.255,,13.07,10.57,11.36,-2.71,8.64,0.248,15.21,0.286,,,,,,,,
2018,1,Colgate,423509,Patriot,7-8,6.53,5.67,0.866,0.595,29.07,0.688,0.383,,18.4,9.07,10.47,1.4,11.87,0.315,12.33,0.467,,,,,,,,
2018,1,Cornell,423510,Ivy League,13-5,9.56,7.11,0.86,0.443,28.83,0.661,0.375,,23.11,11.56,9.22,4.33,13.56,0.389,11.39,0.722,,,,,,,,
2018,1,Dartmouth,423511,Ivy League,2-11,4.38,6.69,0.802,0.397,28.85,0.489,0.269,,12.85,10.85,14.08,-5.62,8.46,0.272,15.0,0.154,,,,,,,,
2018,1,Delaware,423512,CAA,6-8,4.71,6.43,0.876,0.453,26.29,0.737,0.236,,15.29,11.79,10.5,0.07,10.57,0.291,10.86,0.429,,,,,,,,
2018,1,Denver,423513,Big East,13-4,6.71,4.88,0.882,0.738,26.71,0.556,0.512,,18.06,7.12,7.88,3.47,11.35,0.328,11.88,0.765,,,,,,,,
2018,1,Detroit Mercy,423514,MAAC,9-7,6.0,8.56,0.889,0.477,29.38,0.679,0.288,,16.31,11.13,9.38,0.94,10.31,0.292,14.38,0.563,,,,,,,,
2018,1,Drexel,423515,CAA,5-8,5.46,5.23,0.888,0.475,23.85,0.673,0.34,,15.85,10.54,12.46,-2.08,10.38,0.321,13.85,0.385,,,,,,,,
2018,1,Duke,423516,ACC,16-4,7.5,7.65,0.895,0.51,31.2,0.667,0.5,,21.1,9.5,8.65,4.95,13.6,0.372,11.1,0.8,,,,,,,,
2018,1,Fairfield,423517,CAA,4-11,5.93,5.8,0.863,0.488,26.6,0.73,0.476,,14.73,9.07,10.6,-1.8,8.8,0.259,12.47,0.267,,,,,,,,
2018,1,Furman,423518,SoCon,4-10,4.86,6.36,0.873,0.311,21.93,0.58,0.289,,13.71,11.93,12.14,-3.29,8.86,0.305,13.71,0.286,,,,,,,,
2018,1,Georgetown,423519,Big East,12-5,6.82,7.18,0.911,0.487,26.06,0.718,0.372,,17.88,9.76,8.12,2.94,11.06,0.333,11.65,0.706,,,,,,,,
2018,1,Hampton,423520,DI Independent,4-8,4.08,11.58,0.823,0.413,34.58,0.378,0.311,,13.08,11.5,12.75,-3.75,9.0,0.242,18.5,0.333,,,,,,,,
2018,1,Hartford,423521,America East,3-10,5.92,4.46,0.859,0.591,27.31,0.519,0.426,,15.77,10.77,12.31,-2.46,9.85,0.309,15.0,0.231,,,,,,,,
2018,1,Harvard,423522,Ivy League,7-6,7.08,5.31,0.892,0.466,25.31,0.618,0.308,,17.92,12.92,11.77,-0.92,10.85,0.283,13.46,0.538,,,,,,,,
2018,1,High Point,423570,SoCon,6-8,5.64,7.21,0.891,0.509,31.07,0.667,0.286,,17.0,13.0,12.07,-0.71,11.36,0.317,14.93,0.429,,,,,,,,
2018,1,Hobart,423523,NEC,4-10,5.5,6.79,0.908,0.619,28.43,0.676,0.294,,15.57,8.79,10.71,-0.64,10.07,0.249,13.21,0.286,,,,,,,,
2018,1,Hofstra,423524,CAA,6-8,5.0,4.64,0.901,0.549,23.0,0.709,0.326,,13.57,10.21,7.86,0.71,8.57,0.263,10.64,0.429,,,,,,,,
2018,1,Holy Cross,423525,Patriot,4-9,3.38,7.85,0.856,0.565,26.62,0.729,0.208,,10.08,8.31,11.0,-4.31,6.69,0.184,16.69,0.308,,,,,,,,
2018,1,Jacksonville,423526,SoCon,8-7,6.47,7.07,0.875,0.701,33.2,0.735,0.311,,18.0,8.6,10.4,1.13,11.53,0.322,15.67,0.533,,,,,,,,
2018,1,Johns Hopkins,423527,Big Ten,12-5,7.29,5.59,0.897,0.524,27.0,0.68,0.355,,19.0,9.88,9.71,2.0,11.71,0.294,10.88,0.706,,,,,,,,
2018,1,Lafayette,423528,Patriot,3-12,4.2,6.47,0.78,0.477,27.87,0.574,0.19,,12.0,10.27,13.4,-5.6,7.8,0.235,17.2,0.2,,,,,,,,
2018,1,Lehigh,423529,Patriot,10-7,6.65,7.71,0.875,0.591,30.82,0.66,0.634,,17.24,8.71,9.47,1.12,10.59,0.321,13.53,0.588,,,,,,,,
2018,1,Loyola Maryland,423531,Patriot,13-4,7.41,9.65,0.868,0.426,30.88,0.69,0.255,,20.53,10.0,8.71,4.41,13.12,0.351,12.24,0.765,,,,,,,,
2018,1,Manhattan,423532,MAAC,4-10,5.29,4.79,0.866,0.452,28.29,0.816,0.283,,14.0,12.14,11.5,-2.79,8.71,0.26,13.79,0.286,,,,,,,,
2018,1,Marist,423533,MAAC,3-12,4.33,4.33,0.849,0.448,19.47,0.643,0.295,,12.4,11.4,11.6,-3.53,8.07,0.272,11.67,0.2,,,,,,,,
2018,1,Marquette,423534,Big East,6-8,4.0,5.21,0.87,0.561,25.14,0.714,0.271,,11.86,8.79,9.86,-2.0,7.86,0.233,13.0,0.429,,,,,,,,
2018,1,Maryland,423536,Big Ten,14-4,6.61,4.89,0.891,0.528,26.17,0.784,0.591,,18.28,10.39,9.44,2.22,11.67,0.353,9.83,0.778,,,,,,,,
2018,1,Massachusetts,423537,CAA,12-5,7.65,7.94,0.887,0.567,28.88,0.683,0.361,,19.24,11.82,10.0,1.59,11.59,0.309,13.59,0.706,,,,,,,,
2018,1,Mercer,423538,SoCon,4-10,4.29,7.71,0.819,0.438,24.0,0.608,0.226,,12.36,10.21,10.43,-2.36,8.07,0.241,14.07,0.286,,,,,,,,
2018,1,Michigan,423539,Big Ten,8-6,5.29,6.29,0.858,0.491,24.36,0.696,0.267,,15.43,11.36,9.71,0.43,10.14,0.293,13.21,0.571,,,,,,,,
2018,1,Monmouth,423540,MAAC,7-8,5.53,7.2,0.936,0.378,26.8,0.69,0.362,,15.73,11.93,9.0,1.2,10.2,0.287,10.87,0.467,,,,,,,,
2018,1,Mount St. Mary's,423541,NEC,5-9,6.79,8.29,0.847,0.538,32.29,0.689,0.25,,18.0,10.14,12.5,-1.29,11.21,0.284,16.71,0.357,,,,,,,,
2018,1,NJIT,423543,Independent,1-15,3.94,6.56,0.794,0.365,25.19,0.465,0.254,,10.5,11.56,12.38,-5.81,6.56,0.243,15.69,0.063,,,,,,,,
2018,1,Navy,423563,Patriot,9-5,5.43,6.0,0.853,0.553,28.86,0.654,0.259,,14.43,8.86,8.93,0.07,9.0,0.274,14.93,0.643,,,,,,,,
2018,1,North Carolina,423542,ACC,7-7,5.93,5.5,0.874,0.441,26.29,0.698,0.477,,16.86,9.79,10.93,0.0,10.93,0.308,10.64,0.5,,,,,,,,
2018,1,Notre Dame,423544,ACC,9-6,4.73,5.73,0.919,0.526,27.27,0.611,0.315,,14.8,7.47,8.6,1.47,10.07,0.307,13.67,0.6,,,,,,,,
2018,1,Ohio St.,423545,Big Ten,8-7,4.6,5.73,0.934,0.579,28.6,0.525,0.273,,13.53,8.67,8.6,0.33,8.93,0.269,12.13,0.533,,,,,,,,
2018,1,Penn,423547,Ivy League,7-8,5.13,4.53,0.89,0.46,21.27,0.678,0.414,,14.53,9.73,10.53,-1.13,9.4,0.276,11.33,0.467,,,,,,,,
2018,1,Penn St.,423546,Big Ten,8-6,6.86,6.0,0.888,0.655,31.07,0.788,0.265,,19.43,11.21,9.57,3.0,12.57,0.34,12.71,0.571,,,,,,,,
2018,1,Princeton,423548,Ivy League,8-5,9.23,7.0,0.819,0.48,31.15,0.625,0.471,,22.85,13.15,12.15,1.46,13.62,0.358,12.54,0.615,,,,,,,,
2018,1,Providence,423549,Big East,5-10,5.0,4.27,0.914,0.476,20.93,0.58,0.34,,14.27,11.0,9.8,-0.53,9.27,0.267,11.0,0.333,,,,,,,,
2018,1,Quinnipiac,423550,MAAC,9-6,5.93,7.6,0.846,0.557,32.33,0.58,0.364,,17.67,10.13,10.2,1.53,11.73,0.287,13.27,0.6,,,,,,,,
2018,1,Richmond,423551,SoCon,11-6,6.71,7.06,0.92,0.417,26.94,0.725,0.44,,17.35,9.76,10.47,0.18,10.65,0.304,12.76,0.647,,,,,,,,
2018,1,Robert Morris,423552,NEC,13-5,6.89,9.39,0.91,0.412,28.11,0.771,0.429,,18.44,11.0,8.0,3.56,11.56,0.339,13.44,0.722,,,,,,,,
2018,1,Rutgers,423553,Big Ten,9-6,6.73,6.47,0.881,0.46,27.8,0.698,0.289,,17.93,9.53,9.53,1.67,11.2,0.329,11.4,0.6,,,,,,,,
2018,1,Sacred Heart,423554,NEC,7-8,5.87,9.13,0.889,0.467,30.87,0.617,0.4,,16.87,11.0,11.73,-0.73,11.0,0.287,13.07,0.467,,,,,,,,
2018,1,Saint Joseph's,423556,NEC,11-4,6.2,6.07,0.901,0.437,24.33,0.766,0.295,,16.2,12.0,8.0,2.0,10.0,0.326,11.33,0.733,,,,,,,,
2018,1,Siena,423557,MAAC,3-9,4.92,6.25,0.875,0.483,29.75,0.5,0.286,,15.25,13.17,13.33,-3.0,10.33,0.256,13.5,0.25,,,,,,,,
2018,1,St. John's (NY),423555,Big East,6-8,6.21,6.0,0.871,0.429,25.36,0.651,0.419,,16.0,11.07,10.0,-0.21,9.79,0.302,10.93,0.429,,,,,,,,
2018,1,Stony Brook,423558,America East,7-8,5.53,5.67,0.886,0.333,22.07,0.465,0.308,,14.47,9.6,11.07,-2.13,8.93,0.283,11.47,0.467,,,,,,,,
2018,1,Syracuse,423559,ACC,8-7,6.47,7.93,0.857,0.482,30.47,0.642,0.381,,17.73,9.4,10.67,0.6,11.27,0.328,12.4,0.533,,,,,,,,
2018,1,Towson,423560,CAA,7-8,4.47,5.27,0.855,0.604,26.47,0.538,0.256,,13.4,10.0,9.6,-0.67,8.93,0.256,14.13,0.467,,,,,,,,
2018,1,UAlbany,423500,America East,16-3,9.58,5.68,0.918,0.769,33.26,0.609,0.375,,24.0,10.47,8.63,5.79,14.42,0.326,12.42,0.842,,,,,,,,
2018,1,UMBC,423535,America East,5-8,3.15,6.85,0.878,0.354,19.38,0.765,0.206,,10.0,8.15,7.77,-0.92,6.85,0.217,13.0,0.385,,,,,,,,
2018,1,UMass Lowell,423530,America East,8-8,6.75,8.5,0.862,0.382,32.44,0.75,0.516,,16.75,13.81,10.63,-0.63,10.0,0.288,14.63,0.5,,,,,,,,
2018,1,VMI,423566,Southland,2-11,3.69,9.31,0.837,0.527,30.15,0.674,0.219,,12.31,11.92,12.38,-3.77,8.62,0.247,16.85,0.154,,,,,,,,
2018,1,Vermont,423564,America East,12-4,5.81,7.81,0.852,0.46,27.19,0.667,0.279,,16.13,12.06,8.06,2.25,10.31,0.324,15.19,0.75,,,,,,,,
2018,1,Villanova,423565,Big East,10-6,5.75,5.75,0.9,0.426,25.13,0.569,0.439,,16.5,9.56,11.38,-0.63,10.75,0.269,10.31,0.625,,,,,,,,
2018,1,Virginia,423567,ACC,12-6,7.72,8.28,0.849,0.577,38.0,0.676,0.382,,20.33,10.61,11.44,1.17,12.61,0.321,14.83,0.667,,,,,,,,
2018,1,Wagner,423568,NEC,4-10,3.93,9.07,0.805,0.411,25.57,0.795,0.375,,10.86,13.36,10.0,-3.07,6.93,0.238,16.29,0.286,,,,,,,,
2018,1,Yale,423569,Ivy League,17-3,7.95,8.2,0.869,0.6,32.75,0.636,0.47,,21.85,8.05,8.8,5.1,13.9,0.33,12.8,0.85,,,,,,,,
2018,2,Adams St.,423598,RMAC,4-10,3.43,9.5,0.76,0.443,31.79,0.689,0.226,,11.79,15.0,11.93,,8.36,0.221,21.21,0.286,,,,,,,,
2018,2,Adelphi,423571,NE10,11-4,7.73,7.53,0.876,0.669,33.73,0.83,0.3,,20.93,9.4,7.93,5.27,13.2,0.314,14.47,0.733,,,,,,,,
2018,2,Alabama Huntsville,423572,GLVC,8-7,5.2,5.73,0.819,0.497,28.53,0.634,0.29,,15.8,10.07,9.73,,10.6,0.285,16.0,0.533,,,,,,,,
2018,2,Alderson Broaddus,423599,G-MAC,3-8,4.27,7.73,0.726,0.471,34.82,0.688,0.309,,11.91,16.27,15.55,,7.64,0.315,20.18,0.273,,,,,,,,
2018,2,American Int'l,423573,NE10,1-15,3.19,5.56,0.635,0.365,22.5,0.676,0.241,,9.75,15.5,15.31,,6.56,0.249,19.06,0.063,,,,,,,,
2018,2,Assumption,423574,NE10,7-6,7.23,7.54,0.9,0.524,30.38,0.809,0.308,,18.0,11.62,9.69,,10.77,0.334,13.69,0.538,,,,,,,,
2018,2,Belmont Abbey,423612,Conference Carolinas,14-4,7.44,7.83,0.909,0.604,34.06,0.818,0.338,,21.33,7.72,7.94,5.94,13.89,0.331,14.67,0.778,,,,,,,,
2018,2,Bentley,423575,NE10,5-8,5.23,4.62,0.875,0.394,23.31,0.658,0.293,,15.46,12.62,11.0,,10.23,0.273,13.69,0.385,,,,,,,,
2018,2,CSU Pueblo,423613,RMAC,6-9,7.07,9.53,0.766,0.449,33.6,0.677,0.373,,19.13,13.53,15.67,,12.07,0.365,23.73,0.4,,,,,,,,
2018,2,Catawba,423600,SAC,6-9,5.07,7.33,0.826,0.557,32.27,0.697,0.282,,16.87,12.53,13.07,,11.8,0.295,17.0,0.4,,,,,,,,
2018,2,Chestnut Hill,423626,CACC,7-10,5.24,7.18,0.825,0.582,31.65,0.642,0.333,,15.0,12.0,9.47,,9.76,0.289,17.35,0.412,,,,,,,,
2018,2,Chowan,423615,Conference Carolinas,8-8,7.63,10.56,0.784,0.414,36.0,0.676,0.338,,20.19,15.0,12.81,,12.56,0.36,18.19,0.5,,,,,,,,
2018,2,Coker,423601,SAC,7-8,5.27,7.87,0.835,0.296,23.33,0.649,0.288,,14.33,9.6,10.2,,9.07,0.301,14.33,0.467,,,,,,,,
2018,2,Colorado Mesa,423619,RMAC,17-3,8.3,7.35,0.862,0.645,39.95,0.769,0.409,,24.0,10.1,8.15,7.55,15.7,0.301,17.05,0.85,,,,,,,,
2018,2,Davis & Elkins,423576,G-MAC,0-12,3.67,7.75,0.683,0.322,28.25,0.622,0.203,,9.5,13.58,18.5,,5.83,0.231,21.25,0.0,,,,,,,,
2018,2,Dist. Columbia,423577,ECC,8-7,7.0,8.0,0.781,0.688,32.6,0.634,0.32,,19.47,12.6,11.4,,12.47,0.32,18.4,0.533,,,,,,,,
2018,2,Dominican (NY),423616,CACC,3-11,5.36,7.86,0.777,0.397,27.57,0.741,0.247,,13.29,12.93,11.0,,7.93,0.246,16.93,0.214,,,,,,,,
2018,2,Embry-Riddle (FL),440581,Sunshine State,1-12,1.77,7.0,0.712,0.421,28.85,0.579,0.255,,7.0,11.31,14.46,,5.23,0.195,21.77,0.077,,,,,,,,
2018,2,Felician,440361,CACC,1-11,2.58,4.25,0.685,0.304,26.83,0.655,0.215,,7.67,15.25,15.42,,5.08,0.228,20.92,0.083,,,,,,,,
2018,2,Fla. Southern,423579,Sunshine State,8-7,7.53,10.13,0.844,0.542,33.4,0.736,0.389,,19.4,11.0,10.53,,11.87,0.294,16.73,0.533,,,,,,,,
2018,2,Florida Tech,423578,Sunshine State,9-6,5.4,9.13,0.875,0.571,36.13,0.723,0.271,,17.8,11.27,10.4,,12.4,0.297,16.27,0.6,,,,,,,,
2018,2,Franklin Pierce,423580,NE10,5-8,3.85,5.15,0.813,0.447,26.15,0.684,0.432,,13.31,11.69,11.46,,9.46,0.242,12.23,0.385,,,,,,,,
2018,2,Georgian Court,423617,CACC,11-6,6.94,7.59,0.87,0.443,33.88,0.698,0.36,,18.12,13.71,8.41,,11.18,0.307,17.59,0.647,,,,,,,,
2018,2,LIU Post,423583,ECC,10-5,6.33,7.67,0.865,0.678,35.0,0.732,0.377,,17.93,9.87,8.47,3.13,11.6,0.29,17.6,0.667,,,,,,,,
2018,2,Lake Erie,423614,G-MAC,11-3,8.36,11.36,0.873,0.537,36.57,0.794,0.4,,24.36,8.0,7.86,8.14,16.0,0.32,14.57,0.786,,,,,,,,
2018,2,Le Moyne,423582,NE10,15-2,7.0,8.24,0.864,0.573,30.12,0.721,0.38,,20.24,9.71,6.59,6.65,13.24,0.298,12.59,0.882,,,,,,,,
2018,2,Lees-McRae,423623,Conference Carolinas,2-7,4.78,8.44,0.709,0.378,26.44,0.606,0.267,,14.33,10.56,17.78,,9.56,0.345,19.11,0.222,,,,,,,,
2018,2,Lenoir-Rhyne,423602,SAC,17-3,8.4,8.5,0.876,0.574,31.2,0.725,0.444,,22.75,12.55,9.4,4.95,14.35,0.317,15.55,0.85,,,,,,,,
2018,2,Limestone,423603,Conference Carolinas,11-8,6.95,6.58,0.851,0.555,33.68,0.719,0.323,,21.11,10.95,9.58,4.58,14.16,0.329,13.84,0.579,,,,,,,,
2018,2,Lincoln Memorial,423604,SAC,14-4,10.0,10.61,0.863,0.542,39.06,0.77,0.4,,25.0,10.83,8.33,6.67,15.0,0.342,16.0,0.778,,,,,,,,
2018,2,Lindenwood,423630,DII Independent,6-7,4.62,10.77,0.862,0.327,29.46,0.647,0.333,,16.31,8.54,10.62,,11.69,0.293,15.15,0.462,,,,,,,,
2018,2,Lynn,423625,Sunshine State,9-6,6.33,7.07,0.854,0.705,41.4,0.635,0.441,,18.33,8.53,9.2,,12.0,0.288,14.47,0.6,,,,,,,,
2018,2,Mars Hill,423605,SAC,2-12,4.57,4.71,0.801,0.265,21.57,0.607,0.409,,12.36,16.57,13.64,,7.79,0.284,15.57,0.143,,,,,,,,
2018,2,Maryville (MO),423584,GLVC,5-12,2.53,9.53,0.773,0.423,25.0,0.652,0.129,,8.53,9.94,9.94,,6.0,0.228,19.12,0.294,,,,,,,,
2018,2,Mercy,423585,ECC,10-5,7.13,8.93,0.84,0.546,32.33,0.643,0.333,,19.13,10.2,8.47,3.53,12.0,0.329,14.27,0.667,,,,,,,,
2018,2,Mercyhurst,423586,G-MAC,11-5,5.88,9.31,0.88,0.516,30.5,0.824,0.265,,17.13,8.38,7.13,4.13,11.25,0.291,14.06,0.688,,,,,,,,
2018,2,Merrimack,423587,NE10,18-1,9.32,7.16,0.891,0.66,34.79,0.815,0.412,,24.68,7.89,7.32,8.05,15.37,0.365,12.53,0.947,,,,,,,,
2018,2,Molloy,423588,ECC,9-7,5.94,10.0,0.827,0.527,31.06,0.783,0.304,,15.75,9.63,8.63,,9.81,0.269,16.69,0.563,,,,,,,,
2018,2,Montevallo,440381,GLVC,7-7,5.21,6.79,0.751,0.448,31.64,0.75,0.345,,14.07,14.57,9.79,,8.86,0.317,22.79,0.5,,,,,,,,
2018,2,Mount Olive,423606,Conference Carolinas,11-5,6.06,10.56,0.899,0.479,30.38,0.825,0.324,,17.13,10.31,6.5,4.56,11.06,0.297,13.19,0.688,,,,,,,,
2018,2,New York Tech,423590,ECC,13-5,7.61,7.11,0.864,0.535,29.5,0.507,0.4,,19.28,9.0,10.11,,11.67,0.291,13.78,0.722,,,,,,,,
2018,2,Newberry,440561,SAC,4-11,3.87,6.8,0.835,0.472,27.13,0.635,0.237,,11.6,11.27,11.4,,7.73,0.239,17.73,0.267,,,,,,,,
2018,2,North Greenville,423618,Conference Carolinas,8-9,5.06,7.59,0.862,0.551,24.35,0.643,0.426,,15.76,10.06,10.24,,10.71,0.286,13.47,0.471,,,,,,,,
2018,2,Notre Dame de Namur,423627,DII Independent,2-8,4.5,9.3,0.725,0.536,32.3,0.714,0.28,,13.5,9.3,12.9,,9.0,0.243,20.8,0.2,,,,,,,,
2018,2,Ohio Valley,423624,G-MAC,3-9,4.67,4.58,0.846,0.346,22.0,0.75,0.132,,12.58,11.92,12.33,,7.92,0.269,13.5,0.25,,,,,,,,
2018,2,Pace,423591,NE10,7-7,6.14,10.21,0.872,0.453,30.14,0.712,0.278,,16.71,12.64,9.21,,10.57,0.273,14.29,0.5,,,,,,,,
2018,2,Palm Beach Atl.,439401,Sunshine State,4-12,3.31,6.75,0.783,0.392,34.06,0.554,0.294,,11.25,12.13,13.56,,7.94,0.228,18.88,0.25,,,,,,,,
2018,2,Post,423607,CACC,2-12,2.71,6.57,0.698,0.285,25.79,0.635,0.118,,7.79,14.36,13.07,,5.07,0.213,20.36,0.143,,,,,,,,
2018,2,Queens (NC),423620,SAC,9-7,5.5,6.94,0.878,0.59,29.5,0.672,0.269,,16.75,11.5,10.38,,11.25,0.283,16.56,0.563,,,,,,,,
2018,2,Roberts Wesleyan,423632,ECC,6-10,5.44,5.31,0.811,0.509,29.38,0.797,0.279,,15.31,13.75,11.63,,9.88,0.359,18.25,0.375,,,,,,,,
2018,2,Rockhurst,423608,RMAC,14-3,7.41,9.18,0.81,0.732,37.53,0.765,0.451,,23.29,8.53,8.29,7.59,15.88,0.324,18.71,0.824,,,,,,,,
2018,2,Rollins,423593,Sunshine State,7-7,5.43,9.0,0.843,0.529,33.21,0.615,0.385,,15.64,8.71,9.79,,10.21,0.266,15.07,0.5,,,,,,,,
2018,2,Saint Leo,423595,Sunshine State,16-3,7.89,9.0,0.901,0.398,32.0,0.671,0.381,,21.53,14.16,9.95,3.68,13.63,0.384,14.32,0.842,,,,,,,,
2018,2,Saint Michael's,423596,NE10,4-10,3.57,9.5,0.872,0.466,30.71,0.8,0.19,,10.07,10.0,9.57,,6.5,0.19,15.93,0.286,,,,,,,,
2018,2,Saint Rose,423609,NE10,9-8,4.24,5.53,0.881,0.552,30.24,0.792,0.341,,13.41,14.53,10.24,,9.18,0.26,13.94,0.529,,,,,,,,
2018,2,Seton Hill,423628,G-MAC,17-2,10.16,9.74,0.909,0.66,34.63,0.691,0.435,,26.58,9.95,7.79,8.63,16.42,0.362,13.47,0.895,,,,,,,,
2018,2,Shorter,423633,GLVC,1-13,3.43,7.79,0.854,0.356,22.0,0.646,0.136,,9.86,18.0,15.57,,6.43,0.238,17.57,0.071,,,,,,,,
2018,2,Southern N.H.,423589,NE10,5-9,5.57,6.21,0.848,0.555,28.14,0.694,0.328,,16.43,12.57,13.36,,10.86,0.272,15.14,0.357,,,,,,,,
2018,2,St. Anselm,423594,NE10,11-5,6.69,7.94,0.864,0.428,28.56,0.771,0.362,,19.31,11.0,8.38,4.25,12.63,0.294,13.0,0.688,,,,,,,,
2018,2,St. Thomas Aquinas,423610,ECC,5-10,3.33,5.4,0.823,0.334,23.07,0.704,0.239,,11.33,12.53,10.0,,8.0,0.265,15.07,0.333,,,,,,,,
2018,2,Tampa,423597,Sunshine State,15-5,6.4,6.6,0.9,0.73,36.1,0.673,0.24,,20.15,10.1,8.25,5.5,13.75,0.345,15.1,0.75,,,,,,,,
2018,2,Tusculum,423622,SAC,4-9,6.31,6.0,0.849,0.399,28.23,0.689,0.389,,17.23,11.69,12.23,,10.92,0.288,13.38,0.308,,,,,,,,
2018,2,UIndy,423581,GLVC,10-5,5.93,11.47,0.845,0.64,33.0,0.727,0.322,,17.07,7.73,8.07,3.07,11.13,0.238,15.07,0.667,,,,,,,,
2018,2,Walsh,423631,G-MAC,2-11,3.92,6.77,0.758,0.492,27.23,0.631,0.141,,11.31,10.38,13.85,,7.38,0.277,18.38,0.154,,,,,,,,
2018,2,Wheeling,423621,DII Independent,6-9,5.2,8.73,0.833,0.392,27.27,0.685,0.267,,15.93,12.87,11.2,,10.73,0.334,14.47,0.4,,,,,,,,
2018,2,Wilmington (DE),440201,CACC,4-9,3.69,10.31,0.745,0.397,31.54,0.593,0.288,,11.69,12.38,11.85,,8.0,0.251,19.08,0.308,,,,,,,,
2018,2,Wingate,423611,SAC,11-5,6.06,5.19,0.85,0.517,27.56,0.725,0.276,,16.31,9.5,9.13,,10.25,0.291,13.0,0.688,,,,,,,,
2018,2,Young Harris,423634,GLVC,13-4,7.71,5.41,0.831,0.686,29.53,0.8,0.277,,20.71,9.94,7.88,5.12,13.0,0.351,15.59,0.765,,,,,,,,
2019,1,Air Force,473285,SoCon,10-5,6.67,9.27,0.821,0.622,33.93,0.714,0.432,0.794,17.93,8.53,8.0,3.27,11.27,0.28,18.0,0.667,,,,,,,,
2019,1,Army West Point,473286,Patriot,13-5,6.94,8.61,0.852,0.328,30.67,0.69,0.256,0.811,18.06,11.72,8.61,2.5,11.11,0.277,15.33,0.722,,,,,,,,
2019,1,Bellarmine,473225,SoCon,3-10,6.31,6.92,0.835,0.415,26.31,0.675,0.313,0.863,16.69,13.77,13.23,-2.85,10.38,0.281,17.85,0.231,,,,,,,,
2019,1,Binghamton,473226,America East,2-11,5.0,9.23,0.798,0.421,25.69,0.633,0.195,0.837,13.15,13.54,13.0,-4.85,8.15,0.238,18.62,0.154,,,,,,,,
2019,1,Boston U.,473227,Patriot,11-6,8.53,11.71,0.805,0.549,38.06,0.712,0.434,0.748,21.12,12.29,10.06,2.53,12.59,0.28,19.06,0.647,,,,,,,,
2019,1,Brown,473228,Ivy League,7-9,7.19,7.19,0.818,0.512,34.19,0.672,0.343,0.782,19.25,11.56,11.56,0.5,12.06,0.285,18.69,0.438,,,,,,,,
2019,1,Bryant,473229,NEC,3-11,4.71,7.0,0.786,0.537,30.93,0.618,0.297,0.842,13.79,12.71,10.79,-1.71,9.07,0.259,17.57,0.214,,,,,,,,
2019,1,Bucknell,473230,Patriot,6-9,5.87,10.0,0.824,0.47,33.53,0.778,0.31,0.756,15.87,12.67,10.8,-0.8,10.0,0.259,17.47,0.4,,,,,,,,
2019,1,Canisius,473231,MAAC,8-8,5.19,7.13,0.801,0.482,27.75,0.541,0.436,0.821,15.75,11.56,10.19,0.38,10.56,0.311,18.63,0.5,,,,,,,,
2019,1,Cleveland St.,473232,DI Independent,8-7,7.53,8.93,0.853,0.631,32.6,0.698,0.351,0.707,19.0,9.73,10.27,1.2,11.47,0.285,19.8,0.533,,,,,,,,
2019,1,Colgate,473233,Patriot,4-9,5.38,6.92,0.796,0.477,27.62,0.652,0.327,0.833,14.46,10.23,11.15,-2.08,9.08,0.249,16.46,0.308,,,,,,,,
2019,1,Cornell,473234,Ivy League,10-5,8.93,9.87,0.853,0.384,32.47,0.686,0.375,0.76,23.2,13.2,12.07,2.2,14.27,0.368,15.87,0.667,,,,,,,,
2019,1,Dartmouth,473235,Ivy League,2-11,4.23,9.85,0.768,0.302,29.08,0.585,0.27,0.767,12.0,14.31,12.69,-4.92,7.77,0.238,19.15,0.154,,,,,,,,
2019,1,Delaware,473236,CAA,10-5,6.33,8.67,0.885,0.381,28.87,0.556,0.327,0.87,18.0,13.67,9.93,1.73,11.67,0.285,15.27,0.667,,,,,,,,
2019,1,Denver,473237,Big East,10-5,6.87,9.8,0.825,0.586,33.13,0.683,0.213,0.745,18.93,8.4,9.33,2.73,12.07,0.283,14.67,0.667,,,,,,,,
2019,1,Detroit Mercy,473238,MAAC,8-7,6.13,8.0,0.806,0.585,32.13,0.652,0.379,0.863,16.6,12.73,11.93,-1.47,10.47,0.283,21.2,0.533,,,,,,,,
2019,1,Drexel,473239,CAA,7-8,6.93,7.4,0.865,0.568,34.53,0.69,0.476,0.841,20.2,9.6,12.47,0.8,13.27,0.315,17.87,0.467,,,,,,,,
2019,1,Duke,473240,ACC,13-5,6.78,7.44,0.833,0.509,32.83,0.589,0.339,0.825,19.0,9.94,9.61,2.61,12.22,0.309,15.11,0.722,,,,,,,,
2019,1,Fairfield,473241,CAA,5-9,7.21,7.36,0.771,0.464,29.79,0.444,0.244,0.884,17.29,11.43,13.5,-3.43,10.07,0.256,15.86,0.357,,,,,,,,
2019,1,Furman,473242,SoCon,4-10,6.57,10.0,0.799,0.374,31.07,0.577,0.371,0.798,18.21,13.57,12.71,-1.07,11.64,0.318,17.0,0.286,,,,,,,,
2019,1,Georgetown,473243,Big East,13-5,8.61,8.61,0.869,0.46,33.22,0.673,0.409,0.851,22.72,12.44,11.11,3.0,14.11,0.339,13.67,0.722,,,,,,,,
2019,1,Hampton,473244,DI Independent,6-5,7.64,11.18,0.753,0.686,41.45,0.596,0.29,0.728,19.82,11.36,13.82,-1.64,12.18,0.274,24.09,0.545,,,,,,,,
2019,1,Hartford,473245,America East,4-11,6.67,6.33,0.848,0.471,29.73,0.59,0.441,0.875,17.93,11.4,13.87,-2.6,11.27,0.307,14.67,0.267,,,,,,,,
2019,1,Harvard,473246,Ivy League,5-8,7.23,8.77,0.797,0.424,35.38,0.64,0.368,0.809,19.23,15.08,14.62,-2.62,12.0,0.292,18.92,0.385,,,,,,,,
2019,1,High Point,473294,SoCon,13-3,7.63,10.13,0.879,0.579,37.69,0.727,0.333,0.838,22.13,13.06,11.06,3.44,14.5,0.34,21.13,0.813,,,,,,,,
2019,1,Hobart,473247,NEC,11-5,9.25,6.25,0.85,0.613,35.44,0.736,0.446,0.822,23.19,11.31,11.19,2.75,13.94,0.273,15.44,0.688,,,,,,,,
2019,1,Hofstra,473248,CAA,5-9,4.0,6.07,0.881,0.558,29.79,0.594,0.327,0.865,13.0,11.07,10.29,-1.29,9.0,0.239,15.93,0.357,,,,,,,,
2019,1,Holy Cross,473249,Patriot,7-7,5.86,11.07,0.798,0.638,35.29,0.727,0.326,0.79,15.93,9.36,9.86,0.21,10.07,0.233,19.0,0.5,,,,,,,,
2019,1,Jacksonville,473250,SoCon,6-9,6.2,11.27,0.843,0.416,28.87,0.607,0.339,0.813,17.67,9.4,12.93,-1.47,11.47,0.312,17.13,0.4,,,,,,,,
2019,1,Johns Hopkins,473251,Big Ten,8-8,7.25,6.31,0.851,0.54,28.75,0.673,0.456,0.868,19.38,10.63,13.0,-0.88,12.13,0.29,13.94,0.5,,,,,,,,
2019,1,Lafayette,473252,Patriot,4-11,4.2,7.2,0.802,0.293,26.67,0.614,0.182,0.842,12.53,10.8,13.33,-5.0,8.33,0.259,15.6,0.267,,,,,,,,
2019,1,Lehigh,473253,Patriot,9-8,6.59,9.18,0.845,0.685,40.41,0.758,0.333,0.848,17.24,11.29,9.47,1.18,10.65,0.267,17.82,0.529,,,,,,,,
2019,1,Loyola Maryland,473255,Patriot,12-5,8.59,7.35,0.833,0.522,34.12,0.764,0.421,0.831,22.65,15.12,10.65,3.41,14.06,0.335,15.0,0.706,,,,,,,,
2019,1,Manhattan,473256,MAAC,6-8,5.79,5.86,0.888,0.43,27.57,0.833,0.293,0.876,14.07,13.29,10.14,-1.86,8.29,0.236,16.5,0.429,,,,,,,,
2019,1,Marist,473257,MAAC,10-7,5.12,6.65,0.792,0.625,29.76,0.679,0.246,0.904,14.47,11.53,10.76,-1.41,9.35,0.269,17.53,0.588,,,,,,,,
2019,1,Marquette,473258,Big East,6-8,6.07,8.0,0.808,0.478,29.21,0.761,0.326,0.829,16.86,9.71,11.57,-0.79,10.79,0.28,14.93,0.429,,,,,,,,
2019,1,Maryland,473260,Big Ten,12-5,8.12,4.06,0.878,0.538,28.65,0.61,0.302,0.87,20.76,11.41,10.71,1.94,12.65,0.351,14.71,0.706,,,,,,,,
2019,1,Massachusetts,473261,CAA,10-5,8.07,9.6,0.875,0.609,32.53,0.688,0.438,0.829,20.8,13.53,8.87,3.87,12.73,0.296,16.6,0.667,,,,,,,,
2019,1,Mercer,473262,SoCon,1-12,5.23,6.85,0.845,0.595,32.77,0.551,0.333,0.905,16.08,13.0,14.46,-3.62,10.85,0.258,19.46,0.077,,,,,,,,
2019,1,Michigan,473263,Big Ten,4-9,6.62,9.46,0.825,0.322,27.92,0.689,0.372,0.827,18.0,12.0,13.46,-2.08,11.38,0.322,15.77,0.308,,,,,,,,
2019,1,Monmouth,473264,MAAC,4-8,3.58,10.17,0.805,0.498,28.08,0.737,0.206,0.843,10.5,10.92,9.08,-2.17,6.92,0.196,17.92,0.333,,,,,,,,
2019,1,Mount St. Mary's,473265,NEC,9-7,5.0,8.56,0.815,0.521,31.13,0.661,0.315,0.845,15.38,12.25,10.38,0.0,10.38,0.26,16.75,0.563,,,,,,,,
2019,1,NJIT,473267,DI Independent,2-13,5.4,7.13,0.818,0.402,29.33,0.588,0.408,0.858,15.6,14.67,15.0,-4.8,10.2,0.272,18.47,0.133,,,,,,,,
2019,1,Navy,473287,Patriot,6-7,7.08,6.31,0.77,0.506,31.92,0.514,0.265,0.737,17.69,13.31,12.08,-1.46,10.62,0.266,17.77,0.462,,,,,,,,
2019,1,North Carolina,473266,ACC,8-7,6.2,7.87,0.839,0.487,31.8,0.707,0.4,0.783,18.6,10.6,10.47,1.93,12.4,0.305,14.67,0.533,,,,,,,,
2019,1,Notre Dame,473268,ACC,9-7,5.38,6.94,0.871,0.58,29.88,0.652,0.403,0.852,16.88,10.0,10.13,1.38,11.5,0.303,17.06,0.563,,,,,,,,
2019,1,Ohio St.,473269,Big Ten,8-4,5.92,4.92,0.892,0.619,32.0,0.63,0.256,0.883,17.67,10.75,10.75,1.0,11.75,0.305,15.17,0.667,,,,,,,,
2019,1,Penn,473271,Ivy League,12-4,8.38,5.75,0.858,0.62,31.75,0.674,0.418,0.891,23.31,13.0,11.69,3.25,14.94,0.322,16.19,0.75,,,,,,,,
2019,1,Penn St.,473270,Big Ten,16-2,10.83,7.06,0.852,0.584,36.17,0.6,0.613,0.836,28.78,11.61,11.06,6.89,17.94,0.434,15.44,0.889,,,,,,,,
2019,1,Princeton,473272,Ivy League,7-7,8.5,10.14,0.86,0.451,32.93,0.66,0.26,0.872,22.43,12.21,11.5,2.43,13.93,0.306,14.43,0.5,,,,,,,,
2019,1,Providence,473273,Big East,7-9,6.0,6.63,0.837,0.488,27.75,0.682,0.333,0.877,16.81,12.63,10.0,0.81,10.81,0.265,16.06,0.438,,,,,,,,
2019,1,Quinnipiac,473274,MAAC,9-7,6.63,6.13,0.811,0.507,27.88,0.619,0.217,0.853,18.19,13.94,12.69,-1.13,11.56,0.287,16.88,0.563,,,,,,,,
2019,1,Richmond,473275,SoCon,10-7,7.35,9.06,0.866,0.362,27.35,0.768,0.311,0.836,19.24,12.82,10.12,1.76,11.88,0.322,15.82,0.588,,,,,,,,
2019,1,Robert Morris,473276,NEC,9-8,8.82,8.76,0.836,0.458,32.59,0.467,0.431,0.85,22.29,12.88,13.65,-0.18,13.47,0.308,14.59,0.529,,,,,,,,
2019,1,Rutgers,473277,Big Ten,7-8,7.07,7.27,0.858,0.427,31.0,0.667,0.306,0.868,18.4,14.27,11.6,-0.27,11.33,0.294,14.53,0.467,,,,,,,,
2019,1,Sacred Heart,473278,NEC,9-6,6.87,11.47,0.833,0.409,36.07,0.571,0.302,0.758,20.8,11.73,11.4,2.53,13.93,0.281,16.33,0.6,,,,,,,,
2019,1,Saint Joseph's,473280,NEC,7-7,6.07,8.57,0.809,0.616,32.86,0.625,0.3,0.793,16.0,12.0,10.64,-0.71,9.93,0.258,19.64,0.5,,,,,,,,
2019,1,Siena,473281,MAAC,6-7,7.62,8.38,0.866,0.438,33.46,0.556,0.417,0.791,20.54,9.31,13.92,-1.0,12.92,0.285,14.15,0.462,,,,,,,,
2019,1,St. Bonaventure,474672,MAAC,0-13,3.15,7.08,0.766,0.241,21.15,0.628,0.25,0.894,9.38,16.23,14.85,-8.62,6.23,0.245,19.85,0.0,,,,,,,,
2019,1,St. John's (NY),473279,Big East,4-10,6.21,6.71,0.857,0.452,29.93,0.5,0.407,0.881,17.21,12.14,12.79,-1.79,11.0,0.278,13.86,0.286,,,,,,,,
2019,1,Stony Brook,473282,America East,9-6,5.93,6.73,0.886,0.493,26.93,0.7,0.356,0.883,16.07,11.07,10.87,-0.73,10.13,0.281,15.2,0.6,,,,,,,,
2019,1,Syracuse,473283,ACC,9-5,6.93,8.86,0.853,0.566,36.71,0.68,0.48,0.832,19.79,13.36,10.14,2.71,12.86,0.294,14.14,0.643,,,,,,,,
2019,1,Towson,473284,CAA,11-5,6.5,7.0,0.82,0.686,34.25,0.646,0.441,0.868,19.19,11.63,10.81,1.88,12.69,0.299,17.0,0.688,,,,,,,,
2019,1,UAlbany,473224,America East,5-9,6.57,7.14,0.863,0.439,28.07,0.575,0.346,0.882,17.14,12.29,11.64,-1.07,10.57,0.266,14.86,0.357,,,,,,,,
2019,1,UMBC,473259,America East,7-9,5.88,7.5,0.857,0.391,26.31,0.633,0.3,0.869,17.69,8.31,12.44,-0.63,11.81,0.309,15.06,0.438,,,,,,,,
2019,1,UMass Lowell,473254,America East,5-9,6.43,7.57,0.799,0.587,30.86,0.62,0.5,0.877,16.29,11.71,11.79,-1.93,9.86,0.26,20.86,0.357,,,,,,,,
2019,1,Utah,474697,DI Independent,5-10,5.93,6.87,0.814,0.322,25.87,0.591,0.38,0.829,15.13,12.6,13.13,-3.93,9.2,0.287,17.33,0.333,,,,,,,,
2019,1,VMI,473290,SoCon,4-9,5.08,10.62,0.862,0.38,32.31,0.523,0.222,0.843,14.92,13.38,14.46,-4.62,9.85,0.23,18.69,0.308,,,,,,,,
2019,1,Vermont,473288,America East,8-7,6.87,6.47,0.847,0.511,29.13,0.721,0.351,0.821,18.4,12.6,10.0,1.53,11.53,0.3,16.07,0.533,,,,,,,,
2019,1,Villanova,473289,Big East,8-7,6.8,7.4,0.87,0.499,29.07,0.667,0.382,0.891,18.13,11.67,11.73,-0.4,11.33,0.277,14.8,0.533,,,,,,,,
2019,1,Virginia,473291,ACC,17-3,8.6,9.3,0.82,0.573,41.55,0.675,0.347,0.711,22.7,11.5,10.25,3.85,14.1,0.311,15.6,0.85,,,,,,,,
2019,1,Wagner,473292,NEC,2-12,3.86,8.64,0.757,0.455,26.79,0.667,0.265,0.913,11.29,14.07,12.07,-4.64,7.43,0.224,18.93,0.143,,,,,,,,
2019,1,Yale,473293,Ivy League,15-4,9.32,7.21,0.835,0.751,39.74,0.515,0.403,0.831,24.89,10.21,11.37,4.21,15.58,0.296,15.58,0.789,,,,,,,,
2019,2,Adams St.,473321,RMAC,3-10,5.85,8.23,0.848,0.333,27.92,0.732,0.22,,15.38,15.54,12.69,,9.54,0.281,20.77,0.231,,,,,,,,
2019,2,Adelphi,473295,NE10,16-3,7.79,8.47,0.823,0.637,36.0,0.72,0.321,,22.84,12.21,8.58,6.47,15.05,0.345,17.89,0.842,,,,,,,,
2019,2,Alabama Huntsville,473296,GLVC,4-8,3.17,6.58,0.8,0.564,30.75,0.711,0.246,,12.58,10.83,13.0,,9.42,0.227,16.25,0.333,,,,,,,,
2019,2,Alderson Broaddus,473322,G-MAC,2-12,4.86,7.93,0.741,0.379,24.21,0.683,0.321,,12.36,16.0,13.86,,7.5,0.222,19.14,0.143,,,,,,,,
2019,2,American Int'l,473297,NE10,0-16,2.13,7.75,0.691,0.279,24.38,0.565,0.148,,7.0,13.63,20.25,,4.88,0.194,24.81,0.0,,,,,,,,
2019,2,Assumption,473298,NE10,8-7,8.4,7.8,0.857,0.445,30.13,0.73,0.313,,22.27,14.6,10.4,,13.87,0.307,13.6,0.533,,,,,,,,
2019,2,Barton,474699,Conference Carolinas,5-12,6.18,6.65,0.795,0.367,30.06,0.683,0.333,,17.94,12.88,16.0,,11.76,0.325,17.94,0.294,,,,,,,,
2019,2,Belmont Abbey,473335,Conference Carolinas,14-4,8.11,7.56,0.896,0.481,32.5,0.725,0.356,,23.22,11.72,9.94,5.17,15.11,0.373,15.56,0.778,,,,,,,,
2019,2,Bentley,473299,NE10,9-5,6.43,6.93,0.84,0.358,25.93,0.727,0.3,,17.5,13.93,10.64,,11.07,0.302,16.0,0.643,,,,,,,,
2019,2,CSU Pueblo,473336,RMAC,7-8,8.67,10.8,0.793,0.51,37.33,0.629,0.27,,22.6,14.2,13.8,,13.93,0.344,22.73,0.467,,,,,,,,
2019,2,Catawba,473323,SAC,9-6,5.93,10.07,0.893,0.455,32.13,0.696,0.228,,16.67,12.47,11.07,,10.73,0.269,20.0,0.6,,,,,,,,
2019,2,Chestnut Hill,473349,CACC,11-5,9.88,7.31,0.848,0.46,32.56,0.662,0.523,,25.31,14.19,10.13,5.31,15.44,0.34,17.38,0.688,,,,,,,,
2019,2,Chowan,473338,Conference Carolinas,2-13,5.73,9.4,0.761,0.271,27.33,0.493,0.314,,16.87,16.07,19.47,,11.13,0.321,19.6,0.133,,,,,,,,
2019,2,Coker,473324,SAC,5-9,6.43,8.79,0.84,0.473,29.86,0.745,0.196,,17.57,12.21,12.14,,11.14,0.288,18.29,0.357,,,,,,,,
2019,2,Colorado Mesa,473342,RMAC,10-8,9.17,10.22,0.884,0.63,40.67,0.644,0.441,,24.94,9.67,9.61,6.17,15.78,0.311,17.72,0.556,,,,,,,,
2019,2,Davis & Elkins,473300,G-MAC,2-9,6.09,6.73,0.745,0.405,31.82,0.75,0.34,,16.73,16.36,16.91,,10.64,0.329,24.0,0.182,,,,,,,,
2019,2,Dist. Columbia,473301,ECC,4-9,6.38,7.08,0.782,0.452,26.38,0.771,0.338,,17.38,11.46,12.46,,11.0,0.288,18.08,0.308,,,,,,,,
2019,2,Dominican (NY),473339,CACC,3-12,5.67,9.47,0.775,0.506,37.07,0.635,0.521,,16.33,13.0,14.2,,10.67,0.251,19.2,0.2,,,,,,,,
2019,2,Embry-Riddle (FL),473361,Sunshine State,8-9,5.65,7.65,0.73,0.589,35.53,0.743,0.329,,16.94,10.0,12.65,,11.29,0.314,22.76,0.471,,,,,,,,
2019,2,Emmanuel (GA),473357,Conference Carolinas,4-12,6.06,7.38,0.736,0.321,28.13,0.635,0.276,,16.5,13.0,18.63,,10.44,0.311,22.94,0.25,,,,,,,,
2019,2,Felician,473364,CACC,0-13,1.77,6.31,0.562,0.447,26.92,0.593,0.16,,6.77,17.85,20.31,,5.0,0.189,27.15,0.0,,,,,,,,
2019,2,Fla. Southern,473303,Sunshine State,9-7,10.75,10.5,0.779,0.578,40.63,0.644,0.329,,26.5,11.88,12.63,,15.75,0.321,20.19,0.563,,,,,,,,
2019,2,Florida Tech,473302,Sunshine State,7-5,5.33,9.5,0.837,0.557,41.0,0.731,0.239,,18.0,13.75,11.08,,12.67,0.268,18.75,0.583,,,,,,,,
2019,2,Franklin Pierce,473304,NE10,5-8,4.46,8.92,0.776,0.554,29.62,0.534,0.216,,14.69,9.46,10.92,,10.23,0.25,17.77,0.385,,,,,,,,
2019,2,Georgian Court,473340,CACC,10-8,5.56,6.17,0.829,0.519,39.39,0.736,0.368,,16.33,16.67,9.94,,10.78,0.267,19.17,0.556,,,,,,,,
2019,2,LIU Post,473307,ECC,11-5,8.44,6.94,0.847,0.788,41.88,0.773,0.344,,24.13,11.31,8.81,6.88,15.69,0.33,21.19,0.688,,,,,,,,
2019,2,Lake Erie,473337,G-MAC,4-10,7.71,5.0,0.803,0.556,33.07,0.621,0.226,,20.71,13.29,12.79,,13.0,0.335,16.5,0.286,,,,,,,,
2019,2,Le Moyne,473306,NE10,16-3,9.16,8.21,0.842,0.552,34.89,0.672,0.324,,24.16,10.11,7.74,7.26,15.0,0.318,15.21,0.842,,,,,,,,
2019,2,Lees-McRae,473346,Conference Carolinas,4-10,6.43,9.71,0.722,0.416,36.29,0.528,0.313,,18.36,11.79,16.36,,11.93,0.34,22.21,0.286,,,,,,,,
2019,2,Lenoir-Rhyne,473325,SAC,8-8,7.75,11.06,0.868,0.425,32.56,0.76,0.266,,21.56,12.69,10.69,,13.81,0.295,15.69,0.5,,,,,,,,
2019,2,Limestone,473326,Conference Carolinas,20-1,10.57,7.24,0.898,0.702,44.57,0.742,0.35,,27.67,11.24,8.57,8.52,17.1,0.368,17.57,0.952,,,,,,,,
2019,2,Lincoln Memorial,473327,SAC,4-10,5.14,7.57,0.816,0.532,30.93,0.69,0.237,,16.0,10.79,13.14,,10.86,0.29,19.36,0.286,,,,,,,,
2019,2,Lindenwood,473352,DII Independent,10-5,6.13,10.8,0.857,0.488,33.73,0.661,0.288,,17.67,9.6,9.73,,11.53,0.263,16.13,0.667,,,,,,,,
2019,2,Lynn,473348,Sunshine State,11-4,6.07,7.33,0.89,0.746,40.73,0.729,0.264,,17.93,9.47,9.07,,11.87,0.294,18.6,0.733,,,,,,,,
2019,2,Mars Hill,473328,SAC,3-12,5.13,4.27,0.724,0.421,28.2,0.673,0.272,,15.87,13.47,17.6,,10.73,0.277,20.4,0.2,,,,,,,,
2019,2,Maryville (MO),473308,GLVC,9-6,6.93,13.93,0.822,0.342,29.27,0.732,0.203,,20.13,12.87,10.53,,13.2,0.328,17.4,0.6,,,,,,,,
2019,2,Mercy,473309,ECC,18-2,8.65,12.0,0.804,0.547,35.45,0.712,0.404,,21.7,10.45,7.5,5.55,13.05,0.336,17.25,0.9,,,,,,,,
2019,2,Mercyhurst,473310,G-MAC,13-4,9.18,10.12,0.893,0.46,35.12,0.687,0.369,,24.41,9.59,9.12,6.12,15.24,0.333,15.94,0.765,,,,,,,,
2019,2,Merrimack,473311,NE10,17-3,10.15,7.8,0.818,0.533,34.25,0.701,0.474,,26.1,10.6,9.8,6.15,15.95,0.379,15.25,0.85,,,,,,,,
2019,2,Molloy,473312,ECC,7-8,6.0,7.67,0.828,0.567,30.47,0.733,0.255,,15.87,11.8,11.13,,9.87,0.273,19.27,0.467,,,,,,,,
2019,2,Montevallo,473359,GLVC,6-9,6.4,9.13,0.739,0.533,41.0,0.725,0.297,,19.67,14.73,13.07,,13.27,0.295,23.67,0.4,,,,,,,,
2019,2,Mount Olive,473329,Conference Carolinas,12-4,7.63,9.38,0.898,0.562,34.69,0.923,0.333,,21.06,12.44,7.69,5.75,13.44,0.32,19.0,0.75,,,,,,,,
2019,2,New York Tech,473314,ECC,5-13,5.33,6.44,0.827,0.441,28.61,0.589,0.306,,16.11,14.06,13.5,,10.78,0.308,17.28,0.278,,,,,,,,
2019,2,Newberry,473363,SAC,10-6,7.75,8.44,0.823,0.589,37.0,0.707,0.299,,21.75,13.38,12.63,,14.0,0.316,18.69,0.625,,,,,,,,
2019,2,North Greenville,473341,Conference Carolinas,8-9,7.94,8.47,0.853,0.533,30.41,0.864,0.277,,22.35,10.06,10.41,4.0,14.41,0.311,17.24,0.471,,,,,,,,
2019,2,Notre Dame de Namur,473350,DII Independent,1-9,6.0,8.4,0.64,0.37,29.2,0.464,0.3,,14.2,12.2,23.3,,8.2,0.283,23.2,0.1,,,,,,,,
2019,2,Pace,473315,NE10,13-4,10.24,12.12,0.858,0.532,32.06,0.671,0.467,,25.24,11.71,9.82,5.18,15.0,0.343,17.35,0.765,,,,,,,,
2019,2,Palm Beach Atl.,473360,Sunshine State,6-10,5.81,8.81,0.791,0.447,39.63,0.667,0.31,,17.06,13.75,13.69,,11.25,0.265,19.88,0.375,,,,,,,,
2019,2,Post,473330,CACC,2-12,3.79,9.79,0.762,0.262,24.21,0.566,0.276,,11.29,12.93,14.71,,7.5,0.226,20.21,0.143,,,,,,,,
2019,2,Queens (NC),473343,SAC,13-5,7.56,7.0,0.872,0.549,30.22,0.746,0.258,,21.33,11.11,9.06,4.72,13.78,0.332,15.72,0.722,,,,,,,,
2019,2,Roberts Wesleyan,473354,ECC,7-8,4.53,6.07,0.803,0.652,29.6,0.759,0.219,,13.4,12.0,10.8,,8.87,0.274,18.87,0.467,,,,,,,,
2019,2,Rockhurst,473331,RMAC,12-4,8.94,12.44,0.85,0.716,41.06,0.839,0.424,,26.19,10.13,9.81,7.44,17.25,0.305,19.75,0.75,,,,,,,,
2019,2,Rollins,473316,Sunshine State,10-5,8.07,10.53,0.852,0.519,37.87,0.677,0.278,,22.13,8.8,9.73,4.33,14.07,0.327,16.33,0.667,,,,,,,,
2019,2,Saint Leo,473318,Sunshine State,10-7,8.24,10.24,0.862,0.428,35.41,0.797,0.381,,23.24,14.12,11.76,,15.0,0.355,16.24,0.588,,,,,,,,
2019,2,Saint Michael's,473319,NE10,4-11,4.8,11.4,0.754,0.498,32.0,0.635,0.224,,13.07,12.73,10.6,,8.27,0.24,22.2,0.267,,,,,,,,
2019,2,Saint Rose,473332,NE10,5-9,4.79,5.79,0.784,0.68,37.0,0.714,0.396,,15.29,12.5,13.64,,10.5,0.256,18.43,0.357,,,,,,,,
2019,2,Seton Hill,473351,G-MAC,12-5,8.12,7.41,0.811,0.659,34.06,0.736,0.394,,22.82,11.59,9.59,5.12,14.71,0.349,16.12,0.706,,,,,,,,
2019,2,Shorter,473355,GLVC,0-13,1.85,6.54,0.682,0.258,23.46,0.68,0.206,,7.62,19.69,20.85,,5.77,0.253,24.62,0.0,,,,,,,,
2019,2,Southern N.H.,473313,NE10,4-10,5.71,8.29,0.796,0.514,34.21,0.657,0.367,,14.5,13.5,12.93,,8.79,0.215,18.0,0.286,,,,,,,,
2019,2,St. Anselm,473317,NE10,7-7,6.29,7.0,0.832,0.426,30.71,0.673,0.359,,19.93,11.5,11.5,,13.64,0.322,17.64,0.5,,,,,,,,
2019,2,St. Thomas Aquinas,473333,ECC,6-8,3.29,6.43,0.844,0.213,24.86,0.553,0.178,,11.71,16.64,9.5,,8.43,0.309,19.29,0.429,,,,,,,,
2019,2,Tampa,473320,Sunshine State,15-6,8.62,7.19,0.843,0.741,37.95,0.698,0.361,,23.33,9.57,10.9,3.81,14.71,0.328,17.48,0.714,,,,,,,,
2019,2,Tusculum,473345,SAC,7-7,8.5,5.07,0.765,0.454,28.64,0.696,0.385,,20.71,12.5,13.43,,12.21,0.356,18.5,0.5,,,,,,,,
2019,2,UIndy,473305,GLVC,16-3,7.74,9.26,0.843,0.598,36.21,0.774,0.35,,21.68,9.16,10.26,3.68,13.95,0.294,16.42,0.842,,,,,,,,
2019,2,Walsh,473353,G-MAC,4-10,5.21,6.93,0.821,0.534,29.57,0.707,0.226,,15.14,11.93,13.57,,9.93,0.312,21.57,0.286,,,,,,,,
2019,2,Westminster (UT),473358,RMAC,11-6,7.12,9.29,0.843,0.473,36.12,0.7,0.286,,20.12,12.12,10.06,,13.0,0.313,19.65,0.647,,,,,,,,
2019,2,Wheeling,473344,G-MAC,3-11,4.0,6.86,0.697,0.436,30.36,0.482,0.333,,13.29,12.0,16.71,,9.29,0.264,19.21,0.214,,,,,,,,
2019,2,Wilmington (DE),473362,CACC,8-7,5.2,8.33,0.794,0.559,36.47,0.597,0.273,,15.73,11.87,11.93,,10.53,0.249,21.0,0.533,,,,,,,,
2019,2,Wingate,473334,SAC,13-4,7.29,8.71,0.884,0.564,34.65,0.767,0.265,,20.24,9.94,8.71,4.24,12.94,0.284,15.71,0.765,,,,,,,,
2019,2,Young Harris,473356,GLVC,6-7,8.38,6.38,0.771,0.307,23.38,0.823,0.239,,20.77,15.46,12.38,,12.38,0.361,16.15,0.462,,,,,,,,
2020,1,Air Force,493893,SoCon,4-3,6.71,6.0,0.81,0.453,27.71,0.741,0.357,0.879,17.0,12.29,11.0,-0.71,10.29,0.312,16.14,0.571,,,,,,,,
2020,1,Army West Point,493894,Patriot,6-2,9.38,10.63,0.847,0.451,35.88,0.769,0.308,0.775,23.13,11.63,7.25,6.5,13.75,0.336,16.88,0.75,,,,,,,,
2020,1,Bellarmine,493833,SoCon,2-6,6.13,8.88,0.838,0.365,28.63,0.579,0.318,0.812,17.38,11.75,12.0,-0.75,11.25,0.285,18.0,0.25,,,,,,,,
2020,1,Binghamton,493834,America East,1-5,4.17,7.5,0.795,0.345,29.0,0.389,0.211,0.92,11.17,14.83,14.33,-7.33,7.0,0.235,21.17,0.167,,,,,,,,
2020,1,Boston U.,493835,Patriot,3-3,6.33,12.5,0.87,0.608,35.17,0.722,0.364,0.843,16.67,12.33,11.0,-0.67,10.33,0.277,21.5,0.5,,,,,,,,
2020,1,Brown,493836,Ivy League,3-2,7.4,9.0,0.848,0.606,37.2,0.619,0.381,0.832,20.8,13.0,10.2,3.2,13.4,0.254,14.4,0.6,,,,,,,,
2020,1,Bryant,493837,NEC,3-4,6.29,7.0,0.853,0.49,28.0,0.684,0.346,0.857,18.86,11.14,11.71,0.86,12.57,0.292,14.86,0.429,,,,,,,,
2020,1,Bucknell,493838,Patriot,5-1,8.67,12.17,0.847,0.565,39.83,0.579,0.588,0.69,23.33,10.83,9.83,4.83,14.67,0.293,15.5,0.833,,,,,,,,
2020,1,Canisius,493839,MAAC,0-5,4.2,4.2,0.794,0.343,28.4,0.529,0.143,0.878,12.4,17.2,17.0,-8.8,8.2,0.281,16.8,0.0,,,,,,,,
2020,1,Cleveland St.,493840,DI Independent,2-5,5.57,5.86,0.804,0.569,30.57,0.579,0.304,0.824,15.0,9.14,12.71,-3.29,9.43,0.245,19.29,0.286,,,,,,,,
2020,1,Colgate,493841,Patriot,0-6,7.33,6.5,0.766,0.51,34.83,0.458,0.538,0.873,19.0,13.67,18.33,-6.67,11.67,0.271,19.67,0.0,,,,,,,,
2020,1,Cornell,493842,Ivy League,5-0,10.4,8.0,0.882,0.529,40.2,0.593,0.571,0.792,28.8,8.6,12.8,5.6,18.4,0.404,14.0,1.0,,,,,,,,
2020,1,Dartmouth,493843,Ivy League,3-1,6.5,8.5,0.852,0.522,30.25,0.5,0.308,0.857,18.0,13.5,8.25,3.25,11.5,0.348,15.25,0.75,,,,,,,,
2020,1,Delaware,493844,CAA,4-2,7.17,9.67,0.898,0.407,29.5,0.6,0.409,0.881,19.0,11.83,9.17,2.67,11.83,0.265,13.67,0.667,,,,,,,,
2020,1,Denver,493845,Big East,4-2,6.5,7.83,0.877,0.624,31.33,0.467,0.36,0.829,19.67,7.67,9.5,3.67,13.17,0.315,14.17,0.667,,,,,,,,
2020,1,Detroit Mercy,493846,MAAC,2-3,6.0,4.8,0.747,0.591,34.8,0.737,0.353,0.942,18.6,10.2,16.8,-4.2,12.6,0.342,18.2,0.4,,,,,,,,
2020,1,Drexel,493847,CAA,3-3,8.5,7.67,0.842,0.455,37.17,0.533,0.4,0.824,23.33,11.67,12.5,2.33,14.83,0.319,17.5,0.5,,,,,,,,
2020,1,Duke,493848,ACC,6-2,8.88,7.75,0.898,0.575,34.88,0.654,0.222,0.866,24.13,9.75,11.0,4.25,15.25,0.375,16.88,0.75,,,,,,,,
2020,1,Fairfield,493849,CAA,5-2,10.29,7.29,0.787,0.49,35.86,0.556,0.517,0.764,26.71,13.86,15.57,0.86,16.43,0.354,16.43,0.714,,,,,,,,
2020,1,Furman,493850,SoCon,1-6,5.71,7.86,0.78,0.302,26.14,0.579,0.556,0.8,14.86,14.57,16.43,-7.29,9.14,0.279,21.14,0.143,,,,,,,,
2020,1,Georgetown,493851,Big East,6-0,9.83,8.33,0.934,0.673,41.17,0.786,0.692,0.768,26.33,10.83,6.33,10.17,16.5,0.329,16.5,1.0,,,,,,,,
2020,1,Hampton,493852,DI Independent,0-6,3.5,7.0,0.597,0.52,27.67,0.5,0.045,0.87,9.17,13.0,20.83,-15.17,5.67,0.227,26.67,0.0,,,,,,,,
2020,1,Hartford,493853,America East,3-3,6.67,9.33,0.851,0.559,29.67,0.48,0.231,0.893,17.83,11.83,10.33,0.83,11.17,0.256,15.67,0.5,,,,,,,,
2020,1,Harvard,493854,Ivy League,2-2,6.0,7.25,0.761,0.438,26.5,0.867,0.3,0.918,17.75,14.75,11.25,0.5,11.75,0.356,16.5,0.5,,,,,,,,
2020,1,High Point,493902,SoCon,2-6,7.63,7.5,0.856,0.461,30.25,0.515,0.405,0.897,20.0,13.38,17.0,-4.63,12.38,0.321,17.88,0.25,,,,,,,,
2020,1,Hobart,493855,NEC,4-1,9.6,7.6,0.838,0.557,37.0,0.619,0.619,0.862,29.2,15.2,12.0,7.6,19.6,0.367,16.4,0.8,,,,,,,,
2020,1,Hofstra,493856,CAA,4-3,7.86,5.86,0.922,0.616,32.71,0.708,0.45,0.808,21.43,9.57,10.14,3.43,13.57,0.302,14.29,0.571,,,,,,,,
2020,1,Holy Cross,493857,Patriot,4-3,4.71,10.43,0.83,0.633,31.29,0.526,0.16,0.806,13.86,9.71,10.57,-1.43,9.14,0.241,18.57,0.571,,,,,,,,
2020,1,Jacksonville,493858,SoCon,3-3,7.5,10.0,0.935,0.439,32.0,0.72,0.133,0.743,20.33,9.67,11.0,1.83,12.83,0.304,16.17,0.5,,,,,,,,
2020,1,Johns Hopkins,493859,Big Ten,2-4,6.0,4.33,0.789,0.588,29.17,0.533,0.381,0.892,16.83,11.67,13.17,-2.33,10.83,0.255,15.33,0.333,,,,,,,,
2020,1,LIU,497536,NEC,1-6,7.57,5.29,0.83,0.348,23.29,0.643,0.345,0.928,18.86,15.29,13.71,-2.43,11.29,0.336,17.43,0.143,,,,,,,,
2020,1,Lafayette,493860,Patriot,0-6,3.0,5.67,0.792,0.405,26.83,0.44,0.214,0.912,10.0,12.0,16.33,-9.33,7.0,0.256,22.17,0.0,,,,,,,,
2020,1,Lehigh,493861,Patriot,5-1,8.83,9.17,0.805,0.638,42.33,0.375,0.524,0.845,22.83,10.17,9.67,4.33,14.0,0.349,18.83,0.833,,,,,,,,
2020,1,Loyola Maryland,493863,Patriot,4-2,6.83,9.33,0.903,0.681,33.33,0.889,0.483,0.772,18.33,11.0,8.67,2.83,11.5,0.238,14.5,0.667,,,,,,,,
2020,1,Manhattan,493864,MAAC,3-3,5.33,5.67,0.863,0.352,23.83,0.733,0.2,0.871,13.83,13.83,9.33,-0.83,8.5,0.309,16.67,0.5,,,,,,,,
2020,1,Marist,493865,MAAC,3-3,8.17,9.5,0.81,0.622,32.83,0.808,0.593,0.875,21.33,11.17,11.17,2.0,13.17,0.324,16.0,0.5,,,,,,,,
2020,1,Marquette,493866,Big East,3-4,5.43,8.86,0.816,0.441,31.86,0.815,0.25,0.891,17.14,9.43,10.57,1.14,11.71,0.322,16.29,0.429,,,,,,,,
2020,1,Maryland,493868,Big Ten,5-1,10.0,6.67,0.887,0.574,33.5,0.842,0.5,0.894,25.67,12.83,12.5,3.17,15.67,0.311,17.5,0.833,,,,,,,,
2020,1,Massachusetts,493869,CAA,5-2,7.29,9.71,0.833,0.571,29.57,0.767,0.269,0.78,18.29,11.71,10.71,0.29,11.0,0.284,16.29,0.714,,,,,,,,
2020,1,Mercer,493870,SoCon,6-1,10.0,6.71,0.883,0.683,32.0,0.8,0.45,0.872,26.43,8.57,8.86,7.57,16.43,0.369,14.29,0.857,,,,,,,,
2020,1,Michigan,493871,Big Ten,4-3,6.71,8.0,0.848,0.503,32.86,0.68,0.517,0.803,20.0,11.71,11.86,1.43,13.29,0.305,13.71,0.571,,,,,,,,
2020,1,Monmouth,493872,MAAC,2-4,4.0,8.5,0.844,0.448,29.5,0.773,0.222,0.869,10.83,10.67,10.67,-3.83,6.83,0.202,18.0,0.333,,,,,,,,
2020,1,Mount St. Mary's,493873,NEC,3-5,4.63,8.0,0.863,0.516,30.38,0.625,0.387,0.885,13.38,10.88,11.63,-2.88,8.75,0.225,16.63,0.375,,,,,,,,
2020,1,NJIT,493875,NEC,1-6,4.57,8.0,0.858,0.439,26.86,0.733,0.261,0.832,12.29,12.14,12.43,-4.71,7.71,0.254,20.71,0.143,,,,,,,,
2020,1,Navy,493895,Patriot,3-2,8.2,9.0,0.796,0.508,37.2,0.786,0.667,0.796,20.0,10.2,9.4,2.4,11.8,0.324,17.0,0.6,,,,,,,,
2020,1,North Carolina,493874,ACC,7-0,12.29,7.29,0.859,0.568,38.29,0.5,0.773,0.741,30.14,9.0,10.0,7.86,17.86,0.391,14.43,1.0,,,,,,,,
2020,1,Notre Dame,493876,ACC,2-3,6.8,7.4,0.843,0.427,30.0,0.308,0.385,0.906,19.0,11.0,10.6,1.6,12.2,0.292,13.8,0.4,,,,,,,,
2020,1,Ohio St.,493877,Big Ten,5-2,9.0,6.29,0.889,0.547,32.14,0.737,0.455,0.787,22.86,13.86,10.14,3.71,13.86,0.357,17.71,0.714,,,,,,,,
2020,1,Penn,493879,Ivy League,2-3,8.6,7.6,0.864,0.654,37.6,0.462,0.357,0.836,22.4,11.4,14.0,-0.2,13.8,0.279,17.0,0.4,,,,,,,,
2020,1,Penn St.,493878,Big Ten,5-2,9.71,6.71,0.831,0.55,37.43,0.471,0.579,0.799,27.0,12.14,11.0,6.29,17.29,0.401,17.43,0.714,,,,,,,,
2020,1,Princeton,493880,Ivy League,5-0,9.8,10.0,0.824,0.497,38.4,0.353,0.304,0.765,27.8,12.0,10.8,7.2,18.0,0.395,15.6,1.0,,,,,,,,
2020,1,Providence,493881,Big East,5-1,6.5,8.17,0.856,0.386,32.5,0.938,0.579,0.893,18.0,13.5,8.0,3.5,11.5,0.28,15.67,0.833,,,,,,,,
2020,1,Quinnipiac,493882,MAAC,0-6,4.0,5.83,0.804,0.607,31.5,0.552,0.32,0.874,13.33,13.33,14.83,-5.5,9.33,0.231,19.5,0.0,,,,,,,,
2020,1,Richmond,493883,SoCon,4-3,7.43,9.29,0.917,0.435,30.29,0.688,0.476,0.834,20.14,13.29,10.57,2.14,12.71,0.335,17.57,0.571,,,,,,,,
2020,1,Robert Morris,493884,Independent,4-2,7.17,9.5,0.867,0.489,37.5,0.667,0.308,0.806,21.17,10.33,13.83,0.17,14.0,0.301,17.5,0.667,,,,,,,,
2020,1,Rutgers,493885,Big Ten,2-4,6.83,8.17,0.858,0.331,26.0,0.842,0.467,0.809,19.33,12.17,12.5,0.0,12.5,0.31,13.83,0.333,,,,,,,,
2020,1,Sacred Heart,493886,NEC,1-5,4.83,7.83,0.8,0.407,28.5,0.5,0.412,0.863,14.5,15.17,14.17,-4.5,9.67,0.244,20.5,0.167,,,,,,,,
2020,1,Saint Joseph's,493888,NEC,5-2,6.57,7.43,0.866,0.646,32.86,0.652,0.192,0.931,16.86,13.57,9.71,0.57,10.29,0.28,18.71,0.714,,,,,,,,
2020,1,Siena,493889,MAAC,2-4,6.5,10.33,0.779,0.422,32.67,0.593,0.364,0.827,18.33,14.83,16.0,-4.17,11.83,0.273,18.5,0.333,,,,,,,,
2020,1,St. Bonaventure,493830,MAAC,0-6,3.67,6.5,0.843,0.214,17.17,0.417,0.313,0.872,9.83,12.83,14.17,-8.0,6.17,0.223,16.0,0.0,,,,,,,,
2020,1,St. John's (NY),493887,Big East,3-4,6.71,7.43,0.894,0.544,32.86,0.667,0.667,0.858,19.29,10.43,14.29,-1.71,12.57,0.289,17.0,0.429,,,,,,,,
2020,1,Stony Brook,493890,America East,5-2,5.71,6.86,0.847,0.522,37.0,0.542,0.324,0.831,18.86,13.71,13.0,0.14,13.14,0.285,16.43,0.714,,,,,,,,
2020,1,Syracuse,493891,ACC,5-0,8.6,9.8,0.91,0.671,41.2,0.6,0.417,0.812,25.2,12.8,9.4,7.2,16.6,0.323,13.6,1.0,,,,,,,,
2020,1,Towson,493892,CAA,0-6,4.0,5.83,0.843,0.331,23.33,0.412,0.375,0.915,11.0,12.5,14.0,-7.0,7.0,0.223,15.83,0.0,,,,,,,,
2020,1,UAlbany,493832,America East,2-3,10.0,7.2,0.847,0.346,31.6,0.615,0.15,0.824,22.8,11.8,15.4,-2.6,12.8,0.34,15.4,0.4,,,,,,,,
2020,1,UMBC,493867,America East,4-1,5.0,8.6,0.9,0.553,29.8,0.9,0.308,0.883,16.8,12.4,8.4,3.4,11.8,0.288,14.2,0.8,,,,,,,,
2020,1,UMass Lowell,493862,America East,3-4,6.14,7.86,0.814,0.43,29.57,0.694,0.24,0.843,15.43,11.43,11.57,-2.29,9.29,0.233,17.14,0.429,,,,,,,,
2020,1,Utah,493831,DI Independent,3-3,7.67,7.17,0.868,0.509,32.83,0.588,0.318,0.903,20.5,13.0,11.0,1.83,12.83,0.309,15.33,0.5,,,,,,,,
2020,1,VMI,493898,SoCon,0-4,3.25,9.0,0.833,0.448,28.75,0.571,0.2,0.877,11.25,11.75,12.75,-4.75,8.0,0.276,17.0,0.0,,,,,,,,
2020,1,Vermont,493896,America East,3-1,5.25,8.25,0.882,0.433,25.25,0.833,0.385,0.792,16.0,13.0,8.25,2.5,10.75,0.307,14.75,0.75,,,,,,,,
2020,1,Villanova,493897,Big East,4-3,7.29,7.14,0.851,0.412,29.43,0.483,0.423,0.867,19.86,12.29,13.14,-0.57,12.57,0.296,12.86,0.571,,,,,,,,
2020,1,Virginia,493899,ACC,4-2,9.33,10.17,0.876,0.551,43.33,0.64,0.375,0.737,23.0,13.33,11.17,2.5,13.67,0.282,16.5,0.667,,,,,,,,
2020,1,Wagner,493900,NEC,1-5,2.67,4.67,0.863,0.379,20.0,0.529,0.333,0.903,10.5,10.67,15.33,-7.5,7.83,0.237,14.83,0.167,,,,,,,,
2020,1,Yale,493901,Ivy League,3-1,7.75,5.0,0.642,0.75,34.25,0.538,0.533,0.798,22.0,9.75,11.5,2.75,14.25,0.335,19.75,0.75,,,,,,,,
2020,2,Adams St.,493930,RMAC,0-4,3.25,6.25,0.793,0.325,20.75,0.696,0.111,,10.5,13.0,18.25,,7.25,0.238,16.0,0.0,,,,,,,,
2020,2,Adelphi,493904,NE10,1-2,8.33,9.33,0.817,0.414,34.67,0.733,0.182,,23.67,9.0,10.67,4.67,15.33,0.315,15.33,0.333,,,,,,,,
2020,2,Alabama Huntsville,493905,GLVC,4-2,8.33,7.5,0.806,0.397,29.83,0.813,0.333,,21.33,13.83,8.83,,13.0,0.304,17.67,0.667,,,,,,,,
2020,2,Alderson Broaddus,493931,G-MAC,0-5,2.4,6.2,0.691,0.325,21.4,0.313,0.1,,6.8,14.4,25.0,,4.4,0.227,23.6,0.0,,,,,,,,
2020,2,American Int'l,493906,NE10,2-4,4.0,9.83,0.741,0.368,27.17,0.565,0.375,,11.33,16.67,13.83,,7.33,0.229,23.67,0.333,,,,,,,,
2020,2,Assumption,493907,NE10,2-2,10.0,9.0,0.868,0.488,33.5,0.85,0.294,,26.25,8.75,10.5,5.75,16.25,0.317,15.75,0.5,,,,,,,,
2020,2,Barton,493903,Conference Carolinas,1-6,5.43,7.29,0.812,0.497,28.14,0.75,0.244,,16.86,14.0,13.71,,11.43,0.289,18.71,0.143,,,,,,,,
2020,2,Belmont Abbey,493944,Conference Carolinas,7-0,8.71,6.43,0.874,0.545,29.29,0.871,0.457,,22.43,16.14,6.86,6.86,13.71,0.338,17.29,1.0,,,,,,,,
2020,2,Bentley,493908,NE10,0-3,6.67,6.67,0.761,0.316,21.67,0.545,0.286,,16.0,12.33,14.33,,9.33,0.252,15.0,0.0,,,,,,,,
2020,2,CSU Pueblo,493945,RMAC,1-3,5.75,6.0,0.788,0.321,30.25,0.577,0.538,,16.75,15.75,20.25,,11.0,0.282,19.25,0.25,,,,,,,,
2020,2,Caldwell,497516,CACC,1-1,5.0,7.5,0.625,0.833,28.5,0.714,0.25,,13.0,12.0,10.5,,8.0,0.216,24.0,0.5,,,,,,,,
2020,2,Catawba,493932,SAC,3-3,4.67,8.17,0.861,0.483,31.5,0.632,0.263,,14.67,13.67,11.33,,10.0,0.273,21.5,0.5,,,,,,,,
2020,2,Chestnut Hill,493958,CACC,5-1,13.67,5.33,0.766,0.562,38.0,0.8,0.882,,35.17,16.83,9.0,12.5,21.5,0.454,19.17,0.833,,,,,,,,
2020,2,Chowan,493947,Conference Carolinas,5-3,9.5,13.5,0.827,0.395,35.88,0.791,0.3,,23.5,12.25,9.38,4.63,14.0,0.332,17.25,0.625,,,,,,,,
2020,2,Coker,493933,SAC,6-2,7.38,11.38,0.808,0.605,40.0,0.737,0.222,,21.25,12.0,11.63,,13.88,0.31,19.38,0.75,,,,,,,,
2020,2,Colorado Mesa,493951,RMAC,7-0,10.71,9.43,0.892,0.759,43.71,0.828,0.386,,28.43,9.86,6.86,10.86,17.71,0.297,17.71,1.0,,,,,,,,
2020,2,Davenport,497497,DII Independent,1-5,4.33,7.5,0.752,0.395,24.83,0.576,0.259,,13.33,15.0,15.67,,9.0,0.271,19.83,0.167,,,,,,,,
2020,2,Davis & Elkins,493909,G-MAC,0-7,4.43,5.29,0.779,0.269,27.71,0.576,0.167,,12.43,14.0,20.86,,8.0,0.273,20.29,0.0,,,,,,,,
2020,2,Dist. Columbia,493910,ECC,3-6,6.33,6.78,0.821,0.535,30.89,0.49,0.216,,18.67,11.78,17.11,,12.33,0.302,12.11,0.333,,,,,,,,
2020,2,Dominican (NY),493948,CACC,2-4,5.17,8.5,0.746,0.465,33.17,0.483,0.31,,13.83,18.67,14.33,,8.67,0.212,21.83,0.333,,,,,,,,
2020,2,Embry-Riddle (FL),493970,Sunshine State,2-5,6.14,7.29,0.83,0.656,34.86,0.625,0.214,,17.29,11.29,12.57,,11.14,0.292,23.29,0.286,,,,,,,,
2020,2,Emmanuel (GA),493966,Conference Carolinas,3-6,7.33,11.44,0.78,0.453,39.67,0.661,0.366,,19.22,13.67,14.67,,11.89,0.281,25.0,0.333,,,,,,,,
2020,2,Felician,493973,CACC,1-5,4.17,5.0,0.725,0.5,31.33,0.667,0.278,,11.33,18.5,16.67,,7.17,0.232,22.33,0.167,,,,,,,,
2020,2,Fla. Southern,493912,Sunshine State,3-4,6.57,8.43,0.843,0.733,39.0,0.5,0.382,,17.86,10.0,11.86,,11.29,0.234,18.86,0.429,,,,,,,,
2020,2,Florida Tech,493911,Sunshine State,2-6,5.13,7.63,0.789,0.553,36.0,0.657,0.222,,16.25,12.25,13.13,,11.13,0.306,20.25,0.25,,,,,,,,
2020,2,Franklin Pierce,493913,NE10,2-0,7.5,10.5,0.843,0.5,32.0,0.714,0.636,,24.0,11.0,5.0,11.5,16.5,0.292,19.0,1.0,,,,,,,,
2020,2,Frostburg St.,494203,ECC,5-0,9.6,10.8,0.887,0.642,42.0,0.706,0.294,,28.0,9.4,8.0,10.4,18.4,0.347,18.6,1.0,,,,,,,,
2020,2,Georgian Court,493949,CACC,4-5,6.11,4.78,0.8,0.471,35.22,0.75,0.419,,16.22,17.33,11.22,,10.11,0.266,19.22,0.444,,,,,,,,
2020,2,Lake Erie,493946,G-MAC,0-6,5.83,8.17,0.836,0.308,28.17,0.676,0.333,,16.5,12.5,14.83,,10.67,0.302,15.5,0.0,,,,,,,,
2020,2,Lander,497458,GLVC,4-2,8.83,9.0,0.806,0.539,47.67,0.645,0.4,,23.17,13.33,10.33,,14.33,0.304,22.5,0.667,,,,,,,,
2020,2,Le Moyne,493915,NE10,4-0,9.0,6.0,0.845,0.759,36.5,0.75,0.364,,25.0,9.0,9.5,6.5,16.0,0.29,15.5,1.0,,,,,,,,
2020,2,Lees-McRae,493955,Conference Carolinas,1-6,4.43,8.0,0.576,0.279,28.29,0.357,0.32,,13.29,14.14,18.43,,8.86,0.356,23.0,0.143,,,,,,,,
2020,2,Lenoir-Rhyne,493934,SAC,6-1,8.43,9.29,0.875,0.62,36.86,0.741,0.24,,24.0,12.57,11.57,,15.57,0.321,19.57,0.857,,,,,,,,
2020,2,Lewis,497496,GLVC,5-2,8.57,7.71,0.767,0.64,34.57,1.0,0.355,,22.57,12.0,7.0,7.0,14.0,0.327,19.14,0.714,,,,,,,,
2020,2,Limestone,493935,Conference Carolinas,4-1,11.6,9.0,0.874,0.651,42.2,0.647,0.643,,31.2,9.4,11.0,8.6,19.6,0.452,18.2,0.8,,,,,,,,
2020,2,Lincoln Memorial,493936,SAC,2-4,6.17,6.0,0.788,0.573,31.17,0.607,0.222,,16.5,15.0,13.83,,10.33,0.337,22.83,0.333,,,,,,,,
2020,2,Lindenwood,493961,GLVC,5-0,11.4,10.4,0.86,0.456,43.8,0.75,0.297,,29.0,12.0,8.8,8.8,17.6,0.313,14.0,1.0,,,,,,,,
2020,2,Lynn,493957,Sunshine State,2-4,5.5,4.67,0.745,0.836,37.17,0.703,0.409,,16.83,13.67,11.83,,11.33,0.25,21.17,0.333,,,,,,,,
2020,2,Mars Hill,493937,SAC,3-5,5.13,6.0,0.721,0.587,40.0,0.629,0.385,,15.5,13.63,16.13,,10.38,0.286,25.13,0.375,,,,,,,,
2020,2,Maryville (MO),493917,GLVC,2-4,5.67,10.5,0.773,0.329,28.17,0.765,0.474,,14.5,10.83,10.83,,8.83,0.256,20.33,0.333,,,,,,,,
2020,2,Mercy,493918,ECC,5-1,10.17,8.83,0.854,0.695,37.33,0.5,0.545,,24.67,12.83,8.0,6.5,14.5,0.337,19.0,0.833,,,,,,,,
2020,2,Mercyhurst,493919,G-MAC,5-0,8.4,8.2,0.909,0.638,35.0,0.8,0.6,,21.2,9.0,7.2,5.6,12.8,0.288,14.4,1.0,,,,,,,,
2020,2,Molloy,493921,ECC,1-6,4.57,8.14,0.769,0.368,30.57,0.469,0.323,,13.29,12.71,15.29,,8.71,0.248,19.43,0.143,,,,,,,,
2020,2,Montevallo,493968,GLVC,3-4,6.29,8.29,0.766,0.257,29.43,0.731,0.31,,17.86,13.57,13.29,,11.57,0.275,17.43,0.429,,,,,,,,
2020,2,Mount Olive,493938,Conference Carolinas,4-3,6.86,9.71,0.877,0.454,25.57,0.667,0.308,,17.14,11.57,9.57,,10.29,0.26,16.71,0.571,,,,,,,,
2020,2,New York Tech,493923,ECC,4-2,8.33,8.33,0.832,0.476,27.83,0.52,0.471,,21.0,14.33,9.17,,12.67,0.342,15.17,0.667,,,,,,,,
2020,2,Newberry,493972,SAC,3-3,8.17,7.5,0.838,0.59,36.0,0.85,0.343,,21.83,11.83,11.5,,13.67,0.408,19.83,0.5,,,,,,,,
2020,2,North Greenville,493950,Conference Carolinas,5-4,4.22,8.44,0.908,0.333,28.44,0.684,0.2,,15.44,16.11,9.67,,11.22,0.256,15.78,0.556,,,,,,,,
2020,2,Pace,493924,NE10,1-1,7.0,12.5,0.887,0.545,28.0,0.667,0.364,,19.5,14.0,6.5,6.0,12.5,0.291,19.5,0.5,,,,,,,,
2020,2,Palm Beach Atl.,493969,Sunshine State,3-3,6.33,8.67,0.927,0.468,35.5,0.816,0.317,,19.83,11.17,12.67,,13.5,0.284,18.33,0.5,,,,,,,,
2020,2,Post,493939,CACC,1-6,4.86,9.57,0.794,0.449,29.86,0.833,0.208,,13.86,14.14,14.86,,9.0,0.276,17.86,0.143,,,,,,,,
2020,2,Queens (NC),493952,SAC,5-2,8.86,6.29,0.821,0.587,29.14,0.679,0.438,,22.29,14.71,8.57,4.86,13.43,0.328,17.86,0.714,,,,,,,,
2020,2,Quincy,497495,GLVC,0-5,1.6,4.0,0.692,0.299,21.8,0.741,0.056,,5.2,19.2,16.6,,3.6,0.127,19.2,0.0,,,,,,,,
2020,2,Roberts Wesleyan,493963,ECC,4-3,6.57,7.71,0.787,0.536,30.0,0.731,0.276,,18.14,11.86,9.29,,11.57,0.31,18.29,0.571,,,,,,,,
2020,2,Rockhurst,493940,GLVC,6-1,8.71,12.57,0.917,0.66,39.43,0.744,0.346,,23.57,11.71,8.71,6.14,14.86,0.263,21.0,0.857,,,,,,,,
2020,2,Rollins,493925,Sunshine State,2-2,4.75,13.25,0.938,0.416,26.25,0.636,0.2,,15.0,8.0,8.5,,10.25,0.232,16.0,0.5,,,,,,,,
2020,2,Saint Leo,493927,Sunshine State,3-2,8.0,9.6,0.84,0.399,26.2,0.6,0.333,,21.4,11.8,12.8,,13.4,0.335,16.0,0.6,,,,,,,,
2020,2,Saint Michael's,493928,NE10,1-2,4.0,11.33,0.766,0.645,38.33,0.643,,,13.33,12.0,8.0,,9.33,0.183,19.67,0.333,,,,,,,,
2020,2,Saint Rose,493941,NE10,3-1,7.75,8.75,0.78,0.309,30.75,0.667,0.571,,19.0,11.75,10.0,,11.25,0.346,17.5,0.75,,,,,,,,
2020,2,Seton Hill,493960,G-MAC,6-0,7.67,7.5,0.831,0.732,36.5,0.833,0.4,,23.0,10.0,5.17,10.17,15.33,0.287,15.5,1.0,,,,,,,,
2020,2,Shorter,493964,DII Independent,1-7,3.25,7.75,0.786,0.359,22.5,0.759,0.2,,9.88,14.63,12.38,,6.63,0.248,17.75,0.125,,,,,,,,
2020,2,Southern N.H.,493922,NE10,1-2,6.67,7.33,0.86,0.611,34.0,0.688,0.2,,17.33,10.0,10.0,,10.67,0.222,20.0,0.333,,,,,,,,
2020,2,St. Anselm,493926,NE10,3-0,7.33,10.67,0.938,0.625,47.33,0.75,0.4,,23.33,12.33,9.67,6.33,16.0,0.294,17.67,1.0,,,,,,,,
2020,2,St. Thomas Aquinas,493942,ECC,2-4,4.0,8.17,0.796,0.206,28.33,0.737,0.143,,13.0,14.67,14.5,,9.0,0.262,20.17,0.333,,,,,,,,
2020,2,Tampa,493929,Sunshine State,8-0,11.0,11.25,0.851,0.811,39.75,0.771,0.5,,27.63,7.5,5.88,10.75,16.63,0.368,17.75,1.0,,,,,,,,
2020,2,Tusculum,493954,SAC,4-3,7.86,8.43,0.898,0.549,34.14,0.68,0.424,,20.29,8.0,8.43,,12.43,0.295,16.86,0.571,,,,,,,,
2020,2,UIndy,493914,GLVC,2-3,5.0,7.4,0.873,0.496,27.6,0.615,0.158,,15.4,10.6,13.0,,10.4,0.267,16.4,0.4,,,,,,,,
2020,2,Walsh,493962,G-MAC,1-3,4.25,5.0,0.767,0.514,25.0,0.571,0.32,,12.5,15.25,14.5,,8.25,0.26,23.25,0.25,,,,,,,,
2020,2,Westminster (UT),493967,RMAC,4-4,8.0,7.25,0.884,0.319,30.88,0.64,0.256,,23.13,11.38,13.25,,15.13,0.359,15.88,0.5,,,,,,,,
2020,2,Wilmington (DE),493971,CACC,5-0,6.6,8.8,0.839,0.55,31.2,0.793,0.444,,19.6,14.0,10.0,,13.0,0.294,20.8,1.0,,,,,,,,
2020,2,Wingate,493943,SAC,4-2,6.83,7.67,0.836,0.713,37.67,0.842,0.368,,19.17,11.5,8.33,,12.33,0.247,21.67,0.667,,,,,,,,
2020,2,Young Harris,493965,GLVC,3-3,8.67,9.0,0.8,0.304,27.83,0.593,0.368,,20.83,15.67,16.67,,12.17,0.344,19.5,0.5,,,,,,,,
2021,1,Air Force,507874,SoCon,4-9,5.31,8.54,0.793,0.479,27.92,0.409,0.225,0.839,13.92,11.77,12.15,-3.54,8.62,0.219,17.15,0.308,,,,,,,,
2021,1,Army West Point,507875,Patriot,7-4,6.36,8.73,0.807,0.465,33.36,0.676,0.333,0.866,18.18,12.36,9.27,2.55,11.82,0.278,14.55,0.636,,,,,,,,
2021,1,Bellarmine,507814,SoCon,5-10,4.6,9.47,0.84,0.295,21.8,0.646,0.318,0.863,12.47,11.0,10.93,-3.07,7.87,0.251,16.53,0.333,,,,,,,,
2021,1,Binghamton,507815,America East,5-4,4.67,10.11,0.818,0.523,31.89,0.684,0.35,0.879,13.44,13.67,10.33,-1.56,8.78,0.286,20.33,0.556,,,,,,,,
2021,1,Boston U.,507816,Patriot,6-5,6.73,9.27,0.88,0.411,30.64,0.683,0.433,0.795,18.55,13.36,10.0,1.82,11.82,0.283,17.18,0.545,,,,,,,,
2021,1,Bryant,507818,NEC,9-4,6.62,8.0,0.884,0.583,35.85,0.733,0.276,0.879,20.23,12.69,11.15,2.46,13.62,0.288,15.77,0.692,,,,,,,,
2021,1,Bucknell,507819,Patriot,2-6,6.5,10.25,0.834,0.43,33.5,0.718,0.31,0.784,16.88,11.0,13.25,-2.88,10.38,0.245,15.0,0.25,,,,,,,,
2021,1,Canisius,507820,MAAC,5-5,5.4,7.5,0.797,0.536,28.5,0.765,0.356,0.789,14.7,11.2,10.7,-1.4,9.3,0.252,19.6,0.5,,,,,,,,
2021,1,Cleveland St.,507821,DI Independent,3-7,5.2,8.4,0.84,0.478,28.3,0.826,0.132,0.817,13.8,11.5,10.7,-2.1,8.6,0.263,20.9,0.3,,,,,,,,
2021,1,Colgate,507822,Patriot,3-7,6.3,5.8,0.747,0.513,32.4,0.667,0.371,0.867,17.0,12.3,13.1,-2.4,10.7,0.294,18.1,0.3,,,,,,,,
2021,1,Delaware,507825,CAA,10-3,7.69,7.62,0.892,0.5,34.31,0.718,0.25,0.887,21.08,11.85,10.08,3.31,13.38,0.311,15.08,0.769,,,,,,,,
2021,1,Denver,507826,Big East,12-5,8.71,6.53,0.873,0.64,32.88,0.634,0.318,0.798,22.88,11.0,10.0,4.18,14.18,0.298,14.94,0.706,,,,,,,,
2021,1,Detroit Mercy,507827,MAAC,3-4,5.0,9.29,0.835,0.601,32.29,0.536,0.29,0.802,14.71,11.43,9.57,0.14,9.71,0.232,18.86,0.429,,,,,,,,
2021,1,Drexel,507828,CAA,10-3,7.54,8.69,0.872,0.48,33.08,0.66,0.304,0.884,21.15,10.85,10.62,3.0,13.62,0.299,15.31,0.769,,,,,,,,
2021,1,Duke,507829,ACC,14-3,8.0,6.53,0.849,0.583,31.88,0.667,0.471,0.873,22.24,11.35,10.24,4.0,14.24,0.34,15.06,0.824,,,,,,,,
2021,1,Fairfield,507830,CAA,2-9,7.18,7.45,0.814,0.495,30.18,0.68,0.425,0.882,18.64,13.64,15.27,-3.82,11.45,0.283,18.0,0.182,,,,,,,,
2021,1,Georgetown,507832,Big East,13-3,9.56,8.56,0.894,0.562,32.94,0.829,0.326,0.854,22.69,11.56,8.31,4.81,13.13,0.296,15.69,0.813,,,,,,,,
2021,1,Hartford,507834,America East,2-5,4.14,9.86,0.862,0.434,29.86,0.724,0.2,0.909,13.14,11.71,12.57,-3.57,9.0,0.252,16.29,0.286,,,,,,,,
2021,1,High Point,507883,SoCon,8-6,7.21,7.07,0.859,0.465,28.5,0.5,0.412,0.828,20.57,12.0,13.86,-0.5,13.36,0.356,17.07,0.571,,,,,,,,
2021,1,Hobart,507836,NEC,6-3,6.33,7.22,0.847,0.643,33.44,0.692,0.227,0.849,18.56,12.33,11.0,1.22,12.22,0.25,16.44,0.667,,,,,,,,
2021,1,Hofstra,507837,CAA,8-6,6.21,6.43,0.904,0.637,31.43,0.683,0.368,0.85,19.21,10.57,11.64,1.36,13.0,0.333,16.57,0.571,,,,,,,,
2021,1,Holy Cross,507838,Patriot,2-4,4.5,8.33,0.8,0.437,24.67,0.625,0.217,0.836,12.33,14.5,12.17,-4.33,7.83,0.245,19.17,0.333,,,,,,,,
2021,1,Jacksonville,507839,SoCon,7-7,6.93,7.29,0.86,0.553,29.36,0.661,0.313,0.88,17.86,10.07,11.21,-0.29,10.93,0.302,17.79,0.5,,,,,,,,
2021,1,Johns Hopkins,507840,Big Ten,4-9,6.15,6.92,0.856,0.52,29.62,0.629,0.429,0.87,17.31,8.77,12.15,-1.0,11.15,0.315,15.31,0.308,,,,,,,,
2021,1,LIU,507810,NEC,6-5,8.45,5.82,0.871,0.467,31.09,0.674,0.306,0.894,22.55,17.55,13.18,0.91,14.09,0.366,16.73,0.545,,,,,,,,
2021,1,Lafayette,507841,Patriot,0-11,4.36,7.73,0.814,0.409,29.45,0.56,0.189,0.836,13.27,12.73,14.55,-5.64,8.91,0.27,17.09,0.0,,,,,,,,
2021,1,Lehigh,507842,Patriot,10-2,8.58,7.25,0.825,0.747,41.92,0.55,0.349,0.848,22.67,12.42,10.17,3.92,14.08,0.314,15.67,0.833,,,,,,,,
2021,1,Loyola Maryland,507844,Patriot,10-6,7.31,8.5,0.909,0.501,33.25,0.623,0.339,0.884,19.63,10.69,9.81,2.5,12.31,0.301,14.06,0.625,,,,,,,,
2021,1,Manhattan,507845,MAAC,5-5,5.0,8.2,0.822,0.326,23.8,0.711,0.3,0.861,14.4,12.6,9.7,-0.3,9.4,0.26,16.4,0.5,,,,,,,,
2021,1,Marquette,507847,Big East,4-8,5.08,7.5,0.847,0.383,27.25,0.692,0.333,0.881,14.25,13.58,12.17,-3.0,9.17,0.234,15.0,0.333,,,,,,,,
2021,1,Maryland,507849,Big Ten,15-1,9.75,8.13,0.863,0.477,33.5,0.628,0.39,0.821,25.69,11.06,10.13,5.81,15.94,0.39,12.81,0.938,,,,,,,,
2021,1,Massachusetts,507850,CAA,4-6,7.3,7.8,0.866,0.531,32.3,0.686,0.417,0.853,19.0,12.5,10.8,0.9,11.7,0.324,18.2,0.4,,,,,,,,
2021,1,Mercer,507851,SoCon,5-8,6.38,8.62,0.878,0.586,30.77,0.677,0.286,0.88,17.15,12.62,12.54,-1.77,10.77,0.284,20.54,0.385,,,,,,,,
2021,1,Michigan,507852,Big Ten,3-9,5.42,5.67,0.843,0.529,29.42,0.448,0.444,0.861,16.33,11.08,14.75,-3.83,10.92,0.287,14.67,0.25,,,,,,,,
2021,1,Monmouth,507853,MAAC,8-3,4.36,8.18,0.88,0.675,34.73,0.692,0.368,0.843,13.82,10.36,8.73,0.73,9.45,0.244,17.36,0.727,,,,,,,,
2021,1,Mount St. Mary's,507854,NEC,4-9,5.92,9.08,0.816,0.458,30.77,0.719,0.357,0.842,16.62,11.46,11.31,-0.62,10.69,0.285,16.08,0.308,,,,,,,,
2021,1,NJIT,507856,America East,1-10,3.91,6.64,0.856,0.393,26.91,0.6,0.22,0.857,11.09,15.73,14.45,-7.27,7.18,0.222,18.73,0.091,,,,,,,,
2021,1,Navy,507876,Patriot,6-3,6.33,6.89,0.885,0.442,34.67,0.69,0.433,0.851,17.11,14.22,10.0,0.78,10.78,0.304,15.33,0.667,,,,,,,,
2021,1,North Carolina,507855,ACC,13-3,8.63,8.31,0.893,0.539,35.31,0.71,0.333,0.829,24.94,11.81,10.63,5.69,16.31,0.326,12.5,0.813,,,,,,,,
2021,1,Notre Dame,507857,ACC,8-4,8.58,6.92,0.862,0.621,35.58,0.65,0.548,0.829,22.67,12.83,8.92,5.17,14.08,0.298,14.83,0.667,,,,,,,,
2021,1,Ohio St.,507858,Big Ten,4-7,5.64,6.0,0.848,0.534,29.73,0.688,0.391,0.854,17.0,9.45,12.91,-1.55,11.36,0.296,15.36,0.364,,,,,,,,
2021,1,Penn St.,507859,Big Ten,4-7,5.64,5.55,0.869,0.561,31.55,0.615,0.306,0.902,15.73,11.27,13.45,-3.36,10.09,0.271,17.82,0.364,,,,,,,,
2021,1,Providence,507862,Big East,4-9,5.31,6.0,0.863,0.493,29.38,0.706,0.216,0.856,15.54,13.0,12.77,-2.54,10.23,0.221,15.62,0.308,,,,,,,,
2021,1,Quinnipiac,507863,MAAC,4-3,5.0,7.71,0.867,0.723,31.14,0.68,0.207,0.851,14.14,13.71,10.0,-0.86,9.14,0.22,20.14,0.571,,,,,,,,
2021,1,Richmond,507864,SoCon,7-6,8.31,10.62,0.902,0.532,29.85,0.704,0.634,0.862,20.77,11.38,9.62,2.85,12.46,0.312,16.62,0.538,,,,,,,,
2021,1,Robert Morris,507865,DI Independent,7-6,8.08,9.77,0.88,0.405,33.62,0.646,0.333,0.824,21.62,13.23,14.31,-0.77,13.54,0.324,17.15,0.538,,,,,,,,
2021,1,Rutgers,507866,Big Ten,9-4,7.92,7.85,0.89,0.392,29.46,0.647,0.536,0.887,22.23,14.0,11.15,3.15,14.31,0.323,12.54,0.692,,,,,,,,
2021,1,Sacred Heart,507867,NEC,1-11,5.17,5.42,0.901,0.384,26.5,0.727,0.25,0.886,14.92,14.67,14.08,-4.33,9.75,0.234,14.5,0.083,,,,,,,,
2021,1,Saint Joseph's,507869,NEC,9-4,7.92,9.15,0.826,0.66,36.46,0.795,0.255,0.835,20.31,9.69,10.38,2.0,12.38,0.268,16.92,0.692,,,,,,,,
2021,1,Siena,507870,MAAC,0-8,4.88,9.0,0.805,0.356,28.25,0.609,0.208,0.813,13.13,14.88,10.13,-1.88,8.25,0.213,18.13,0.0,,,,,,,,
2021,1,St. Bonaventure,507811,MAAC,5-5,5.7,7.6,0.833,0.367,24.4,0.744,0.343,0.88,15.0,13.6,9.1,0.2,9.3,0.292,16.7,0.5,,,,,,,,
2021,1,St. John's (NY),507868,Big East,1-10,5.45,7.0,0.762,0.299,25.55,0.432,0.316,0.87,14.45,15.09,18.0,-9.0,9.0,0.265,17.09,0.091,,,,,,,,
2021,1,Stony Brook,507871,America East,8-6,9.21,7.0,0.864,0.508,34.36,0.711,0.434,0.862,23.57,11.86,10.64,3.71,14.36,0.302,12.86,0.571,,,,,,,,
2021,1,Syracuse,507872,ACC,7-6,7.62,7.62,0.837,0.516,32.54,0.509,0.452,0.861,21.23,12.54,14.08,-0.46,13.62,0.306,13.77,0.538,,,,,,,,
2021,1,Towson,507873,CAA,6-8,5.43,7.71,0.848,0.364,27.07,0.73,0.273,0.869,14.93,11.36,11.0,-1.5,9.5,0.268,16.93,0.429,,,,,,,,
2021,1,UAlbany,507813,America East,8-5,10.23,7.31,0.894,0.477,35.69,0.622,0.477,0.826,24.08,11.15,11.0,2.85,13.85,0.36,16.77,0.615,,,,,,,,
2021,1,UMBC,507848,America East,8-3,6.09,6.64,0.88,0.469,28.0,0.75,0.4,0.827,16.91,10.73,9.55,1.27,10.82,0.274,16.73,0.727,,,,,,,,
2021,1,UMass Lowell,507843,America East,1-8,4.67,7.11,0.799,0.382,30.44,0.514,0.235,0.869,12.78,13.78,14.78,-6.67,8.11,0.239,18.0,0.111,,,,,,,,
2021,1,Utah,507812,DI Independent,4-7,5.45,5.55,0.839,0.495,28.18,0.667,0.429,0.918,15.73,11.64,11.55,-1.27,10.27,0.283,17.36,0.364,,,,,,,,
2021,1,VMI,507879,SoCon,1-10,5.09,10.36,0.763,0.348,26.27,0.69,0.286,0.83,13.91,11.09,16.09,-7.27,8.82,0.257,17.55,0.091,,,,,,,,
2021,1,Vermont,507877,America East,9-5,7.71,6.5,0.869,0.675,35.36,0.685,0.408,0.843,21.14,11.57,10.57,2.86,13.43,0.291,17.07,0.643,,,,,,,,
2021,1,Villanova,507878,Big East,7-5,7.17,8.5,0.86,0.492,24.83,0.714,0.478,0.811,20.33,10.33,10.5,2.67,13.17,0.302,13.58,0.583,,,,,,,,
2021,1,Virginia,507880,ACC,14-4,8.39,8.72,0.852,0.606,41.94,0.677,0.317,0.798,23.0,13.5,11.67,2.94,14.61,0.338,16.78,0.778,,,,,,,,
2021,1,Wagner,507881,NEC,0-9,4.44,4.56,0.796,0.384,26.89,0.609,0.146,0.912,11.44,16.22,16.0,-9.0,7.0,0.23,21.22,0.0,,,,,,,,
2021,2,Adams St.,507955,RMAC,0-8,2.63,7.63,0.733,0.248,27.88,0.656,0.25,,8.0,16.88,16.88,,5.38,0.222,22.75,0.0,0.0,8.0,0.0,8.0,0.0,0.6244588744588746,0.39788121330329124,0.4116997405552601
2021,2,Adelphi,507931,NE10,7-3,8.0,8.9,0.851,0.57,33.6,0.729,0.625,,20.5,10.9,9.8,,12.5,0.302,16.3,0.7,7.0,3.0,0.0,10.0,0.7,0.5217948717948719,0.5390858770858772,0.5706689051689052
2021,2,Alabama Huntsville,507932,Peach Belt,6-8,6.93,9.86,,0.54,35.07,0.784,0.224,,19.0,12.93,10.5,,12.07,0.267,19.86,0.429,12.0,16.0,0.0,28.0,0.42857142857142855,0.491008991008991,0.4577919444303061,0.46709533875492915
2021,2,Alderson Broaddus,507956,G-MAC,2-8,3.6,7.2,0.773,0.218,27.3,0.483,0.158,,10.8,14.2,19.7,,7.2,0.26,21.2,0.2,2.0,8.0,0.0,10.0,0.2,0.491073741073741,0.4651281701570303,0.41181891307612806
2021,2,American Int'l,507933,NE10,0-11,3.0,8.09,0.686,0.322,29.36,0.618,0.25,,8.36,13.64,18.36,,5.36,0.19,25.82,0.0,0.0,11.0,0.0,11.0,0.0,0.5428710178710179,0.4959407259407261,0.39542069042069045
2021,2,Anderson (SC),515530,SAC,4-10,5.07,7.21,0.772,0.591,35.57,0.75,0.127,,16.93,12.86,15.21,,11.86,0.284,15.93,0.286,4.0,10.0,0.0,14.0,0.2857142857142857,0.5526473526473527,0.5056987907828244,0.47417694544795386
2021,2,Assumption,507934,NE10,2-7,3.67,5.67,0.724,0.397,27.78,0.691,0.094,,11.56,15.11,15.11,,7.89,0.24,21.11,0.222,2.0,7.0,0.0,9.0,0.2222222222222222,0.5507770007770009,0.4766291321846878,0.4501013389902279
2021,2,Barton,507930,Conference Carolinas,8-5,7.54,8.77,0.845,0.595,41.0,0.776,0.25,,20.15,12.23,12.38,,12.62,0.284,18.23,0.615,8.0,5.0,0.0,13.0,0.6153846153846154,0.46231962481962485,0.4944690725940726,0.5086232344044844
2021,2,Belmont Abbey,507900,Conference Carolinas,10-4,8.0,9.64,0.879,0.548,31.71,0.638,0.538,,21.57,11.0,8.14,5.43,13.57,0.343,18.64,0.714,10.0,4.0,0.0,14.0,0.7142857142857143,0.5417915417915418,0.4966832787060877,0.5736380191437214
2021,2,Bentley,507935,NE10,6-4,7.3,8.1,0.871,0.571,33.3,0.611,0.256,,20.3,13.1,8.5,4.5,13.0,0.313,17.1,0.6,6.0,4.0,0.0,10.0,0.6,0.4312470862470863,0.5192521737521737,0.4954365865615866
2021,2,CSU Pueblo,507901,RMAC,3-5,5.38,12.0,0.777,0.36,32.25,0.78,0.206,,13.88,14.0,13.25,,8.5,0.211,20.25,0.375,3.0,5.0,0.0,8.0,0.375,0.3585858585858586,0.5243329902420812,0.4041261768534496
2021,2,Caldwell,507885,CACC,4-6,4.0,3.9,0.775,0.371,23.7,0.718,0.295,,13.3,14.5,12.4,,9.3,0.233,17.8,0.4,4.0,6.0,0.0,10.0,0.4,0.32542735042735044,0.4849073991600215,0.3839405250036806
2021,2,Catawba,507888,SAC,5-6,4.73,8.82,0.856,0.342,32.73,0.795,0.222,,16.45,12.91,13.27,,11.73,0.267,16.55,0.455,5.0,6.0,0.0,11.0,0.45454545454545453,0.5341824841824843,0.5269814742312832,0.5124729742854266
2021,2,Chestnut Hill,507912,CACC,10-2,11.08,8.33,0.886,0.713,40.75,0.563,0.472,,27.17,12.5,9.92,6.17,16.08,0.338,18.42,0.833,10.0,2.0,0.0,12.0,0.8333333333333334,0.43141303141303133,0.5077378603125584,0.5509743141179886
2021,2,Chowan,507903,Conference Carolinas,1-11,4.83,9.92,0.766,0.389,38.17,0.667,0.283,,12.83,13.83,16.83,,8.0,0.282,24.17,0.083,1.0,11.0,0.0,12.0,0.08333333333333333,0.5008325008325007,0.46788614824329106,0.38822112081040644
2021,2,Coker,507889,SAC,6-8,8.21,9.14,0.824,0.515,35.71,0.611,0.196,,22.0,13.14,13.86,,13.79,0.294,17.14,0.429,6.0,8.0,0.0,14.0,0.42857142857142855,0.5052899481470909,0.5154746441811268,0.4886564922616843
2021,2,Colorado Mesa,507907,RMAC,9-2,11.27,9.45,0.901,0.707,44.36,0.824,0.314,,27.27,10.82,7.27,8.73,16.0,0.295,18.73,0.818,9.0,2.0,0.0,11.0,0.8181818181818182,0.35059523809523807,0.5312521046774293,0.5126560997624309
2021,2,Davenport,507887,GLVC,1-8,5.0,8.78,0.808,0.264,20.44,0.739,0.361,,12.33,16.78,13.33,,7.33,0.277,23.44,0.111,1.0,8.0,0.0,9.0,0.1111111111111111,0.51994301994302,0.4843730976209608,0.40884256215452797
2021,2,Davis & Elkins,507936,G-MAC,3-5,5.13,8.88,0.73,0.352,32.0,0.656,0.326,,15.75,10.88,20.0,,10.63,0.337,25.38,0.375,3.0,5.0,0.0,8.0,0.375,0.37423826173826175,0.49091300068978644,0.4035973810415775
2021,2,Dominican (NY),507904,CACC,4-4,7.25,8.0,0.798,0.458,33.0,0.744,0.28,,17.88,12.25,15.88,,10.63,0.264,17.0,0.5,4.0,4.0,0.0,8.0,0.5,0.5559294871794872,0.420321458722901,0.5080451082704689
2021,2,Emmanuel (GA),507920,Conference Carolinas,4-8,6.33,8.17,0.74,0.471,31.25,0.691,0.34,,18.58,15.33,15.5,,12.25,0.298,21.67,0.333,4.0,8.0,0.0,12.0,0.3333333333333333,0.43403263403263403,0.48813238348952626,0.42238274622203187
2021,2,Felician,507927,CACC,2-6,2.5,7.0,0.739,0.656,35.88,0.629,0.25,,10.5,15.38,12.63,,8.0,0.231,24.5,0.25,2.0,6.0,0.0,8.0,0.25,0.365978465978466,0.4387334379092621,0.35517259246654853
2021,2,Fla. Southern,507939,Sunshine State,2-6,7.25,6.5,0.754,0.547,33.63,0.673,0.333,,20.38,15.38,14.38,,13.13,0.327,21.63,0.25,2.0,6.0,0.0,8.0,0.25,0.4945391414141414,0.48992525703463197,0.43225088496572867
2021,2,Florida Tech,507938,Sunshine State,3-5,7.25,12.0,0.821,0.434,38.25,0.647,0.326,,19.75,10.88,12.88,,12.5,0.289,20.38,0.375,3.0,5.0,0.0,8.0,0.375,0.6022727272727273,0.4678176857864358,0.5118407850829726
2021,2,Franklin Pierce,507940,NE10,5-7,4.92,8.17,0.807,0.327,25.25,0.741,0.233,,14.67,13.0,10.25,,9.75,0.258,17.25,0.417,5.0,7.0,0.0,12.0,0.4166666666666667,0.457070707070707,0.4929531271197938,0.4559403019819686
2021,2,Georgian Court,507905,CACC,8-5,7.77,7.92,0.907,0.487,35.23,0.628,0.391,,21.15,14.38,10.08,3.31,13.38,0.318,16.08,0.615,8.0,5.0,0.0,13.0,0.6153846153846154,0.39454306377383297,0.5051504973270707,0.477405310064838
2021,2,Lake Erie,507902,G-MAC,5-8,7.62,9.92,0.777,0.538,34.85,0.636,0.313,,19.15,13.23,13.15,,11.54,0.29,18.23,0.385,5.0,8.0,0.0,13.0,0.38461538461538464,0.5621061808561808,0.4790464073711036,0.49696853842471245
2021,2,Lander,507929,Peach Belt,6-5,6.45,9.18,0.847,0.507,41.73,0.826,0.313,,18.73,12.27,12.0,,12.27,0.293,22.0,0.545,6.0,5.0,0.0,11.0,0.5454545454545454,0.40875790875790874,0.48642337100129307,0.462348433492914
2021,2,Le Moyne,507942,NE10,15-0,7.87,8.93,0.883,0.58,33.47,0.786,0.344,,21.53,10.07,6.87,6.8,13.67,0.318,14.47,1.0,15.0,0.0,0.0,15.0,1.0,0.5197924297924298,0.5353756180016684,0.6437401193966321
2021,2,Lees-McRae,507910,Conference Carolinas,1-11,5.42,11.0,0.823,0.33,29.33,0.49,0.169,,14.75,12.83,16.58,,9.33,0.273,20.5,0.083,1.0,11.0,0.0,12.0,0.08333333333333333,0.49195942945942944,0.47893908340336905,0.38654781891389034
2021,2,Lenoir-Rhyne,507890,SAC,15-2,10.29,10.06,0.861,0.609,38.29,0.753,0.355,,28.12,11.06,10.12,7.71,17.82,0.355,16.82,0.882,15.0,3.0,0.0,18.0,0.8333333333333334,0.5896250808015514,0.5184556837498013,0.6327597946715593
2021,2,Lewis,507886,GLVC,5-7,7.75,8.42,0.858,0.538,30.5,0.745,0.224,,18.92,13.25,10.5,,11.17,0.291,20.17,0.417,5.0,7.0,0.0,12.0,0.4166666666666667,0.4672364672364672,0.502200672072467,0.463335068303017
2021,2,Limestone,507891,SAC,10-4,6.64,9.36,0.83,0.662,40.79,0.707,0.563,,20.71,10.43,8.86,5.21,14.07,0.326,19.21,0.714,10.0,4.0,0.0,14.0,0.7142857142857143,0.5097117168545741,0.528731667769783,0.5656102039411613
2021,2,Lincoln Memorial,507892,SAC,0-9,2.11,6.67,0.619,0.122,22.89,0.563,0.093,,7.67,17.0,19.89,,5.56,0.289,23.44,0.0,0.0,9.0,0.0,9.0,0.0,0.5518796018796018,0.527784343470618,0.4078858868074554
2021,2,Lindenwood,507915,GLVC,10-3,7.23,9.69,0.892,0.582,33.31,0.825,0.189,,20.0,8.69,7.08,5.69,12.77,0.229,14.31,0.769,10.0,3.0,0.0,13.0,0.7692307692307693,0.46909927679158453,0.5008479576526914,0.5520693201166574
2021,2,Lynn,507911,Sunshine State,6-2,7.25,9.13,0.877,0.672,36.63,0.755,0.393,,20.25,11.38,9.63,3.38,13.0,0.283,16.0,0.75,6.0,2.0,0.0,8.0,0.75,0.4581755050505051,0.5106720102813853,0.5442557550955989
2021,2,Mars Hill,507893,SAC,3-10,5.46,3.69,0.768,0.404,28.31,0.729,0.284,,15.69,13.85,18.46,,10.23,0.292,20.15,0.231,3.0,10.0,0.0,13.0,0.23076923076923078,0.45406260406260396,0.5191708136843883,0.4145163131447067
2021,2,Maryville (MO),507943,GLVC,7-6,6.31,9.92,0.813,0.507,29.46,0.818,0.372,,17.08,9.85,8.46,,10.77,0.304,18.23,0.538,7.0,6.0,0.0,13.0,0.5384615384615384,0.4717291255752794,0.49896323269104326,0.49522075557578515
2021,2,Mercy,507944,ECC,9-1,9.7,9.0,0.823,0.734,42.1,0.719,0.394,,23.8,10.4,6.8,7.3,14.1,0.316,18.8,0.9,9.0,1.0,0.0,10.0,0.9,0.49804639804639794,0.517032320595008,0.6032812791719511
2021,2,Mercyhurst,507945,G-MAC,12-2,12.86,10.14,0.896,0.764,43.64,0.674,0.466,,32.29,8.0,7.21,12.21,19.43,0.378,16.5,0.857,12.0,2.0,0.0,14.0,0.8571428571428571,0.5066047048189907,0.5073998335118465,0.5944380250731712
2021,2,Molloy,507946,ECC,3-9,5.25,7.83,0.846,0.297,24.25,0.635,0.356,,14.83,12.58,13.58,,9.58,0.299,18.58,0.25,3.0,9.0,0.0,12.0,0.25,0.558913813459268,0.46280933044896355,0.4576592393418749
2021,2,Montevallo,507922,Peach Belt,10-4,9.36,11.71,0.838,0.41,37.36,0.759,0.339,,24.43,17.93,10.57,4.5,15.07,0.345,20.71,0.714,10.0,4.0,0.0,14.0,0.7142857142857143,0.4223728652300082,0.5077715754663806,0.5167007550530278
2021,2,Mount Olive,507894,Conference Carolinas,11-3,6.64,9.07,0.88,0.519,28.86,0.782,0.225,,18.64,9.79,8.79,3.21,12.0,0.309,17.0,0.786,11.0,3.0,0.0,14.0,0.7857142857142857,0.5349590885305171,0.4892851762749721,0.586229409762573
2021,2,Newberry,507926,SAC,7-5,8.83,10.17,0.865,0.549,40.92,0.821,0.37,,23.17,10.92,10.75,3.58,14.33,0.335,16.25,0.583,7.0,5.0,0.0,12.0,0.5833333333333334,0.48633033633033634,0.5239671172794421,0.5199902808183621
2021,2,North Greenville,507906,Conference Carolinas,7-7,7.71,10.21,0.833,0.611,34.71,0.627,0.294,,20.43,9.64,10.93,,12.71,0.26,19.64,0.5,7.0,7.0,0.0,14.0,0.5,0.494047619047619,0.49987679720572864,0.49699300882524167
2021,2,Pace,507949,NE10,6-7,6.15,12.62,0.846,0.505,31.0,0.61,0.383,,17.38,11.77,9.31,,11.23,0.285,18.46,0.462,6.0,7.0,0.0,13.0,0.46153846153846156,0.5509259259259259,0.5243683631183631,0.5219396691271692
2021,2,Palm Beach Atl.,507923,Sunshine State,1-8,4.33,12.22,0.838,0.298,29.56,0.559,0.263,,12.78,12.22,17.11,,8.44,0.224,19.56,0.111,1.0,8.0,0.0,9.0,0.1111111111111111,0.5454545454545454,0.4658349366682699,0.416963784672118
2021,2,Post,507895,CACC,0-8,5.25,6.75,0.8,0.322,32.0,0.676,0.368,,14.75,13.5,16.0,,9.5,0.256,18.63,0.0,0.0,8.0,0.0,8.0,0.0,0.521207264957265,0.4162695499834923,0.3646710199745056
2021,2,Queens (NC),507908,SAC,7-4,6.64,6.36,0.807,0.568,31.36,0.741,0.303,,19.45,14.09,10.91,,12.82,0.344,19.27,0.636,7.0,4.0,0.0,11.0,0.6363636363636364,0.5417582417582417,0.5225297390977299,0.5606024647444625
2021,2,Quincy,507957,GLVC,0-10,1.8,4.6,0.755,0.466,19.1,0.75,0.05,,6.0,15.1,16.2,,4.2,0.186,24.2,0.0,0.0,10.0,0.0,10.0,0.0,0.555982905982906,0.47924172693403466,0.3978018847249617
2021,2,Roberts Wesleyan,507917,ECC,7-5,8.67,9.25,0.823,0.579,32.67,0.808,0.403,,23.5,11.5,8.25,6.58,14.83,0.365,17.33,0.583,7.0,5.0,0.0,12.0,0.5833333333333334,0.4591469136923683,0.5112405402001033,0.5032169252295433
2021,2,Rockhurst,507896,GLVC,8-5,6.77,10.38,0.851,0.61,30.08,0.615,0.327,,17.31,12.38,8.54,,10.54,0.247,21.54,0.615,8.0,5.0,0.0,13.0,0.6153846153846154,0.4598948060486522,0.5059727911798918,0.5102867546654529
2021,2,Rollins,507950,Sunshine State,7-3,5.5,14.8,0.815,0.511,35.0,0.59,0.286,,18.0,10.5,10.7,,12.5,0.296,21.4,0.7,7.0,3.0,0.0,10.0,0.7,0.3731313131313131,0.5283530844155845,0.49365392766955263
2021,2,Saint Leo,507952,Sunshine State,3-7,6.0,8.8,0.808,0.436,30.8,0.613,0.343,,16.6,15.2,14.6,,10.6,0.294,22.0,0.3,3.0,7.0,0.0,10.0,0.3,0.5190404040404041,0.4999915223665224,0.45951808261183263
2021,2,Saint Michael's,507953,NE10,3-8,3.91,10.55,0.792,0.502,35.45,0.636,0.333,,11.45,14.55,12.91,,7.55,0.208,21.27,0.273,3.0,8.0,0.0,11.0,0.2727272727272727,0.4570707070707071,0.4836167199803563,0.4176213517122608
2021,2,Saint Rose,507897,NE10,1-8,2.44,6.11,0.773,0.342,24.11,0.611,0.1,,9.22,15.89,15.67,,6.78,0.221,17.56,0.111,1.0,8.0,0.0,9.0,0.1111111111111111,0.6266381766381768,0.5126903138014248,0.4692694445472224
2021,2,Seton Hill,507914,G-MAC,11-3,9.21,9.36,0.832,0.641,35.21,0.822,0.5,,26.79,12.14,8.14,9.43,17.57,0.345,17.21,0.786,11.0,3.0,0.0,14.0,0.7857142857142857,0.5432213619713621,0.48243894828716255,0.5886489894860432
2021,2,Shorter,507918,Peach Belt,2-10,2.67,6.92,0.713,0.419,27.42,0.667,0.164,,8.75,15.75,16.08,,6.08,0.194,22.83,0.167,2.0,10.0,0.0,12.0,0.16666666666666666,0.5302738927738928,0.425517082124225,0.41318288358466937
2021,2,Southern N.H.,507947,NE10,6-6,7.17,8.08,0.736,0.597,43.0,0.738,0.309,,18.67,14.92,12.0,,11.5,0.29,24.92,0.5,6.0,6.0,0.0,12.0,0.5,0.45841750841750845,0.4876617364117364,0.4761241883116883
2021,2,St. Anselm,507951,NE10,13-2,9.53,9.73,0.875,0.623,41.93,0.696,0.39,,25.6,10.73,6.47,9.6,16.07,0.276,18.2,0.867,13.0,2.0,0.0,15.0,0.8666666666666667,0.478032338032338,0.49419597377930713,0.5792318291276625
2021,2,St. Thomas Aquinas,507898,ECC,0-6,3.0,6.0,0.652,0.368,31.17,0.483,0.189,,9.17,16.33,19.83,,6.17,0.195,24.67,0.0,0.0,6.0,0.0,6.0,0.0,0.597008547008547,0.44458176180204156,0.4096497139547839
2021,2,Tampa,507954,Sunshine State,10-1,10.45,9.82,0.888,0.62,37.27,0.762,0.4,,27.45,12.09,7.82,9.18,17.0,0.344,15.91,0.909,10.0,1.0,0.0,11.0,0.9090909090909091,0.5027417027417027,0.5178805856417582,0.6081137250540182
2021,2,Tusculum,507909,SAC,7-5,5.17,6.92,0.793,0.543,32.75,0.688,0.308,,15.67,10.75,10.83,,10.5,0.28,17.67,0.583,7.0,5.0,0.0,12.0,0.5833333333333334,0.44507853257853264,0.5181838317430053,0.497918557558351
2021,2,UAH,507932,Peach Belt,6-8,,,0.861,,,,,,,,,,,,,0.4285714285714285,12.0,16.0,0.0,28.0,0.42857142857142855,0.491008991008991,0.4577919444303061,0.46709533875492915
2021,2,UIndy,507941,GLVC,10-3,7.62,10.77,0.833,0.47,32.15,0.681,0.393,,18.92,11.15,8.62,,11.31,0.272,17.23,0.769,10.0,3.0,0.0,13.0,0.7692307692307693,0.5365548980933597,0.4859454374247273,0.5820715007105539
2021,2,Walsh,507916,G-MAC,5-8,5.23,7.69,0.838,0.476,29.38,0.714,0.333,,16.69,13.23,14.08,,11.46,0.335,20.0,0.385,5.0,8.0,0.0,13.0,0.38461538461538464,0.5098143523143522,0.4993452663257859,0.47589733889246877
2021,2,Westminster (UT),507921,RMAC,7-5,7.92,9.42,0.894,0.468,33.17,0.612,0.143,,20.58,10.67,11.25,,12.67,0.321,19.33,0.583,7.0,5.0,0.0,12.0,0.5833333333333334,0.5081055308328035,0.454542538389941,0.5135217333472204
2021,2,Wheeling,515870,G-MAC,1-10,4.45,6.82,0.644,0.365,26.36,0.429,0.292,,10.73,12.27,18.18,,6.27,0.243,23.91,0.091,1.0,10.0,0.0,11.0,0.09090909090909091,0.4117049617049618,0.47692441440670486,0.34781085718142984
2021,2,Wilmington (DE),507925,CACC,5-4,6.78,8.11,0.815,0.32,31.0,0.611,0.368,,17.89,13.11,11.11,,11.11,0.272,17.56,0.556,5.0,4.0,0.0,9.0,0.5555555555555556,0.5368945868945869,0.43607531673770983,0.5163550115206098
2021,2,Wingate,507899,SAC,12-3,10.8,10.4,0.89,0.557,40.07,0.818,0.415,,27.8,10.33,9.67,7.33,17.0,0.317,14.6,0.8,12.0,3.0,0.0,15.0,0.8,0.5764513264513265,0.522379775550967,0.618820607113405
2022,1,Air Force,530081,ASUN,8-7,5.73,10.07,0.839,0.49,28.87,0.636,0.382,0.879,16.87,12.27,10.27,0.87,11.13,0.252,16.33,0.533,,,,,,,,
2022,1,Army West Point,530082,Patriot,12-4,7.75,7.5,0.862,0.529,31.63,0.627,0.417,0.815,21.81,12.25,11.19,2.88,14.06,0.302,15.0,0.75,,,,,,,,
2022,1,Bellarmine,530022,ASUN,4-13,6.41,10.0,0.824,0.405,24.94,0.754,0.356,0.844,17.0,11.65,11.94,-1.35,10.59,0.3,18.59,0.235,,,,,,,,
2022,1,Binghamton,530023,America East,5-9,6.0,7.36,0.821,0.485,27.36,0.659,0.244,0.903,16.64,13.57,11.57,-0.93,10.64,0.282,18.71,0.357,,,,,,,,
2022,1,Boston U.,530024,Patriot,12-5,8.18,12.06,0.847,0.528,36.35,0.694,0.319,0.775,21.47,12.24,10.65,2.65,13.29,0.3,18.76,0.706,,,,,,,,
2022,1,Brown,530025,Ivy League,10-6,7.81,7.5,0.882,0.482,28.5,0.736,0.444,0.824,21.0,13.31,11.56,1.63,13.19,0.289,16.0,0.625,,,,,,,,
2022,1,Bryant,530026,NEC,8-7,6.67,9.2,0.824,0.556,34.07,0.704,0.308,0.832,18.73,13.07,11.0,1.07,12.07,0.269,19.0,0.533,,,,,,,,
2022,1,Bucknell,530027,Patriot,9-6,8.4,10.07,0.824,0.488,36.13,0.658,0.283,0.804,21.93,11.07,10.87,2.67,13.53,0.299,16.13,0.6,,,,,,,,
2022,1,Canisius,530028,MAAC,2-12,4.79,5.43,0.78,0.477,28.29,0.541,0.278,0.886,13.93,13.64,14.57,-5.43,9.14,0.242,18.43,0.143,,,,,,,,
2022,1,Cleveland St.,530029,ASUN,3-10,6.85,6.08,0.856,0.457,29.46,0.575,0.271,0.859,18.0,14.15,12.62,-1.46,11.15,0.271,17.08,0.231,,,,,,,,
2022,1,Colgate,530030,Patriot,4-9,4.62,6.15,0.816,0.538,25.85,0.688,0.108,0.896,14.23,13.15,11.62,-2.0,9.62,0.254,17.23,0.308,,,,,,,,
2022,1,Cornell,530031,Ivy League,14-5,7.05,8.47,0.844,0.464,34.68,0.667,0.367,0.781,20.05,12.0,11.16,1.84,13.0,0.303,14.84,0.737,,,,,,,,
2022,1,Dartmouth,530032,Ivy League,4-9,5.38,7.38,0.805,0.537,32.23,0.565,0.282,0.843,14.85,13.62,12.46,-3.0,9.46,0.23,18.69,0.308,,,,,,,,
2022,1,Delaware,530033,CAA,13-6,7.84,7.0,0.887,0.459,29.89,0.614,0.351,0.881,21.26,11.42,10.79,2.63,13.42,0.316,13.63,0.684,,,,,,,,
2022,1,Denver,530034,Big East,9-6,8.6,6.73,0.883,0.556,28.07,0.549,0.444,0.849,22.33,11.93,11.47,2.27,13.73,0.299,13.67,0.6,,,,,,,,
2022,1,Detroit Mercy,530035,ASUN,2-9,2.82,6.55,0.755,0.426,30.55,0.513,0.286,0.897,10.45,14.18,15.55,-7.91,7.64,0.206,20.55,0.182,,,,,,,,
2022,1,Drexel,530036,CAA,6-8,7.71,7.0,0.875,0.378,29.36,0.714,0.34,0.89,19.64,12.57,13.43,-1.5,11.93,0.318,16.14,0.429,,,,,,,,
2022,1,Duke,530037,ACC,11-6,8.35,7.24,0.855,0.546,34.59,0.611,0.6,0.854,23.76,13.59,11.18,4.24,15.41,0.349,15.29,0.647,,,,,,,,
2022,1,Fairfield,530038,CAA,7-7,7.36,8.5,0.906,0.511,34.36,0.66,0.55,0.835,21.14,12.64,13.36,0.43,13.79,0.311,16.57,0.5,,,,,,,,
2022,1,Georgetown,530039,Big East,15-2,8.65,9.94,0.89,0.59,37.65,0.682,0.333,0.851,23.71,12.71,8.18,6.88,15.06,0.308,15.0,0.882,,,,,,,,
2022,1,Hampton,530040,SoCon,0-10,1.7,7.0,0.678,0.412,22.0,0.69,0.063,0.943,6.4,18.7,20.9,-16.2,4.7,0.215,25.5,0.0,,,,,,,,
2022,1,Harvard,530042,Ivy League,8-5,6.38,10.08,0.814,0.397,33.62,0.537,0.279,0.779,19.54,12.38,12.23,0.92,13.15,0.32,18.15,0.615,,,,,,,,
2022,1,High Point,530090,SoCon,7-8,7.27,9.0,0.824,0.458,30.07,0.684,0.333,0.765,20.67,11.73,11.93,1.47,13.4,0.313,15.07,0.467,,,,,,,,
2022,1,Hobart,530043,NEC,7-6,7.46,8.69,0.869,0.551,32.77,0.639,0.383,0.819,21.54,10.85,12.08,2.0,14.08,0.278,14.69,0.538,,,,,,,,
2022,1,Hofstra,530044,CAA,6-9,4.8,7.8,0.865,0.447,28.8,0.659,0.185,0.916,14.8,12.13,11.0,-1.0,10.0,0.294,17.47,0.4,,,,,,,,
2022,1,Holy Cross,530045,Patriot,1-13,5.21,7.64,0.809,0.443,27.64,0.632,0.222,0.893,13.79,13.79,16.79,-8.21,8.57,0.245,20.0,0.071,,,,,,,,
2022,1,Jacksonville,530046,SoCon,14-3,9.47,10.35,0.886,0.51,32.71,0.722,0.355,0.792,25.53,11.65,8.59,7.47,16.06,0.381,16.82,0.824,,,,,,,,
2022,1,Johns Hopkins,530047,Big Ten,7-9,6.63,7.63,0.835,0.494,31.19,0.647,0.378,0.891,17.56,11.0,12.63,-1.69,10.94,0.269,16.69,0.438,,,,,,,,
2022,1,LIU,530018,NEC,7-8,6.93,7.4,0.864,0.515,35.6,0.672,0.358,0.892,18.07,13.33,10.73,0.4,11.13,0.315,18.93,0.467,,,,,,,,
2022,1,Lafayette,530048,Patriot,4-11,6.47,7.33,0.89,0.429,28.93,0.65,0.429,0.894,18.53,9.47,14.67,-2.6,12.07,0.319,14.2,0.267,,,,,,,,
2022,1,Lehigh,530049,Patriot,8-7,6.67,8.53,0.818,0.623,34.47,0.633,0.319,0.852,18.07,11.67,9.8,1.6,11.4,0.277,17.4,0.533,,,,,,,,
2022,1,Loyola Maryland,530051,Patriot,8-8,7.88,8.88,0.904,0.536,33.63,0.667,0.425,0.821,19.56,10.75,11.63,0.06,11.69,0.28,15.5,0.5,,,,,,,,
2022,1,Manhattan,530052,MAAC,8-7,4.27,7.2,0.905,0.299,23.67,0.688,0.385,0.91,13.33,10.6,9.93,-0.87,9.07,0.272,13.47,0.533,,,,,,,,
2022,1,Marist,530053,MAAC,7-8,5.47,8.93,0.889,0.453,30.13,0.571,0.295,0.909,15.4,13.4,12.4,-2.47,9.93,0.245,15.6,0.467,,,,,,,,
2022,1,Marquette,530054,Big East,4-11,5.47,7.8,0.867,0.572,29.67,0.711,0.426,0.873,15.93,12.93,12.87,-2.4,10.47,0.262,18.2,0.267,,,,,,,,
2022,1,Maryland,530056,Big Ten,18-0,11.33,8.83,0.894,0.633,37.22,0.619,0.48,0.889,29.0,13.0,9.0,8.67,17.67,0.391,14.56,1.0,,,,,,,,
2022,1,Massachusetts,530057,CAA,8-6,6.36,6.0,0.88,0.579,32.86,0.58,0.344,0.82,18.21,12.5,11.21,0.64,11.86,0.288,15.14,0.571,,,,,,,,
2022,1,Mercer,530058,SoCon,5-10,6.33,6.67,0.879,0.511,26.33,0.66,0.275,0.917,16.8,12.8,13.8,-3.33,10.47,0.282,17.8,0.333,,,,,,,,
2022,1,Michigan,530059,Big Ten,7-8,8.6,7.93,0.85,0.583,32.47,0.643,0.5,0.801,22.67,12.4,11.13,2.93,14.07,0.297,15.4,0.467,,,,,,,,
2022,1,Monmouth,530060,MAAC,5-7,4.17,7.33,0.852,0.514,29.58,0.769,0.306,0.854,11.5,13.75,10.17,-2.83,7.33,0.205,17.17,0.417,,,,,,,,
2022,1,Mount St. Mary's,530061,NEC,5-10,5.07,8.4,0.818,0.457,31.47,0.649,0.256,0.793,14.07,12.67,12.07,-3.07,9.0,0.222,19.53,0.333,,,,,,,,
2022,1,NJIT,530063,America East,0-13,4.0,6.31,0.786,0.452,26.23,0.646,0.18,0.908,10.92,14.23,14.85,-7.92,6.92,0.199,21.08,0.0,,,,,,,,
2022,1,Navy,530083,Patriot,9-6,6.67,7.73,0.856,0.475,34.93,0.629,0.372,0.832,17.33,11.33,10.13,0.53,10.67,0.266,17.6,0.6,,,,,,,,
2022,1,North Carolina,530062,ACC,8-6,7.71,6.21,0.862,0.515,30.5,0.512,0.382,0.854,19.29,13.0,12.86,-1.29,11.57,0.26,15.0,0.571,,,,,,,,
2022,1,Notre Dame,530064,ACC,8-4,7.75,8.92,0.907,0.455,32.25,0.583,0.677,0.816,22.5,14.25,10.08,4.67,14.75,0.329,14.08,0.667,,,,,,,,
2022,1,Ohio St.,530065,Big Ten,10-6,7.38,5.44,0.867,0.586,32.63,0.75,0.556,0.899,21.0,12.0,11.63,2.0,13.63,0.333,14.94,0.625,,,,,,,,
2022,1,Penn,530067,Ivy League,11-5,7.88,7.56,0.832,0.506,33.44,0.566,0.434,0.86,20.69,14.19,11.06,1.75,12.81,0.318,18.19,0.688,,,,,,,,
2022,1,Penn St.,530066,Big Ten,3-11,6.43,7.21,0.874,0.43,30.36,0.596,0.347,0.863,17.64,14.5,13.64,-2.43,11.21,0.293,17.43,0.214,,,,,,,,
2022,1,Princeton,530068,Ivy League,11-5,7.56,9.94,0.864,0.498,38.25,0.632,0.413,0.832,22.38,14.06,11.31,3.5,14.81,0.317,15.63,0.688,,,,,,,,
2022,1,Providence,530069,Big East,6-8,5.64,6.36,0.874,0.448,28.36,0.686,0.375,0.834,16.71,11.57,14.14,-3.07,11.07,0.261,16.29,0.429,,,,,,,,
2022,1,Quinnipiac,530070,MAAC,2-11,5.38,7.38,0.799,0.521,31.54,0.447,0.326,0.836,15.77,13.31,14.08,-3.69,10.38,0.248,17.54,0.154,,,,,,,,
2022,1,Richmond,530071,SoCon,11-5,9.06,9.63,0.857,0.519,32.56,0.531,0.375,0.861,23.06,13.19,10.06,3.94,14.0,0.323,15.31,0.688,,,,,,,,
2022,1,Robert Morris,530072,ASUN,10-6,8.0,9.13,0.881,0.516,29.19,0.716,0.432,0.853,20.94,12.88,12.63,0.31,12.94,0.331,17.81,0.625,,,,,,,,
2022,1,Rutgers,530073,Big Ten,15-4,7.89,8.47,0.905,0.474,32.05,0.612,0.385,0.897,22.37,13.0,11.32,3.16,14.47,0.307,13.32,0.789,,,,,,,,
2022,1,Sacred Heart,530074,NEC,3-10,6.46,7.46,0.848,0.397,27.0,0.558,0.298,0.888,17.0,14.0,14.62,-4.08,10.54,0.288,16.23,0.231,,,,,,,,
2022,1,Saint Joseph's,530076,NEC,14-4,7.56,6.39,0.877,0.653,29.83,0.583,0.367,0.848,21.56,11.17,10.44,3.56,14.0,0.324,16.06,0.778,,,,,,,,
2022,1,Siena,530077,MAAC,6-9,6.27,7.8,0.838,0.492,30.6,0.66,0.442,0.864,16.47,14.13,10.6,-0.4,10.2,0.246,15.93,0.4,,,,,,,,
2022,1,St. Bonaventure,530019,MAAC,11-4,6.67,7.6,0.852,0.5,27.33,0.679,0.433,0.856,17.4,17.47,8.93,1.8,10.73,0.311,16.8,0.733,,,,,,,,
2022,1,St. John's (NY),530075,Big East,2-12,6.36,6.43,0.838,0.357,22.79,0.455,0.264,0.909,15.29,12.57,18.36,-9.43,8.93,0.262,17.0,0.143,,,,,,,,
2022,1,Stony Brook,530078,America East,9-5,6.5,7.5,0.868,0.52,34.43,0.547,0.4,0.883,19.43,11.79,11.57,1.36,12.93,0.291,16.64,0.643,,,,,,,,
2022,1,Syracuse,530079,ACC,4-10,6.57,9.36,0.858,0.578,35.07,0.426,0.341,0.835,19.93,10.07,14.71,-1.36,13.36,0.283,14.43,0.286,,,,,,,,
2022,1,Towson,530080,CAA,7-9,6.44,7.25,0.886,0.436,29.63,0.677,0.396,0.874,17.69,13.44,11.94,-0.69,11.25,0.273,15.81,0.438,,,,,,,,
2022,1,UAlbany,530021,America East,5-10,7.0,7.0,0.87,0.495,31.2,0.702,0.407,0.882,17.33,10.6,14.27,-3.93,10.33,0.292,18.73,0.333,,,,,,,,
2022,1,UMBC,530055,America East,6-7,5.54,6.54,0.844,0.508,30.23,0.75,0.304,0.878,16.15,10.54,10.08,0.54,10.62,0.292,18.08,0.462,,,,,,,,
2022,1,UMass Lowell,530050,America East,2-11,5.23,6.31,0.782,0.507,28.54,0.638,0.39,0.884,15.15,10.69,14.85,-4.92,9.92,0.23,16.92,0.154,,,,,,,,
2022,1,Utah,530020,ASUN,10-4,8.79,6.79,0.911,0.536,31.93,0.689,0.4,0.895,22.43,10.36,11.36,2.29,13.64,0.318,15.43,0.714,,,,,,,,
2022,1,VMI,530086,SoCon,4-11,5.73,9.2,0.841,0.395,28.67,0.647,0.34,0.829,15.33,12.13,13.27,-3.67,9.6,0.236,17.07,0.267,,,,,,,,
2022,1,Vermont,530084,America East,12-7,8.37,9.47,0.867,0.606,32.79,0.763,0.274,0.822,21.58,11.05,9.21,4.0,13.21,0.308,15.79,0.632,,,,,,,,
2022,1,Villanova,530085,Big East,9-6,8.2,9.13,0.839,0.577,31.33,0.738,0.469,0.833,21.47,12.13,11.67,1.6,13.27,0.285,14.93,0.6,,,,,,,,
2022,1,Virginia,530087,ACC,12-4,8.81,9.06,0.888,0.556,38.13,0.683,0.5,0.789,24.31,11.5,11.94,3.56,15.5,0.331,14.88,0.75,,,,,,,,
2022,1,Wagner,530088,NEC,3-9,2.67,7.33,0.832,0.373,23.92,0.759,0.233,0.886,10.0,14.33,10.08,-2.75,7.33,0.196,17.25,0.25,,,,,,,,
2022,1,Yale,530089,Ivy League,12-5,9.24,8.82,0.838,0.543,35.65,0.673,0.48,0.771,24.12,14.18,13.24,1.65,14.88,0.316,17.12,0.706,,,,,,,,
2022,2,Adams St.,530163,RMAC,1-9,1.6,8.0,0.747,0.45,21.7,0.608,0.065,0.871,6.0,11.6,16.3,-11.9,4.4,0.165,23.3,0.1,,,,,,,,
2022,2,Adelphi,530139,NE10,15-2,6.82,8.94,0.845,0.595,32.47,0.722,0.321,0.759,19.29,10.65,7.59,4.88,12.47,0.298,18.76,0.882,,,,,,,,
2022,2,Alabama Huntsville,530140,Peach Belt,10-7,6.65,9.71,,0.548,31.88,0.639,0.271,0.858,19.18,11.29,10.06,2.47,12.53,0.275,19.06,0.588,,,,,,,,
2022,2,Alderson Broaddus,530164,G-MAC,1-11,3.33,9.92,0.77,0.272,19.08,0.714,0.163,0.942,10.08,15.0,16.0,-9.25,6.75,0.22,20.92,0.083,,,,,,,,
2022,2,American Int'l,530141,NE10,1-14,2.87,8.67,0.739,0.427,26.87,0.593,0.2,0.879,9.07,15.4,15.07,-8.87,6.2,0.2,24.4,0.067,,,,,,,,
2022,2,Anderson (SC),530092,SAC,9-7,9.0,7.88,0.828,0.623,38.13,0.681,0.392,0.841,23.63,14.38,13.0,1.63,14.63,0.321,18.88,0.563,,,,,,,,
2022,2,Assumption,530142,NE10,4-9,3.08,7.62,0.849,0.468,27.69,0.737,0.184,0.838,12.31,14.38,12.62,-3.38,9.23,0.245,17.69,0.308,,,,,,,,
2022,2,Barton,530138,Conference Carolinas,9-7,8.06,7.81,0.821,0.54,36.38,0.738,0.458,0.782,20.06,12.5,11.31,0.69,12.0,0.301,18.38,0.563,,,,,,,,
2022,2,Belmont Abbey,530109,Conference Carolinas,10-5,9.2,8.13,0.833,0.578,33.13,0.747,0.357,0.893,22.2,15.53,9.73,3.27,13.0,0.304,19.4,0.667,,,,,,,,
2022,2,Bentley,530143,NE10,8-6,7.21,7.86,0.899,0.654,34.43,0.78,0.3,0.807,20.0,10.86,10.07,2.71,12.79,0.265,15.86,0.571,,,,,,,,
2022,2,CSU Pueblo,530110,RMAC,3-9,5.5,8.0,0.828,0.312,23.58,0.911,0.269,0.846,15.58,15.5,13.08,-3.0,10.08,0.297,20.42,0.25,,,,,,,,
2022,2,Caldwell,530094,CACC,3-10,4.46,7.69,0.805,0.39,26.85,0.702,0.228,0.798,13.46,12.62,14.54,-5.54,9.0,0.218,20.0,0.231,,,,,,,,
2022,2,Catawba,530097,SAC,5-10,3.6,7.8,0.804,0.355,31.2,0.457,0.4,0.835,12.8,12.87,15.53,-6.33,9.2,0.245,21.33,0.333,,,,,,,,
2022,2,Chestnut Hill,530121,CACC,11-6,8.59,11.41,0.875,0.458,34.59,0.734,0.368,0.747,23.18,13.71,10.12,4.47,14.59,0.336,20.0,0.647,,,,,,,,
2022,2,Chowan,530112,Conference Carolinas,6-8,9.29,12.36,0.801,0.386,38.36,0.579,0.431,0.813,23.21,13.71,16.57,-2.64,13.93,0.391,21.5,0.429,,,,,,,,
2022,2,Coker,530098,SAC,2-14,4.5,8.0,0.721,0.383,30.69,0.648,0.173,0.838,12.5,13.63,15.56,-7.56,8.0,0.241,21.63,0.125,,,,,,,,
2022,2,Colorado Mesa,530116,RMAC,14-4,9.39,10.39,0.874,0.728,41.17,0.693,0.361,0.8,24.83,8.17,9.39,6.06,15.44,0.283,17.67,0.778,,,,,,,,
2022,2,D'Youville,534882,ECC,0-11,2.27,4.64,0.599,0.466,27.91,0.511,0.239,0.819,7.18,13.55,19.64,-14.73,4.91,0.195,22.82,0.0,,,,,,,,
2022,2,Davenport,530096,GLVC,5-8,5.54,8.0,0.842,0.49,29.62,0.727,0.366,0.834,15.15,11.77,11.46,-1.85,9.62,0.291,19.69,0.385,,,,,,,,
2022,2,Davis & Elkins,530144,G-MAC,2-12,5.64,5.93,0.658,0.305,20.93,0.727,0.232,0.846,15.0,19.21,16.5,-7.14,9.36,0.335,24.36,0.143,,,,,,,,
2022,2,Dist. Columbia,530145,ECC,3-7,6.2,9.5,0.667,0.594,41.1,0.603,0.211,0.824,16.7,15.3,14.7,-4.2,10.5,0.248,22.8,0.3,,,,,,,,
2022,2,Dominican (NY),530113,CACC,6-7,4.54,8.38,0.75,0.567,31.77,0.75,0.22,0.861,13.15,16.85,13.23,-4.62,8.62,0.217,22.08,0.462,,,,,,,,
2022,2,Embry-Riddle (FL),530132,Sunshine State,4-13,5.65,7.35,0.852,0.568,31.47,0.726,0.203,0.883,15.88,11.18,12.65,-2.41,10.24,0.267,19.29,0.235,,,,,,,,
2022,2,Emmanuel (GA),530128,Conference Carolinas,2-12,4.5,6.64,0.784,0.412,24.57,0.561,0.122,0.821,11.43,13.21,14.79,-7.86,6.93,0.26,19.14,0.143,,,,,,,,
2022,2,Felician,530135,CACC,7-7,4.0,9.79,0.818,0.638,42.79,0.742,0.159,0.795,14.5,12.86,12.14,-1.64,10.5,0.239,23.0,0.5,,,,,,,,
2022,2,Fla. Southern,530147,Sunshine State,12-6,9.22,10.78,0.873,0.642,38.11,0.608,0.222,0.794,24.33,12.33,11.67,3.44,15.11,0.293,20.11,0.667,,,,,,,,
2022,2,Flagler,534897,Peach Belt,3-14,4.88,8.24,0.848,0.485,35.35,0.638,0.353,0.88,15.24,12.71,15.53,-5.18,10.35,0.258,18.94,0.176,,,,,,,,
2022,2,Florida Tech,530146,Sunshine State,10-6,7.75,12.81,0.872,0.447,37.69,0.747,0.4,0.844,21.19,12.63,12.06,1.38,13.44,0.299,17.25,0.625,,,,,,,,
2022,2,Franklin Pierce,530148,NE10,6-7,5.38,7.85,0.84,0.389,28.77,0.764,0.208,0.843,15.31,12.77,10.23,-0.31,9.92,0.251,17.46,0.462,,,,,,,,
2022,2,Georgian Court,530114,CACC,6-11,6.18,6.94,0.79,0.567,37.12,0.661,0.263,0.839,17.65,13.65,14.41,-2.94,11.47,0.3,22.35,0.353,,,,,,,,
2022,2,Lake Erie,530111,G-MAC,7-7,5.64,8.0,0.802,0.594,32.79,0.548,0.281,0.846,16.43,13.07,13.0,-2.21,10.79,0.282,21.93,0.5,,,,,,,,
2022,2,Lander,530137,Peach Belt,11-6,8.71,10.12,0.899,0.517,45.47,0.608,0.333,0.769,24.18,13.71,9.82,5.65,15.47,0.336,19.29,0.647,,,,,,,,
2022,2,Le Moyne,530150,NE10,16-4,7.2,6.55,0.878,0.586,30.65,0.717,0.354,0.815,19.95,10.8,7.95,4.8,12.75,0.297,16.35,0.8,,,,,,,,
2022,2,Lees-McRae,530119,Conference Carolinas,3-12,4.73,9.47,0.767,0.343,29.47,0.603,0.206,0.793,14.67,12.4,18.87,-8.93,9.93,0.288,23.47,0.2,,,,,,,,
2022,2,Lenoir-Rhyne,530099,SAC,15-4,8.47,9.53,0.89,0.561,33.32,0.683,0.389,0.821,22.89,11.16,8.79,5.63,14.42,0.312,15.63,0.789,,,,,,,,
2022,2,Lewis,530095,GLVC,9-6,6.67,8.87,0.851,0.442,28.6,0.793,0.333,0.81,18.2,10.47,10.6,0.93,11.53,0.316,17.6,0.6,,,,,,,,
2022,2,Limestone,530100,SAC,17-3,7.45,11.15,0.859,0.619,46.15,0.759,0.429,0.737,23.95,12.4,9.25,7.25,16.5,0.333,21.45,0.85,,,,,,,,
2022,2,Lincoln Memorial,530101,SAC,4-13,4.29,8.0,0.745,0.409,27.65,0.615,0.273,0.846,12.24,12.47,15.18,-7.24,7.94,0.262,23.88,0.235,,,,,,,,
2022,2,Lindenwood,530123,GLVC,12-4,7.31,11.0,0.852,0.548,34.56,0.712,0.354,0.82,19.75,10.56,7.88,4.56,12.44,0.283,16.56,0.75,,,,,,,,
2022,2,Lynn,530120,Sunshine State,5-10,5.8,10.6,0.833,0.398,26.8,0.697,0.292,0.805,17.4,13.13,13.13,-1.53,11.6,0.31,15.47,0.333,,,,,,,,
2022,2,Mars Hill,530102,SAC,4-11,5.93,5.4,0.767,0.457,30.0,0.59,0.348,0.854,17.33,15.0,16.33,-4.93,11.4,0.313,23.6,0.267,,,,,,,,
2022,2,Maryville (MO),530151,GLVC,9-5,7.29,8.79,0.891,0.522,32.71,0.694,0.246,0.831,19.86,8.64,10.14,2.43,12.57,0.278,14.86,0.643,,,,,,,,
2022,2,Mercy,530152,ECC,16-2,8.78,9.0,0.865,0.578,35.22,0.672,0.368,0.826,22.94,11.78,8.5,5.67,14.17,0.33,16.33,0.889,,,,,,,,
2022,2,Mercyhurst,530153,G-MAC,11-5,11.38,9.31,0.845,0.692,40.13,0.778,0.449,0.687,28.5,10.63,9.19,7.94,17.13,0.34,17.19,0.688,,,,,,,,
2022,2,Molloy,530154,ECC,7-10,6.24,8.53,0.811,0.254,27.18,0.692,0.281,0.883,16.24,15.82,11.88,-1.88,10.0,0.278,21.71,0.412,,,,,,,,
2022,2,Montevallo,530130,Peach Belt,11-7,9.28,10.39,0.886,0.557,32.78,0.739,0.313,0.821,24.11,14.72,10.67,4.17,14.83,0.325,20.22,0.611,,,,,,,,
2022,2,Mount Olive,530103,Conference Carolinas,10-6,7.0,6.38,0.834,0.65,30.56,0.745,0.406,0.879,19.13,14.0,9.38,2.75,12.13,0.294,18.56,0.625,,,,,,,,
2022,2,Newberry,530134,SAC,10-7,7.71,9.0,0.85,0.518,33.82,0.608,0.45,0.804,22.0,11.0,12.41,1.88,14.29,0.34,17.53,0.588,,,,,,,,
2022,2,North Greenville,530115,Conference Carolinas,9-9,7.11,8.83,0.861,0.457,34.06,0.7,0.488,0.81,20.94,10.11,12.72,1.11,13.83,0.31,18.72,0.5,,,,,,,,
2022,2,Pace,530157,NE10,11-4,9.2,13.13,0.851,0.481,34.93,0.765,0.267,0.78,23.47,13.4,8.13,6.13,14.27,0.305,17.33,0.733,,,,,,,,
2022,2,Palm Beach Atl.,530131,Sunshine State,5-9,4.43,13.0,0.816,0.483,34.64,0.641,0.269,0.767,14.36,11.14,12.71,-2.79,9.93,0.254,21.36,0.357,,,,,,,,
2022,2,Post,530104,CACC,4-8,6.08,5.58,0.842,0.373,28.25,0.659,0.269,0.871,16.42,17.33,13.5,-3.17,10.33,0.297,20.17,0.333,,,,,,,,
2022,2,Queens (NC),530117,SAC,12-5,10.47,8.35,0.793,0.619,37.24,0.725,0.479,0.819,26.47,11.24,10.18,5.82,16.0,0.354,19.82,0.706,,,,,,,,
2022,2,Quincy,530165,GLVC,4-10,5.21,7.36,0.843,0.48,24.71,0.806,0.183,0.874,12.36,15.21,11.14,-4.0,7.14,0.213,20.36,0.286,,,,,,,,
2022,2,Roberts Wesleyan,530125,ECC,10-5,9.47,9.67,0.782,0.622,36.8,0.706,0.471,0.76,25.33,9.6,12.6,3.27,15.87,0.355,20.07,0.667,,,,,,,,
2022,2,Rockhurst,530105,GLVC,8-6,6.0,10.5,0.857,0.389,25.86,0.691,0.279,0.831,17.71,14.5,10.64,1.07,11.71,0.281,20.14,0.571,,,,,,,,
2022,2,Rollins,530158,Sunshine State,12-3,7.4,11.47,0.857,0.467,32.4,0.705,0.31,0.801,22.53,10.27,10.6,4.53,15.13,0.334,17.2,0.8,,,,,,,,
2022,2,Saint Leo,530160,Sunshine State,6-8,8.71,6.21,0.793,0.548,35.64,0.727,0.451,0.865,23.43,14.86,14.57,0.14,14.71,0.355,18.93,0.429,,,,,,,,
2022,2,Saint Michael's,530161,NE10,3-12,5.4,9.27,0.777,0.385,28.67,0.642,0.46,0.869,14.8,16.93,13.27,-3.87,9.4,0.244,18.33,0.2,,,,,,,,
2022,2,Saint Rose,530106,NE10,8-9,5.82,10.18,0.817,0.342,29.29,0.776,0.275,0.849,16.53,14.41,11.53,-0.82,10.71,0.268,18.0,0.471,,,,,,,,
2022,2,Seton Hill,530122,G-MAC,13-7,8.3,6.85,0.87,0.694,33.8,0.695,0.352,0.822,23.45,11.0,9.3,5.85,15.15,0.286,15.35,0.65,,,,,,,,
2022,2,Shorter,530126,Peach Belt,3-14,4.06,6.41,0.767,0.314,22.71,0.375,0.304,0.929,11.82,16.24,18.18,-10.41,7.76,0.238,20.71,0.176,,,,,,,,
2022,2,Southern N.H.,530155,NE10,7-6,7.0,8.31,0.818,0.65,36.54,0.737,0.368,0.822,19.0,12.62,12.77,-0.77,12.0,0.264,18.77,0.538,,,,,,,,
2022,2,St. Anselm,530159,NE10,10-6,8.0,9.56,0.879,0.467,34.13,0.646,0.343,0.746,22.69,11.06,10.06,4.63,14.69,0.275,14.63,0.625,,,,,,,,
2022,2,St. Thomas Aquinas,530107,ECC,2-12,4.21,4.29,0.749,0.359,25.07,0.69,0.211,0.909,11.64,16.43,13.64,-6.21,7.43,0.256,21.71,0.143,,,,,,,,
2022,2,Tampa,530162,Sunshine State,21-0,7.81,11.19,0.886,0.546,37.71,0.854,0.278,0.842,23.33,15.05,8.71,6.81,15.52,0.342,16.38,1.0,,,,,,,,
2022,2,Tusculum,530118,SAC,9-7,8.69,4.94,0.804,0.514,31.94,0.551,0.608,0.81,22.63,15.19,13.88,0.06,13.94,0.381,20.0,0.563,,,,,,,,
2022,2,UAH,530140,Peach Belt,10-7,,,0.894,,,,,,,,,,,,,0.5882352941176471,,,,,,,,
2022,2,UIndy,530149,GLVC,14-4,7.11,9.72,0.897,0.54,31.44,0.714,0.364,0.851,19.44,9.44,8.11,4.22,12.33,0.273,15.17,0.778,,,,,,,,
2022,2,Walsh,530124,G-MAC,4-10,5.07,8.79,0.788,0.358,24.36,0.683,0.218,0.789,14.43,13.71,12.0,-2.64,9.36,0.294,20.07,0.286,,,,,,,,
2022,2,Westminster (UT),530129,RMAC,10-4,5.93,6.5,0.867,0.438,23.36,0.75,0.385,0.862,18.07,12.86,8.71,3.43,12.14,0.321,15.21,0.714,,,,,,,,
2022,2,Wheeling,530093,G-MAC,4-9,5.46,5.85,0.739,0.408,25.54,0.733,0.241,0.856,13.54,12.92,12.46,-4.38,8.08,0.231,21.23,0.308,,,,,,,,
2022,2,Wilmington (DE),530133,CACC,11-4,10.47,10.0,0.87,0.529,41.6,0.708,0.4,0.765,26.6,12.47,9.6,6.53,16.13,0.313,19.13,0.733,,,,,,,,
2022,2,Wingate,530108,SAC,13-5,9.11,9.06,0.841,0.508,37.94,0.667,0.37,0.751,24.94,10.83,9.44,6.39,15.83,0.322,14.33,0.722,,,,,,,,
2022,2,Young Harris,530127,Peach Belt,1-14,3.8,8.4,0.737,0.406,26.53,0.565,0.217,0.876,11.8,15.2,15.13,-7.13,8.0,0.273,24.27,0.067,,,,,,,,
2023,1,Air Force,546929,ASUN,11-6,6.12,8.06,0.902,0.388,27.12,0.729,0.425,0.842,18.24,11.71,10.0,2.12,12.12,0.302,16.41,0.647,,,,,,,,
2023,1,Army West Point,546930,Patriot,13-4,6.59,7.76,0.849,0.61,36.06,0.673,0.5,0.821,19.41,10.94,9.12,3.71,12.82,0.304,16.35,0.765,,,,,,,,
2023,1,Bellarmine,546870,ASUN,11-6,7.53,7.59,0.9,0.483,29.76,0.734,0.326,0.852,21.24,11.94,11.35,2.35,13.71,0.332,15.47,0.647,,,,,,,,
2023,1,Binghamton,546871,America East,9-5,7.07,7.14,0.855,0.557,31.71,0.565,0.468,0.847,20.43,14.0,11.71,1.64,13.36,0.314,17.14,0.643,,,,,,,,
2023,1,Boston U.,546872,Patriot,10-4,9.0,12.07,0.821,0.497,36.07,0.635,0.583,0.788,22.79,10.57,11.07,2.71,13.79,0.305,17.07,0.714,,,,,,,,
2023,1,Brown,546873,Ivy League,6-8,7.07,6.71,0.877,0.588,32.21,0.618,0.372,0.853,19.43,13.0,13.21,-0.86,12.36,0.285,17.93,0.429,,,,,,,,
2023,1,Bryant,546874,America East,12-5,7.35,8.53,0.888,0.566,37.24,0.574,0.441,0.872,21.53,11.71,12.29,1.88,14.18,0.329,17.18,0.706,,,,,,,,
2023,1,Bucknell,546875,Patriot,3-10,7.0,11.46,0.823,0.399,29.77,0.589,0.453,0.806,18.31,11.23,12.46,-1.15,11.31,0.272,17.46,0.231,,,,,,,,
2023,1,Canisius,546876,MAAC,2-13,4.8,5.53,0.844,0.476,30.8,0.667,0.408,0.867,15.13,12.87,13.73,-3.4,10.33,0.28,16.73,0.133,,,,,,,,
2023,1,Cleveland St.,546877,ASUN,6-7,6.54,5.85,0.867,0.468,28.46,0.71,0.486,0.856,18.08,12.69,12.92,-1.38,11.54,0.322,18.0,0.462,,,,,,,,
2023,1,Colgate,546878,Patriot,2-9,5.64,8.27,0.827,0.509,30.55,0.517,0.333,0.893,16.73,12.27,12.0,-0.91,11.09,0.289,16.82,0.182,,,,,,,,
2023,1,Cornell,546879,Ivy League,11-4,7.4,9.4,0.897,0.494,36.67,0.643,0.517,0.818,22.2,12.07,11.27,3.53,14.8,0.334,15.33,0.733,,,,,,,,
2023,1,Dartmouth,546880,Ivy League,6-6,6.42,9.08,0.826,0.552,33.0,0.588,0.364,0.825,18.08,10.75,14.42,-2.75,11.67,0.293,20.75,0.5,,,,,,,,
2023,1,Delaware,546881,CAA,13-5,8.22,9.22,0.91,0.481,31.06,0.739,0.51,0.842,22.94,10.5,9.44,5.28,14.72,0.341,13.78,0.722,,,,,,,,
2023,1,Denver,546882,Big East,10-5,6.67,5.73,0.874,0.604,28.07,0.545,0.349,0.852,18.27,8.53,10.13,1.47,11.6,0.328,16.2,0.667,,,,,,,,
2023,1,Detroit Mercy,546883,ASUN,2-11,3.85,7.85,0.836,0.361,26.23,0.593,0.246,0.894,12.46,14.15,15.69,-7.08,8.62,0.23,15.54,0.154,,,,,,,,
2023,1,Drexel,546884,CAA,8-6,6.93,7.36,0.86,0.555,31.5,0.721,0.326,0.927,19.29,11.79,11.71,0.64,12.36,0.319,18.14,0.571,,,,,,,,
2023,1,Duke,546885,ACC,16-3,7.68,8.21,0.9,0.602,35.63,0.662,0.431,0.88,22.53,11.11,10.89,3.95,14.84,0.325,15.26,0.842,,,,,,,,
2023,1,Fairfield,546886,CAA,5-9,6.21,9.36,0.864,0.46,32.93,0.66,0.239,0.813,18.21,11.57,12.71,-0.71,12.0,0.298,16.86,0.357,,,,,,,,
2023,1,Georgetown,546887,Big East,13-4,8.47,8.59,0.916,0.551,38.65,0.646,0.567,0.84,23.29,10.35,11.12,3.71,14.82,0.334,14.29,0.765,,,,,,,,
2023,1,Hampton,546888,CAA,2-12,3.71,9.71,0.755,0.456,30.29,0.596,0.395,0.865,11.14,12.21,16.79,-9.36,7.43,0.25,23.64,0.143,,,,,,,,
2023,1,Harvard,546890,Ivy League,5-7,7.33,10.5,0.891,0.44,35.58,0.667,0.377,0.789,19.83,11.33,13.42,-0.92,12.5,0.271,15.17,0.417,,,,,,,,
2023,1,High Point,546938,Atlantic 10,9-8,8.82,9.88,0.85,0.545,35.0,0.6,0.258,0.779,22.94,10.47,13.06,1.06,14.12,0.305,17.65,0.529,,,,,,,,
2023,1,Hobart,546891,Atlantic 10,5-8,6.31,6.0,0.845,0.505,27.92,0.58,0.451,0.817,19.54,12.0,14.38,-1.15,13.23,0.299,14.23,0.385,,,,,,,,
2023,1,Hofstra,546892,CAA,5-9,5.93,7.5,0.875,0.572,30.21,0.667,0.279,0.886,16.29,11.14,10.64,-0.29,10.36,0.25,16.64,0.357,,,,,,,,
2023,1,Holy Cross,546893,Patriot,1-13,4.57,6.14,0.792,0.421,28.64,0.52,0.239,0.895,13.36,15.43,15.79,-7.0,8.79,0.266,20.07,0.071,,,,,,,,
2023,1,Jacksonville,546894,ASUN,12-4,8.44,11.94,0.877,0.536,35.56,0.784,0.273,0.806,22.88,12.19,10.25,4.19,14.44,0.315,16.31,0.75,,,,,,,,
2023,1,Johns Hopkins,546895,Big Ten,12-6,7.44,7.5,0.882,0.496,31.94,0.667,0.341,0.867,20.0,11.61,11.06,1.5,12.56,0.329,16.0,0.667,,,,,,,,
2023,1,LIU,546866,MAAC,5-9,4.79,7.36,0.875,0.456,30.21,0.654,0.278,0.86,15.5,11.57,12.07,-1.36,10.71,0.266,16.57,0.357,,,,,,,,
2023,1,Lafayette,546896,Patriot,6-10,6.19,6.63,0.861,0.443,28.19,0.684,0.446,0.874,17.31,11.38,12.81,-1.69,11.13,0.298,15.19,0.375,,,,,,,,
2023,1,Lehigh,546897,Patriot,10-5,8.8,9.67,0.824,0.634,37.33,0.542,0.444,0.843,22.53,11.87,11.53,2.2,13.73,0.342,18.8,0.667,,,,,,,,
2023,1,Loyola Maryland,546899,Patriot,9-8,6.82,9.82,0.872,0.401,31.53,0.537,0.396,0.85,17.71,13.24,11.71,-0.82,10.88,0.283,14.82,0.529,,,,,,,,
2023,1,Manhattan,546900,MAAC,10-5,5.6,6.73,0.919,0.526,26.53,0.75,0.298,0.892,15.07,10.73,8.0,1.47,9.47,0.253,15.6,0.667,,,,,,,,
2023,1,Marist,546901,MAAC,10-8,7.33,7.78,0.842,0.482,33.0,0.606,0.364,0.919,20.78,11.78,12.78,0.67,13.44,0.326,15.0,0.556,,,,,,,,
2023,1,Marquette,546902,Big East,6-8,6.29,6.57,0.809,0.517,29.93,0.647,0.431,0.881,19.57,11.0,12.5,0.79,13.29,0.34,16.14,0.429,,,,,,,,
2023,1,Maryland,546904,Big Ten,10-6,7.44,7.75,0.93,0.596,34.38,0.649,0.395,0.895,19.69,10.5,10.94,1.31,12.25,0.293,15.56,0.625,,,,,,,,
2023,1,Massachusetts,546905,Atlantic 10,8-6,5.5,8.07,0.815,0.556,29.79,0.756,0.389,0.901,15.57,13.79,9.43,0.64,10.07,0.266,16.57,0.571,,,,,,,,
2023,1,Mercer,546906,ASUN,6-10,6.38,7.5,0.852,0.593,30.38,0.621,0.361,0.895,16.94,10.38,13.44,-2.88,10.56,0.267,17.44,0.375,,,,,,,,
2023,1,Michigan,546907,Big Ten,10-7,7.65,5.76,0.871,0.599,31.41,0.538,0.356,0.904,21.18,11.12,12.65,0.88,13.53,0.336,15.0,0.588,,,,,,,,
2023,1,Monmouth,546908,CAA,5-9,5.0,6.86,0.853,0.556,31.29,0.682,0.215,0.926,14.21,10.64,12.0,-2.79,9.21,0.251,15.79,0.357,,,,,,,,
2023,1,Mount St. Mary's,546909,MAAC,8-8,6.31,9.69,0.88,0.614,35.06,0.648,0.235,0.877,17.06,9.69,12.06,-1.31,10.75,0.257,17.81,0.5,,,,,,,,
2023,1,NJIT,546911,America East,3-10,5.46,7.15,0.853,0.499,27.92,0.689,0.45,0.928,15.92,14.77,13.08,-2.62,10.46,0.283,20.38,0.231,,,,,,,,
2023,1,Navy,546931,Patriot,8-8,6.25,7.19,0.868,0.577,32.56,0.5,0.244,0.849,16.5,11.25,10.44,-0.19,10.25,0.226,15.94,0.5,,,,,,,,
2023,1,North Carolina,546910,ACC,7-7,8.86,9.43,0.863,0.5,34.86,0.638,0.4,0.797,23.5,10.29,10.93,3.71,14.64,0.33,15.79,0.5,,,,,,,,
2023,1,Notre Dame,546912,ACC,14-2,8.31,9.69,0.894,0.469,35.06,0.632,0.537,0.867,23.81,13.13,9.69,5.81,15.5,0.342,12.94,0.875,,,,,,,,
2023,1,Ohio St.,546913,Big Ten,5-9,5.5,6.0,0.904,0.454,28.86,0.549,0.421,0.918,16.79,10.71,13.0,-1.71,11.29,0.31,15.43,0.357,,,,,,,,
2023,1,Penn,546915,Ivy League,7-6,7.54,5.85,0.884,0.452,27.77,0.587,0.31,0.895,19.38,13.69,11.23,0.62,11.85,0.3,15.31,0.538,,,,,,,,
2023,1,Penn St.,546914,Big Ten,11-5,8.06,7.25,0.862,0.455,32.06,0.739,0.471,0.853,21.56,14.19,11.0,2.5,13.5,0.343,16.88,0.688,,,,,,,,
2023,1,Princeton,546916,Ivy League,8-7,8.67,8.4,0.87,0.466,33.13,0.583,0.488,0.876,22.73,14.87,11.07,3.0,14.07,0.3,13.13,0.533,,,,,,,,
2023,1,Providence,546917,Big East,6-9,6.27,5.33,0.82,0.4,25.53,0.595,0.333,0.88,17.2,13.8,14.27,-3.33,10.93,0.304,16.67,0.4,,,,,,,,
2023,1,Quinnipiac,546918,MAAC,7-7,8.0,5.36,0.84,0.538,28.86,0.634,0.483,0.902,21.07,12.93,14.5,-1.43,13.07,0.304,16.0,0.5,,,,,,,,
2023,1,Richmond,546919,Atlantic 10,11-5,7.5,9.5,0.899,0.484,30.69,0.686,0.407,0.883,20.38,11.56,11.25,1.63,12.88,0.316,15.5,0.688,,,,,,,,
2023,1,Robert Morris,546920,ASUN,8-8,7.38,7.38,0.864,0.534,32.94,0.591,0.449,0.871,19.0,12.94,11.75,-0.13,11.63,0.295,17.13,0.5,,,,,,,,
2023,1,Rutgers,546921,Big Ten,8-6,6.43,8.36,0.892,0.527,32.21,0.658,0.364,0.887,18.79,11.07,10.79,1.57,12.36,0.27,11.93,0.571,,,,,,,,
2023,1,Sacred Heart,546922,MAAC,5-10,5.67,5.67,0.818,0.452,25.73,0.632,0.161,0.889,16.0,13.33,11.73,-1.4,10.33,0.301,17.67,0.333,,,,,,,,
2023,1,Saint Joseph's,546924,Atlantic 10,10-5,6.07,7.0,0.888,0.62,32.4,0.704,0.367,0.846,20.53,8.87,10.87,3.6,14.47,0.324,15.6,0.667,,,,,,,,
2023,1,Siena,546925,MAAC,9-7,6.81,10.0,0.918,0.44,31.38,0.694,0.524,0.892,18.0,11.31,11.19,0.0,11.19,0.256,13.56,0.563,,,,,,,,
2023,1,St. Bonaventure,546867,Atlantic 10,1-13,4.0,6.64,0.748,0.469,26.5,0.558,0.184,0.868,11.71,12.43,15.64,-7.93,7.71,0.23,17.79,0.071,,,,,,,,
2023,1,St. John's (NY),546923,Big East,0-14,5.07,9.14,0.849,0.265,24.79,0.528,0.236,0.845,14.36,14.57,15.43,-6.14,9.29,0.25,19.0,0.0,,,,,,,,
2023,1,Stony Brook,546926,CAA,9-7,6.94,6.56,0.853,0.471,31.69,0.827,0.373,0.897,20.0,12.38,11.5,1.56,13.06,0.302,14.94,0.563,,,,,,,,
2023,1,Syracuse,546927,ACC,8-7,8.67,8.47,0.89,0.419,27.93,0.677,0.565,0.865,23.0,14.33,12.13,2.2,14.33,0.336,12.4,0.533,,,,,,,,
2023,1,Towson,546928,CAA,6-9,7.0,8.73,0.891,0.546,33.87,0.568,0.293,0.833,18.93,11.13,10.47,1.47,11.93,0.282,17.47,0.4,,,,,,,,
2023,1,UAlbany,546869,America East,6-10,5.81,9.0,0.901,0.47,31.13,0.583,0.396,0.871,16.5,9.56,11.75,-1.06,10.69,0.253,16.25,0.375,,,,,,,,
2023,1,UMBC,546903,America East,8-5,5.31,8.46,0.868,0.459,27.85,0.625,0.257,0.831,17.15,10.0,9.62,2.23,11.85,0.281,14.77,0.615,,,,,,,,
2023,1,UMass Lowell,546898,America East,0-13,3.85,5.54,0.818,0.347,24.38,0.647,0.241,0.918,11.77,15.0,15.77,-7.85,7.92,0.293,18.23,0.0,,,,,,,,
2023,1,Utah,546868,ASUN,12-5,8.47,8.29,0.909,0.543,37.24,0.564,0.233,0.897,24.59,12.24,12.59,3.53,16.12,0.304,14.12,0.706,,,,,,,,
2023,1,VMI,546934,MAAC,6-9,5.53,7.67,0.866,0.493,28.93,0.641,0.313,0.832,15.87,13.93,13.33,-3.0,10.33,0.266,17.2,0.4,,,,,,,,
2023,1,Vermont,546932,America East,9-5,7.0,8.29,0.875,0.609,31.5,0.673,0.235,0.844,18.21,11.79,10.29,0.93,11.21,0.268,17.21,0.643,,,,,,,,
2023,1,Villanova,546933,Big East,10-5,7.33,8.87,0.886,0.536,32.87,0.725,0.5,0.813,20.27,10.2,10.87,2.07,12.93,0.288,15.2,0.667,,,,,,,,
2023,1,Virginia,546935,ACC,13-4,11.47,8.82,0.908,0.542,39.65,0.632,0.55,0.852,28.71,13.06,12.12,5.12,17.24,0.381,15.18,0.765,,,,,,,,
2023,1,Wagner,546936,MAAC,3-11,3.07,5.93,0.825,0.401,22.29,0.676,0.154,0.881,10.79,14.29,11.71,-4.0,7.71,0.211,16.64,0.214,,,,,,,,
2023,1,Yale,546937,Ivy League,9-6,7.8,7.67,0.835,0.525,34.0,0.519,0.255,0.845,22.93,14.67,14.0,1.13,15.13,0.324,15.53,0.6,,,,,,,,
2023,2,Adams St.,547011,RMAC,2-8,2.2,4.5,0.776,0.263,16.0,0.548,0.143,0.885,7.0,10.7,15.6,-10.8,4.8,0.223,15.1,0.2,,,,,,,,
2023,2,Adelphi,547003,NE10,16-4,7.8,10.65,0.906,0.525,33.25,0.75,0.347,0.725,21.95,11.35,7.5,6.65,14.15,0.32,16.25,0.8,,,,,,,,
2023,2,Alabama Huntsville,547004,Peach Belt,10-7,5.88,11.76,0.819,0.529,42.06,0.676,0.238,0.792,18.71,10.94,10.88,1.94,12.82,0.294,20.94,0.588,,,,,,,,
2023,2,Alderson Broaddus,547012,G-MAC,0-14,1.79,5.21,0.759,0.327,16.71,0.8,0.058,0.92,5.86,18.86,20.86,-16.79,4.07,0.178,18.21,0.0,,,,,,,,
2023,2,American Int'l,547005,NE10,2-13,4.6,10.8,0.784,0.306,26.33,0.547,0.246,0.901,11.53,14.0,13.27,-6.33,6.93,0.209,21.47,0.133,,,,,,,,
2023,2,Anderson (SC),546956,SAC,12-6,9.0,10.72,0.845,0.557,36.78,0.731,0.488,0.74,24.0,13.28,11.72,3.28,15.0,0.315,19.56,0.667,,,,,,,,
2023,2,Assumption,547006,NE10,4-10,4.5,9.57,0.861,0.481,31.0,0.696,0.3,0.847,16.71,13.5,12.43,-0.21,12.21,0.253,16.21,0.286,,,,,,,,
2023,2,Barton,547002,Conference Carolinas,11-7,8.28,8.5,0.839,0.53,32.83,0.808,0.337,0.812,21.94,11.5,11.39,2.28,13.67,0.315,18.78,0.611,,,,,,,,
2023,2,Belmont Abbey,546973,Conference Carolinas,10-5,7.47,7.33,0.862,0.591,31.53,0.712,0.429,0.866,19.2,13.47,10.47,1.27,11.73,0.282,19.73,0.667,,,,,,,,
2023,2,Bentley,546940,NE10,10-6,7.06,7.81,0.867,0.564,31.0,0.719,0.418,0.82,19.69,10.38,9.5,3.13,12.63,0.286,16.75,0.625,,,,,,,,
2023,2,Bridgeport,551553,CACC,1-12,4.31,7.85,0.668,0.405,28.38,0.641,0.288,0.833,12.15,14.77,15.69,-7.85,7.85,0.252,25.54,0.077,,,,,,,,
2023,2,CSU Pueblo,546974,RMAC,1-13,3.64,6.14,0.785,0.331,19.86,0.595,0.262,0.847,10.07,16.5,15.86,-9.43,6.43,0.249,20.93,0.071,,,,,,,,
2023,2,Caldwell,546958,CACC,2-10,4.58,5.92,0.657,0.436,28.25,0.635,0.2,0.82,13.58,16.83,14.33,-5.33,9.0,0.235,23.17,0.167,,,,,,,,
2023,2,Catawba,546961,SAC,3-10,4.23,7.54,0.799,0.431,28.23,0.667,0.205,0.861,12.31,11.62,12.92,-4.85,8.08,0.221,20.62,0.231,,,,,,,,
2023,2,Chestnut Hill,546985,CACC,11-4,7.53,8.07,0.852,0.604,32.07,0.723,0.267,0.684,18.6,12.47,7.07,4.0,11.07,0.283,20.33,0.733,,,,,,,,
2023,2,Chowan,546976,Conference Carolinas,4-11,9.07,9.6,0.776,0.393,29.07,0.64,0.431,0.864,22.8,16.93,15.73,-2.0,13.73,0.399,21.2,0.267,,,,,,,,
2023,2,Coker,546962,SAC,7-8,5.27,11.73,0.767,0.353,24.6,0.767,0.145,0.918,15.0,13.8,12.13,-2.4,9.73,0.293,19.13,0.467,,,,,,,,
2023,2,Colorado Mesa,546980,RMAC,16-2,11.83,9.72,0.946,0.671,40.44,0.723,0.318,0.787,30.83,8.28,8.33,10.67,19.0,0.345,16.33,0.889,,,,,,,,
2023,2,Davenport,546960,GLVC,5-8,7.54,9.62,0.84,0.363,32.46,0.676,0.234,0.882,18.69,13.31,12.54,-1.38,11.15,0.328,20.92,0.385,,,,,,,,
2023,2,Davis & Elkins,546941,G-MAC,3-14,7.12,7.06,0.792,0.319,25.47,0.707,0.25,0.873,16.76,17.0,17.18,-7.53,9.65,0.311,20.47,0.176,,,,,,,,
2023,2,Dist. Columbia,546942,ECC,0-10,2.0,4.8,0.595,0.658,33.0,0.5,0.129,0.961,6.8,20.8,23.1,-18.3,4.8,0.175,29.0,0.0,,,,,,,,
2023,2,Dominican (NY),546977,CACC,5-11,6.25,7.31,0.745,0.409,29.94,0.642,0.375,0.827,15.19,13.94,14.63,-5.69,8.94,0.26,21.5,0.313,,,,,,,,
2023,2,Embry-Riddle (FL),546996,Sunshine State,5-9,4.79,9.5,0.803,0.39,31.0,0.649,0.282,0.884,15.36,13.21,14.43,-3.86,10.57,0.258,18.14,0.357,,,,,,,,
2023,2,Emmanuel (GA),546992,Conference Carolinas,2-13,3.8,6.6,0.763,0.407,21.87,0.719,0.157,0.884,11.6,16.2,17.07,-9.27,7.8,0.249,20.93,0.133,,,,,,,,
2023,2,Felician,546999,CACC,3-9,3.5,6.5,0.809,0.465,32.17,0.674,0.196,0.858,11.58,12.83,14.5,-6.42,8.08,0.206,18.83,0.25,,,,,,,,
2023,2,Fla. Southern,546944,Sunshine State,13-5,9.67,14.06,0.884,0.502,40.0,0.623,0.406,0.732,27.17,11.11,10.06,7.44,17.5,0.337,18.28,0.722,,,,,,,,
2023,2,Flagler,547015,Peach Belt,7-10,7.12,10.53,0.844,0.491,31.12,0.654,0.273,0.886,18.94,12.65,13.18,-1.35,11.82,0.271,17.59,0.412,,,,,,,,
2023,2,Florida Tech,546943,Sunshine State,7-7,7.36,9.71,0.851,0.549,34.79,0.655,0.286,0.812,20.64,12.0,12.07,1.21,13.29,0.322,18.5,0.5,,,,,,,,
2023,2,Franklin Pierce,546945,NE10,5-9,6.0,7.21,0.866,0.321,27.43,0.473,0.32,0.852,17.0,15.07,14.36,-3.36,11.0,0.298,17.5,0.357,,,,,,,,
2023,2,Frostburg St.,547000,ECC,13-5,11.83,10.17,0.87,0.534,40.28,0.757,0.309,0.757,29.72,9.56,10.22,7.67,17.89,0.318,14.83,0.722,,,,,,,,
2023,2,Georgian Court,546978,CACC,12-6,8.5,6.67,0.823,0.545,36.06,0.722,0.422,0.829,21.83,15.06,11.39,1.94,13.33,0.31,18.22,0.667,,,,,,,,
2023,2,Lake Erie,546975,G-MAC,7-9,6.88,6.19,0.806,0.654,33.25,0.838,0.213,0.806,20.44,12.13,12.75,0.81,13.56,0.294,19.31,0.438,,,,,,,,
2023,2,Lander,547001,Peach Belt,13-4,10.29,14.18,0.907,0.471,39.59,0.686,0.404,0.768,25.35,13.65,10.29,4.76,15.06,0.328,17.06,0.765,,,,,,,,
2023,2,Le Moyne,546947,NE10,17-1,7.72,6.78,0.858,0.581,27.89,0.892,0.42,0.833,20.28,10.5,7.33,5.22,12.56,0.312,16.83,0.944,,,,,,,,
2023,2,Lees-McRae,546983,Conference Carolinas,0-14,2.21,7.21,0.722,0.423,26.0,0.536,0.151,0.873,7.93,14.29,16.64,-10.93,5.71,0.206,27.43,0.0,,,,,,,,
2023,2,Lenoir-Rhyne,546963,SAC,18-3,9.95,9.86,0.876,0.542,31.48,0.703,0.446,0.792,26.33,11.1,8.1,8.29,16.38,0.325,14.76,0.857,,,,,,,,
2023,2,Lewis,546959,GLVC,10-6,7.0,7.31,0.858,0.54,27.56,0.677,0.316,0.864,19.44,13.13,9.06,3.38,12.44,0.332,17.38,0.625,,,,,,,,
2023,2,Limestone,546964,SAC,16-5,9.95,10.33,0.893,0.603,45.1,0.764,0.333,0.772,27.0,10.9,11.19,5.86,17.05,0.325,20.33,0.762,,,,,,,,
2023,2,Lincoln Memorial,546965,SAC,7-9,4.94,11.5,0.84,0.51,31.38,0.73,0.263,0.743,15.5,9.25,12.06,-1.5,10.56,0.252,20.06,0.438,,,,,,,,
2023,2,Lynn,546984,Sunshine State,7-9,7.69,7.94,0.882,0.517,33.56,0.75,0.274,0.843,20.31,12.06,11.94,0.69,12.63,0.326,17.31,0.438,,,,,,,,
2023,2,Malone,550213,G-MAC,7-8,6.13,6.67,0.813,0.411,29.73,0.651,0.364,0.877,18.8,17.8,16.6,-3.93,12.67,0.304,16.67,0.467,,,,,,,,
2023,2,Mars Hill,546966,SAC,4-12,5.13,7.44,0.833,0.489,33.31,0.514,0.279,0.861,14.88,15.94,13.0,-3.25,9.75,0.264,20.81,0.25,,,,,,,,
2023,2,Maryville (MO),546948,GLVC,8-6,5.71,10.14,0.847,0.599,33.07,0.667,0.273,0.809,17.14,8.79,9.71,1.71,11.43,0.251,17.5,0.571,,,,,,,,
2023,2,Mercy,546949,ECC,14-4,10.61,9.56,0.855,0.621,39.44,0.683,0.493,0.799,28.06,11.72,9.56,7.89,17.44,0.387,17.28,0.778,,,,,,,,
2023,2,Mercyhurst,546950,G-MAC,16-3,8.05,7.74,0.856,0.706,39.63,0.7,0.397,0.814,23.42,11.42,8.84,6.53,15.37,0.307,15.95,0.842,,,,,,,,
2023,2,Molloy,546951,ECC,9-9,7.28,11.83,0.848,0.467,36.44,0.686,0.297,0.768,19.11,11.89,10.67,1.17,11.83,0.272,19.5,0.5,,,,,,,,
2023,2,Montevallo,546994,Peach Belt,11-7,7.44,8.83,0.829,0.606,37.22,0.759,0.434,0.806,20.5,14.0,11.44,1.61,13.06,0.289,23.78,0.611,,,,,,,,
2023,2,Mount Olive,546967,Conference Carolinas,7-8,6.47,7.13,0.863,0.659,30.87,0.577,0.281,0.884,17.47,12.2,10.6,0.4,11.0,0.271,18.93,0.467,,,,,,,,
2023,2,Newberry,546998,SAC,11-5,8.94,8.44,0.847,0.51,36.13,0.674,0.52,0.881,24.0,11.25,12.44,2.63,15.06,0.37,18.38,0.688,,,,,,,,
2023,2,North Greenville,546979,Conference Carolinas,10-7,7.82,10.18,0.871,0.476,27.59,0.729,0.286,0.829,20.29,10.94,11.0,1.47,12.47,0.303,18.35,0.588,,,,,,,,
2023,2,Pace,546954,NE10,11-4,6.93,12.07,0.864,0.57,34.87,0.684,0.382,0.813,19.87,10.93,9.8,3.13,12.93,0.299,17.93,0.733,,,,,,,,
2023,2,Palm Beach Atl.,546995,Sunshine State,2-12,4.64,9.0,0.831,0.497,31.43,0.672,0.2,0.83,15.36,11.43,17.07,-6.36,10.71,0.28,21.0,0.143,,,,,,,,
2023,2,Post,546968,CACC,10-6,8.38,10.0,0.835,0.467,34.56,0.67,0.5,0.81,23.19,11.31,11.06,3.75,14.81,0.349,17.63,0.625,,,,,,,,
2023,2,Quincy,547013,GLVC,8-9,7.24,8.47,0.88,0.495,34.0,0.835,0.351,0.837,19.47,14.94,12.29,-0.06,12.24,0.291,19.35,0.471,,,,,,,,
2023,2,Roberts Wesleyan,546989,ECC,9-5,9.79,9.43,0.875,0.494,32.86,0.779,0.279,0.814,26.29,10.86,11.71,4.79,16.5,0.344,18.29,0.643,,,,,,,,
2023,2,Rockhurst,546969,GLVC,10-5,6.33,10.13,0.875,0.519,32.8,0.761,0.423,0.84,17.47,12.0,8.8,2.33,11.13,0.259,18.67,0.667,,,,,,,,
2023,2,Rollins,546955,Sunshine State,15-2,7.94,9.82,0.861,0.543,31.94,0.675,0.286,0.849,23.12,12.71,9.76,5.41,15.18,0.334,16.29,0.882,,,,,,,,
2023,2,Saint Leo,547008,Sunshine State,9-7,8.94,8.81,0.804,0.593,35.75,0.833,0.3,0.838,25.0,12.75,12.56,3.5,16.06,0.359,19.75,0.563,,,,,,,,
2023,2,Saint Michael's,547009,NE10,6-7,8.85,11.0,0.805,0.473,34.0,0.603,0.385,0.82,21.23,15.62,12.54,-0.15,12.38,0.34,20.08,0.462,,,,,,,,
2023,2,Saint Rose,546970,NE10,5-12,6.82,8.53,0.819,0.579,33.82,0.605,0.338,0.825,19.29,11.76,13.35,-0.88,12.47,0.29,20.59,0.294,,,,,,,,
2023,2,Seton Hill,546986,G-MAC,12-5,9.35,8.88,0.883,0.588,31.59,0.724,0.309,0.781,25.35,10.0,8.53,7.47,16.0,0.3,16.59,0.706,,,,,,,,
2023,2,Shorter,546990,Peach Belt,3-12,4.87,7.73,0.73,0.339,22.67,0.755,0.284,0.847,14.93,14.93,17.87,-7.8,10.07,0.266,20.67,0.2,,,,,,,,
2023,2,Southern N.H.,546952,NE10,6-6,7.0,6.75,0.862,0.544,31.25,0.686,0.35,0.88,17.0,13.67,12.25,-2.25,10.0,0.242,18.33,0.5,,,,,,,,
2023,2,St. Anselm,547007,NE10,10-5,6.2,8.2,0.899,0.55,35.6,0.711,0.393,0.811,19.2,9.33,9.07,3.93,13.0,0.3,16.47,0.667,,,,,,,,
2023,2,St. Thomas Aquinas,546971,ECC,6-7,5.85,7.77,0.79,0.484,32.23,0.6,0.284,0.883,15.92,15.77,12.85,-2.77,10.08,0.285,23.54,0.462,,,,,,,,
2023,2,Tampa,547010,Sunshine State,13-4,8.29,9.82,0.929,0.605,36.53,0.836,0.317,0.842,23.65,13.18,8.88,6.47,15.35,0.332,14.35,0.765,,,,,,,,
2023,2,Tusculum,546982,SAC,4-11,6.27,7.53,0.705,0.392,30.6,0.591,0.438,0.853,16.13,13.73,14.93,-5.07,9.87,0.322,23.6,0.267,,,,,,,,
2023,2,UIndy,546946,GLVC,12-4,7.06,10.81,0.904,0.545,35.38,0.745,0.404,0.872,21.44,9.56,9.75,4.63,14.38,0.278,12.94,0.75,,,,,,,,
2023,2,Walsh,546988,G-MAC,6-10,5.25,7.38,0.813,0.502,30.13,0.73,0.246,0.888,16.5,14.06,11.31,-0.06,11.25,0.299,20.19,0.375,,,,,,,,
2023,2,Westminster (UT),546993,RMAC,8-8,7.13,6.19,0.844,0.559,33.94,0.766,0.419,0.883,22.13,11.94,11.25,3.75,15.0,0.354,17.0,0.5,,,,,,,,
2023,2,Wheeling,546957,G-MAC,5-10,7.67,7.53,0.785,0.287,23.53,0.784,0.127,0.84,19.53,17.4,15.4,-3.53,11.87,0.303,17.73,0.333,,,,,,,,
2023,2,Wilmington (DE),546997,CACC,6-7,9.92,10.38,0.817,0.457,34.15,0.552,0.44,0.761,24.77,11.46,13.92,0.92,14.85,0.313,16.77,0.462,,,,,,,,
2023,2,Wingate,546972,SAC,12-3,10.0,10.87,0.854,0.581,42.47,0.696,0.256,0.768,26.53,11.87,10.47,6.07,16.53,0.335,17.27,0.8,,,,,,,,
2023,2,Young Harris,546991,Peach Belt,3-13,4.81,10.63,0.786,0.453,35.63,0.533,0.329,0.838,14.63,12.69,17.88,-8.06,9.81,0.266,23.69,0.188,,,,,,,,
2024,1,Air Force,571437,ASUN,9-6,7.13,8.73,0.882,0.478,31.4,0.775,0.185,0.822,18.67,10.6,9.67,1.87,11.53,0.293,15.8,0.6,,,,,,,,
2024,1,Army West Point,571438,Patriot,11-3,8.14,7.64,0.897,0.601,35.71,0.622,0.448,0.84,22.29,11.29,10.79,3.36,14.14,0.31,15.43,0.786,,,,,,,,
2024,1,Bellarmine,571378,ASUN,9-8,7.29,8.29,0.926,0.491,27.65,0.73,0.191,0.878,19.47,12.88,11.41,0.76,12.18,0.293,17.65,0.529,,,,,,,,
2024,1,Binghamton,571379,America East,6-7,5.54,7.08,0.803,0.521,30.08,0.694,0.271,0.819,17.54,13.38,12.85,-0.85,12.0,0.268,15.77,0.462,,,,,,,,
2024,1,Boston U.,571380,Patriot,10-7,8.71,10.53,0.809,0.481,34.65,0.58,0.412,0.776,21.88,13.59,11.41,1.76,13.18,0.306,18.18,0.588,,,,,,,,
2024,1,Brown,571381,Ivy League,3-11,4.0,8.07,0.864,0.481,31.0,0.741,0.31,0.832,13.29,12.64,12.14,-2.86,9.29,0.23,16.64,0.214,,,,,,,,
2024,1,Bryant,571382,America East,9-5,6.93,7.93,0.889,0.594,37.57,0.768,0.286,0.884,20.14,11.5,10.21,3.0,13.21,0.297,16.5,0.643,,,,,,,,
2024,1,Bucknell,571383,Patriot,4-10,5.5,10.21,0.791,0.45,32.0,0.64,0.282,0.828,15.93,9.79,13.0,-2.57,10.43,0.278,18.29,0.286,,,,,,,,
2024,1,Canisius,571384,MAAC,5-10,5.0,6.07,0.848,0.507,31.4,0.545,0.22,0.878,14.6,12.2,12.53,-2.93,9.6,0.256,17.2,0.333,,,,,,,,
2024,1,Cleveland St.,571385,ASUN,9-8,5.0,6.59,0.854,0.47,28.71,0.605,0.362,0.844,14.82,12.06,12.59,-2.76,9.82,0.281,18.41,0.529,,,,,,,,
2024,1,Colgate,571386,Patriot,8-7,7.73,11.4,0.802,0.39,33.87,0.646,0.525,0.725,20.67,13.13,12.07,0.87,12.93,0.31,21.6,0.533,,,,,,,,
2024,1,Cornell,571387,Ivy League,9-5,9.5,8.29,0.863,0.47,33.71,0.643,0.408,0.83,24.57,14.14,13.0,2.07,15.07,0.34,14.43,0.643,,,,,,,,
2024,1,Dartmouth,571388,Ivy League,3-10,6.23,8.38,0.831,0.525,35.15,0.605,0.393,0.873,16.31,13.15,13.77,-3.69,10.08,0.283,19.08,0.231,,,,,,,,
2024,1,Delaware,571389,CAA,9-5,7.21,7.93,0.854,0.499,31.43,0.683,0.528,0.919,19.86,13.71,9.43,3.21,12.64,0.279,13.71,0.643,,,,,,,,
2024,1,Denver,571390,Big East,13-4,6.94,8.76,0.875,0.571,29.82,0.848,0.465,0.878,18.76,9.41,9.41,2.41,11.82,0.304,15.82,0.765,,,,,,,,
2024,1,Detroit Mercy,571391,ASUN,3-10,4.08,6.54,0.82,0.353,24.69,0.582,0.268,0.878,13.85,14.38,14.92,-5.15,9.77,0.281,16.54,0.231,,,,,,,,
2024,1,Drexel,571392,CAA,6-9,5.67,6.67,0.875,0.497,29.13,0.761,0.238,0.931,15.4,13.27,11.8,-2.07,9.73,0.257,17.4,0.4,,,,,,,,
2024,1,Duke,571393,ACC,13-6,7.84,8.47,0.892,0.512,31.58,0.685,0.439,0.892,22.74,11.63,10.42,4.47,14.89,0.353,14.84,0.684,,,,,,,,
2024,1,Fairfield,571394,CAA,8-7,6.8,10.27,0.924,0.456,30.73,0.681,0.421,0.851,18.07,10.07,11.6,-0.33,11.27,0.278,15.53,0.533,,,,,,,,
2024,1,Georgetown,571395,Big East,13-4,8.18,7.47,0.875,0.525,32.24,0.629,0.361,0.88,20.88,10.41,9.65,3.06,12.71,0.319,14.41,0.765,,,,,,,,
2024,1,Hampton,571396,CAA,0-13,2.23,7.77,0.771,0.323,27.62,0.586,0.163,0.933,6.92,14.54,20.77,-16.08,4.69,0.161,24.0,0.0,,,,,,,,
2024,1,Harvard,571398,Ivy League,8-5,7.69,9.54,0.885,0.431,33.54,0.622,0.571,0.802,21.62,11.92,11.85,2.08,13.92,0.334,14.92,0.615,,,,,,,,
2024,1,High Point,571446,Atlantic 10,9-7,8.25,9.69,0.844,0.574,36.0,0.641,0.388,0.818,21.63,11.56,11.06,2.31,13.38,0.294,16.44,0.563,,,,,,,,
2024,1,Hobart,571399,Atlantic 10,4-9,6.15,6.69,0.858,0.575,30.46,0.714,0.326,0.87,16.85,12.15,13.77,-3.08,10.69,0.248,17.62,0.308,,,,,,,,
2024,1,Hofstra,571400,CAA,6-9,7.53,6.47,0.893,0.578,32.33,0.471,0.233,0.838,19.73,10.4,12.4,-0.2,12.2,0.278,15.93,0.4,,,,,,,,
2024,1,Holy Cross,571401,Patriot,2-11,4.23,8.46,0.832,0.423,29.92,0.5,0.375,0.864,12.54,10.62,14.0,-5.69,8.31,0.245,18.54,0.154,,,,,,,,
2024,1,Jacksonville,571402,ASUN,13-5,10.06,8.56,0.881,0.564,34.33,0.696,0.508,0.869,24.39,12.83,10.0,4.33,14.33,0.325,16.0,0.722,,,,,,,,
2024,1,Johns Hopkins,571403,Big Ten,11-5,6.81,8.25,0.88,0.478,29.31,0.582,0.452,0.863,18.38,12.63,9.63,1.94,11.56,0.309,14.81,0.688,,,,,,,,
2024,1,LIU,571374,MAAC,10-4,7.36,10.14,0.845,0.497,31.21,0.617,0.475,0.848,18.79,9.64,10.29,1.14,11.43,0.285,16.57,0.714,,,,,,,,
2024,1,Lafayette,571404,Patriot,6-7,6.23,7.46,0.844,0.517,30.0,0.528,0.343,0.813,18.31,11.92,11.69,0.38,12.08,0.303,17.38,0.462,,,,,,,,
2024,1,Lehigh,571405,Patriot,10-7,4.0,7.94,0.826,0.543,31.59,0.649,0.366,0.865,14.71,11.47,11.0,-0.29,10.71,0.306,18.47,0.588,,,,,,,,
2024,1,Loyola Maryland,571407,Patriot,7-8,6.53,8.27,0.843,0.398,29.27,0.667,0.351,0.879,17.8,13.33,11.53,-0.27,11.27,0.294,14.0,0.467,,,,,,,,
2024,1,Manhattan,571408,MAAC,8-9,5.18,6.65,0.877,0.44,25.94,0.588,0.378,0.924,14.88,12.76,10.65,-0.94,9.71,0.272,14.12,0.471,,,,,,,,
2024,1,Marist,571409,MAAC,8-7,6.0,7.47,0.868,0.491,32.67,0.736,0.34,0.867,17.8,12.67,11.4,0.4,11.8,0.269,14.27,0.533,,,,,,,,
2024,1,Marquette,571410,Big East,4-10,5.57,7.07,0.885,0.576,26.86,0.679,0.39,0.91,15.57,11.0,11.43,-1.43,10.0,0.262,16.64,0.286,,,,,,,,
2024,1,Maryland,571412,Big Ten,11-6,6.82,6.76,0.878,0.616,30.94,0.5,0.378,0.93,17.76,10.59,10.41,0.53,10.94,0.292,16.06,0.647,,,,,,,,
2024,1,Massachusetts,571413,Atlantic 10,6-8,5.93,7.64,0.859,0.479,30.86,0.789,0.194,0.877,17.79,13.21,10.79,1.07,11.86,0.316,14.36,0.429,,,,,,,,
2024,1,Mercer,571414,ASUN,4-10,5.21,7.29,0.885,0.522,32.57,0.727,0.346,0.872,14.57,14.43,13.14,-3.79,9.36,0.221,18.93,0.286,,,,,,,,
2024,1,Merrimack,571447,America East,6-9,5.73,8.47,0.818,0.362,27.27,0.479,0.46,0.889,16.13,13.27,14.33,-3.93,10.4,0.261,17.0,0.4,,,,,,,,
2024,1,Michigan,571415,Big Ten,10-7,7.65,8.88,0.876,0.588,30.94,0.59,0.455,0.83,20.53,10.76,11.24,1.65,12.88,0.3,15.18,0.588,,,,,,,,
2024,1,Monmouth,571416,CAA,5-8,5.0,7.08,0.859,0.474,28.92,0.675,0.231,0.929,14.54,12.69,10.54,-1.0,9.54,0.267,16.92,0.385,,,,,,,,
2024,1,Mount St. Mary's,571417,MAAC,1-14,4.87,8.2,0.88,0.439,32.27,0.575,0.333,0.912,12.73,12.0,13.33,-5.47,7.87,0.229,17.47,0.067,,,,,,,,
2024,1,NJIT,571419,America East,8-6,7.57,8.43,0.83,0.589,31.0,0.792,0.378,0.873,19.36,13.29,10.71,1.07,11.79,0.303,19.93,0.571,,,,,,,,
2024,1,Navy,571439,Patriot,9-7,6.38,6.75,0.845,0.571,33.13,0.647,0.365,0.879,17.25,12.38,10.75,0.13,10.88,0.267,17.25,0.563,,,,,,,,
2024,1,North Carolina,571418,ACC,7-7,7.57,8.57,0.886,0.618,35.43,0.652,0.422,0.854,19.93,10.71,10.43,1.93,12.36,0.267,16.29,0.5,,,,,,,,
2024,1,Notre Dame,571420,ACC,16-1,9.41,8.76,0.902,0.571,34.24,0.553,0.675,0.84,25.06,11.88,8.94,6.71,15.65,0.374,14.59,0.941,,,,,,,,
2024,1,Ohio St.,571421,Big Ten,6-9,5.0,9.2,0.888,0.541,34.0,0.629,0.35,0.897,15.53,10.8,10.13,0.4,10.53,0.266,16.13,0.4,,,,,,,,
2024,1,Penn,571423,Ivy League,9-6,6.6,6.07,0.861,0.461,28.27,0.62,0.467,0.815,17.47,15.87,10.93,-0.07,10.87,0.304,16.07,0.6,,,,,,,,
2024,1,Penn St.,571422,Big Ten,11-5,7.44,7.44,0.885,0.444,31.31,0.676,0.308,0.839,20.63,13.19,9.94,3.25,13.19,0.315,15.75,0.688,,,,,,,,
2024,1,Princeton,571424,Ivy League,11-5,6.75,9.56,0.851,0.508,34.06,0.577,0.435,0.899,19.94,13.06,10.44,2.75,13.19,0.289,14.88,0.688,,,,,,,,
2024,1,Providence,571425,Big East,7-8,6.8,7.0,0.874,0.444,28.8,0.625,0.353,0.875,18.47,11.13,13.07,-1.4,11.67,0.307,16.4,0.467,,,,,,,,
2024,1,Quinnipiac,571426,MAAC,9-5,7.21,6.5,0.879,0.42,29.14,0.643,0.276,0.857,20.29,15.43,10.86,2.21,13.07,0.341,14.5,0.643,,,,,,,,
2024,1,Richmond,571427,Atlantic 10,10-6,7.69,9.38,0.877,0.481,33.19,0.745,0.32,0.863,21.31,11.13,9.38,4.25,13.63,0.325,15.56,0.625,,,,,,,,
2024,1,Robert Morris,571428,ASUN,5-10,5.53,8.2,0.885,0.532,30.87,0.725,0.211,0.886,15.93,12.33,13.4,-3.0,10.4,0.269,18.73,0.333,,,,,,,,
2024,1,Rutgers,571429,Big Ten,7-7,5.21,6.21,0.879,0.521,27.86,0.656,0.423,0.889,15.64,13.0,11.07,-0.64,10.43,0.26,13.29,0.5,,,,,,,,
2024,1,Sacred Heart,571430,MAAC,13-5,7.44,6.28,0.91,0.525,31.61,0.702,0.5,0.912,20.78,12.44,9.61,3.72,13.33,0.298,15.94,0.722,,,,,,,,
2024,1,Saint Joseph's,571432,Atlantic 10,12-4,6.31,9.44,0.883,0.501,32.94,0.759,0.291,0.749,19.38,9.38,10.25,2.81,13.06,0.292,15.56,0.75,,,,,,,,
2024,1,Siena,571433,MAAC,8-8,7.31,9.0,0.891,0.473,29.13,0.684,0.382,0.887,19.38,10.69,11.25,0.81,12.06,0.287,15.38,0.5,,,,,,,,
2024,1,St. Bonaventure,571375,Atlantic 10,1-11,4.75,7.75,0.748,0.39,24.0,0.635,0.231,0.893,12.67,13.17,14.33,-6.42,7.92,0.262,19.33,0.083,,,,,,,,
2024,1,St. John's (NY),571431,Big East,4-11,4.6,6.4,0.852,0.469,27.67,0.538,0.2,0.862,13.73,12.67,14.4,-5.27,9.13,0.243,16.07,0.267,,,,,,,,
2024,1,Stony Brook,571434,CAA,4-10,7.5,6.79,0.835,0.467,30.07,0.604,0.468,0.913,19.36,12.71,11.5,0.36,11.86,0.292,14.71,0.286,,,,,,,,
2024,1,Syracuse,571435,ACC,12-6,9.28,8.17,0.871,0.58,35.89,0.644,0.418,0.893,24.0,12.11,11.0,3.72,14.72,0.316,14.94,0.667,,,,,,,,
2024,1,Towson,571436,CAA,13-4,9.41,10.29,0.914,0.565,34.88,0.694,0.439,0.812,23.94,10.41,9.12,5.41,14.53,0.338,15.41,0.765,,,,,,,,
2024,1,UAlbany,571377,America East,10-8,7.06,7.06,0.861,0.559,33.44,0.651,0.317,0.863,19.83,10.83,11.17,1.61,12.78,0.307,16.22,0.556,,,,,,,,
2024,1,UMBC,571411,America East,5-7,7.75,8.25,0.884,0.491,31.75,0.633,0.361,0.858,19.83,10.33,11.58,0.5,12.08,0.288,16.17,0.417,,,,,,,,
2024,1,UMass Lowell,571406,America East,0-12,3.0,5.58,0.845,0.467,28.08,0.526,0.176,0.896,9.58,13.83,15.17,-8.58,6.58,0.202,21.08,0.0,,,,,,,,
2024,1,Utah,571376,ASUN,12-5,8.53,9.88,0.879,0.457,33.76,0.721,0.409,0.915,23.35,12.06,10.88,3.94,14.82,0.307,14.06,0.706,,,,,,,,
2024,1,VMI,571442,MAAC,7-8,6.4,8.67,0.9,0.527,32.33,0.583,0.36,0.779,18.6,12.0,11.6,0.6,12.2,0.308,17.0,0.467,,,,,,,,
2024,1,Vermont,571440,America East,8-8,6.94,7.94,0.878,0.553,35.31,0.554,0.393,0.864,19.25,13.69,12.63,-0.31,12.31,0.336,18.19,0.5,,,,,,,,
2024,1,Villanova,571441,Big East,9-7,6.25,11.13,0.827,0.518,31.31,0.622,0.2,0.796,17.13,10.13,10.31,0.56,10.88,0.282,18.69,0.563,,,,,,,,
2024,1,Virginia,571443,ACC,12-6,8.61,11.67,0.898,0.518,37.78,0.491,0.594,0.818,22.39,12.06,11.39,2.39,13.78,0.307,15.78,0.667,,,,,,,,
2024,1,Wagner,571444,MAAC,1-14,3.8,6.47,0.823,0.418,21.8,0.714,0.288,0.934,10.73,12.0,13.73,-6.8,6.93,0.221,17.8,0.067,,,,,,,,
2024,1,Yale,571445,Ivy League,11-4,7.87,8.0,0.862,0.544,36.13,0.578,0.194,0.822,23.4,12.8,12.8,2.73,15.53,0.324,15.0,0.733,,,,,,,,
2024,2,Adams St.,571518,RMAC,1-13,3.57,10.43,0.76,0.273,25.57,0.815,0.169,0.902,10.36,13.36,18.71,-11.93,6.79,0.252,22.43,0.071,,,,,,,,
2024,2,Adelphi,571510,NE10,17-2,8.42,10.79,0.895,0.341,28.26,0.87,0.321,0.772,22.42,14.05,7.74,6.26,14.0,0.33,14.53,0.895,,,,,,,,
2024,2,Alabama Huntsville,571511,Peach Belt,7-9,6.19,11.44,0.824,0.481,32.13,0.659,0.32,0.761,19.75,9.44,12.19,1.38,13.56,0.294,17.5,0.438,,,,,,,,
2024,2,American Int'l,571512,NE10,5-10,8.07,13.33,0.831,0.335,30.07,0.788,0.266,0.877,19.4,14.6,11.73,-0.4,11.33,0.314,22.0,0.333,,,,,,,,
2024,2,Anderson (SC),571465,SAC,7-9,6.56,9.31,0.899,0.64,39.19,0.667,0.318,0.862,20.25,12.06,11.63,2.06,13.69,0.262,18.88,0.438,,,,,,,,
2024,2,Assumption,571513,NE10,7-7,6.0,8.71,0.892,0.518,32.36,0.694,0.25,0.866,17.71,11.79,12.43,-0.71,11.71,0.243,16.86,0.5,,,,,,,,
2024,2,Barton,571509,Conference Carolinas,7-10,7.82,9.0,0.863,0.465,32.65,0.683,0.194,0.818,19.76,11.12,11.24,0.71,11.94,0.277,16.24,0.412,,,,,,,,
2024,2,Belmont Abbey,571482,Conference Carolinas,10-7,7.12,6.35,0.855,0.696,38.41,0.711,0.307,0.906,20.35,12.82,11.29,1.94,13.24,0.288,16.59,0.588,,,,,,,,
2024,2,Bentley,571450,NE10,9-6,6.4,10.0,0.852,0.556,34.27,0.659,0.286,0.848,18.67,9.13,11.07,1.2,12.27,0.285,16.2,0.6,,,,,,,,
2024,2,Bridgeport,571524,CACC,7-8,7.93,12.4,0.809,0.594,33.6,0.628,0.377,0.753,19.53,11.73,10.93,0.67,11.6,0.262,21.4,0.467,,,,,,,,
2024,2,CSU Pueblo,571483,RMAC,2-12,5.14,13.36,0.718,0.406,34.07,0.623,0.176,0.819,13.86,10.5,18.57,-9.86,8.71,0.272,24.36,0.143,,,,,,,,
2024,2,CUI,584259,RMAC,7-8,7.53,11.8,0.826,0.65,38.13,0.902,0.338,0.84,21.0,9.6,11.0,2.47,13.47,0.295,19.2,0.467,,,,,,,,
2024,2,Caldwell,571467,CACC,4-8,6.25,9.25,0.76,0.324,27.0,0.622,0.209,0.851,15.58,12.0,17.25,-7.92,9.33,0.317,23.0,0.333,,,,,,,,
2024,2,Catawba,571470,SAC,7-8,5.47,8.53,0.849,0.339,26.67,0.691,0.286,0.901,16.8,12.07,12.67,-1.33,11.33,0.276,16.33,0.467,,,,,,,,
2024,2,Chestnut Hill,571493,CACC,11-4,8.13,10.0,0.85,0.503,31.33,0.809,0.357,0.817,20.2,12.13,6.87,5.2,12.07,0.327,18.27,0.733,,,,,,,,
2024,2,Chowan,571485,Conference Carolinas,5-9,7.57,9.57,0.792,0.429,31.36,0.452,0.255,0.82,20.07,15.93,15.86,-3.36,12.5,0.38,19.43,0.357,,,,,,,,
2024,2,Coker,571471,SAC,6-9,4.6,12.4,0.839,0.328,22.87,0.678,0.224,0.93,12.4,14.87,13.07,-5.27,7.8,0.24,19.67,0.4,,,,,,,,
2024,2,Colorado Mesa,571489,RMAC,13-4,10.12,10.65,0.895,0.624,40.59,0.63,0.367,0.758,26.47,8.59,8.88,7.47,16.35,0.335,16.24,0.765,,,,,,,,
2024,2,D'Youville,571521,ECC,2-14,3.63,9.69,0.768,0.479,30.81,0.763,0.387,0.868,11.06,13.13,16.06,-8.63,7.44,0.234,25.06,0.125,,,,,,,,
2024,2,Davenport,571469,GLVC,10-4,6.57,10.79,0.898,0.378,31.0,0.773,0.439,0.89,19.0,13.0,10.21,2.21,12.43,0.335,18.93,0.714,,,,,,,,
2024,2,Davis & Elkins,571451,G-MAC,4-11,4.07,11.73,0.82,0.436,27.33,0.726,0.147,0.912,11.53,15.93,16.4,-8.93,7.47,0.278,28.87,0.267,,,,,,,,
2024,2,Dist. Columbia,571452,ECC,1-11,2.75,9.33,0.633,0.219,25.08,0.676,0.167,0.893,8.25,19.25,19.33,-13.83,5.5,0.251,26.17,0.083,,,,,,,,
2024,2,Dominican (CA),584134,DII Independent,2-10,4.42,8.83,0.849,0.429,27.17,0.667,0.173,0.887,14.0,13.42,17.25,-7.67,9.58,0.281,20.25,0.167,,,,,,,,
2024,2,Dominican (NY),571486,CACC,4-9,4.92,8.69,0.83,0.434,34.15,0.587,0.296,0.84,14.23,12.0,13.92,-4.62,9.31,0.219,17.69,0.308,,,,,,,,
2024,2,Embry-Riddle (FL),571503,Sunshine State,6-8,6.36,7.79,0.888,0.357,26.07,0.75,0.373,0.884,19.57,14.14,12.07,1.14,13.21,0.333,14.29,0.429,,,,,,,,
2024,2,Emmanuel (GA),571499,Conference Carolinas,1-15,5.31,9.31,0.734,0.236,25.19,0.607,0.281,0.836,13.56,16.25,16.94,-8.69,8.25,0.304,25.06,0.063,,,,,,,,
2024,2,Felician,571506,CACC,4-10,3.71,8.57,0.776,0.469,35.21,0.655,0.235,0.871,12.5,14.57,15.07,-6.29,8.79,0.235,21.79,0.286,,,,,,,,
2024,2,Fla. Southern,571454,Sunshine State,10-7,7.65,9.94,0.895,0.577,39.59,0.612,0.377,0.853,21.41,12.35,12.29,1.47,13.76,0.298,17.47,0.588,,,,,,,,
2024,2,Flagler,571522,Peach Belt,7-9,6.63,7.94,0.823,0.536,31.88,0.772,0.27,0.894,19.0,11.88,12.69,-0.31,12.38,0.298,17.13,0.438,,,,,,,,
2024,2,Florida Tech,571453,Sunshine State,6-9,6.0,8.73,0.857,0.415,27.4,0.615,0.264,0.856,17.53,14.2,13.73,-2.2,11.53,0.323,16.6,0.4,,,,,,,,
2024,2,Franklin Pierce,571455,NE10,3-10,3.69,9.38,0.802,0.312,25.77,0.712,0.283,0.876,11.38,13.23,12.31,-4.62,7.69,0.249,21.08,0.231,,,,,,,,
2024,2,Frostburg St.,571507,ECC,13-4,10.0,11.29,0.859,0.616,39.24,0.738,0.301,0.792,26.06,8.82,9.41,6.65,16.06,0.317,17.18,0.765,,,,,,,,
2024,2,Georgian Court,571487,CACC,9-8,8.06,8.71,0.807,0.568,38.41,0.66,0.469,0.748,22.18,12.29,11.12,3.0,14.12,0.297,18.12,0.529,,,,,,,,
2024,2,Holy Family,571799,CACC,2-13,3.87,10.2,0.62,0.414,34.47,0.759,0.143,0.82,10.47,16.27,17.47,-10.87,6.6,0.23,26.8,0.133,,,,,,,,
2024,2,Lake Erie,571484,G-MAC,8-8,6.25,11.31,0.89,0.29,26.94,0.595,0.233,0.849,18.81,10.25,11.81,0.75,12.56,0.301,17.31,0.5,,,,,,,,
2024,2,Lander,571508,Peach Belt,12-4,9.13,11.06,0.845,0.409,33.69,0.769,0.344,0.762,23.75,12.25,11.5,3.13,14.63,0.339,16.38,0.75,,,,,,,,
2024,2,Lees-McRae,571491,Conference Carolinas,3-8,3.91,8.09,0.819,0.451,34.0,0.783,0.111,0.766,13.36,12.82,14.36,-4.91,9.45,0.236,22.73,0.273,,,,,,,,
2024,2,Lenoir-Rhyne,571472,SAC,17-2,8.37,10.0,0.884,0.598,34.16,0.706,0.455,0.851,22.84,10.58,7.79,6.68,14.47,0.313,14.63,0.895,,,,,,,,
2024,2,Lewis,571468,GLVC,14-5,9.63,8.0,0.944,0.609,32.0,0.726,0.421,0.91,23.89,15.05,9.32,4.95,14.26,0.326,16.37,0.737,,,,,,,,
2024,2,Limestone,571473,SAC,17-2,11.05,11.74,0.897,0.581,46.89,0.648,0.444,0.731,29.42,10.16,9.95,8.42,18.37,0.355,18.11,0.895,,,,,,,,
2024,2,Lincoln Memorial,571474,SAC,4-11,5.27,7.93,0.866,0.511,28.07,0.659,0.17,0.805,15.87,10.93,13.13,-2.53,10.6,0.269,17.13,0.267,,,,,,,,
2024,2,Lynn,571492,Sunshine State,5-10,6.13,9.6,0.88,0.441,28.13,0.593,0.349,0.843,16.13,12.27,12.93,-2.93,10.0,0.256,17.87,0.333,,,,,,,,
2024,2,Malone,571523,G-MAC,8-9,9.47,9.71,0.852,0.531,36.82,0.696,0.352,0.88,24.76,14.71,15.59,-0.29,15.29,0.334,20.94,0.471,,,,,,,,
2024,2,Mars Hill,571475,SAC,5-10,5.13,5.67,0.795,0.577,33.53,0.662,0.309,0.906,14.53,15.33,13.93,-4.53,9.4,0.278,23.47,0.333,,,,,,,,
2024,2,Maryville (MO),571458,GLVC,13-5,8.11,9.0,0.907,0.555,33.33,0.597,0.262,0.881,21.94,11.67,9.11,4.72,13.83,0.295,15.56,0.722,,,,,,,,
2024,2,Mercy,571459,ECC,14-2,11.25,9.56,0.851,0.685,43.06,0.594,0.341,0.751,28.25,11.5,9.44,7.56,17.0,0.396,18.69,0.875,,,,,,,,
2024,2,Mercyhurst,571460,G-MAC,13-5,9.06,8.61,0.915,0.553,32.78,0.708,0.333,0.788,25.17,10.28,9.83,6.28,16.11,0.346,14.67,0.722,,,,,,,,
2024,2,Molloy,571461,ECC,8-10,8.17,8.67,0.835,0.515,30.61,0.667,0.414,0.802,21.11,13.28,11.61,1.33,12.94,0.311,19.22,0.444,,,,,,,,
2024,2,Montevallo,571501,Peach Belt,9-6,9.93,10.67,0.841,0.663,43.07,0.694,0.361,0.759,25.53,14.47,11.93,3.67,15.6,0.346,25.47,0.6,,,,,,,,
2024,2,Mount Olive,571476,Conference Carolinas,12-3,9.4,8.73,0.84,0.542,34.33,0.717,0.4,0.84,23.07,12.53,10.8,2.87,13.67,0.341,20.53,0.8,,,,,,,,
2024,2,Newberry,571505,SAC,12-4,10.56,9.19,0.87,0.564,35.69,0.675,0.675,0.888,27.19,13.31,9.88,6.75,16.63,0.385,16.06,0.75,,,,,,,,
2024,2,North Greenville,571488,Conference Carolinas,10-8,8.94,7.5,0.855,0.583,33.39,0.659,0.329,0.839,23.56,11.83,13.44,1.17,14.61,0.313,19.0,0.556,,,,,,,,
2024,2,Pace,571463,NE10,13-4,8.53,11.59,0.886,0.588,40.88,0.694,0.26,0.805,23.59,10.35,10.18,4.88,15.06,0.34,17.29,0.765,,,,,,,,
2024,2,Palm Beach Atl.,571502,Sunshine State,6-5,5.09,10.55,0.818,0.322,26.0,0.651,0.429,0.815,16.36,13.0,12.82,-1.55,11.27,0.288,14.64,0.545,,,,,,,,
2024,2,Post,571477,CACC,10-8,9.33,10.17,0.851,0.494,34.67,0.621,0.545,0.79,23.28,12.28,10.06,3.89,13.94,0.345,17.5,0.556,,,,,,,,
2024,2,Quincy,571520,GLVC,5-9,6.64,9.29,0.864,0.501,37.21,0.702,0.443,0.89,17.36,14.79,13.5,-2.79,10.71,0.277,21.43,0.357,,,,,,,,
2024,2,Roberts Wesleyan,571496,ECC,10-6,8.38,9.44,0.854,0.555,32.19,0.759,0.296,0.823,22.25,10.25,10.94,2.94,13.88,0.298,16.63,0.625,,,,,,,,
2024,2,Rockhurst,571478,GLVC,10-5,7.73,9.73,0.899,0.601,34.2,0.719,0.455,0.883,21.87,10.33,10.27,3.87,14.13,0.297,16.27,0.667,,,,,,,,
2024,2,Rollins,571464,Sunshine State,12-4,7.75,11.81,0.868,0.485,31.69,0.76,0.333,0.814,21.31,11.69,9.81,3.75,13.56,0.305,15.5,0.75,,,,,,,,
2024,2,Saint Leo,571515,Sunshine State,9-6,8.6,7.53,0.892,0.642,36.4,0.605,0.354,0.858,22.07,11.73,12.0,1.47,13.47,0.322,17.4,0.6,,,,,,,,
2024,2,Saint Michael's,571516,NE10,9-5,7.5,12.5,0.842,0.553,38.71,0.767,0.395,0.809,20.5,10.5,10.21,2.79,13.0,0.291,18.29,0.643,,,,,,,,
2024,2,Saint Rose,571479,NE10,7-10,7.24,8.88,0.784,0.602,35.41,0.5,0.365,0.801,19.29,11.24,12.94,-0.88,12.06,0.321,21.88,0.412,,,,,,,,
2024,2,Seton Hill,571494,G-MAC,11-6,8.24,11.24,0.907,0.585,33.06,0.702,0.357,0.847,24.06,10.12,8.41,7.41,15.82,0.303,15.59,0.647,,,,,,,,
2024,2,Shorter,571497,Peach Belt,8-8,4.94,6.56,0.77,0.394,30.19,0.667,0.33,0.836,15.75,17.88,15.06,-4.25,10.81,0.297,23.25,0.5,,,,,,,,
2024,2,Southern N.H.,571462,NE10,4-9,5.31,9.08,0.877,0.632,36.0,0.583,0.353,0.882,15.69,13.62,11.69,-1.31,10.38,0.234,18.62,0.308,,,,,,,,
2024,2,St. Anselm,571514,NE10,12-5,6.94,9.12,0.91,0.634,34.59,0.775,0.268,0.868,21.0,9.24,9.35,4.71,14.06,0.298,14.88,0.706,,,,,,,,
2024,2,St. Thomas Aquinas,571480,ECC,5-11,5.06,9.13,0.785,0.497,31.88,0.667,0.169,0.813,13.13,14.63,13.13,-5.06,8.06,0.216,21.88,0.313,,,,,,,,
2024,2,Tampa,571517,Sunshine State,18-2,8.8,7.5,0.903,0.622,37.15,0.7,0.442,0.862,25.25,9.9,8.9,7.55,16.45,0.356,12.65,0.9,,,,,,,,
2024,2,Tiffin,571809,G-MAC,4-10,4.5,8.14,0.789,0.363,28.14,0.545,0.234,0.848,13.29,12.29,16.36,-7.57,8.79,0.265,18.79,0.286,,,,,,,,
2024,2,Tusculum,571490,SAC,2-14,6.25,6.44,0.733,0.39,31.25,0.609,0.365,0.877,15.63,16.44,18.19,-8.81,9.38,0.314,23.81,0.125,,,,,,,,
2024,2,UIndy,571456,GLVC,11-6,6.0,10.35,0.887,0.567,37.65,0.71,0.283,0.88,17.94,9.35,8.71,3.24,11.94,0.248,17.35,0.647,,,,,,,,
2024,2,Virginia St.,583242,DII Independent,1-10,4.64,9.0,0.803,0.369,30.09,0.61,0.18,0.862,12.91,16.18,17.64,-9.36,8.27,0.256,23.73,0.091,,,,,,,,
2024,2,Walsh,571495,G-MAC,6-10,6.63,5.13,0.822,0.567,30.75,0.676,0.469,0.863,16.88,13.31,12.19,-1.94,10.25,0.272,20.44,0.375,,,,,,,,
2024,2,Westminster (UT),571500,RMAC,11-3,11.5,13.0,0.884,0.511,34.29,0.81,0.389,0.849,29.0,12.21,10.5,7.0,17.5,0.348,19.71,0.786,,,,,,,,
2024,2,Wheeling,571466,G-MAC,7-8,9.47,11.87,0.828,0.404,34.73,0.789,0.258,0.793,23.87,14.53,12.0,2.4,14.4,0.324,17.47,0.467,,,,,,,,
2024,2,William Jewell,583174,GLVC,7-8,5.53,9.0,0.863,0.5,32.6,0.7,0.235,0.873,15.33,14.53,11.13,-1.33,9.8,0.287,23.0,0.467,,,,,,,,
2024,2,Wilmington (DE),571504,CACC,11-4,10.07,9.53,0.808,0.587,37.27,0.71,0.528,0.724,27.33,10.6,12.0,5.27,17.27,0.37,17.73,0.733,,,,,,,,
2024,2,Wingate,571481,SAC,11-5,11.19,13.19,0.918,0.529,40.75,0.714,0.388,0.779,26.44,12.0,7.94,7.31,15.25,0.314,15.25,0.688,,,,,,,,
2024,2,Young Harris,571498,Conference Carolinas,6-9,5.47,8.53,0.813,0.498,33.0,0.702,0.23,0.858,15.6,11.33,14.2,-4.07,10.13,0.285,21.87,0.4,,,,,,,,
