academic_year,division,team_org_id,opp_org_id,team_name,opp_name,game_date,location,team_score,opp_score,result,goal_margin
2018,1,423561,423516,Air Force,Duke,2018-02-03,A,4,18,L,-14
2018,1,423561,423513,Air Force,Denver,2018-02-10,H,5,11,L,-6
2018,1,423561,423533,Air Force,Marist,2018-02-17,A,8,7,W,1
2018,1,423561,423508,Air Force,Cleveland St.,2018-02-23,H,7,8,L,-1
2018,1,423561,423503,Air Force,Boston U.,2018-03-03,H,9,15,L,-6
2018,1,423561,423539,Air Force,Michigan,2018-03-09,A,9,14,L,-5
2018,1,423561,423514,Air Force,Detroit Mercy,2018-03-11,A,9,7,W,2
2018,1,423561,423566,Air Force,VMI,2018-03-17,H,11,6,W,5
2018,1,423561,423538,Air Force,Mercer,2018-03-24,H,7,9,L,-2
2018,1,423561,423510,Air Force,Cornell,2018-03-27,A,5,23,L,-18
2018,1,423561,423501,Air Force,Bellarmine,2018-03-31,A,9,7,W,2
2018,1,423561,423526,Air Force,Jacksonville,2018-04-07,A,12,13,L,-1
2018,1,423561,423518,Air Force,Furman,2018-04-14,H,11,3,W,8
2018,1,423561,423570,Air Force,High Point,2018-04-21,H,6,7,L,-1
2018,1,423561,423551,Air Force,Richmond,2018-04-28,A,6,12,L,-6
2018,1,423562,423537,Army West Point,Massachusetts,2018-02-10,H,18,6,W,12
2018,1,423562,423543,Army West Point,NJIT,2018-02-13,H,14,5,W,9
2018,1,423562,423553,Army West Point,Rutgers,2018-02-17,H,9,7,W,2
2018,1,423562,423559,Army West Point,Syracuse,2018-02-24,A,10,11,L,-1
2018,1,423562,423528,Army West Point,Lafayette,2018-03-03,A,13,4,W,9
2018,1,423562,423529,Army West Point,Lehigh,2018-03-10,H,7,9,L,-2
2018,1,423562,423525,Army West Point,Holy Cross,2018-03-17,H,5,3,W,2
2018,1,423562,423509,Army West Point,Colgate,2018-03-24,A,6,8,L,-2
2018,1,423562,423506,Army West Point,Bucknell,2018-03-31,H,7,10,L,-3
2018,1,423562,423503,Army West Point,Boston U.,2018-04-07,A,7,8,L,-1
2018,1,423562,423563,Army West Point,Navy,2018-04-14,H,8,9,L,-1
2018,1,423562,423531,Army West Point,Loyola Maryland,2018-04-20,A,8,12,L,-4
2018,1,423562,423544,Army West Point,Notre Dame,2018-05-05,A,5,17,L,-12
2018,1,423501,423552,Bellarmine,Robert Morris,2018-02-09,H,7,15,L,-8
2018,1,423501,423539,Bellarmine,Michigan,2018-02-13,A,7,9,L,-2
2018,1,423501,423508,Bellarmine,Cleveland St.,2018-02-17,H,13,9,W,4
2018,1,423501,423532,Bellarmine,"Manhattan @Chester, PA",2018-02-24,H,9,10,L,-1
2018,1,423501,423514,Bellarmine,"Detroit Mercy @Pontiac, Mich.",2018-03-02,H,5,11,L,-6
2018,1,423501,423534,Bellarmine,"Marquette @Pontiac, Mich.",2018-03-04,H,7,6,W,1
2018,1,423501,423570,Bellarmine,High Point,2018-03-17,A,7,15,L,-8
2018,1,423501,423526,Bellarmine,Jacksonville,2018-03-24,A,5,9,L,-4
2018,1,423501,423561,Bellarmine,Air Force,2018-03-31,H,7,9,L,-2
2018,1,423501,423551,Bellarmine,Richmond,2018-04-07,A,6,8,L,-2
2018,1,423501,423538,Bellarmine,Mercer,2018-04-14,H,12,6,W,6
2018,1,423501,423566,Bellarmine,VMI,2018-04-21,A,10,7,W,3
2018,1,423501,423518,Bellarmine,Furman,2018-04-28,H,7,8,L,-1
2018,1,423502,423559,Binghamton,Syracuse,2018-02-10,A,4,21,L,-17
2018,1,423502,423509,Binghamton,Colgate,2018-02-13,A,7,21,L,-14
2018,1,423502,423507,Binghamton,Canisius,2018-02-20,H,10,12,L,-2
2018,1,423502,423533,Binghamton,Marist,2018-02-25,A,7,8,L,-1
2018,1,423502,423523,Binghamton,Hobart,2018-03-03,A,6,17,L,-11
2018,1,423502,423510,Binghamton,Cornell,2018-03-06,A,2,18,L,-16
2018,1,423502,423512,Binghamton,Delaware,2018-03-10,H,8,7,W,1
2018,1,423502,423530,Binghamton,UMass Lowell,2018-03-17,H,10,14,L,-4
2018,1,423502,423564,Binghamton,Vermont,2018-03-24,A,6,10,L,-4
2018,1,423502,423557,Binghamton,Siena,2018-03-27,H,13,11,W,2
2018,1,423502,423528,Binghamton,Lafayette,2018-03-31,A,15,6,W,9
2018,1,423502,423521,Binghamton,Hartford,2018-04-07,A,14,10,W,4
2018,1,423502,423535,Binghamton,UMBC,2018-04-14,H,2,5,L,-3
2018,1,423502,423500,Binghamton,UAlbany,2018-04-20,A,7,18,L,-11
2018,1,423502,423558,Binghamton,Stony Brook,2018-04-27,H,9,15,L,-6
2018,1,423503,423549,Boston U.,Providence,2018-02-03,H,12,11,W,1
2018,1,423503,423545,Boston U.,Ohio St.,2018-02-10,A,9,15,L,-6
2018,1,423503,423511,Boston U.,Dartmouth,2018-02-20,H,10,4,W,6
2018,1,423503,423563,Boston U.,Navy,2018-02-24,H,8,10,L,-2
2018,1,423503,423505,Boston U.,Bryant,2018-02-27,A,8,7,W,1
2018,1,423503,423561,Boston U.,Air Force,2018-03-03,A,15,9,W,6
2018,1,423503,423509,Boston U.,Colgate,2018-03-10,H,9,16,L,-7
2018,1,423503,423506,Boston U.,Bucknell,2018-03-17,A,9,16,L,-7
2018,1,423503,423522,Boston U.,Harvard,2018-03-20,A,18,19,L,-1
2018,1,423503,423528,Boston U.,Lafayette,2018-03-24,A,12,8,W,4
2018,1,423503,423529,Boston U.,Lehigh,2018-03-31,H,6,7,L,-1
2018,1,423503,423562,Boston U.,Army West Point,2018-04-07,H,8,7,W,1
2018,1,423503,423531,Boston U.,Loyola Maryland,2018-04-14,A,9,23,L,-14
2018,1,423503,423525,Boston U.,Holy Cross,2018-04-20,A,9,4,W,5
2018,1,423503,423506,Boston U.,Bucknell,2018-04-24,A,12,11,W,1
2018,1,423503,423531,Boston U.,Loyola Maryland,2018-04-27,A,8,13,L,-5
2018,1,423503,423516,Boston U.,Duke,2018-05-06,A,9,13,L,-4
2018,1,423504,423550,Brown,Quinnipiac,2018-02-17,A,11,12,L,-1
2018,1,423504,423558,Brown,Stony Brook,2018-02-24,A,18,11,W,7
2018,1,423504,423553,Brown,Rutgers,2018-03-03,H,8,10,L,-2
2018,1,423504,423565,Brown,Villanova,2018-03-06,A,12,9,W,3
2018,1,423504,423522,Brown,Harvard,2018-03-17,A,8,10,L,-2
2018,1,423504,423525,Brown,Holy Cross,2018-03-20,A,19,8,W,11
2018,1,423504,423537,Brown,Massachusetts,2018-03-24,H,12,14,L,-2
2018,1,423504,423548,Brown,Princeton,2018-03-31,H,14,13,W,1
2018,1,423504,423547,Brown,Penn,2018-04-07,A,10,9,W,1
2018,1,423504,423569,Brown,Yale,2018-04-14,H,15,27,L,-12
2018,1,423504,423549,Brown,Providence,2018-04-17,H,11,12,L,-1
2018,1,423504,423510,Brown,Cornell,2018-04-21,A,5,19,L,-14
2018,1,423504,423505,Brown,Bryant,2018-04-24,H,9,17,L,-8
2018,1,423504,423511,Brown,Dartmouth,2018-04-28,H,20,6,W,14
2018,1,423504,423510,Brown,"Cornell @New York, N.Y.",2018-05-04,H,4,7,L,-3
2018,1,423505,423532,Bryant,Manhattan,2018-02-03,H,15,7,W,8
2018,1,423505,423506,Bryant,Bucknell,2018-02-10,H,12,14,L,-2
2018,1,423505,423549,Bryant,Providence,2018-02-17,A,8,13,L,-5
2018,1,423505,423521,Bryant,Hartford,2018-02-24,A,15,10,W,5
2018,1,423505,423503,Bryant,Boston U.,2018-02-27,H,7,8,L,-1
2018,1,423505,423569,Bryant,Yale,2018-03-03,H,8,11,L,-3
2018,1,423505,423515,Bryant,Drexel,2018-03-10,H,9,12,L,-3
2018,1,423505,423541,Bryant,Mount St. Mary's,2018-03-17,H,20,11,W,9
2018,1,423505,423554,Bryant,Sacred Heart,2018-03-24,A,16,7,W,9
2018,1,423505,423552,Bryant,Robert Morris,2018-03-30,A,10,7,W,3
2018,1,423505,423568,Bryant,Wagner,2018-04-07,H,8,3,W,5
2018,1,423505,423556,Bryant,Saint Joseph's,2018-04-14,A,7,14,L,-7
2018,1,423505,423523,Bryant,Hobart,2018-04-21,H,13,8,W,5
2018,1,423505,423504,Bryant,Brown,2018-04-24,A,17,9,W,8
2018,1,423505,423552,Bryant,"Robert Morris @Philadelphia, Pa.",2018-05-03,H,5,12,L,-7
2018,1,423506,423533,Bucknell,Marist,2018-02-03,H,11,9,W,2
2018,1,423506,423505,Bucknell,Bryant,2018-02-10,A,14,12,W,2
2018,1,423506,423551,Bucknell,Richmond,2018-02-17,A,8,9,L,-1
2018,1,423506,423509,Bucknell,Colgate,2018-02-24,A,13,10,W,3
2018,1,423506,423563,Bucknell,Navy,2018-03-03,H,8,13,L,-5
2018,1,423506,423525,Bucknell,Holy Cross,2018-03-10,A,12,4,W,8
2018,1,423506,423503,Bucknell,Boston U.,2018-03-17,H,16,9,W,7
2018,1,423506,423547,Bucknell,Penn,2018-03-20,A,8,9,L,-1
2018,1,423506,423531,Bucknell,Loyola Maryland,2018-03-24,A,12,11,W,1
2018,1,423506,423562,Bucknell,Army West Point,2018-03-31,A,10,7,W,3
2018,1,423506,423569,Bucknell,Yale,2018-04-04,A,9,8,W,1
2018,1,423506,423541,Bucknell,Mount St. Mary's,2018-04-07,H,14,9,W,5
2018,1,423506,423528,Bucknell,Lafayette,2018-04-13,H,15,6,W,9
2018,1,423506,423529,Bucknell,Lehigh,2018-04-20,H,14,7,W,7
2018,1,423506,423503,Bucknell,Boston U.,2018-04-24,H,11,12,L,-1
2018,1,423507,423511,Canisius,Dartmouth,2018-02-17,A,12,13,L,-1
2018,1,423507,423502,Canisius,Binghamton,2018-02-20,A,12,10,W,2
2018,1,423507,423518,Canisius,"Furman @Wayne, Pa.",2018-02-24,H,14,13,W,1
2018,1,423507,423508,Canisius,Cleveland St.,2018-03-04,H,12,11,W,1
2018,1,423507,423509,Canisius,Colgate,2018-03-17,A,5,18,L,-13
2018,1,423507,423500,Canisius,UAlbany,2018-03-20,A,11,19,L,-8
2018,1,423507,423557,Canisius,Siena,2018-03-24,A,13,12,W,1
2018,1,423507,423523,Canisius,Hobart,2018-03-27,H,9,19,L,-10
2018,1,423507,423533,Canisius,Marist,2018-03-31,A,16,5,W,11
2018,1,423507,423514,Canisius,Detroit Mercy,2018-04-07,H,10,12,L,-2
2018,1,423507,423552,Canisius,Robert Morris,2018-04-10,H,9,11,L,-2
2018,1,423507,423550,Canisius,Quinnipiac,2018-04-14,A,14,19,L,-5
2018,1,423507,423532,Canisius,Manhattan,2018-04-20,H,19,11,W,8
2018,1,423507,423540,Canisius,Monmouth,2018-04-27,H,12,13,L,-1
2018,1,423507,423550,Canisius,"Quinnipiac @West Long Branch, NJ",2018-05-03,H,11,10,W,1
2018,1,423507,423514,Canisius,"Detroit Mercy @West Long Branch, NJ",2018-05-05,H,10,9,W,1
2018,1,423507,423552,Canisius,Robert Morris,2018-05-09,H,6,12,L,-6
2018,1,423508,423545,Cleveland St.,Ohio St.,2018-02-03,H,6,13,L,-7
2018,1,423508,423539,Cleveland St.,Michigan,2018-02-10,A,5,15,L,-10
2018,1,423508,423538,Cleveland St.,Mercer,2018-02-13,H,9,10,L,-1
2018,1,423508,423501,Cleveland St.,Bellarmine,2018-02-17,A,9,13,L,-4
2018,1,423508,423561,Cleveland St.,Air Force,2018-02-23,A,8,7,W,1
2018,1,423508,423513,Cleveland St.,Denver,2018-02-25,A,8,17,L,-9
2018,1,423508,423507,Cleveland St.,Canisius,2018-03-04,A,11,12,L,-1
2018,1,423508,423528,Cleveland St.,Lafayette,2018-03-13,H,12,6,W,6
2018,1,423508,423516,Cleveland St.,Duke,2018-03-18,H,3,9,L,-6
2018,1,423508,423546,Cleveland St.,Penn St.,2018-03-24,A,5,16,L,-11
2018,1,423508,423520,Cleveland St.,Hampton,2018-04-07,H,19,6,W,13
2018,1,423508,423552,Cleveland St.,Robert Morris,2018-04-14,A,5,14,L,-9
2018,1,423508,423554,Cleveland St.,Sacred Heart,2018-04-21,H,15,9,W,6
2018,1,423508,423514,Cleveland St.,Detroit Mercy,2018-04-28,A,6,12,L,-6
2018,1,423509,423533,Colgate,Marist,2018-02-10,A,18,12,W,6
2018,1,423509,423502,Colgate,Binghamton,2018-02-13,H,21,7,W,14
2018,1,423509,423510,Colgate,Cornell,2018-02-17,H,14,11,W,3
2018,1,423509,423506,Colgate,Bucknell,2018-02-24,H,10,13,L,-3
2018,1,423509,423529,Colgate,Lehigh,2018-03-03,A,7,10,L,-3
2018,1,423509,423523,Colgate,Hobart,2018-03-06,A,11,12,L,-1
2018,1,423509,423503,Colgate,Boston U.,2018-03-10,A,16,9,W,7
2018,1,423509,423507,Colgate,Canisius,2018-03-17,H,18,5,W,13
2018,1,423509,423562,Colgate,Army West Point,2018-03-24,H,8,6,W,2
2018,1,423509,423531,Colgate,Loyola Maryland,2018-03-31,H,7,11,L,-4
2018,1,423509,423563,Colgate,Navy,2018-04-07,A,10,12,L,-2
2018,1,423509,423525,Colgate,Holy Cross,2018-04-14,H,10,12,L,-2
2018,1,423509,423528,Colgate,Lafayette,2018-04-20,A,17,9,W,8
2018,1,423509,423529,Colgate,Lehigh,2018-04-24,A,6,11,L,-5
2018,1,423509,423559,Colgate,Syracuse,2018-05-05,A,5,17,L,-12
2018,1,423510,423509,Cornell,Colgate,2018-02-17,A,11,14,L,-3
2018,1,423510,423523,Cornell,Hobart,2018-02-24,H,15,8,W,7
2018,1,423510,423500,Cornell,UAlbany,2018-03-04,A,9,11,L,-2
2018,1,423510,423502,Cornell,Binghamton,2018-03-06,H,18,2,W,16
2018,1,423510,423546,Cornell,"Penn St. @Sparks, Md.",2018-03-10,H,9,7,W,2
2018,1,423510,423569,Cornell,Yale,2018-03-17,H,11,13,L,-2
2018,1,423510,423547,Cornell,Penn,2018-03-24,A,20,13,W,7
2018,1,423510,423561,Cornell,Air Force,2018-03-27,H,23,5,W,18
2018,1,423510,423511,Cornell,Dartmouth,2018-03-31,A,22,11,W,11
2018,1,423510,423522,Cornell,Harvard,2018-04-07,H,15,11,W,4
2018,1,423510,423559,Cornell,Syracuse,2018-04-10,H,13,8,W,5
2018,1,423510,423529,Cornell,Lehigh,2018-04-14,A,12,10,W,2
2018,1,423510,423504,Cornell,Brown,2018-04-21,H,19,5,W,14
2018,1,423510,423548,Cornell,Princeton,2018-04-28,A,8,14,L,-6
2018,1,423510,423504,Cornell,"Brown @New York, N.Y.",2018-05-04,H,7,4,W,3
2018,1,423510,423569,Cornell,"Yale @New York, N.Y.",2018-05-06,H,14,8,L,6
2018,1,423510,423559,Cornell,Syracuse,2018-05-13,A,10,9,W,1
2018,1,423510,423536,Cornell,"Maryland @Annapolis, Md.",2018-05-20,H,8,13,L,-5
2018,1,423511,423507,Dartmouth,Canisius,2018-02-17,H,13,12,W,1
2018,1,423511,423503,Dartmouth,Boston U.,2018-02-20,A,4,10,L,-6
2018,1,423511,423554,Dartmouth,Sacred Heart,2018-02-24,A,11,17,L,-6
2018,1,423511,423568,Dartmouth,Wagner,2018-03-03,H,9,8,W,1
2018,1,423511,423555,Dartmouth,St. John's (NY),2018-03-17,A,5,12,L,-7
2018,1,423511,423567,Dartmouth,Virginia,2018-03-20,A,6,12,L,-6
2018,1,423511,423522,Dartmouth,Harvard,2018-03-24,A,8,10,L,-2
2018,1,423511,423510,Dartmouth,Cornell,2018-03-31,H,11,22,L,-11
2018,1,423511,423569,Dartmouth,Yale,2018-04-07,H,7,17,L,-10
2018,1,423511,423530,Dartmouth,UMass Lowell,2018-04-10,A,8,9,L,-1
2018,1,423511,423548,Dartmouth,Princeton,2018-04-14,A,13,24,L,-11
2018,1,423511,423547,Dartmouth,Penn,2018-04-21,H,9,10,L,-1
2018,1,423511,423504,Dartmouth,Brown,2018-04-28,A,6,20,L,-14
2018,1,423512,423541,Delaware,Mount St. Mary's,2018-02-10,H,16,12,W,4
2018,1,423512,423543,Delaware,NJIT,2018-02-17,H,11,6,W,5
2018,1,423512,423540,Delaware,Monmouth,2018-02-24,A,15,11,W,4
2018,1,423512,423565,Delaware,Villanova,2018-03-03,H,12,13,L,-1
2018,1,423512,423538,Delaware,Mercer,2018-03-06,H,8,10,L,-2
2018,1,423512,423502,Delaware,Binghamton,2018-03-10,A,7,8,L,-1
2018,1,423512,423527,Delaware,Johns Hopkins,2018-03-17,A,8,14,L,-6
2018,1,423512,423553,Delaware,Rutgers,2018-03-24,A,10,15,L,-5
2018,1,423512,423517,Delaware,Fairfield,2018-03-31,H,11,10,W,1
2018,1,423512,423537,Delaware,Massachusetts,2018-04-06,H,8,9,L,-1
2018,1,423512,423524,Delaware,Hofstra,2018-04-14,A,10,9,W,1
2018,1,423512,423560,Delaware,Towson,2018-04-21,A,7,13,L,-6
2018,1,423512,423515,Delaware,Drexel,2018-04-27,H,17,8,W,9
2018,1,423512,423560,Delaware,"Towson @Amherst, MA",2018-05-03,H,8,9,L,-1
2018,1,423513,423561,Denver,Air Force,2018-02-10,A,11,5,W,6
2018,1,423513,423516,Denver,Duke,2018-02-16,A,12,15,L,-3
2018,1,423513,423508,Denver,Cleveland St.,2018-02-25,H,17,8,W,9
2018,1,423513,423518,Denver,Furman,2018-03-03,A,13,8,W,5
2018,1,423513,423542,Denver,North Carolina,2018-03-05,A,10,6,W,4
2018,1,423513,423544,Denver,Notre Dame,2018-03-10,A,9,11,L,-2
2018,1,423513,423545,Denver,Ohio St.,2018-03-17,H,12,7,W,5
2018,1,423513,423560,Denver,Towson,2018-03-24,H,11,10,W,1
2018,1,423513,423519,Denver,Georgetown,2018-03-31,A,6,5,W,1
2018,1,423513,423565,Denver,Villanova,2018-04-06,A,22,6,W,16
2018,1,423513,423555,Denver,St. John's (NY),2018-04-14,H,15,6,W,9
2018,1,423513,423549,Denver,Providence,2018-04-21,A,13,6,W,7
2018,1,423513,423534,Denver,Marquette,2018-04-28,H,7,4,W,3
2018,1,423513,423534,Denver,"Marquette @Villanova, Pa.",2018-05-03,H,10,7,W,3
2018,1,423513,423519,Denver,"Georgetown @Villanova, Pa.",2018-05-05,H,3,8,L,-5
2018,1,423513,423544,Denver,Notre Dame,2018-05-13,A,9,7,W,2
2018,1,423513,423500,Denver,"UAlbany @Hempstead, NY",2018-05-19,H,13,15,L,-2
2018,1,423514,423544,Detroit Mercy,Notre Dame,2018-02-11,A,7,10,L,-3
2018,1,423514,423538,Detroit Mercy,Mercer,2018-02-18,A,8,7,W,1
2018,1,423514,423526,Detroit Mercy,Jacksonville,2018-02-20,A,8,15,L,-7
2018,1,423514,423534,Detroit Mercy,Marquette,2018-02-24,H,6,13,L,-7
2018,1,423514,423501,Detroit Mercy,"Bellarmine @Pontiac, Mich.",2018-03-02,H,11,5,W,6
2018,1,423514,423545,Detroit Mercy,"Ohio St. @Pontiac, Mich.",2018-03-04,H,7,8,L,-1
2018,1,423514,423561,Detroit Mercy,Air Force,2018-03-11,H,7,9,L,-2
2018,1,423514,423533,Detroit Mercy,Marist,2018-03-17,H,14,10,W,4
2018,1,423514,423540,Detroit Mercy,Monmouth,2018-03-24,A,9,8,W,1
2018,1,423514,423550,Detroit Mercy,Quinnipiac,2018-03-31,H,11,14,L,-3
2018,1,423514,423507,Detroit Mercy,Canisius,2018-04-07,A,12,10,W,2
2018,1,423514,423532,Detroit Mercy,Manhattan,2018-04-14,A,18,8,W,10
2018,1,423514,423557,Detroit Mercy,Siena,2018-04-20,H,14,8,W,6
2018,1,423514,423508,Detroit Mercy,Cleveland St.,2018-04-28,H,12,6,W,6
2018,1,423514,423540,Detroit Mercy,Monmouth,2018-05-03,A,12,9,W,3
2018,1,423514,423507,Detroit Mercy,"Canisius @West Long Branch, NJ",2018-05-05,H,9,10,L,-1
2018,1,423515,423567,Drexel,Virginia,2018-02-17,H,8,13,L,-5
2018,1,423515,423500,Drexel,UAlbany,2018-02-24,A,5,18,L,-13
2018,1,423515,423565,Drexel,Villanova,2018-02-27,A,9,12,L,-3
2018,1,423515,423533,Drexel,Marist,2018-03-03,H,15,5,W,10
2018,1,423515,423505,Drexel,Bryant,2018-03-10,A,12,9,W,3
2018,1,423515,423556,Drexel,Saint Joseph's,2018-03-13,A,9,10,L,-1
2018,1,423515,423519,Drexel,Georgetown,2018-03-17,H,15,10,W,5
2018,1,423515,423549,Drexel,Providence,2018-03-25,H,11,10,W,1
2018,1,423515,423537,Drexel,Massachusetts,2018-03-31,H,10,11,L,-1
2018,1,423515,423560,Drexel,Towson,2018-04-06,A,9,17,L,-8
2018,1,423515,423517,Drexel,Fairfield,2018-04-14,A,16,14,W,2
2018,1,423515,423524,Drexel,Hofstra,2018-04-21,H,8,16,L,-8
2018,1,423515,423512,Drexel,Delaware,2018-04-27,A,8,17,L,-9
2018,1,423516,423561,Duke,Air Force,2018-02-03,H,18,4,W,14
2018,1,423516,423570,Duke,High Point,2018-02-08,H,18,6,W,12
2018,1,423516,423526,Duke,Jacksonville,2018-02-10,H,19,8,W,11
2018,1,423516,423513,Duke,Denver,2018-02-16,H,15,12,W,3
2018,1,423516,423547,Duke,Penn,2018-02-24,A,9,10,L,-1
2018,1,423516,423551,Duke,Richmond,2018-03-03,H,14,4,W,10
2018,1,423516,423531,Duke,Loyola Maryland,2018-03-10,A,13,9,W,4
2018,1,423516,423560,Duke,Towson,2018-03-17,A,10,8,W,2
2018,1,423516,423508,Duke,Cleveland St.,2018-03-18,A,9,3,W,6
2018,1,423516,423559,Duke,Syracuse,2018-03-24,H,14,15,L,-1
2018,1,423516,423542,Duke,North Carolina,2018-03-30,H,11,10,W,1
2018,1,423516,423544,Duke,Notre Dame,2018-04-07,A,8,2,W,6
2018,1,423516,423567,Duke,Virginia,2018-04-14,A,18,13,W,5
2018,1,423516,423534,Duke,Marquette,2018-04-20,H,17,5,W,12
2018,1,423516,423544,Duke,"Notre Dame @Charlottesville, Va.",2018-04-27,H,11,14,L,-3
2018,1,423516,423503,Duke,Boston U.,2018-05-06,H,13,9,W,4
2018,1,423516,423565,Duke,Villanova,2018-05-12,H,17,11,W,6
2018,1,423516,423527,Duke,"Johns Hopkins @Annapolis, Md.",2018-05-20,H,14,9,W,5
2018,1,423516,423536,Duke,"Maryland @Foxborough, Mass.",2018-05-26,H,13,8,W,5
2018,1,423516,423569,Duke,"Yale @Foxborough, Mass.",2018-05-28,H,11,13,L,-2
2018,1,423517,423564,Fairfield,Vermont,2018-02-10,H,5,12,L,-7
2018,1,423517,423556,Fairfield,Saint Joseph's,2018-02-17,A,11,6,W,5
2018,1,423517,423553,Fairfield,Rutgers,2018-02-24,A,7,12,L,-5
2018,1,423517,423521,Fairfield,Hartford,2018-02-27,H,11,16,L,-5
2018,1,423517,423558,Fairfield,Stony Brook,2018-03-03,H,9,11,L,-2
2018,1,423517,423550,Fairfield,Quinnipiac,2018-03-06,H,9,6,W,3
2018,1,423517,423569,Fairfield,Yale,2018-03-10,H,3,8,L,-5
2018,1,423517,423546,Fairfield,Penn St.,2018-03-17,H,13,17,L,-4
2018,1,423517,423543,Fairfield,NJIT,2018-03-20,H,12,8,W,4
2018,1,423517,423565,Fairfield,Villanova,2018-03-24,A,12,13,L,-1
2018,1,423517,423512,Fairfield,Delaware,2018-03-31,A,10,11,L,-1
2018,1,423517,423524,Fairfield,Hofstra,2018-04-06,A,5,4,W,1
2018,1,423517,423515,Fairfield,Drexel,2018-04-14,H,14,16,L,-2
2018,1,423517,423537,Fairfield,Massachusetts,2018-04-21,H,4,11,L,-7
2018,1,423517,423560,Fairfield,Towson,2018-04-28,A,7,8,L,-1
2018,1,423518,423564,Furman,Vermont,2018-02-01,H,6,12,L,-6
2018,1,423518,423542,Furman,North Carolina,2018-02-10,A,14,15,L,-1
2018,1,423518,423554,Furman,"Sacred Heart @Baltimore, Md.",2018-02-17,H,13,17,L,-4
2018,1,423518,423507,Furman,"Canisius @Wayne, Pa.",2018-02-24,H,13,14,L,-1
2018,1,423518,423513,Furman,Denver,2018-03-03,H,8,13,L,-5
2018,1,423518,423546,Furman,"Penn St. @Bethesda, Md.",2018-03-06,H,5,16,L,-11
2018,1,423518,423551,Furman,Richmond,2018-03-17,H,10,9,W,1
2018,1,423518,423566,Furman,VMI,2018-03-24,A,11,7,W,4
2018,1,423518,423538,Furman,Mercer,2018-03-31,A,7,6,W,1
2018,1,423518,423570,Furman,High Point,2018-04-07,H,7,15,L,-8
2018,1,423518,423561,Furman,Air Force,2018-04-14,A,3,11,L,-8
2018,1,423518,423526,Furman,Jacksonville,2018-04-21,H,11,12,L,-1
2018,1,423518,423501,Furman,Bellarmine,2018-04-28,A,8,7,W,1
2018,1,423518,423551,Furman,Richmond,2018-05-03,A,8,16,L,-8
2018,1,423519,423570,Georgetown,High Point,2018-02-13,H,15,5,W,10
2018,1,423519,423552,Georgetown,Robert Morris,2018-02-17,A,12,11,W,1
2018,1,423519,423560,Georgetown,Towson,2018-02-24,A,12,10,W,2
2018,1,423519,423541,Georgetown,Mount St. Mary's,2018-02-27,H,16,6,W,10
2018,1,423519,423533,Georgetown,Marist,2018-03-06,H,13,6,W,7
2018,1,423519,423523,Georgetown,Hobart,2018-03-10,H,12,9,W,3
2018,1,423519,423515,Georgetown,Drexel,2018-03-17,A,10,15,L,-5
2018,1,423519,423534,Georgetown,Marquette,2018-03-24,A,8,9,L,-1
2018,1,423519,423513,Georgetown,Denver,2018-03-31,H,5,6,L,-1
2018,1,423519,423549,Georgetown,Providence,2018-04-07,H,8,4,W,4
2018,1,423519,423531,Georgetown,Loyola Maryland,2018-04-10,H,8,11,L,-3
2018,1,423519,423565,Georgetown,Villanova,2018-04-14,A,13,11,W,2
2018,1,423519,423543,Georgetown,NJIT,2018-04-21,H,15,6,W,9
2018,1,423519,423555,Georgetown,St. John's (NY),2018-04-28,A,11,6,W,5
2018,1,423519,423565,Georgetown,Villanova,2018-05-03,A,13,10,W,3
2018,1,423519,423513,Georgetown,"Denver @Villanova, Pa.",2018-05-05,H,8,3,W,5
2018,1,423519,423527,Georgetown,Johns Hopkins,2018-05-13,A,9,10,L,-1
2018,1,423520,423604,Hampton,Lincoln Memorial,2018-02-03,H,9,16,L,-7
2018,1,423520,423577,Hampton,Dist. Columbia,2018-02-23,H,6,16,L,-10
2018,1,423520,423782,Hampton,Greensboro,2018-03-04,A,7,10,L,-3
2018,1,423520,423677,Hampton,Westminster (PA),2018-03-05,H,11,5,W,6
2018,1,423520,423742,Hampton,Bethany (WV),2018-03-14,H,15,5,W,10
2018,1,423520,423568,Hampton,Wagner,2018-03-19,A,3,15,L,-12
2018,1,423520,423566,Hampton,VMI,2018-03-31,A,3,18,L,-15
2018,1,423520,423615,Hampton,Chowan,2018-04-04,H,17,19,L,-2
2018,1,423520,423508,Hampton,Cleveland St.,2018-04-07,A,6,19,L,-13
2018,1,423520,423599,Hampton,Alderson Broaddus,2018-04-10,A,12,8,W,4
2018,1,423520,423543,Hampton,NJIT,2018-04-14,A,8,15,L,-7
2018,1,423520,423610,Hampton,St. Thomas Aquinas,2018-04-28,H,11,7,W,4
2018,1,423521,423555,Hartford,St. John's (NY),2018-02-17,A,12,14,L,-2
2018,1,423521,423505,Hartford,Bryant,2018-02-24,H,10,15,L,-5
2018,1,423521,423517,Hartford,Fairfield,2018-02-27,A,16,11,W,5
2018,1,423521,423522,Hartford,Harvard,2018-03-03,A,10,14,L,-4
2018,1,423521,423554,Hartford,Sacred Heart,2018-03-10,A,11,10,W,1
2018,1,423521,423537,Hartford,Massachusetts,2018-03-17,A,13,17,L,-4
2018,1,423521,423550,Hartford,Quinnipiac,2018-03-20,H,12,8,W,4
2018,1,423521,423558,Hartford,Stony Brook,2018-03-24,A,8,10,L,-2
2018,1,423521,423564,Hartford,Vermont,2018-03-31,H,7,11,L,-4
2018,1,423521,423502,Hartford,Binghamton,2018-04-07,H,10,14,L,-4
2018,1,423521,423530,Hartford,UMass Lowell,2018-04-14,A,10,12,L,-2
2018,1,423521,423535,Hartford,UMBC,2018-04-21,A,3,8,L,-5
2018,1,423521,423500,Hartford,UAlbany,2018-04-28,H,6,16,L,-10
2018,1,423522,423530,Harvard,UMass Lowell,2018-02-17,H,10,9,W,1
2018,1,423522,423525,Harvard,Holy Cross,2018-02-20,H,9,10,L,-1
2018,1,423522,423537,Harvard,Massachusetts,2018-02-24,A,16,11,W,5
2018,1,423522,423521,Harvard,Hartford,2018-03-03,H,14,10,W,4
2018,1,423522,423549,Harvard,Providence,2018-03-10,A,11,8,W,3
2018,1,423522,423504,Harvard,Brown,2018-03-17,H,10,8,W,2
2018,1,423522,423503,Harvard,Boston U.,2018-03-20,H,19,18,W,1
2018,1,423522,423511,Harvard,Dartmouth,2018-03-24,H,10,8,W,2
2018,1,423522,423500,Harvard,UAlbany,2018-03-28,A,6,14,L,-8
2018,1,423522,423510,Harvard,Cornell,2018-04-07,A,11,15,L,-4
2018,1,423522,423547,Harvard,Penn,2018-04-14,A,7,11,L,-4
2018,1,423522,423548,Harvard,Princeton,2018-04-21,H,10,15,L,-5
2018,1,423522,423569,Harvard,Yale,2018-04-28,A,8,16,L,-8
2018,1,423570,423516,High Point,Duke,2018-02-08,A,6,18,L,-12
2018,1,423570,423519,High Point,Georgetown,2018-02-13,A,5,15,L,-10
2018,1,423570,423536,High Point,Maryland,2018-02-17,H,14,16,L,-2
2018,1,423570,423567,High Point,Virginia,2018-02-20,H,12,18,L,-6
2018,1,423570,423555,High Point,St. John's (NY),2018-02-24,A,11,16,L,-5
2018,1,423570,423552,High Point,Robert Morris,2018-03-03,A,11,16,L,-5
2018,1,423570,423501,High Point,Bellarmine,2018-03-17,H,15,7,W,8
2018,1,423570,423551,High Point,Richmond,2018-03-24,A,12,15,L,-3
2018,1,423570,423526,High Point,Jacksonville,2018-03-31,H,11,9,W,2
2018,1,423570,423518,High Point,Furman,2018-04-07,A,15,7,W,8
2018,1,423570,423566,High Point,VMI,2018-04-13,H,16,7,W,9
2018,1,423570,423561,High Point,Air Force,2018-04-21,A,7,6,W,1
2018,1,423570,423538,High Point,Mercer,2018-04-28,H,13,7,W,6
2018,1,423570,423526,High Point,"Jacksonville @Richmond, Va.",2018-05-03,H,11,12,L,-1
2018,1,423523,423546,Hobart,Penn St.,2018-02-10,A,8,15,L,-7
2018,1,423523,423557,Hobart,Siena,2018-02-17,H,11,12,L,-1
2018,1,423523,423510,Hobart,Cornell,2018-02-24,A,8,15,L,-7
2018,1,423523,423502,Hobart,Binghamton,2018-03-03,H,17,6,W,11
2018,1,423523,423509,Hobart,Colgate,2018-03-06,H,12,11,W,1
2018,1,423523,423519,Hobart,Georgetown,2018-03-10,A,9,12,L,-3
2018,1,423523,423568,Hobart,Wagner,2018-03-17,A,11,5,W,6
2018,1,423523,423556,Hobart,Saint Joseph's,2018-03-24,H,5,6,L,-1
2018,1,423523,423507,Hobart,Canisius,2018-03-27,A,19,9,W,10
2018,1,423523,423559,Hobart,Syracuse,2018-04-03,A,4,11,L,-7
2018,1,423523,423552,Hobart,Robert Morris,2018-04-07,H,9,10,L,-1
2018,1,423523,423541,Hobart,Mount St. Mary's,2018-04-14,A,14,15,L,-1
2018,1,423523,423505,Hobart,Bryant,2018-04-21,A,8,13,L,-5
2018,1,423523,423554,Hobart,Sacred Heart,2018-04-28,H,6,10,L,-4
2018,1,423524,423545,Hofstra,Ohio St.,2018-02-17,A,7,9,L,-2
2018,1,423524,423565,Hofstra,Villanova,2018-02-24,H,2,7,L,-5
2018,1,423524,423558,Hofstra,Stony Brook,2018-02-27,A,14,2,W,12
2018,1,423524,423542,Hofstra,North Carolina,2018-03-10,H,12,6,W,6
2018,1,423524,423540,Hofstra,Monmouth,2018-03-14,H,7,6,W,1
2018,1,423524,423549,Hofstra,Providence,2018-03-17,A,12,8,W,4
2018,1,423524,423529,Hofstra,Lehigh,2018-03-20,H,8,13,L,-5
2018,1,423524,423555,Hofstra,St. John's (NY),2018-03-24,A,8,9,L,-1
2018,1,423524,423560,Hofstra,Towson,2018-03-31,H,9,3,W,6
2018,1,423524,423517,Hofstra,Fairfield,2018-04-06,H,4,5,L,-1
2018,1,423524,423512,Hofstra,Delaware,2018-04-14,H,9,10,L,-1
2018,1,423524,423515,Hofstra,Drexel,2018-04-21,A,16,8,W,8
2018,1,423524,423537,Hofstra,Massachusetts,2018-04-27,A,6,14,L,-8
2018,1,423524,423537,Hofstra,Massachusetts,2018-05-03,A,6,10,L,-4
2018,1,423525,423549,Holy Cross,Providence,2018-02-10,A,6,9,L,-3
2018,1,423525,423564,Holy Cross,Vermont,2018-02-17,H,3,15,L,-12
2018,1,423525,423522,Holy Cross,Harvard,2018-02-20,A,10,9,W,1
2018,1,423525,423529,Holy Cross,Lehigh,2018-02-24,A,4,15,L,-11
2018,1,423525,423531,Holy Cross,Loyola Maryland,2018-03-04,H,5,13,L,-8
2018,1,423525,423506,Holy Cross,Bucknell,2018-03-10,H,4,12,L,-8
2018,1,423525,423562,Holy Cross,Army West Point,2018-03-17,A,3,5,L,-2
2018,1,423525,423504,Holy Cross,Brown,2018-03-20,H,8,19,L,-11
2018,1,423525,423550,Holy Cross,Quinnipiac,2018-03-24,A,14,13,W,1
2018,1,423525,423563,Holy Cross,Navy,2018-03-31,A,4,5,L,-1
2018,1,423525,423528,Holy Cross,Lafayette,2018-04-07,H,10,9,W,1
2018,1,423525,423509,Holy Cross,Colgate,2018-04-14,A,12,10,W,2
2018,1,423525,423503,Holy Cross,Boston U.,2018-04-20,H,4,9,L,-5
2018,1,423526,423563,Jacksonville,Navy,2018-02-04,H,12,7,W,5
2018,1,423526,423516,Jacksonville,Duke,2018-02-10,A,8,19,L,-11
2018,1,423526,423534,Jacksonville,Marquette,2018-02-17,A,10,11,L,-1
2018,1,423526,423514,Jacksonville,Detroit Mercy,2018-02-20,H,15,8,W,7
2018,1,423526,423545,Jacksonville,Ohio St.,2018-02-25,H,11,12,L,-1
2018,1,423526,423564,Jacksonville,"Vermont @Severn, Md.",2018-03-03,H,10,11,L,-1
2018,1,423526,423538,Jacksonville,Mercer,2018-03-17,H,16,8,W,8
2018,1,423526,423501,Jacksonville,Bellarmine,2018-03-24,H,9,5,W,4
2018,1,423526,423570,Jacksonville,High Point,2018-03-31,A,9,11,L,-2
2018,1,423526,423561,Jacksonville,Air Force,2018-04-07,H,13,12,W,1
2018,1,423526,423551,Jacksonville,Richmond,2018-04-14,A,12,14,L,-2
2018,1,423526,423518,Jacksonville,Furman,2018-04-21,A,12,11,W,1
2018,1,423526,423566,Jacksonville,VMI,2018-04-28,H,14,5,W,9
2018,1,423526,423570,Jacksonville,"High Point @Richmond, Va.",2018-05-03,H,12,11,W,1
2018,1,423526,423551,Jacksonville,Richmond,2018-05-05,A,10,11,L,-1
2018,1,423527,423560,Johns Hopkins,Towson,2018-02-10,H,14,6,W,8
2018,1,423527,423531,Johns Hopkins,Loyola Maryland,2018-02-17,A,5,12,L,-7
2018,1,423527,423542,Johns Hopkins,North Carolina,2018-02-23,H,11,13,L,-2
2018,1,423527,423548,Johns Hopkins,Princeton,2018-03-03,H,16,9,W,7
2018,1,423527,423559,Johns Hopkins,Syracuse,2018-03-10,A,18,7,W,11
2018,1,423527,423535,Johns Hopkins,UMBC,2018-03-13,H,13,6,W,7
2018,1,423527,423512,Johns Hopkins,Delaware,2018-03-17,H,14,8,W,6
2018,1,423527,423567,Johns Hopkins,Virginia,2018-03-24,A,15,13,W,2
2018,1,423527,423553,Johns Hopkins,Rutgers,2018-04-01,A,13,12,W,1
2018,1,423527,423545,Johns Hopkins,Ohio St.,2018-04-07,H,13,10,W,3
2018,1,423527,423546,Johns Hopkins,Penn St.,2018-04-14,A,12,14,L,-2
2018,1,423527,423539,Johns Hopkins,Michigan,2018-04-21,A,10,9,W,1
2018,1,423527,423536,Johns Hopkins,Maryland,2018-04-28,H,7,8,L,-1
2018,1,423527,423545,Johns Hopkins,"Ohio St. @Ann Arbor, Mich.",2018-05-03,H,6,5,W,1
2018,1,423527,423536,Johns Hopkins,"Maryland @Ann Arbor, Mich.",2018-05-05,H,13,10,W,3
2018,1,423527,423519,Johns Hopkins,Georgetown,2018-05-13,H,10,9,W,1
2018,1,423527,423516,Johns Hopkins,"Duke @Annapolis, Md.",2018-05-20,H,9,14,L,-5
2018,1,423528,423542,Lafayette,North Carolina,2018-02-03,A,10,17,L,-7
2018,1,423528,423543,Lafayette,NJIT,2018-02-10,A,10,8,W,2
2018,1,423528,423568,Lafayette,Wagner,2018-02-16,H,8,7,W,1
2018,1,423528,423532,Lafayette,Manhattan,2018-02-20,H,9,12,L,-3
2018,1,423528,423531,Lafayette,Loyola Maryland,2018-02-24,A,5,19,L,-14
2018,1,423528,423562,Lafayette,Army West Point,2018-03-03,H,4,13,L,-9
2018,1,423528,423563,Lafayette,Navy,2018-03-10,A,5,15,L,-10
2018,1,423528,423508,Lafayette,Cleveland St.,2018-03-13,A,6,12,L,-6
2018,1,423528,423529,Lafayette,Lehigh,2018-03-17,H,11,19,L,-8
2018,1,423528,423503,Lafayette,Boston U.,2018-03-24,H,8,12,L,-4
2018,1,423528,423502,Lafayette,Binghamton,2018-03-31,H,6,15,L,-9
2018,1,423528,423540,Lafayette,Monmouth,2018-04-03,A,11,10,W,1
2018,1,423528,423525,Lafayette,Holy Cross,2018-04-07,A,9,10,L,-1
2018,1,423528,423506,Lafayette,Bucknell,2018-04-13,A,6,15,L,-9
2018,1,423528,423509,Lafayette,Colgate,2018-04-20,H,9,17,L,-8
2018,1,423529,423543,Lehigh,NJIT,2018-02-03,H,13,8,W,5
2018,1,423529,423538,Lehigh,Mercer,2018-02-10,A,13,8,W,5
2018,1,423529,423542,Lehigh,North Carolina,2018-02-17,A,11,12,L,-1
2018,1,423529,423525,Lehigh,Holy Cross,2018-02-24,H,15,4,W,11
2018,1,423529,423509,Lehigh,Colgate,2018-03-03,H,10,7,W,3
2018,1,423529,423562,Lehigh,Army West Point,2018-03-10,A,9,7,W,2
2018,1,423529,423553,Lehigh,Rutgers,2018-03-14,H,7,8,L,-1
2018,1,423529,423528,Lehigh,Lafayette,2018-03-17,A,19,11,W,8
2018,1,423529,423524,Lehigh,Hofstra,2018-03-20,A,13,8,W,5
2018,1,423529,423563,Lehigh,Navy,2018-03-24,H,7,10,L,-3
2018,1,423529,423503,Lehigh,Boston U.,2018-03-31,A,7,6,W,1
2018,1,423529,423531,Lehigh,Loyola Maryland,2018-04-07,H,10,16,L,-6
2018,1,423529,423510,Lehigh,Cornell,2018-04-14,H,10,12,L,-2
2018,1,423529,423506,Lehigh,Bucknell,2018-04-20,A,7,14,L,-7
2018,1,423529,423509,Lehigh,Colgate,2018-04-24,H,11,6,W,5
2018,1,423529,423563,Lehigh,"Navy @Baltimore, Md.",2018-04-27,H,10,9,W,1
2018,1,423529,423531,Lehigh,Loyola Maryland,2018-04-29,A,8,15,L,-7
2018,1,423531,423567,Loyola Maryland,Virginia,2018-02-10,A,12,13,L,-1
2018,1,423531,423527,Loyola Maryland,Johns Hopkins,2018-02-17,H,12,5,W,7
2018,1,423531,423528,Loyola Maryland,Lafayette,2018-02-24,H,19,5,W,14
2018,1,423531,423560,Loyola Maryland,Towson,2018-02-28,H,12,8,W,4
2018,1,423531,423525,Loyola Maryland,Holy Cross,2018-03-04,A,13,5,W,8
2018,1,423531,423516,Loyola Maryland,Duke,2018-03-10,H,9,13,L,-4
2018,1,423531,423563,Loyola Maryland,Navy,2018-03-17,A,15,9,W,6
2018,1,423531,423506,Loyola Maryland,Bucknell,2018-03-24,H,11,12,L,-1
2018,1,423531,423509,Loyola Maryland,Colgate,2018-03-31,A,11,7,W,4
2018,1,423531,423529,Loyola Maryland,Lehigh,2018-04-07,A,16,10,W,6
2018,1,423531,423519,Loyola Maryland,Georgetown,2018-04-10,A,11,8,W,3
2018,1,423531,423503,Loyola Maryland,Boston U.,2018-04-14,H,23,9,W,14
2018,1,423531,423562,Loyola Maryland,Army West Point,2018-04-20,H,12,8,W,4
2018,1,423531,423503,Loyola Maryland,Boston U.,2018-04-27,H,13,8,W,5
2018,1,423531,423529,Loyola Maryland,Lehigh,2018-04-29,H,15,8,W,7
2018,1,423531,423567,Loyola Maryland,Virginia,2018-05-12,H,14,12,W,2
2018,1,423531,423569,Loyola Maryland,"Yale @Hempstead, NY",2018-05-19,H,5,8,L,-3
2018,1,423532,423505,Manhattan,Bryant,2018-02-03,A,7,15,L,-8
2018,1,423532,423568,Manhattan,Wagner,2018-02-10,A,5,11,L,-6
2018,1,423532,423566,Manhattan,VMI,2018-02-17,H,12,7,W,5
2018,1,423532,423528,Manhattan,Lafayette,2018-02-20,A,12,9,W,3
2018,1,423532,423501,Manhattan,"Bellarmine @Chester, PA",2018-02-24,H,10,9,W,1
2018,1,423532,423567,Manhattan,Virginia,2018-03-06,H,5,8,L,-3
2018,1,423532,423530,Manhattan,UMass Lowell,2018-03-10,A,9,11,L,-2
2018,1,423532,423540,Manhattan,Monmouth,2018-03-17,H,8,12,L,-4
2018,1,423532,423533,Manhattan,Marist,2018-03-24,A,4,12,L,-8
2018,1,423532,423543,Manhattan,NJIT,2018-03-31,A,14,6,W,8
2018,1,423532,423550,Manhattan,Quinnipiac,2018-04-07,A,5,9,L,-4
2018,1,423532,423514,Manhattan,Detroit Mercy,2018-04-14,H,8,18,L,-10
2018,1,423532,423507,Manhattan,Canisius,2018-04-20,A,11,19,L,-8
2018,1,423532,423557,Manhattan,Siena,2018-04-27,H,12,15,L,-3
2018,1,423533,423506,Marist,Bucknell,2018-02-03,A,9,11,L,-2
2018,1,423533,423509,Marist,Colgate,2018-02-10,H,12,18,L,-6
2018,1,423533,423536,Marist,Maryland,2018-02-13,A,7,13,L,-6
2018,1,423533,423561,Marist,Air Force,2018-02-17,H,7,8,L,-1
2018,1,423533,423502,Marist,Binghamton,2018-02-25,H,8,7,W,1
2018,1,423533,423515,Marist,Drexel,2018-03-03,A,5,15,L,-10
2018,1,423533,423519,Marist,Georgetown,2018-03-06,A,6,13,L,-7
2018,1,423533,423535,Marist,UMBC,2018-03-10,A,4,7,L,-3
2018,1,423533,423514,Marist,Detroit Mercy,2018-03-17,A,10,14,L,-4
2018,1,423533,423532,Marist,Manhattan,2018-03-24,H,12,4,W,8
2018,1,423533,423507,Marist,Canisius,2018-03-31,H,5,16,L,-11
2018,1,423533,423557,Marist,Siena,2018-04-07,A,11,8,W,3
2018,1,423533,423540,Marist,Monmouth,2018-04-14,A,7,9,L,-2
2018,1,423533,423569,Marist,Yale,2018-04-17,A,4,14,L,-10
2018,1,423533,423550,Marist,Quinnipiac,2018-04-28,H,14,17,L,-3
2018,1,423534,423526,Marquette,Jacksonville,2018-02-17,H,11,10,W,1
2018,1,423534,423514,Marquette,Detroit Mercy,2018-02-24,A,13,6,W,7
2018,1,423534,423545,Marquette,"Ohio St. @Pontiac, Mich.",2018-03-02,H,8,7,W,1
2018,1,423534,423501,Marquette,"Bellarmine @Pontiac, Mich.",2018-03-04,H,6,7,L,-1
2018,1,423534,423552,Marquette,Robert Morris,2018-03-10,H,2,12,L,-10
2018,1,423534,423539,Marquette,Michigan,2018-03-17,A,7,12,L,-5
2018,1,423534,423519,Marquette,Georgetown,2018-03-24,H,9,8,W,1
2018,1,423534,423565,Marquette,Villanova,2018-03-31,H,9,14,L,-5
2018,1,423534,423555,Marquette,St. John's (NY),2018-04-07,A,11,10,W,1
2018,1,423534,423544,Marquette,Notre Dame,2018-04-11,H,6,7,L,-1
2018,1,423534,423549,Marquette,Providence,2018-04-14,H,12,11,W,1
2018,1,423534,423516,Marquette,Duke,2018-04-20,A,5,17,L,-12
2018,1,423534,423513,Marquette,Denver,2018-04-28,A,4,7,L,-3
2018,1,423534,423513,Marquette,"Denver @Villanova, Pa.",2018-05-03,H,7,10,L,-3
2018,1,423536,423563,Maryland,Navy,2018-02-10,H,10,4,W,6
2018,1,423536,423533,Maryland,Marist,2018-02-13,H,13,7,W,6
2018,1,423536,423570,Maryland,High Point,2018-02-17,A,16,14,W,2
2018,1,423536,423547,Maryland,Penn,2018-02-21,H,13,6,W,7
2018,1,423536,423544,Maryland,Notre Dame,2018-03-03,H,12,10,W,2
2018,1,423536,423500,Maryland,UAlbany,2018-03-10,H,10,11,L,-1
2018,1,423536,423565,Maryland,Villanova,2018-03-17,A,13,11,W,2
2018,1,423536,423542,Maryland,"North Carolina @Costa Mesa, Calif.",2018-03-23,H,11,7,W,4
2018,1,423536,423539,Maryland,Michigan,2018-03-31,A,13,5,W,8
2018,1,423536,423546,Maryland,Penn St.,2018-04-08,A,13,12,W,1
2018,1,423536,423553,Maryland,Rutgers,2018-04-15,H,11,10,W,1
2018,1,423536,423545,Maryland,Ohio St.,2018-04-22,H,10,12,L,-2
2018,1,423536,423527,Maryland,Johns Hopkins,2018-04-28,A,8,7,W,1
2018,1,423536,423553,Maryland,"Rutgers @Ann Arbor, Mich.",2018-05-03,H,12,9,W,3
2018,1,423536,423527,Maryland,"Johns Hopkins @Ann Arbor, Mich.",2018-05-05,H,10,13,L,-3
2018,1,423536,423552,Maryland,Robert Morris,2018-05-13,H,14,11,W,3
2018,1,423536,423510,Maryland,"Cornell @Annapolis, Md.",2018-05-20,H,13,8,W,5
2018,1,423536,423516,Maryland,"Duke @Foxborough, Mass.",2018-05-26,H,8,13,L,-5
2018,1,423537,423562,Massachusetts,Army West Point,2018-02-10,A,6,18,L,-12
2018,1,423537,423554,Massachusetts,Sacred Heart,2018-02-13,H,13,9,W,4
2018,1,423537,423522,Massachusetts,Harvard,2018-02-24,H,11,16,L,-5
2018,1,423537,423569,Massachusetts,Yale,2018-02-27,H,10,13,L,-3
2018,1,423537,423500,Massachusetts,UAlbany,2018-03-06,H,8,19,L,-11
2018,1,423537,423543,Massachusetts,NJIT,2018-03-10,H,17,3,W,14
2018,1,423537,423530,Massachusetts,UMass Lowell,2018-03-14,A,13,6,W,7
2018,1,423537,423521,Massachusetts,Hartford,2018-03-17,H,17,13,W,4
2018,1,423537,423504,Massachusetts,Brown,2018-03-24,A,14,12,W,2
2018,1,423537,423515,Massachusetts,Drexel,2018-03-31,A,11,10,W,1
2018,1,423537,423512,Massachusetts,Delaware,2018-04-06,A,9,8,W,1
2018,1,423537,423560,Massachusetts,Towson,2018-04-14,H,8,4,W,4
2018,1,423537,423517,Massachusetts,Fairfield,2018-04-21,A,11,4,W,7
2018,1,423537,423524,Massachusetts,Hofstra,2018-04-27,H,14,6,W,8
2018,1,423537,423524,Massachusetts,Hofstra,2018-05-03,H,10,6,W,4
2018,1,423537,423560,Massachusetts,Towson,2018-05-05,H,12,8,W,4
2018,1,423537,423569,Massachusetts,Yale,2018-05-12,A,13,15,L,-2
2018,1,423538,423564,Mercer,Vermont,2018-02-03,H,3,11,L,-8
2018,1,423538,423529,Mercer,Lehigh,2018-02-10,H,8,13,L,-5
2018,1,423538,423508,Mercer,Cleveland St.,2018-02-13,A,10,9,W,1
2018,1,423538,423514,Mercer,Detroit Mercy,2018-02-18,H,7,8,L,-1
2018,1,423538,423542,Mercer,North Carolina,2018-02-28,A,7,14,L,-7
2018,1,423538,423512,Mercer,Delaware,2018-03-06,A,10,8,W,2
2018,1,423538,423541,Mercer,Mount St. Mary's,2018-03-10,A,9,12,L,-3
2018,1,423538,423526,Mercer,Jacksonville,2018-03-17,A,8,16,L,-8
2018,1,423538,423561,Mercer,Air Force,2018-03-24,A,9,7,W,2
2018,1,423538,423518,Mercer,Furman,2018-03-31,H,6,7,L,-1
2018,1,423538,423566,Mercer,VMI,2018-04-07,H,15,7,W,8
2018,1,423538,423501,Mercer,Bellarmine,2018-04-14,A,6,12,L,-6
2018,1,423538,423551,Mercer,Richmond,2018-04-21,H,8,9,L,-1
2018,1,423538,423570,Mercer,High Point,2018-04-28,A,7,13,L,-6
2018,1,423539,423508,Michigan,Cleveland St.,2018-02-10,H,15,5,W,10
2018,1,423539,423501,Michigan,Bellarmine,2018-02-13,H,9,7,W,2
2018,1,423539,423547,Michigan,Penn,2018-02-17,A,9,12,L,-3
2018,1,423539,423569,Michigan,Yale,2018-02-24,A,11,15,L,-4
2018,1,423539,423557,Michigan,Siena,2018-03-03,H,13,7,W,6
2018,1,423539,423561,Michigan,Air Force,2018-03-09,H,14,9,W,5
2018,1,423539,423534,Michigan,Marquette,2018-03-17,H,12,7,W,5
2018,1,423539,423544,Michigan,Notre Dame,2018-03-21,A,13,12,W,1
2018,1,423539,423535,Michigan,UMBC,2018-03-24,A,9,6,W,3
2018,1,423539,423536,Michigan,Maryland,2018-03-31,H,5,13,L,-8
2018,1,423539,423553,Michigan,Rutgers,2018-04-08,A,8,16,L,-8
2018,1,423539,423545,Michigan,Ohio St.,2018-04-13,A,5,8,L,-3
2018,1,423539,423527,Michigan,Johns Hopkins,2018-04-21,H,9,10,L,-1
2018,1,423539,423546,Michigan,Penn St.,2018-04-28,A,10,9,W,1
2018,1,423540,423548,Monmouth,Princeton,2018-02-16,A,8,9,L,-1
2018,1,423540,423568,Monmouth,Wagner,2018-02-21,A,17,4,W,13
2018,1,423540,423512,Monmouth,Delaware,2018-02-24,H,11,15,L,-4
2018,1,423540,423530,Monmouth,UMass Lowell,2018-03-03,A,9,8,W,1
2018,1,423540,423556,Monmouth,Saint Joseph's,2018-03-10,H,5,11,L,-6
2018,1,423540,423524,Monmouth,Hofstra,2018-03-14,A,6,7,L,-1
2018,1,423540,423532,Monmouth,Manhattan,2018-03-17,A,12,8,W,4
2018,1,423540,423514,Monmouth,Detroit Mercy,2018-03-24,H,8,9,L,-1
2018,1,423540,423557,Monmouth,Siena,2018-03-31,A,17,8,W,9
2018,1,423540,423528,Monmouth,Lafayette,2018-04-03,H,10,11,L,-1
2018,1,423540,423543,Monmouth,NJIT,2018-04-07,H,10,4,W,6
2018,1,423540,423533,Monmouth,Marist,2018-04-14,H,9,7,W,2
2018,1,423540,423550,Monmouth,Quinnipiac,2018-04-20,H,9,10,L,-1
2018,1,423540,423507,Monmouth,Canisius,2018-04-27,A,13,12,W,1
2018,1,423540,423514,Monmouth,Detroit Mercy,2018-05-03,H,9,12,L,-3
2018,1,423541,423512,Mount St. Mary's,Delaware,2018-02-10,A,12,16,L,-4
2018,1,423541,423560,Mount St. Mary's,Towson,2018-02-17,A,13,15,L,-2
2018,1,423541,423551,Mount St. Mary's,Richmond,2018-02-20,A,10,13,L,-3
2018,1,423541,423535,Mount St. Mary's,UMBC,2018-02-23,H,16,7,W,9
2018,1,423541,423519,Mount St. Mary's,Georgetown,2018-02-27,A,6,16,L,-10
2018,1,423541,423566,Mount St. Mary's,VMI,2018-03-03,H,16,9,W,7
2018,1,423541,423538,Mount St. Mary's,Mercer,2018-03-10,H,12,9,W,3
2018,1,423541,423505,Mount St. Mary's,Bryant,2018-03-17,A,11,20,L,-9
2018,1,423541,423552,Mount St. Mary's,Robert Morris,2018-03-24,H,5,15,L,-10
2018,1,423541,423554,Mount St. Mary's,Sacred Heart,2018-03-31,A,9,10,L,-1
2018,1,423541,423506,Mount St. Mary's,Bucknell,2018-04-07,A,9,14,L,-5
2018,1,423541,423523,Mount St. Mary's,Hobart,2018-04-14,H,15,14,W,1
2018,1,423541,423556,Mount St. Mary's,Saint Joseph's,2018-04-21,A,7,14,L,-7
2018,1,423541,423568,Mount St. Mary's,Wagner,2018-04-28,H,16,3,W,13
2018,1,423543,423529,NJIT,Lehigh,2018-02-03,A,8,13,L,-5
2018,1,423543,423528,NJIT,Lafayette,2018-02-10,H,8,10,L,-2
2018,1,423543,423562,NJIT,Army West Point,2018-02-13,A,5,14,L,-9
2018,1,423543,423512,NJIT,Delaware,2018-02-17,A,6,11,L,-5
2018,1,423543,423566,NJIT,VMI,2018-02-24,H,9,11,L,-2
2018,1,423543,423550,NJIT,Quinnipiac,2018-03-03,A,6,18,L,-12
2018,1,423543,423548,NJIT,Princeton,2018-03-06,A,8,15,L,-7
2018,1,423543,423537,NJIT,Massachusetts,2018-03-10,A,3,17,L,-14
2018,1,423543,423556,NJIT,Saint Joseph's,2018-03-16,A,5,14,L,-9
2018,1,423543,423517,NJIT,Fairfield,2018-03-20,A,8,12,L,-4
2018,1,423543,423568,NJIT,Wagner,2018-03-24,A,5,7,L,-2
2018,1,423543,423532,NJIT,Manhattan,2018-03-31,H,6,14,L,-8
2018,1,423543,423540,NJIT,Monmouth,2018-04-07,A,4,10,L,-6
2018,1,423543,423520,NJIT,Hampton,2018-04-14,H,15,8,W,7
2018,1,423543,423519,NJIT,Georgetown,2018-04-21,A,6,15,L,-9
2018,1,423543,423530,NJIT,UMass Lowell,2018-04-28,A,3,9,L,-6
2018,1,423563,423526,Navy,Jacksonville,2018-02-04,A,7,12,L,-5
2018,1,423563,423536,Navy,Maryland,2018-02-10,A,4,10,L,-6
2018,1,423563,423535,Navy,UMBC,2018-02-17,H,7,5,W,2
2018,1,423563,423503,Navy,Boston U.,2018-02-24,A,10,8,W,2
2018,1,423563,423506,Navy,Bucknell,2018-03-03,A,13,8,W,5
2018,1,423563,423547,Navy,"Penn @Sparks, Md.",2018-03-06,H,3,11,L,-8
2018,1,423563,423528,Navy,Lafayette,2018-03-10,H,15,5,W,10
2018,1,423563,423531,Navy,Loyola Maryland,2018-03-17,H,9,15,L,-6
2018,1,423563,423529,Navy,Lehigh,2018-03-24,A,10,7,W,3
2018,1,423563,423525,Navy,Holy Cross,2018-03-31,H,5,4,W,1
2018,1,423563,423509,Navy,Colgate,2018-04-07,H,12,10,W,2
2018,1,423563,423562,Navy,Army West Point,2018-04-14,A,9,8,W,1
2018,1,423563,423559,Navy,Syracuse,2018-04-21,A,13,12,W,1
2018,1,423563,423529,Navy,"Lehigh @Baltimore, Md.",2018-04-27,H,9,10,L,-1
2018,1,423542,423528,North Carolina,Lafayette,2018-02-03,H,17,10,W,7
2018,1,423542,423518,North Carolina,Furman,2018-02-10,H,15,14,W,1
2018,1,423542,423529,North Carolina,Lehigh,2018-02-17,H,12,11,W,1
2018,1,423542,423527,North Carolina,Johns Hopkins,2018-02-23,A,13,11,W,2
2018,1,423542,423538,North Carolina,Mercer,2018-02-28,H,14,7,W,7
2018,1,423542,423555,North Carolina,St. John's (NY),2018-03-03,H,9,8,W,1
2018,1,423542,423513,North Carolina,Denver,2018-03-05,H,6,10,L,-4
2018,1,423542,423524,North Carolina,Hofstra,2018-03-10,A,6,12,L,-6
2018,1,423542,423551,North Carolina,Richmond,2018-03-14,A,10,11,L,-1
2018,1,423542,423536,North Carolina,"Maryland @Costa Mesa, Calif.",2018-03-23,H,7,11,L,-4
2018,1,423542,423516,North Carolina,Duke,2018-03-30,A,10,11,L,-1
2018,1,423542,423567,North Carolina,Virginia,2018-04-07,H,12,15,L,-3
2018,1,423542,423559,North Carolina,Syracuse,2018-04-14,A,12,13,L,-1
2018,1,423542,423544,North Carolina,Notre Dame,2018-04-21,H,10,9,W,1
2018,1,423544,423514,Notre Dame,Detroit Mercy,2018-02-11,H,10,7,W,3
2018,1,423544,423551,Notre Dame,Richmond,2018-02-24,H,11,7,W,4
2018,1,423544,423536,Notre Dame,Maryland,2018-03-03,A,10,12,L,-2
2018,1,423544,423513,Notre Dame,Denver,2018-03-10,H,11,9,W,2
2018,1,423544,423567,Notre Dame,Virginia,2018-03-17,H,9,7,W,2
2018,1,423544,423539,Notre Dame,Michigan,2018-03-21,H,12,13,L,-1
2018,1,423544,423545,Notre Dame,Ohio St.,2018-03-25,A,9,8,W,1
2018,1,423544,423559,Notre Dame,Syracuse,2018-03-31,A,6,10,L,-4
2018,1,423544,423516,Notre Dame,Duke,2018-04-07,H,2,8,L,-6
2018,1,423544,423534,Notre Dame,Marquette,2018-04-11,A,7,6,W,1
2018,1,423544,423542,Notre Dame,North Carolina,2018-04-21,A,9,10,L,-1
2018,1,423544,423516,Notre Dame,"Duke @Charlottesville, Va.",2018-04-27,H,14,11,W,3
2018,1,423544,423567,Notre Dame,Virginia,2018-04-29,A,17,7,W,10
2018,1,423544,423562,Notre Dame,Army West Point,2018-05-05,H,17,5,W,12
2018,1,423544,423513,Notre Dame,Denver,2018-05-13,H,7,9,L,-2
2018,1,423545,423508,Ohio St.,Cleveland St.,2018-02-03,A,13,6,W,7
2018,1,423545,423503,Ohio St.,Boston U.,2018-02-10,H,15,9,W,6
2018,1,423545,423524,Ohio St.,Hofstra,2018-02-17,H,9,7,W,2
2018,1,423545,423526,Ohio St.,Jacksonville,2018-02-25,A,12,11,W,1
2018,1,423545,423534,Ohio St.,"Marquette @Pontiac, Mich.",2018-03-02,H,7,8,L,-1
2018,1,423545,423514,Ohio St.,"Detroit Mercy @Pontiac, Mich.",2018-03-04,H,8,7,W,1
2018,1,423545,423560,Ohio St.,Towson,2018-03-10,H,6,7,L,-1
2018,1,423545,423513,Ohio St.,Denver,2018-03-17,A,7,12,L,-5
2018,1,423545,423544,Ohio St.,Notre Dame,2018-03-25,H,8,9,L,-1
2018,1,423545,423546,Ohio St.,Penn St.,2018-03-31,H,4,12,L,-8
2018,1,423545,423527,Ohio St.,Johns Hopkins,2018-04-07,A,10,13,L,-3
2018,1,423545,423539,Ohio St.,Michigan,2018-04-13,H,8,5,W,3
2018,1,423545,423536,Ohio St.,Maryland,2018-04-22,A,12,10,W,2
2018,1,423545,423553,Ohio St.,Rutgers,2018-04-28,H,10,7,W,3
2018,1,423545,423527,Ohio St.,"Johns Hopkins @Ann Arbor, Mich.",2018-05-03,H,5,6,L,-1
2018,1,423547,423539,Penn,Michigan,2018-02-17,H,12,9,W,3
2018,1,423547,423536,Penn,Maryland,2018-02-21,A,6,13,L,-7
2018,1,423547,423516,Penn,Duke,2018-02-24,H,10,9,W,1
2018,1,423547,423546,Penn,Penn St.,2018-03-03,H,7,10,L,-3
2018,1,423547,423563,Penn,"Navy @Sparks, Md.",2018-03-06,H,11,3,W,8
2018,1,423547,423565,Penn,Villanova,2018-03-10,H,6,8,L,-2
2018,1,423547,423548,Penn,Princeton,2018-03-17,A,14,7,W,7
2018,1,423547,423506,Penn,Bucknell,2018-03-20,H,9,8,W,1
2018,1,423547,423510,Penn,Cornell,2018-03-24,H,13,20,L,-7
2018,1,423547,423569,Penn,Yale,2018-03-31,A,6,12,L,-6
2018,1,423547,423504,Penn,Brown,2018-04-07,H,9,10,L,-1
2018,1,423547,423522,Penn,Harvard,2018-04-14,H,11,7,W,4
2018,1,423547,423556,Penn,Saint Joseph's,2018-04-17,H,11,12,L,-1
2018,1,423547,423511,Penn,Dartmouth,2018-04-21,A,10,9,W,1
2018,1,423547,423569,Penn,"Yale @New York, N.Y.",2018-05-04,H,6,21,L,-15
2018,1,423546,423565,Penn St.,Villanova,2018-02-03,H,16,17,L,-1
2018,1,423546,423523,Penn St.,Hobart,2018-02-10,H,15,8,W,7
2018,1,423546,423558,Penn St.,Stony Brook,2018-02-17,H,15,8,W,7
2018,1,423546,423552,Penn St.,Robert Morris,2018-02-24,H,9,12,L,-3
2018,1,423546,423547,Penn St.,Penn,2018-03-03,A,10,7,W,3
2018,1,423546,423518,Penn St.,"Furman @Bethesda, Md.",2018-03-06,H,16,5,W,11
2018,1,423546,423510,Penn St.,"Cornell @Sparks, Md.",2018-03-10,H,7,9,L,-2
2018,1,423546,423517,Penn St.,Fairfield,2018-03-17,A,17,13,W,4
2018,1,423546,423508,Penn St.,Cleveland St.,2018-03-24,H,16,5,W,11
2018,1,423546,423545,Penn St.,Ohio St.,2018-03-31,A,12,4,W,8
2018,1,423546,423536,Penn St.,Maryland,2018-04-08,H,12,13,L,-1
2018,1,423546,423527,Penn St.,Johns Hopkins,2018-04-14,H,14,12,W,2
2018,1,423546,423553,Penn St.,Rutgers,2018-04-22,A,8,11,L,-3
2018,1,423546,423539,Penn St.,Michigan,2018-04-28,H,9,10,L,-1
2018,1,423548,423540,Princeton,Monmouth,2018-02-16,H,9,8,W,1
2018,1,423548,423567,Princeton,Virginia,2018-02-24,A,15,18,L,-3
2018,1,423548,423527,Princeton,Johns Hopkins,2018-03-03,A,9,16,L,-7
2018,1,423548,423543,Princeton,NJIT,2018-03-06,H,15,8,W,7
2018,1,423548,423553,Princeton,Rutgers,2018-03-10,H,15,14,W,1
2018,1,423548,423547,Princeton,Penn,2018-03-17,H,7,14,L,-7
2018,1,423548,423569,Princeton,Yale,2018-03-24,A,8,16,L,-8
2018,1,423548,423504,Princeton,Brown,2018-03-31,A,13,14,L,-1
2018,1,423548,423558,Princeton,Stony Brook,2018-04-07,H,16,8,W,8
2018,1,423548,423557,Princeton,Siena,2018-04-10,A,17,11,W,6
2018,1,423548,423511,Princeton,Dartmouth,2018-04-14,H,24,13,W,11
2018,1,423548,423522,Princeton,Harvard,2018-04-21,A,15,10,W,5
2018,1,423548,423510,Princeton,Cornell,2018-04-28,H,14,8,W,6
2018,1,423549,423503,Providence,Boston U.,2018-02-03,A,11,12,L,-1
2018,1,423549,423525,Providence,Holy Cross,2018-02-10,H,9,6,W,3
2018,1,423549,423505,Providence,Bryant,2018-02-17,H,13,8,W,5
2018,1,423549,423556,Providence,Saint Joseph's,2018-02-24,H,4,3,W,1
2018,1,423549,423554,Providence,Sacred Heart,2018-03-03,A,9,10,L,-1
2018,1,423549,423530,Providence,UMass Lowell,2018-03-06,H,11,12,L,-1
2018,1,423549,423522,Providence,Harvard,2018-03-10,H,8,11,L,-3
2018,1,423549,423524,Providence,Hofstra,2018-03-17,H,8,12,L,-4
2018,1,423549,423515,Providence,Drexel,2018-03-25,A,10,11,L,-1
2018,1,423549,423555,Providence,St. John's (NY),2018-03-31,H,14,8,W,6
2018,1,423549,423519,Providence,Georgetown,2018-04-07,A,4,8,L,-4
2018,1,423549,423534,Providence,Marquette,2018-04-14,A,11,12,L,-1
2018,1,423549,423504,Providence,Brown,2018-04-17,A,12,11,W,1
2018,1,423549,423513,Providence,Denver,2018-04-21,H,6,13,L,-7
2018,1,423549,423565,Providence,Villanova,2018-04-28,A,9,10,L,-1
2018,1,423550,423530,Quinnipiac,UMass Lowell,2018-02-11,H,12,13,L,-1
2018,1,423550,423504,Quinnipiac,Brown,2018-02-17,H,12,11,W,1
2018,1,423550,423564,Quinnipiac,Vermont,2018-02-24,H,5,10,L,-5
2018,1,423550,423543,Quinnipiac,NJIT,2018-03-03,H,18,6,W,12
2018,1,423550,423517,Quinnipiac,Fairfield,2018-03-06,A,6,9,L,-3
2018,1,423550,423568,Quinnipiac,Wagner,2018-03-10,H,11,3,W,8
2018,1,423550,423557,Quinnipiac,Siena,2018-03-17,H,12,11,W,1
2018,1,423550,423521,Quinnipiac,Hartford,2018-03-20,A,8,12,L,-4
2018,1,423550,423525,Quinnipiac,Holy Cross,2018-03-24,H,13,14,L,-1
2018,1,423550,423514,Quinnipiac,Detroit Mercy,2018-03-31,A,14,11,W,3
2018,1,423550,423532,Quinnipiac,Manhattan,2018-04-07,H,9,5,W,4
2018,1,423550,423507,Quinnipiac,Canisius,2018-04-14,H,19,14,W,5
2018,1,423550,423540,Quinnipiac,Monmouth,2018-04-20,A,10,9,W,1
2018,1,423550,423533,Quinnipiac,Marist,2018-04-28,A,17,14,W,3
2018,1,423550,423507,Quinnipiac,"Canisius @West Long Branch, NJ",2018-05-03,H,10,11,L,-1
2018,1,423551,423535,Richmond,UMBC,2018-02-10,A,6,9,L,-3
2018,1,423551,423506,Richmond,Bucknell,2018-02-17,H,9,8,W,1
2018,1,423551,423541,Richmond,Mount St. Mary's,2018-02-20,H,13,10,W,3
2018,1,423551,423544,Richmond,Notre Dame,2018-02-24,A,7,11,L,-4
2018,1,423551,423516,Richmond,Duke,2018-03-03,A,4,14,L,-10
2018,1,423551,423566,Richmond,VMI,2018-03-10,A,18,12,W,6
2018,1,423551,423542,Richmond,North Carolina,2018-03-14,H,11,10,W,1
2018,1,423551,423518,Richmond,Furman,2018-03-17,A,9,10,L,-1
2018,1,423551,423570,Richmond,High Point,2018-03-24,H,15,12,W,3
2018,1,423551,423567,Richmond,Virginia,2018-03-31,A,10,14,L,-4
2018,1,423551,423501,Richmond,Bellarmine,2018-04-07,H,8,6,W,2
2018,1,423551,423526,Richmond,Jacksonville,2018-04-14,H,14,12,W,2
2018,1,423551,423538,Richmond,Mercer,2018-04-21,A,9,8,W,1
2018,1,423551,423561,Richmond,Air Force,2018-04-28,H,12,6,W,6
2018,1,423551,423518,Richmond,Furman,2018-05-03,H,16,8,W,8
2018,1,423551,423526,Richmond,Jacksonville,2018-05-05,H,11,10,W,1
2018,1,423551,423500,Richmond,UAlbany,2018-05-12,A,9,18,L,-9
2018,1,423552,423553,Robert Morris,Rutgers,2018-02-03,A,7,11,L,-4
2018,1,423552,423501,Robert Morris,Bellarmine,2018-02-09,A,15,7,W,8
2018,1,423552,423519,Robert Morris,Georgetown,2018-02-17,H,11,12,L,-1
2018,1,423552,423546,Robert Morris,Penn St.,2018-02-24,A,12,9,W,3
2018,1,423552,423570,Robert Morris,High Point,2018-03-03,H,16,11,W,5
2018,1,423552,423534,Robert Morris,Marquette,2018-03-10,A,12,2,W,10
2018,1,423552,423554,Robert Morris,Sacred Heart,2018-03-17,H,12,8,W,4
2018,1,423552,423541,Robert Morris,Mount St. Mary's,2018-03-24,A,15,5,W,10
2018,1,423552,423505,Robert Morris,Bryant,2018-03-30,H,7,10,L,-3
2018,1,423552,423523,Robert Morris,Hobart,2018-04-07,A,10,9,W,1
2018,1,423552,423507,Robert Morris,Canisius,2018-04-10,A,11,9,W,2
2018,1,423552,423508,Robert Morris,Cleveland St.,2018-04-14,H,14,5,W,9
2018,1,423552,423568,Robert Morris,Wagner,2018-04-21,A,15,5,W,10
2018,1,423552,423556,Robert Morris,Saint Joseph's,2018-04-28,H,7,8,L,-1
2018,1,423552,423505,Robert Morris,"Bryant @Philadelphia, Pa.",2018-05-03,H,12,5,W,7
2018,1,423552,423556,Robert Morris,Saint Joseph's,2018-05-05,A,9,8,W,1
2018,1,423552,423507,Robert Morris,Canisius,2018-05-09,A,12,6,W,6
2018,1,423552,423536,Robert Morris,Maryland,2018-05-13,A,11,14,L,-3
2018,1,423553,423552,Rutgers,Robert Morris,2018-02-03,H,11,7,W,4
2018,1,423553,423555,Rutgers,St. John's (NY),2018-02-10,H,12,8,W,4
2018,1,423553,423562,Rutgers,Army West Point,2018-02-17,A,7,9,L,-2
2018,1,423553,423517,Rutgers,Fairfield,2018-02-24,H,12,7,W,5
2018,1,423553,423504,Rutgers,Brown,2018-03-03,A,10,8,W,2
2018,1,423553,423548,Rutgers,Princeton,2018-03-10,A,14,15,L,-1
2018,1,423553,423529,Rutgers,Lehigh,2018-03-14,A,8,7,W,1
2018,1,423553,423559,Rutgers,Syracuse,2018-03-18,H,14,10,W,4
2018,1,423553,423512,Rutgers,Delaware,2018-03-24,H,15,10,W,5
2018,1,423553,423527,Rutgers,Johns Hopkins,2018-04-01,H,12,13,L,-1
2018,1,423553,423539,Rutgers,Michigan,2018-04-08,H,16,8,W,8
2018,1,423553,423536,Rutgers,Maryland,2018-04-15,A,10,11,L,-1
2018,1,423553,423546,Rutgers,Penn St.,2018-04-22,H,11,8,W,3
2018,1,423553,423545,Rutgers,Ohio St.,2018-04-28,A,7,10,L,-3
2018,1,423553,423536,Rutgers,"Maryland @Ann Arbor, Mich.",2018-05-03,H,9,12,L,-3
2018,1,423554,423558,Sacred Heart,Stony Brook,2018-02-10,A,11,9,W,2
2018,1,423554,423537,Sacred Heart,Massachusetts,2018-02-13,A,9,13,L,-4
2018,1,423554,423518,Sacred Heart,"Furman @Baltimore, Md.",2018-02-17,H,17,13,W,4
2018,1,423554,423511,Sacred Heart,Dartmouth,2018-02-24,H,17,11,W,6
2018,1,423554,423549,Sacred Heart,Providence,2018-03-03,H,10,9,W,1
2018,1,423554,423564,Sacred Heart,Vermont,2018-03-07,A,14,17,L,-3
2018,1,423554,423521,Sacred Heart,Hartford,2018-03-10,H,10,11,L,-1
2018,1,423554,423552,Sacred Heart,Robert Morris,2018-03-17,A,8,12,L,-4
2018,1,423554,423505,Sacred Heart,Bryant,2018-03-24,H,7,16,L,-9
2018,1,423554,423541,Sacred Heart,Mount St. Mary's,2018-03-31,H,10,9,W,1
2018,1,423554,423556,Sacred Heart,Saint Joseph's,2018-04-08,A,12,14,L,-2
2018,1,423554,423568,Sacred Heart,Wagner,2018-04-14,H,12,10,W,2
2018,1,423554,423508,Sacred Heart,Cleveland St.,2018-04-21,A,9,15,L,-6
2018,1,423554,423523,Sacred Heart,Hobart,2018-04-28,A,10,6,W,4
2018,1,423554,423556,Sacred Heart,Saint Joseph's,2018-05-03,A,9,11,L,-2
2018,1,423556,423517,Saint Joseph's,Fairfield,2018-02-17,H,6,11,L,-5
2018,1,423556,423549,Saint Joseph's,Providence,2018-02-24,A,3,4,L,-1
2018,1,423556,423555,Saint Joseph's,St. John's (NY),2018-03-06,H,7,12,L,-5
2018,1,423556,423540,Saint Joseph's,Monmouth,2018-03-10,A,11,5,W,6
2018,1,423556,423515,Saint Joseph's,Drexel,2018-03-13,H,10,9,W,1
2018,1,423556,423543,Saint Joseph's,NJIT,2018-03-16,H,14,5,W,9
2018,1,423556,423523,Saint Joseph's,Hobart,2018-03-24,A,6,5,W,1
2018,1,423556,423568,Saint Joseph's,Wagner,2018-03-31,A,12,7,W,5
2018,1,423556,423554,Saint Joseph's,Sacred Heart,2018-04-08,H,14,12,W,2
2018,1,423556,423505,Saint Joseph's,Bryant,2018-04-14,H,14,7,W,7
2018,1,423556,423547,Saint Joseph's,Penn,2018-04-17,A,12,11,W,1
2018,1,423556,423541,Saint Joseph's,Mount St. Mary's,2018-04-21,H,14,7,W,7
2018,1,423556,423552,Saint Joseph's,Robert Morris,2018-04-28,A,8,7,W,1
2018,1,423556,423554,Saint Joseph's,Sacred Heart,2018-05-03,H,11,9,W,2
2018,1,423556,423552,Saint Joseph's,Robert Morris,2018-05-05,H,8,9,L,-1
2018,1,423557,423523,Siena,Hobart,2018-02-17,A,12,11,W,1
2018,1,423557,423530,Siena,UMass Lowell,2018-02-24,H,14,13,W,1
2018,1,423557,423539,Siena,Michigan,2018-03-03,A,7,13,L,-6
2018,1,423557,423555,Siena,St. John's (NY),2018-03-10,A,7,14,L,-7
2018,1,423557,423550,Siena,Quinnipiac,2018-03-17,A,11,12,L,-1
2018,1,423557,423507,Siena,Canisius,2018-03-24,H,12,13,L,-1
2018,1,423557,423502,Siena,Binghamton,2018-03-27,A,11,13,L,-2
2018,1,423557,423540,Siena,Monmouth,2018-03-31,H,8,17,L,-9
2018,1,423557,423533,Siena,Marist,2018-04-07,H,8,11,L,-3
2018,1,423557,423548,Siena,Princeton,2018-04-10,H,11,17,L,-6
2018,1,423557,423514,Siena,Detroit Mercy,2018-04-20,A,8,14,L,-6
2018,1,423557,423532,Siena,Manhattan,2018-04-27,A,15,12,W,3
2018,1,423555,423553,St. John's (NY),Rutgers,2018-02-10,A,8,12,L,-4
2018,1,423555,423521,St. John's (NY),Hartford,2018-02-17,H,14,12,W,2
2018,1,423555,423570,St. John's (NY),High Point,2018-02-24,H,16,11,W,5
2018,1,423555,423542,St. John's (NY),North Carolina,2018-03-03,A,8,9,L,-1
2018,1,423555,423556,St. John's (NY),Saint Joseph's,2018-03-06,A,12,7,W,5
2018,1,423555,423557,St. John's (NY),Siena,2018-03-10,H,14,7,W,7
2018,1,423555,423511,St. John's (NY),Dartmouth,2018-03-17,H,12,5,W,7
2018,1,423555,423524,St. John's (NY),Hofstra,2018-03-24,H,9,8,W,1
2018,1,423555,423549,St. John's (NY),Providence,2018-03-31,A,8,14,L,-6
2018,1,423555,423558,St. John's (NY),Stony Brook,2018-04-03,A,6,8,L,-2
2018,1,423555,423534,St. John's (NY),Marquette,2018-04-07,H,10,11,L,-1
2018,1,423555,423513,St. John's (NY),Denver,2018-04-14,A,6,15,L,-9
2018,1,423555,423565,St. John's (NY),Villanova,2018-04-21,H,8,10,L,-2
2018,1,423555,423519,St. John's (NY),Georgetown,2018-04-28,H,6,11,L,-5
2018,1,423558,423554,Stony Brook,Sacred Heart,2018-02-10,H,9,11,L,-2
2018,1,423558,423546,Stony Brook,Penn St.,2018-02-17,A,8,15,L,-7
2018,1,423558,423504,Stony Brook,Brown,2018-02-24,H,11,18,L,-7
2018,1,423558,423524,Stony Brook,Hofstra,2018-02-27,H,2,14,L,-12
2018,1,423558,423517,Stony Brook,Fairfield,2018-03-03,A,11,9,W,2
2018,1,423558,423567,Stony Brook,Virginia,2018-03-10,H,14,15,L,-1
2018,1,423558,423535,Stony Brook,UMBC,2018-03-18,A,7,6,W,1
2018,1,423558,423521,Stony Brook,Hartford,2018-03-24,H,10,8,W,2
2018,1,423558,423500,Stony Brook,UAlbany,2018-03-31,A,7,13,L,-6
2018,1,423558,423555,Stony Brook,St. John's (NY),2018-04-03,H,8,6,W,2
2018,1,423558,423548,Stony Brook,Princeton,2018-04-07,A,8,16,L,-8
2018,1,423558,423564,Stony Brook,Vermont,2018-04-14,H,8,7,W,1
2018,1,423558,423530,Stony Brook,UMass Lowell,2018-04-20,H,12,11,W,1
2018,1,423558,423502,Stony Brook,Binghamton,2018-04-27,A,15,9,W,6
2018,1,423558,423564,Stony Brook,"Vermont @Albany, N.Y.",2018-05-03,H,4,8,L,-4
2018,1,423559,423502,Syracuse,Binghamton,2018-02-10,H,21,4,W,17
2018,1,423559,423500,Syracuse,UAlbany,2018-02-17,H,3,15,L,-12
2018,1,423559,423562,Syracuse,Army West Point,2018-02-24,H,11,10,W,1
2018,1,423559,423567,Syracuse,Virginia,2018-03-04,A,12,11,W,1
2018,1,423559,423527,Syracuse,Johns Hopkins,2018-03-10,H,7,18,L,-11
2018,1,423559,423553,Syracuse,Rutgers,2018-03-18,A,10,14,L,-4
2018,1,423559,423516,Syracuse,Duke,2018-03-24,A,15,14,W,1
2018,1,423559,423544,Syracuse,Notre Dame,2018-03-31,H,10,6,W,4
2018,1,423559,423523,Syracuse,Hobart,2018-04-03,H,11,4,W,7
2018,1,423559,423510,Syracuse,Cornell,2018-04-10,A,8,13,L,-5
2018,1,423559,423542,Syracuse,North Carolina,2018-04-14,H,13,12,W,1
2018,1,423559,423563,Syracuse,Navy,2018-04-21,H,12,13,L,-1
2018,1,423559,423567,Syracuse,Virginia,2018-04-27,A,10,11,L,-1
2018,1,423559,423509,Syracuse,Colgate,2018-05-05,H,17,5,W,12
2018,1,423559,423510,Syracuse,Cornell,2018-05-13,H,9,10,L,-1
2018,1,423560,423527,Towson,Johns Hopkins,2018-02-10,A,6,14,L,-8
2018,1,423560,423541,Towson,Mount St. Mary's,2018-02-17,H,15,13,W,2
2018,1,423560,423519,Towson,Georgetown,2018-02-24,H,10,12,L,-2
2018,1,423560,423531,Towson,Loyola Maryland,2018-02-28,A,8,12,L,-4
2018,1,423560,423535,Towson,UMBC,2018-03-03,H,8,6,W,2
2018,1,423560,423545,Towson,Ohio St.,2018-03-10,A,7,6,W,1
2018,1,423560,423516,Towson,Duke,2018-03-17,H,8,10,L,-2
2018,1,423560,423513,Towson,Denver,2018-03-24,A,10,11,L,-1
2018,1,423560,423524,Towson,Hofstra,2018-03-31,A,3,9,L,-6
2018,1,423560,423515,Towson,Drexel,2018-04-06,H,17,9,W,8
2018,1,423560,423537,Towson,Massachusetts,2018-04-14,A,4,8,L,-4
2018,1,423560,423512,Towson,Delaware,2018-04-21,H,13,7,W,6
2018,1,423560,423517,Towson,Fairfield,2018-04-28,H,8,7,W,1
2018,1,423560,423512,Towson,"Delaware @Amherst, MA",2018-05-03,H,9,8,W,1
2018,1,423560,423537,Towson,Massachusetts,2018-05-05,A,8,12,L,-4
2018,1,423500,423559,UAlbany,Syracuse,2018-02-17,A,15,3,W,12
2018,1,423500,423515,UAlbany,Drexel,2018-02-24,H,18,5,W,13
2018,1,423500,423510,UAlbany,Cornell,2018-03-04,H,11,9,W,2
2018,1,423500,423537,UAlbany,Massachusetts,2018-03-06,A,19,8,W,11
2018,1,423500,423536,UAlbany,Maryland,2018-03-10,A,11,10,W,1
2018,1,423500,423564,UAlbany,Vermont,2018-03-17,H,21,5,W,16
2018,1,423500,423507,UAlbany,Canisius,2018-03-20,H,19,11,W,8
2018,1,423500,423530,UAlbany,UMass Lowell,2018-03-24,A,13,6,W,7
2018,1,423500,423522,UAlbany,Harvard,2018-03-28,H,14,6,W,8
2018,1,423500,423558,UAlbany,Stony Brook,2018-03-31,H,13,7,W,6
2018,1,423500,423535,UAlbany,UMBC,2018-04-06,A,7,11,L,-4
2018,1,423500,423502,UAlbany,Binghamton,2018-04-20,H,18,7,W,11
2018,1,423500,423569,UAlbany,Yale,2018-04-22,A,6,14,L,-8
2018,1,423500,423521,UAlbany,Hartford,2018-04-28,A,16,6,W,10
2018,1,423500,423530,UAlbany,UMass Lowell,2018-05-03,H,15,10,W,5
2018,1,423500,423564,UAlbany,Vermont,2018-05-05,H,14,4,W,10
2018,1,423500,423551,UAlbany,Richmond,2018-05-12,H,18,9,W,9
2018,1,423500,423513,UAlbany,"Denver @Hempstead, NY",2018-05-19,H,15,13,W,2
2018,1,423500,423569,UAlbany,"Yale @Foxborough, Mass.",2018-05-26,H,11,20,L,-9
2018,1,423535,423551,UMBC,Richmond,2018-02-10,H,9,6,W,3
2018,1,423535,423563,UMBC,Navy,2018-02-17,A,5,7,L,-2
2018,1,423535,423541,UMBC,Mount St. Mary's,2018-02-23,A,7,16,L,-9
2018,1,423535,423560,UMBC,Towson,2018-03-03,A,6,8,L,-2
2018,1,423535,423533,UMBC,Marist,2018-03-10,H,7,4,W,3
2018,1,423535,423527,UMBC,Johns Hopkins,2018-03-13,A,6,13,L,-7
2018,1,423535,423558,UMBC,Stony Brook,2018-03-18,H,6,7,L,-1
2018,1,423535,423539,UMBC,Michigan,2018-03-24,H,6,9,L,-3
2018,1,423535,423530,UMBC,UMass Lowell,2018-03-31,A,7,10,L,-3
2018,1,423535,423500,UMBC,UAlbany,2018-04-06,H,11,7,W,4
2018,1,423535,423502,UMBC,Binghamton,2018-04-14,A,5,2,W,3
2018,1,423535,423521,UMBC,Hartford,2018-04-21,H,8,3,W,5
2018,1,423535,423564,UMBC,Vermont,2018-04-27,A,6,9,L,-3
2018,1,423530,423550,UMass Lowell,Quinnipiac,2018-02-11,A,13,12,W,1
2018,1,423530,423522,UMass Lowell,Harvard,2018-02-17,A,9,10,L,-1
2018,1,423530,423557,UMass Lowell,Siena,2018-02-24,A,13,14,L,-1
2018,1,423530,423540,UMass Lowell,Monmouth,2018-03-03,H,8,9,L,-1
2018,1,423530,423549,UMass Lowell,Providence,2018-03-06,A,12,11,W,1
2018,1,423530,423532,UMass Lowell,Manhattan,2018-03-10,H,11,9,W,2
2018,1,423530,423537,UMass Lowell,Massachusetts,2018-03-14,H,6,13,L,-7
2018,1,423530,423502,UMass Lowell,Binghamton,2018-03-17,A,14,10,W,4
2018,1,423530,423500,UMass Lowell,UAlbany,2018-03-24,H,6,13,L,-7
2018,1,423530,423535,UMass Lowell,UMBC,2018-03-31,H,10,7,W,3
2018,1,423530,423564,UMass Lowell,Vermont,2018-04-07,A,7,14,L,-7
2018,1,423530,423511,UMass Lowell,Dartmouth,2018-04-10,H,9,8,W,1
2018,1,423530,423521,UMass Lowell,Hartford,2018-04-14,H,12,10,W,2
2018,1,423530,423558,UMass Lowell,Stony Brook,2018-04-20,A,11,12,L,-1
2018,1,423530,423543,UMass Lowell,NJIT,2018-04-28,H,9,3,W,6
2018,1,423530,423500,UMass Lowell,UAlbany,2018-05-03,A,10,15,L,-5
2018,1,423566,423532,VMI,Manhattan,2018-02-17,A,7,12,L,-5
2018,1,423566,423543,VMI,NJIT,2018-02-24,A,11,9,W,2
2018,1,423566,423541,VMI,Mount St. Mary's,2018-03-03,A,9,16,L,-7
2018,1,423566,423568,VMI,Wagner,2018-03-06,H,8,9,L,-1
2018,1,423566,423551,VMI,Richmond,2018-03-10,H,12,18,L,-6
2018,1,423566,423561,VMI,Air Force,2018-03-17,A,6,11,L,-5
2018,1,423566,423518,VMI,Furman,2018-03-24,H,7,11,L,-4
2018,1,423566,423520,VMI,Hampton,2018-03-31,H,18,3,W,15
2018,1,423566,423538,VMI,Mercer,2018-04-07,A,7,15,L,-8
2018,1,423566,423570,VMI,High Point,2018-04-13,A,7,16,L,-9
2018,1,423566,423501,VMI,Bellarmine,2018-04-21,H,7,10,L,-3
2018,1,423566,423526,VMI,Jacksonville,2018-04-28,A,5,14,L,-9
2018,1,423566,423567,VMI,Virginia,2018-05-01,A,8,17,L,-9
2018,1,423564,423518,Vermont,Furman,2018-02-01,A,12,6,W,6
2018,1,423564,423538,Vermont,Mercer,2018-02-03,A,11,3,W,8
2018,1,423564,423517,Vermont,Fairfield,2018-02-10,A,12,5,W,7
2018,1,423564,423525,Vermont,Holy Cross,2018-02-17,A,15,3,W,12
2018,1,423564,423550,Vermont,Quinnipiac,2018-02-24,A,10,5,W,5
2018,1,423564,423526,Vermont,"Jacksonville @Severn, Md.",2018-03-03,H,11,10,W,1
2018,1,423564,423554,Vermont,Sacred Heart,2018-03-07,H,17,14,W,3
2018,1,423564,423500,Vermont,UAlbany,2018-03-17,A,5,21,L,-16
2018,1,423564,423502,Vermont,Binghamton,2018-03-24,H,10,6,W,4
2018,1,423564,423521,Vermont,Hartford,2018-03-31,A,11,7,W,4
2018,1,423564,423530,Vermont,UMass Lowell,2018-04-07,H,14,7,W,7
2018,1,423564,423558,Vermont,Stony Brook,2018-04-14,A,7,8,L,-1
2018,1,423564,423567,Vermont,"Virginia @New Canaan, Conn.",2018-04-21,H,9,10,L,-1
2018,1,423564,423535,Vermont,UMBC,2018-04-27,H,9,6,W,3
2018,1,423564,423558,Vermont,"Stony Brook @Albany, N.Y.",2018-05-03,H,8,4,W,4
2018,1,423564,423500,Vermont,UAlbany,2018-05-05,A,4,14,L,-10
2018,1,423565,423546,Villanova,Penn St.,2018-02-03,A,17,16,W,1
2018,1,423565,423569,Villanova,"Yale @Frisco, Texas",2018-02-17,H,10,9,W,1
2018,1,423565,423524,Villanova,Hofstra,2018-02-24,A,7,2,W,5
2018,1,423565,423515,Villanova,Drexel,2018-02-27,H,12,9,W,3
2018,1,423565,423512,Villanova,Delaware,2018-03-03,A,13,12,W,1
2018,1,423565,423504,Villanova,Brown,2018-03-06,H,9,12,L,-3
2018,1,423565,423547,Villanova,Penn,2018-03-10,A,8,6,W,2
2018,1,423565,423536,Villanova,Maryland,2018-03-17,H,11,13,L,-2
2018,1,423565,423517,Villanova,Fairfield,2018-03-24,H,13,12,W,1
2018,1,423565,423534,Villanova,Marquette,2018-03-31,A,14,9,W,5
2018,1,423565,423513,Villanova,Denver,2018-04-06,H,6,22,L,-16
2018,1,423565,423519,Villanova,Georgetown,2018-04-14,H,11,13,L,-2
2018,1,423565,423555,Villanova,St. John's (NY),2018-04-21,A,10,8,W,2
2018,1,423565,423549,Villanova,Providence,2018-04-28,H,10,9,W,1
2018,1,423565,423519,Villanova,Georgetown,2018-05-03,H,10,13,L,-3
2018,1,423565,423516,Villanova,Duke,2018-05-12,A,11,17,L,-6
2018,1,423567,423531,Virginia,Loyola Maryland,2018-02-10,H,13,12,W,1
2018,1,423567,423515,Virginia,Drexel,2018-02-17,A,13,8,W,5
2018,1,423567,423570,Virginia,High Point,2018-02-20,A,18,12,W,6
2018,1,423567,423548,Virginia,Princeton,2018-02-24,H,18,15,W,3
2018,1,423567,423559,Virginia,Syracuse,2018-03-04,H,11,12,L,-1
2018,1,423567,423532,Virginia,Manhattan,2018-03-06,A,8,5,W,3
2018,1,423567,423558,Virginia,Stony Brook,2018-03-10,A,15,14,W,1
2018,1,423567,423544,Virginia,Notre Dame,2018-03-17,A,7,9,L,-2
2018,1,423567,423511,Virginia,Dartmouth,2018-03-20,H,12,6,W,6
2018,1,423567,423527,Virginia,Johns Hopkins,2018-03-24,H,13,15,L,-2
2018,1,423567,423551,Virginia,Richmond,2018-03-31,H,14,10,W,4
2018,1,423567,423542,Virginia,North Carolina,2018-04-07,A,15,12,W,3
2018,1,423567,423516,Virginia,Duke,2018-04-14,H,13,18,L,-5
2018,1,423567,423564,Virginia,"Vermont @New Canaan, Conn.",2018-04-21,H,10,9,W,1
2018,1,423567,423559,Virginia,Syracuse,2018-04-27,H,11,10,W,1
2018,1,423567,423544,Virginia,Notre Dame,2018-04-29,H,7,17,L,-10
2018,1,423567,423566,Virginia,VMI,2018-05-01,H,17,8,W,9
2018,1,423567,423531,Virginia,Loyola Maryland,2018-05-12,A,12,14,L,-2
2018,1,423568,423532,Wagner,Manhattan,2018-02-10,H,11,5,W,6
2018,1,423568,423528,Wagner,Lafayette,2018-02-16,A,7,8,L,-1
2018,1,423568,423540,Wagner,Monmouth,2018-02-21,H,4,17,L,-13
2018,1,423568,423511,Wagner,Dartmouth,2018-03-03,A,8,9,L,-1
2018,1,423568,423566,Wagner,VMI,2018-03-06,A,9,8,W,1
2018,1,423568,423550,Wagner,Quinnipiac,2018-03-10,A,3,11,L,-8
2018,1,423568,423523,Wagner,Hobart,2018-03-17,H,5,11,L,-6
2018,1,423568,423520,Wagner,Hampton,2018-03-19,H,15,3,W,12
2018,1,423568,423543,Wagner,NJIT,2018-03-24,H,7,5,W,2
2018,1,423568,423556,Wagner,Saint Joseph's,2018-03-31,H,7,12,L,-5
2018,1,423568,423505,Wagner,Bryant,2018-04-07,A,3,8,L,-5
2018,1,423568,423554,Wagner,Sacred Heart,2018-04-14,A,10,12,L,-2
2018,1,423568,423552,Wagner,Robert Morris,2018-04-21,H,5,15,L,-10
2018,1,423568,423541,Wagner,Mount St. Mary's,2018-04-28,A,3,16,L,-13
2018,1,423569,423565,Yale,"Villanova @Frisco, Texas",2018-02-17,H,9,10,L,-1
2018,1,423569,423539,Yale,Michigan,2018-02-24,H,15,11,W,4
2018,1,423569,423537,Yale,Massachusetts,2018-02-27,A,13,10,W,3
2018,1,423569,423505,Yale,Bryant,2018-03-03,A,11,8,W,3
2018,1,423569,423517,Yale,Fairfield,2018-03-10,A,8,3,W,5
2018,1,423569,423510,Yale,Cornell,2018-03-17,A,13,11,W,2
2018,1,423569,423548,Yale,Princeton,2018-03-24,H,16,8,W,8
2018,1,423569,423547,Yale,Penn,2018-03-31,H,12,6,W,6
2018,1,423569,423506,Yale,Bucknell,2018-04-04,H,8,9,L,-1
2018,1,423569,423511,Yale,Dartmouth,2018-04-07,A,17,7,W,10
2018,1,423569,423504,Yale,Brown,2018-04-14,A,27,15,W,12
2018,1,423569,423533,Yale,Marist,2018-04-17,H,14,4,W,10
2018,1,423569,423500,Yale,UAlbany,2018-04-22,H,14,6,W,8
2018,1,423569,423522,Yale,Harvard,2018-04-28,H,16,8,W,8
2018,1,423569,423547,Yale,"Penn @New York, N.Y.",2018-05-04,H,21,6,W,15
2018,1,423569,423510,Yale,"Cornell @New York, N.Y.",2018-05-06,H,8,14,L,-6
2018,1,423569,423537,Yale,Massachusetts,2018-05-12,H,15,13,W,2
2018,1,423569,423531,Yale,"Loyola Maryland @Hempstead, NY",2018-05-19,H,8,5,W,3
2018,1,423569,423500,Yale,"UAlbany @Foxborough, Mass.",2018-05-26,H,20,11,W,9
2018,1,423569,423516,Yale,"Duke @Foxborough, Mass.",2018-05-28,H,13,11,W,2
2019,1,473285,473237,Air Force,Denver,2019-02-09,A,4,11,L,-7
2019,1,473285,473257,Air Force,Marist,2019-02-16,H,12,6,W,6
2019,1,473285,473232,Air Force,"Cleveland St. @Denver, Colo.",2019-02-23,H,11,8,W,3
2019,1,473285,474697,Air Force,Utah,2019-02-24,H,5,6,L,-1
2019,1,473285,473231,Air Force,Canisius,2019-03-02,A,13,7,W,6
2019,1,473285,473238,Air Force,Detroit Mercy,2019-03-06,H,19,9,W,10
2019,1,473285,473262,Air Force,Mercer,2019-03-16,A,20,8,W,12
2019,1,473285,473242,Air Force,Furman,2019-03-23,A,11,7,W,4
2019,1,473285,473293,Air Force,Yale,2019-03-26,A,6,13,L,-7
2019,1,473285,473250,Air Force,Jacksonville,2019-03-30,H,14,7,W,7
2019,1,473285,473294,Air Force,High Point,2019-04-06,A,9,13,L,-4
2019,1,473285,473275,Air Force,Richmond,2019-04-13,H,14,7,W,7
2019,1,473285,473290,Air Force,VMI,2019-04-20,A,12,5,W,7
2019,1,473285,473225,Air Force,Bellarmine,2019-04-27,H,13,6,W,7
2019,1,473285,473275,Air Force,"#3 Richmond @High Point, NC (Southern Conference Tournament)",2019-05-02,H,6,7,L,-1
2019,1,473286,473261,Army West Point,Massachusetts,2019-02-09,A,12,11,W,1
2019,1,473286,473277,Army West Point,Rutgers,2019-02-16,A,10,9,W,1
2019,1,473286,473257,Army West Point,Marist,2019-02-19,H,10,4,W,6
2019,1,473286,473283,Army West Point,Syracuse,2019-02-24,A,8,10,L,-2
2019,1,473286,473252,Army West Point,Lafayette,2019-03-02,H,12,5,W,7
2019,1,473286,473253,Army West Point,Lehigh,2019-03-09,A,8,11,L,-3
2019,1,473286,473226,Army West Point,Binghamton,2019-03-12,A,15,6,W,9
2019,1,473286,473249,Army West Point,Holy Cross,2019-03-16,A,7,6,W,1
2019,1,473286,473233,Army West Point,Colgate,2019-03-23,H,13,8,W,5
2019,1,473286,473230,Army West Point,Bucknell,2019-03-30,A,15,13,W,2
2019,1,473286,473227,Army West Point,Boston U.,2019-04-06,H,13,15,L,-2
2019,1,473286,473287,Army West Point,Navy,2019-04-13,A,9,8,W,1
2019,1,473286,473255,Army West Point,Loyola Maryland,2019-04-20,H,9,13,L,-4
2019,1,473286,473267,Army West Point,NJIT,2019-04-26,A,19,6,W,13
2019,1,473286,473249,Army West Point,#5 Holy Cross Patriot League Tournament,2019-04-30,H,14,5,W,9
2019,1,473286,473255,Army West Point,#1 Loyola Maryland Patriot League Tournament,2019-05-03,A,7,5,W,2
2019,1,473286,473253,Army West Point,"#2 Lehigh @Baltimore, MD (Patriot League Tournament)",2019-05-05,H,11,7,W,4
2019,1,473286,473271,Army West Point,Penn DI Men's Lacrosse Tournament,2019-05-11,A,8,13,L,-5
2019,1,473225,473292,Bellarmine,Wagner,2019-02-02,H,6,7,L,-1
2019,1,473225,473258,Bellarmine,Marquette,2019-02-09,A,9,15,L,-6
2019,1,473225,473232,Bellarmine,Cleveland St.,2019-02-16,A,8,17,L,-9
2019,1,473225,473276,Bellarmine,Robert Morris,2019-02-23,A,7,15,L,-8
2019,1,473225,473238,Bellarmine,Detroit Mercy,2019-03-02,H,14,15,L,-1
2019,1,473225,474697,Bellarmine,Utah,2019-03-09,A,9,10,L,-1
2019,1,473225,473250,Bellarmine,Jacksonville,2019-03-16,H,8,11,L,-3
2019,1,473225,473275,Bellarmine,Richmond,2019-03-23,H,9,16,L,-7
2019,1,473225,473262,Bellarmine,Mercer,2019-03-30,A,16,13,W,3
2019,1,473225,473290,Bellarmine,VMI,2019-04-06,H,13,12,W,1
2019,1,473225,473242,Bellarmine,Furman,2019-04-13,A,15,12,W,3
2019,1,473225,473294,Bellarmine,High Point,2019-04-20,H,15,16,L,-1
2019,1,473225,473285,Bellarmine,Air Force,2019-04-27,A,6,13,L,-7
2019,1,473226,473233,Binghamton,Colgate,2019-02-16,H,10,16,L,-6
2019,1,473226,473252,Binghamton,Lafayette,2019-02-23,A,12,13,L,-1
2019,1,473226,473247,Binghamton,Hobart,2019-03-02,H,7,16,L,-9
2019,1,473226,473236,Binghamton,Delaware,2019-03-09,A,6,10,L,-4
2019,1,473226,473286,Binghamton,Army West Point,2019-03-12,H,6,15,L,-9
2019,1,473226,473235,Binghamton,Dartmouth,2019-03-16,A,7,11,L,-4
2019,1,473226,473224,Binghamton,UAlbany,2019-03-23,H,7,12,L,-5
2019,1,473226,473282,Binghamton,Stony Brook,2019-03-29,A,6,13,L,-7
2019,1,473226,473259,Binghamton,UMBC,2019-04-06,A,6,13,L,-7
2019,1,473226,473288,Binghamton,Vermont,2019-04-13,H,6,14,L,-8
2019,1,473226,473278,Binghamton,Sacred Heart,2019-04-16,A,9,17,L,-8
2019,1,473226,473245,Binghamton,Hartford,2019-04-20,H,15,12,W,3
2019,1,473226,473254,Binghamton,UMass Lowell,2019-04-26,A,9,7,W,2
2019,1,473227,473273,Boston U.,Providence,2019-02-03,A,8,7,W,1
2019,1,473227,473269,Boston U.,Ohio St.,2019-02-09,A,10,17,L,-7
2019,1,473227,473235,Boston U.,Dartmouth,2019-02-16,H,15,8,W,7
2019,1,473227,473278,Boston U.,Sacred Heart,2019-02-19,A,16,11,W,5
2019,1,473227,473229,Boston U.,Bryant,2019-02-26,H,14,9,W,5
2019,1,473227,473288,Boston U.,Vermont,2019-03-02,H,12,4,W,8
2019,1,473227,473233,Boston U.,Colgate,2019-03-09,A,7,9,L,-2
2019,1,473227,473230,Boston U.,Bucknell,2019-03-16,H,13,9,W,4
2019,1,473227,473246,Boston U.,Harvard,2019-03-19,H,11,12,L,-1
2019,1,473227,473252,Boston U.,Lafayette,2019-03-23,H,17,9,W,8
2019,1,473227,473253,Boston U.,Lehigh,2019-03-30,A,8,10,L,-2
2019,1,473227,473286,Boston U.,Army West Point,2019-04-06,A,15,13,W,2
2019,1,473227,473255,Boston U.,Loyola Maryland,2019-04-13,H,18,11,W,7
2019,1,473227,473249,Boston U.,Holy Cross,2019-04-20,H,15,11,W,4
2019,1,473227,473287,Boston U.,Navy,2019-04-26,A,12,13,L,-1
2019,1,473227,473230,Boston U.,#6 Bucknell Patriot League Tournament,2019-04-30,H,14,8,W,6
2019,1,473227,473253,Boston U.,"#2 Lehigh @Baltimore, MD (Patriot League Tournament)",2019-05-03,H,9,10,L,-1
2019,1,473228,473274,Brown,Quinnipiac,2019-02-16,H,20,7,W,13
2019,1,473228,473282,Brown,Stony Brook,2019-02-23,H,11,13,L,-2
2019,1,473228,473259,Brown,UMBC,2019-03-02,A,14,13,W,1
2019,1,473228,473291,Brown,Virginia,2019-03-10,A,13,14,L,-1
2019,1,473228,473246,Brown,Harvard,2019-03-16,H,16,14,W,2
2019,1,473228,473249,Brown,Holy Cross,2019-03-19,H,10,11,L,-1
2019,1,473228,473261,Brown,Massachusetts,2019-03-23,A,7,14,L,-7
2019,1,473228,473289,Brown,Villanova,2019-03-25,H,9,10,L,-1
2019,1,473228,473272,Brown,Princeton,2019-03-30,A,14,10,W,4
2019,1,473228,473271,Brown,Penn,2019-04-06,H,9,16,L,-7
2019,1,473228,473293,Brown,Yale,2019-04-13,A,12,17,L,-5
2019,1,473228,473273,Brown,Providence,2019-04-16,A,9,7,W,2
2019,1,473228,473234,Brown,Cornell,2019-04-20,H,9,12,L,-3
2019,1,473228,473229,Brown,Bryant,2019-04-23,A,17,7,W,10
2019,1,473228,473235,Brown,Dartmouth,2019-04-27,A,11,7,W,4
2019,1,473228,473271,Brown,#1 Penn Ivy League Tournament,2019-05-03,A,12,13,L,-1
2019,1,473229,473230,Bryant,Bucknell,2019-02-10,A,6,9,L,-3
2019,1,473229,473273,Bryant,Providence,2019-02-16,H,11,8,W,3
2019,1,473229,473235,Bryant,Dartmouth,2019-02-23,H,6,5,W,1
2019,1,473229,473227,Bryant,Boston U.,2019-02-26,A,9,14,L,-5
2019,1,473229,473256,Bryant,Manhattan,2019-03-02,H,8,9,L,-1
2019,1,473229,473282,Bryant,Stony Brook,2019-03-09,A,8,9,L,-1
2019,1,473229,473241,Bryant,Fairfield,2019-03-12,H,11,12,L,-1
2019,1,473229,473265,Bryant,Mount St. Mary's,2019-03-16,A,7,10,L,-3
2019,1,473229,473280,Bryant,Saint Joseph's,2019-03-23,H,6,11,L,-5
2019,1,473229,473292,Bryant,Wagner,2019-03-30,A,13,4,W,9
2019,1,473229,473278,Bryant,Sacred Heart,2019-04-06,H,8,11,L,-3
2019,1,473229,473247,Bryant,Hobart,2019-04-13,A,11,12,L,-1
2019,1,473229,473276,Bryant,Robert Morris,2019-04-20,H,16,20,L,-4
2019,1,473229,473228,Bryant,Brown,2019-04-23,H,7,17,L,-10
2019,1,473230,473260,Bucknell,Maryland,2019-02-02,A,6,11,L,-5
2019,1,473230,473229,Bucknell,Bryant,2019-02-10,H,9,6,W,3
2019,1,473230,473275,Bucknell,Richmond,2019-02-16,H,11,13,L,-2
2019,1,473230,473269,Bucknell,Ohio St.,2019-02-23,A,13,16,L,-3
2019,1,473230,473287,Bucknell,Navy,2019-03-02,A,8,14,L,-6
2019,1,473230,473249,Bucknell,Holy Cross,2019-03-09,H,10,7,W,3
2019,1,473230,473266,Bucknell,North Carolina,2019-03-12,A,7,12,L,-5
2019,1,473230,473227,Bucknell,Boston U.,2019-03-16,A,9,13,L,-4
2019,1,473230,473255,Bucknell,Loyola Maryland,2019-03-23,H,7,12,L,-5
2019,1,473230,473286,Bucknell,Army West Point,2019-03-30,H,13,15,L,-2
2019,1,473230,473257,Bucknell,Marist,2019-04-02,A,10,7,W,3
2019,1,473230,473252,Bucknell,Lafayette,2019-04-13,A,17,4,W,13
2019,1,473230,473253,Bucknell,Lehigh,2019-04-20,A,12,10,W,2
2019,1,473230,473233,Bucknell,Colgate,2019-04-26,H,10,8,W,2
2019,1,473230,473227,Bucknell,#3 Boston U. Patriot League Tournament,2019-04-30,A,8,14,L,-6
2019,1,473231,473247,Canisius,Hobart,2019-02-09,A,12,21,L,-9
2019,1,473231,473262,Canisius,Mercer,2019-02-16,A,13,10,W,3
2019,1,473231,473242,Canisius,Furman,2019-02-19,A,10,12,L,-2
2019,1,473231,473245,Canisius,Hartford,2019-02-23,H,16,12,W,4
2019,1,473231,473285,Canisius,Air Force,2019-03-02,H,7,13,L,-6
2019,1,473231,473276,Canisius,Robert Morris,2019-03-09,A,12,8,W,4
2019,1,473231,473233,Canisius,Colgate,2019-03-16,H,8,6,W,2
2019,1,473231,473281,Canisius,Siena,2019-03-23,H,8,9,L,-1
2019,1,473231,473264,Canisius,Monmouth,2019-03-30,A,12,2,W,10
2019,1,473231,473232,Canisius,Cleveland St.,2019-04-02,A,10,19,L,-9
2019,1,473231,473274,Canisius,Quinnipiac,2019-04-06,H,10,7,W,3
2019,1,473231,474672,Canisius,St. Bonaventure,2019-04-09,A,16,8,W,8
2019,1,473231,473238,Canisius,Detroit Mercy,2019-04-13,A,11,8,W,3
2019,1,473231,473256,Canisius,Manhattan,2019-04-19,A,6,7,L,-1
2019,1,473231,473257,Canisius,Marist,2019-04-26,H,8,10,L,-2
2019,1,473231,473257,Canisius,#1 Marist MAAC Tournament,2019-05-02,A,10,11,L,-1
2019,1,473232,473269,Cleveland St.,Ohio St.,2019-02-02,A,9,12,L,-3
2019,1,473232,473263,Cleveland St.,Michigan,2019-02-09,H,8,10,L,-2
2019,1,473232,473225,Cleveland St.,Bellarmine,2019-02-16,H,17,8,W,9
2019,1,473232,473285,Cleveland St.,"Air Force @Denver, Colo.",2019-02-23,H,8,11,L,-3
2019,1,473232,473237,Cleveland St.,Denver,2019-02-24,A,8,16,L,-8
2019,1,473232,473262,Cleveland St.,Mercer,2019-03-02,A,12,8,W,4
2019,1,473232,473258,Cleveland St.,Marquette,2019-03-09,A,7,5,W,2
2019,1,473232,473252,Cleveland St.,Lafayette,2019-03-12,A,10,9,W,1
2019,1,473232,473266,Cleveland St.,"North Carolina @Baltimore, MD",2019-03-17,H,9,15,L,-6
2019,1,473232,473270,Cleveland St.,Penn St.,2019-03-23,H,11,15,L,-4
2019,1,473232,473231,Cleveland St.,Canisius,2019-04-02,H,19,10,W,9
2019,1,473232,474672,Cleveland St.,St. Bonaventure,2019-04-06,H,18,5,W,13
2019,1,473232,473276,Cleveland St.,Robert Morris,2019-04-13,H,8,13,L,-5
2019,1,473232,474697,Cleveland St.,Utah,2019-04-20,A,17,8,W,9
2019,1,473232,473238,Cleveland St.,Detroit Mercy,2019-04-24,H,11,9,W,2
2019,1,473233,473283,Colgate,Syracuse,2019-02-08,A,12,9,W,3
2019,1,473233,473226,Colgate,Binghamton,2019-02-16,A,16,10,W,6
2019,1,473233,473260,Colgate,Maryland,2019-02-19,A,6,11,L,-5
2019,1,473233,473253,Colgate,Lehigh,2019-03-02,H,8,10,L,-2
2019,1,473233,473227,Colgate,Boston U.,2019-03-09,H,9,7,W,2
2019,1,473233,473231,Colgate,Canisius,2019-03-16,A,6,8,L,-2
2019,1,473233,473247,Colgate,Hobart,2019-03-19,H,6,12,L,-6
2019,1,473233,473286,Colgate,Army West Point,2019-03-23,A,8,13,L,-5
2019,1,473233,473255,Colgate,Loyola Maryland,2019-03-30,A,7,21,L,-14
2019,1,473233,473287,Colgate,Navy,2019-04-06,H,11,16,L,-5
2019,1,473233,473249,Colgate,Holy Cross,2019-04-13,A,5,11,L,-6
2019,1,473233,473252,Colgate,Lafayette,2019-04-20,H,16,7,W,9
2019,1,473233,473230,Colgate,Bucknell,2019-04-26,A,8,10,L,-2
2019,1,473234,473247,Cornell,Hobart,2019-02-22,A,19,16,W,3
2019,1,473234,473253,Cornell,Lehigh,2019-02-24,H,14,9,W,5
2019,1,473234,473224,Cornell,UAlbany,2019-03-02,H,17,16,W,1
2019,1,473234,473270,Cornell,"Penn St. @Charlotte, NC",2019-03-08,H,13,19,L,-6
2019,1,473234,473284,Cornell,"Towson @Charlotte, NC",2019-03-10,H,18,11,W,7
2019,1,473234,473293,Cornell,Yale,2019-03-16,A,11,16,L,-5
2019,1,473234,474672,Cornell,St. Bonaventure,2019-03-19,H,18,3,W,15
2019,1,473234,473271,Cornell,Penn,2019-03-23,H,15,16,L,-1
2019,1,473234,473235,Cornell,Dartmouth,2019-03-30,H,15,5,W,10
2019,1,473234,473246,Cornell,Harvard,2019-04-06,A,19,11,W,8
2019,1,473234,473283,Cornell,Syracuse,2019-04-09,A,8,13,L,-5
2019,1,473234,473268,Cornell,Notre Dame,2019-04-14,A,11,9,W,2
2019,1,473234,473228,Cornell,Brown,2019-04-20,A,12,9,W,3
2019,1,473234,473272,Cornell,Princeton,2019-04-27,H,14,13,W,1
2019,1,473234,473293,Cornell,#2 Yale Ivy League Tournament,2019-05-03,A,10,15,L,-5
2019,1,473235,473227,Dartmouth,Boston U.,2019-02-16,A,8,15,L,-7
2019,1,473235,473229,Dartmouth,Bryant,2019-02-23,A,5,6,L,-1
2019,1,473235,473292,Dartmouth,Wagner,2019-03-02,A,11,4,W,7
2019,1,473235,473254,Dartmouth,UMass Lowell,2019-03-05,H,8,13,L,-5
2019,1,473235,473226,Dartmouth,Binghamton,2019-03-16,H,11,7,W,4
2019,1,473235,473279,Dartmouth,St. John's (NY),2019-03-19,A,8,15,L,-7
2019,1,473235,473246,Dartmouth,Harvard,2019-03-23,H,9,12,L,-3
2019,1,473235,473234,Dartmouth,Cornell,2019-03-30,A,5,15,L,-10
2019,1,473235,473293,Dartmouth,Yale,2019-04-06,A,8,20,L,-12
2019,1,473235,473245,Dartmouth,Hartford,2019-04-09,H,11,12,L,-1
2019,1,473235,473272,Dartmouth,Princeton,2019-04-13,H,4,13,L,-9
2019,1,473235,473271,Dartmouth,Penn,2019-04-20,A,6,22,L,-16
2019,1,473235,473228,Dartmouth,Brown,2019-04-27,H,7,11,L,-4
2019,1,473236,473265,Delaware,Mount St. Mary's,2019-02-09,A,11,8,W,3
2019,1,473236,473267,Delaware,NJIT,2019-02-16,A,12,4,W,8
2019,1,473236,473264,Delaware,Monmouth,2019-02-23,H,8,4,W,4
2019,1,473236,473280,Delaware,Saint Joseph's,2019-02-26,H,14,6,W,8
2019,1,473236,473289,Delaware,Villanova,2019-03-02,A,9,17,L,-8
2019,1,473236,473262,Delaware,Mercer,2019-03-06,H,10,9,W,1
2019,1,473236,473226,Delaware,Binghamton,2019-03-09,H,10,6,W,4
2019,1,473236,473251,Delaware,Johns Hopkins,2019-03-16,A,10,12,L,-2
2019,1,473236,473263,Delaware,Michigan,2019-03-23,A,16,13,W,3
2019,1,473236,473241,Delaware,Fairfield,2019-03-30,A,15,7,W,8
2019,1,473236,473239,Delaware,Drexel,2019-04-06,A,15,13,W,2
2019,1,473236,473248,Delaware,Hofstra,2019-04-13,H,13,7,W,6
2019,1,473236,473284,Delaware,Towson,2019-04-20,H,12,14,L,-2
2019,1,473236,473261,Delaware,Massachusetts,2019-04-26,A,9,11,L,-2
2019,1,473236,473284,Delaware,"#2 Towson @Amherst, MA (CAA Tournament)",2019-05-02,H,11,18,L,-7
2019,1,473237,473285,Denver,Air Force,2019-02-09,H,11,4,W,7
2019,1,473237,473240,Denver,Duke,2019-02-16,A,9,10,L,-1
2019,1,473237,474697,Denver,Utah,2019-02-23,H,15,6,W,9
2019,1,473237,473232,Denver,Cleveland St.,2019-02-24,H,16,8,W,8
2019,1,473237,473266,Denver,North Carolina,2019-03-02,A,12,10,W,2
2019,1,473237,473268,Denver,"Notre Dame @Costa Mesa, CA",2019-03-09,H,7,10,L,-3
2019,1,473237,473284,Denver,Towson,2019-03-23,A,7,6,W,1
2019,1,473237,473272,Denver,Princeton,2019-03-26,A,13,14,L,-1
2019,1,473237,473243,Denver,Georgetown,2019-03-30,H,16,9,W,7
2019,1,473237,473289,Denver,Villanova,2019-04-06,H,11,12,L,-1
2019,1,473237,473279,Denver,St. John's (NY),2019-04-13,A,15,12,W,3
2019,1,473237,473273,Denver,Providence,2019-04-20,H,14,8,W,6
2019,1,473237,473258,Denver,Marquette,2019-04-26,A,9,8,W,1
2019,1,473237,473289,Denver,#4 Villanova Big East Conference,2019-05-02,H,17,11,W,6
2019,1,473237,473243,Denver,#2 Georgetown Big East Conference,2019-05-04,H,9,12,L,-3
2019,1,473238,473250,Detroit Mercy,"Jacksonville @Washington Twp, MI",2019-02-02,H,9,8,W,1
2019,1,473238,473268,Detroit Mercy,Notre Dame,2019-02-16,A,6,19,L,-13
2019,1,473238,473258,Detroit Mercy,Marquette,2019-02-23,A,15,12,W,3
2019,1,473238,473225,Detroit Mercy,Bellarmine,2019-03-02,A,15,14,W,1
2019,1,473238,473285,Detroit Mercy,Air Force,2019-03-06,A,9,19,L,-10
2019,1,473238,474672,Detroit Mercy,St. Bonaventure,2019-03-09,A,16,8,W,8
2019,1,473238,473274,Detroit Mercy,Quinnipiac,2019-03-16,A,9,12,L,-3
2019,1,473238,473264,Detroit Mercy,Monmouth,2019-03-23,H,6,4,W,2
2019,1,473238,473257,Detroit Mercy,Marist,2019-03-30,A,12,11,W,1
2019,1,473238,473256,Detroit Mercy,Manhattan,2019-04-06,H,10,5,W,5
2019,1,473238,473231,Detroit Mercy,Canisius,2019-04-13,H,8,11,L,-3
2019,1,473238,473281,Detroit Mercy,Siena,2019-04-20,A,13,10,W,3
2019,1,473238,473232,Detroit Mercy,Cleveland St.,2019-04-24,A,9,11,L,-2
2019,1,473238,474697,Detroit Mercy,Utah,2019-04-27,A,10,16,L,-6
2019,1,473238,473274,Detroit Mercy,"#2 Quinnipiac @Poughkeepsie, NY (MAAC Tournament)",2019-05-02,H,10,19,L,-9
2019,1,473239,473294,Drexel,High Point,2019-02-16,H,14,15,L,-1
2019,1,473239,473263,Drexel,Michigan,2019-02-19,A,17,16,W,1
2019,1,473239,473224,Drexel,UAlbany,2019-02-23,H,12,13,L,-1
2019,1,473239,473250,Drexel,Jacksonville,2019-03-02,A,12,19,L,-7
2019,1,473239,473280,Drexel,"Saint Joseph's @Villanova, PA",2019-03-08,H,10,7,W,3
2019,1,473239,473289,Drexel,Villanova,2019-03-10,H,15,10,W,5
2019,1,473239,473243,Drexel,Georgetown,2019-03-16,A,10,13,L,-3
2019,1,473239,473273,Drexel,Providence,2019-03-24,A,15,9,W,6
2019,1,473239,473261,Drexel,Massachusetts,2019-03-30,A,9,10,L,-1
2019,1,473239,473236,Drexel,Delaware,2019-04-06,H,13,15,L,-2
2019,1,473239,473241,Drexel,Fairfield,2019-04-13,H,21,9,W,12
2019,1,473239,473248,Drexel,Hofstra,2019-04-20,A,13,12,W,1
2019,1,473239,473284,Drexel,Towson,2019-04-27,H,9,11,L,-2
2019,1,473239,473261,Drexel,#1 Massachusetts CAA Tournament,2019-05-02,A,15,12,W,3
2019,1,473239,473284,Drexel,"#2 Towson @Amherst, MA (CAA Tournament)",2019-05-04,H,14,16,L,-2
2019,1,473240,473242,Duke,Furman,2019-02-02,A,17,9,W,8
2019,1,473240,473294,Duke,High Point,2019-02-06,H,9,13,L,-4
2019,1,473240,473250,Duke,Jacksonville,2019-02-09,A,15,8,W,7
2019,1,473240,473237,Duke,Denver,2019-02-16,H,10,9,W,1
2019,1,473240,473271,Duke,Penn,2019-02-23,H,17,7,W,10
2019,1,473240,473275,Duke,Richmond,2019-03-01,A,11,7,W,4
2019,1,473240,473255,Duke,Loyola Maryland,2019-03-07,H,12,7,W,5
2019,1,473240,474697,Duke,Utah,2019-03-12,H,17,11,W,6
2019,1,473240,473284,Duke,Towson,2019-03-16,H,12,10,W,2
2019,1,473240,473283,Duke,Syracuse,2019-03-24,A,8,9,L,-1
2019,1,473240,473266,Duke,North Carolina,2019-03-30,A,8,10,L,-2
2019,1,473240,473268,Duke,Notre Dame,2019-04-06,H,14,8,W,6
2019,1,473240,473291,Duke,Virginia,2019-04-13,H,12,7,W,5
2019,1,473240,473258,Duke,"Marquette @Bethpage, NY",2019-04-20,H,10,9,W,1
2019,1,473240,473268,Duke,"#3 Notre Dame @Chapel Hill, NC (ACC Tournament)",2019-04-27,H,10,12,L,-2
2019,1,473240,473275,Duke,Richmond DI Men's Lacrosse Tournament,2019-05-12,H,12,11,W,1
2019,1,473240,473268,Duke,Notre Dame DI Men's Lacrosse Tournament,2019-05-18,H,14,13,W,1
2019,1,473240,473291,Duke,"Virginia @Philadelphia, PA (DI Men's Lacrosse Tournament)",2019-05-25,H,12,13,L,-1
2019,1,473241,473280,Fairfield,Saint Joseph's,2019-02-16,H,10,21,L,-11
2019,1,473241,473278,Fairfield,Sacred Heart,2019-02-23,A,12,11,W,1
2019,1,473241,473277,Fairfield,Rutgers,2019-03-02,H,4,8,L,-4
2019,1,473241,473281,Fairfield,Siena,2019-03-05,H,21,15,W,6
2019,1,473241,473243,Fairfield,Georgetown,2019-03-09,H,6,19,L,-13
2019,1,473241,473229,Fairfield,Bryant,2019-03-12,A,12,11,W,1
2019,1,473241,474697,Fairfield,Utah,2019-03-15,H,10,9,W,1
2019,1,473241,473267,Fairfield,NJIT,2019-03-19,A,18,5,W,13
2019,1,473241,473289,Fairfield,Villanova,2019-03-23,H,8,12,L,-4
2019,1,473241,473236,Fairfield,Delaware,2019-03-30,H,7,15,L,-8
2019,1,473241,473284,Fairfield,Towson,2019-04-06,H,7,14,L,-7
2019,1,473241,473239,Fairfield,Drexel,2019-04-13,A,9,21,L,-12
2019,1,473241,473261,Fairfield,Massachusetts,2019-04-20,A,8,17,L,-9
2019,1,473241,473248,Fairfield,Hofstra,2019-04-26,H,9,11,L,-2
2019,1,473242,473240,Furman,Duke,2019-02-02,H,9,17,L,-8
2019,1,473242,473266,Furman,North Carolina,2019-02-09,A,10,14,L,-4
2019,1,473242,473278,Furman,"Sacred Heart @PHILADELPHIA, Pa.",2019-02-16,H,11,18,L,-7
2019,1,473242,473231,Furman,Canisius,2019-02-19,H,12,10,W,2
2019,1,473242,473244,Furman,Hampton,2019-02-24,H,26,6,W,20
2019,1,473242,474697,Furman,Utah,2019-03-02,H,7,8,L,-1
2019,1,473242,473243,Furman,Georgetown,2019-03-05,A,6,18,L,-12
2019,1,473242,473275,Furman,Richmond,2019-03-16,A,8,13,L,-5
2019,1,473242,473285,Furman,Air Force,2019-03-23,H,7,11,L,-4
2019,1,473242,473294,Furman,High Point,2019-03-30,A,10,17,L,-7
2019,1,473242,473262,Furman,Mercer,2019-04-06,H,15,14,W,1
2019,1,473242,473225,Furman,Bellarmine,2019-04-13,H,12,15,L,-3
2019,1,473242,473250,Furman,Jacksonville,2019-04-20,A,10,11,L,-1
2019,1,473242,473290,Furman,VMI,2019-04-27,H,20,6,W,14
2019,1,473243,473278,Georgetown,Sacred Heart,2019-02-09,H,13,10,W,3
2019,1,473243,473276,Georgetown,Robert Morris,2019-02-16,H,14,11,W,3
2019,1,473243,473284,Georgetown,Towson,2019-02-23,H,8,14,L,-6
2019,1,473243,473265,Georgetown,Mount St. Mary's,2019-02-26,A,13,11,W,2
2019,1,473243,473248,Georgetown,Hofstra,2019-03-02,A,14,6,W,8
2019,1,473243,473242,Georgetown,Furman,2019-03-05,H,18,6,W,12
2019,1,473243,473241,Georgetown,Fairfield,2019-03-09,A,19,6,W,13
2019,1,473243,473239,Georgetown,Drexel,2019-03-16,H,13,10,W,3
2019,1,473243,473258,Georgetown,Marquette,2019-03-23,H,8,9,L,-1
2019,1,473243,473237,Georgetown,Denver,2019-03-30,A,9,16,L,-7
2019,1,473243,473273,Georgetown,Providence,2019-04-06,A,17,15,W,2
2019,1,473243,473255,Georgetown,Loyola Maryland,2019-04-09,A,14,16,L,-2
2019,1,473243,473289,Georgetown,Villanova,2019-04-14,H,16,13,W,3
2019,1,473243,473267,Georgetown,NJIT,2019-04-20,A,23,7,W,16
2019,1,473243,473279,Georgetown,St. John's (NY),2019-04-27,H,14,10,W,4
2019,1,473243,473273,Georgetown,"#3 Providence @Denver, CO (Big East Conference)",2019-05-02,H,13,12,W,1
2019,1,473243,473237,Georgetown,#1 Denver Big East Conference,2019-05-04,A,12,9,W,3
2019,1,473243,473293,Georgetown,Yale DI Men's Lacrosse Tournament,2019-05-11,A,16,19,L,-3
2019,1,473244,473242,Hampton,Furman,2019-02-24,A,6,26,L,-20
2019,1,473244,473510,Hampton,Greensboro,2019-03-02,H,14,6,W,8
2019,1,473244,473552,Hampton,SUNY Maritime,2019-03-08,H,11,17,L,-6
2019,1,473244,473421,Hampton,SUNY Poly,2019-03-12,H,15,10,W,5
2019,1,473244,473322,Hampton,Alderson Broaddus,2019-03-16,H,9,5,W,4
2019,1,473244,473406,Hampton,Westminster (PA),2019-03-20,A,9,8,W,1
2019,1,473244,473290,Hampton,VMI,2019-03-30,H,9,23,L,-14
2019,1,473244,473267,Hampton,NJIT,2019-04-06,H,9,26,L,-17
2019,1,473244,473338,Hampton,Chowan,2019-04-17,A,18,16,W,2
2019,1,473244,473470,Hampton,"Bethany (WV) @Sparks, MD",2019-04-20,H,26,2,W,24
2019,1,473244,473333,Hampton,St. Thomas Aquinas,2019-04-27,A,8,13,L,-5
2019,1,473245,473279,Hartford,St. John's (NY),2019-02-16,H,10,18,L,-8
2019,1,473245,473231,Hartford,Canisius,2019-02-23,A,12,16,L,-4
2019,1,473245,473257,Hartford,Marist,2019-02-26,H,13,14,L,-1
2019,1,473245,473246,Hartford,Harvard,2019-03-02,H,9,16,L,-7
2019,1,473245,473256,Hartford,Manhattan,2019-03-05,A,8,11,L,-3
2019,1,473245,473278,Hartford,Sacred Heart,2019-03-09,H,12,16,L,-4
2019,1,473245,473282,Hartford,Stony Brook,2019-03-16,H,12,11,W,1
2019,1,473245,473274,Hartford,Quinnipiac,2019-03-19,A,16,17,L,-1
2019,1,473245,473288,Hartford,Vermont,2019-03-23,A,6,15,L,-9
2019,1,473245,473224,Hartford,UAlbany,2019-03-30,A,10,14,L,-4
2019,1,473245,473254,Hartford,UMass Lowell,2019-04-06,H,14,11,W,3
2019,1,473245,473235,Hartford,Dartmouth,2019-04-09,A,12,11,W,1
2019,1,473245,474697,Hartford,Utah,2019-04-13,H,14,12,W,2
2019,1,473245,473226,Hartford,Binghamton,2019-04-20,A,12,15,L,-3
2019,1,473245,473259,Hartford,UMBC,2019-04-27,H,9,11,L,-2
2019,1,473246,473266,Harvard,North Carolina,2019-02-16,A,11,16,L,-5
2019,1,473246,473261,Harvard,Massachusetts,2019-02-23,H,9,12,L,-3
2019,1,473246,473249,Harvard,Holy Cross,2019-02-26,H,10,11,L,-1
2019,1,473246,473245,Harvard,Hartford,2019-03-02,A,16,9,W,7
2019,1,473246,473273,Harvard,Providence,2019-03-09,H,9,8,W,1
2019,1,473246,473228,Harvard,Brown,2019-03-16,A,14,16,L,-2
2019,1,473246,473227,Harvard,Boston U.,2019-03-19,A,12,11,W,1
2019,1,473246,473235,Harvard,Dartmouth,2019-03-23,A,12,9,W,3
2019,1,473246,473224,Harvard,UAlbany,2019-03-27,H,13,12,W,1
2019,1,473246,473234,Harvard,Cornell,2019-04-06,H,11,19,L,-8
2019,1,473246,473271,Harvard,Penn,2019-04-13,H,13,26,L,-13
2019,1,473246,473272,Harvard,Princeton,2019-04-20,A,15,19,L,-4
2019,1,473246,473293,Harvard,Yale,2019-04-27,H,11,22,L,-11
2019,1,473294,474672,High Point,St. Bonaventure,2019-02-02,H,13,0,W,13
2019,1,473294,473240,High Point,Duke,2019-02-06,A,13,9,W,4
2019,1,473294,473239,High Point,Drexel,2019-02-16,A,15,14,W,1
2019,1,473294,473291,High Point,Virginia,2019-02-18,A,14,13,W,1
2019,1,473294,473279,High Point,St. John's (NY),2019-02-23,H,9,10,L,-1
2019,1,473294,473276,High Point,Robert Morris,2019-03-02,H,16,15,W,1
2019,1,473294,473259,High Point,UMBC,2019-03-09,H,22,13,W,9
2019,1,473294,473290,High Point,VMI,2019-03-15,A,18,9,W,9
2019,1,473294,473250,High Point,Jacksonville,2019-03-23,A,10,12,L,-2
2019,1,473294,473242,High Point,Furman,2019-03-30,H,17,10,W,7
2019,1,473294,473285,High Point,Air Force,2019-04-06,H,13,9,W,4
2019,1,473294,473262,High Point,Mercer,2019-04-13,A,17,16,W,1
2019,1,473294,473225,High Point,Bellarmine,2019-04-20,A,16,15,W,1
2019,1,473294,473275,High Point,Richmond,2019-04-27,H,15,14,W,1
2019,1,473294,473250,High Point,#4 Jacksonville Southern Conference Tournament,2019-05-02,H,17,3,W,14
2019,1,473294,473275,High Point,#3 Richmond Southern Conference Tournament,2019-05-04,H,7,15,L,-8
2019,1,473247,473231,Hobart,Canisius,2019-02-09,H,21,12,W,9
2019,1,473247,473281,Hobart,Siena,2019-02-16,A,22,12,W,10
2019,1,473247,473234,Hobart,Cornell,2019-02-22,H,16,19,L,-3
2019,1,473247,473226,Hobart,Binghamton,2019-03-02,A,16,7,W,9
2019,1,473247,473288,Hobart,"Vermont @New Canaan, CT",2019-03-09,H,17,11,W,6
2019,1,473247,473292,Hobart,Wagner,2019-03-16,H,13,7,W,6
2019,1,473247,473233,Hobart,Colgate,2019-03-19,A,12,6,W,6
2019,1,473247,473278,Hobart,Sacred Heart,2019-03-23,A,10,9,W,1
2019,1,473247,474672,Hobart,St. Bonaventure,2019-03-27,H,18,8,W,10
2019,1,473247,473283,Hobart,Syracuse,2019-04-02,H,5,17,L,-12
2019,1,473247,473280,Hobart,Saint Joseph's,2019-04-06,A,11,12,L,-1
2019,1,473247,473229,Hobart,Bryant,2019-04-13,H,12,11,W,1
2019,1,473247,473265,Hobart,Mount St. Mary's,2019-04-20,H,11,8,W,3
2019,1,473247,473276,Hobart,Robert Morris,2019-04-27,A,15,16,L,-1
2019,1,473247,473278,Hobart,#3 Sacred Heart Northeast Conference Tournament,2019-05-02,H,14,13,W,1
2019,1,473247,473276,Hobart,#4 Robert Morris Northeast Conference Tournament,2019-05-04,H,10,11,L,-1
2019,1,473248,473253,Hofstra,Lehigh,2019-02-09,A,4,3,W,1
2019,1,473248,474697,Hofstra,Utah,2019-02-16,H,14,10,W,4
2019,1,473248,473289,Hofstra,Villanova,2019-02-23,A,9,10,L,-1
2019,1,473248,473282,Hofstra,Stony Brook,2019-02-26,H,10,11,L,-1
2019,1,473248,473243,Hofstra,Georgetown,2019-03-02,H,6,14,L,-8
2019,1,473248,473269,Hofstra,Ohio St.,2019-03-09,H,8,14,L,-6
2019,1,473248,473279,Hofstra,St. John's (NY),2019-03-12,H,9,7,W,2
2019,1,473248,473273,Hofstra,Providence,2019-03-16,H,10,11,L,-1
2019,1,473248,473277,Hofstra,Rutgers,2019-03-23,A,7,10,L,-3
2019,1,473248,473284,Hofstra,Towson,2019-03-30,A,9,10,L,-1
2019,1,473248,473261,Hofstra,Massachusetts,2019-04-06,H,10,9,W,1
2019,1,473248,473236,Hofstra,Delaware,2019-04-13,A,7,13,L,-6
2019,1,473248,473239,Hofstra,Drexel,2019-04-20,H,12,13,L,-1
2019,1,473248,473241,Hofstra,Fairfield,2019-04-26,A,11,9,W,2
2019,1,473249,473273,Holy Cross,Providence,2019-02-09,H,5,12,L,-7
2019,1,473249,473288,Holy Cross,Vermont,2019-02-16,A,7,9,L,-2
2019,1,473249,473254,Holy Cross,UMass Lowell,2019-02-19,A,12,7,W,5
2019,1,473249,473246,Holy Cross,Harvard,2019-02-26,A,11,10,W,1
2019,1,473249,473255,Holy Cross,Loyola Maryland,2019-03-02,A,15,19,L,-4
2019,1,473249,473230,Holy Cross,Bucknell,2019-03-09,A,7,10,L,-3
2019,1,473249,473286,Holy Cross,Army West Point,2019-03-16,H,6,7,L,-1
2019,1,473249,473228,Holy Cross,Brown,2019-03-19,A,11,10,W,1
2019,1,473249,473287,Holy Cross,Navy,2019-03-30,H,12,9,W,3
2019,1,473249,473252,Holy Cross,Lafayette,2019-04-06,A,16,4,W,12
2019,1,473249,473233,Holy Cross,Colgate,2019-04-13,H,11,5,W,6
2019,1,473249,473227,Holy Cross,Boston U.,2019-04-20,A,11,15,L,-4
2019,1,473249,473253,Holy Cross,Lehigh,2019-04-26,H,12,7,W,5
2019,1,473249,473286,Holy Cross,#4 Army West Point Patriot League Tournament,2019-04-30,A,5,14,L,-9
2019,1,473250,473238,Jacksonville,"Detroit Mercy @Washington Twp, MI",2019-02-02,H,8,9,L,-1
2019,1,473250,473240,Jacksonville,Duke,2019-02-09,H,8,15,L,-7
2019,1,473250,473258,Jacksonville,Marquette,2019-02-15,H,12,14,L,-2
2019,1,473250,473263,Jacksonville,Michigan,2019-02-23,H,10,11,L,-1
2019,1,473250,473239,Jacksonville,Drexel,2019-03-02,H,19,12,W,7
2019,1,473250,473284,Jacksonville,"Towson @Charlotte, NC",2019-03-08,H,13,15,L,-2
2019,1,473250,473270,Jacksonville,"Penn St. @Charlotte, NC",2019-03-10,H,11,24,L,-13
2019,1,473250,473225,Jacksonville,Bellarmine,2019-03-16,A,11,8,W,3
2019,1,473250,473294,Jacksonville,High Point,2019-03-23,H,12,10,W,2
2019,1,473250,473285,Jacksonville,Air Force,2019-03-30,A,7,14,L,-7
2019,1,473250,473275,Jacksonville,Richmond,2019-04-06,H,8,14,L,-6
2019,1,473250,473290,Jacksonville,VMI,2019-04-13,A,19,9,W,10
2019,1,473250,473242,Jacksonville,Furman,2019-04-20,H,11,10,W,1
2019,1,473250,473262,Jacksonville,Mercer,2019-04-27,A,20,12,W,8
2019,1,473250,473294,Jacksonville,#1 High Point Southern Conference Tournament,2019-05-02,A,3,17,L,-14
2019,1,473251,473284,Johns Hopkins,Towson,2019-02-09,A,8,17,L,-9
2019,1,473251,473255,Johns Hopkins,Loyola Maryland,2019-02-16,H,12,18,L,-6
2019,1,473251,473266,Johns Hopkins,North Carolina,2019-02-23,A,11,10,W,1
2019,1,473251,473272,Johns Hopkins,Princeton,2019-03-02,A,14,12,W,2
2019,1,473251,473283,Johns Hopkins,Syracuse,2019-03-09,A,10,14,L,-4
2019,1,473251,473265,Johns Hopkins,Mount St. Mary's,2019-03-12,H,11,4,W,7
2019,1,473251,473236,Johns Hopkins,Delaware,2019-03-16,H,12,10,W,2
2019,1,473251,473291,Johns Hopkins,Virginia,2019-03-23,H,11,16,L,-5
2019,1,473251,473263,Johns Hopkins,Michigan,2019-03-30,A,14,8,W,6
2019,1,473251,473277,Johns Hopkins,Rutgers,2019-04-06,H,15,13,W,2
2019,1,473251,473269,Johns Hopkins,Ohio St.,2019-04-14,H,13,14,L,-1
2019,1,473251,473270,Johns Hopkins,Penn St.,2019-04-21,A,9,20,L,-11
2019,1,473251,473260,Johns Hopkins,Maryland,2019-04-27,A,16,11,W,5
2019,1,473251,473260,Johns Hopkins,"#3 Maryland @East Rutherford, NJ (Big Ten tournament)",2019-05-02,H,12,7,W,5
2019,1,473251,473270,Johns Hopkins,"#1 Penn St. @East Rutherford, NJ (Big Ten tournament)",2019-05-04,H,17,18,L,-1
2019,1,473251,473268,Johns Hopkins,Notre Dame DI Men's Lacrosse Tournament,2019-05-12,A,9,16,L,-7
2019,1,473252,473277,Lafayette,Rutgers,2019-02-02,A,8,14,L,-6
2019,1,473252,473267,Lafayette,NJIT,2019-02-09,H,14,10,W,4
2019,1,473252,473292,Lafayette,Wagner,2019-02-15,A,13,10,W,3
2019,1,473252,473256,Lafayette,Manhattan,2019-02-19,A,13,5,W,8
2019,1,473252,473226,Lafayette,Binghamton,2019-02-23,H,13,12,W,1
2019,1,473252,473286,Lafayette,Army West Point,2019-03-02,A,5,12,L,-7
2019,1,473252,473287,Lafayette,Navy,2019-03-09,H,7,12,L,-5
2019,1,473252,473232,Lafayette,Cleveland St.,2019-03-12,H,9,10,L,-1
2019,1,473252,473253,Lafayette,Lehigh,2019-03-17,A,7,15,L,-8
2019,1,473252,473227,Lafayette,Boston U.,2019-03-23,A,9,17,L,-8
2019,1,473252,473259,Lafayette,UMBC,2019-03-30,A,8,19,L,-11
2019,1,473252,473249,Lafayette,Holy Cross,2019-04-06,H,4,16,L,-12
2019,1,473252,473230,Lafayette,Bucknell,2019-04-13,H,4,17,L,-13
2019,1,473252,473233,Lafayette,Colgate,2019-04-20,A,7,16,L,-9
2019,1,473252,473255,Lafayette,Loyola Maryland,2019-04-26,H,4,15,L,-11
2019,1,473253,473267,Lehigh,NJIT,2019-02-02,H,15,8,W,7
2019,1,473253,473248,Lehigh,Hofstra,2019-02-09,H,3,4,L,-1
2019,1,473253,473291,Lehigh,Virginia,2019-02-15,A,8,11,L,-3
2019,1,473253,473234,Lehigh,Cornell,2019-02-24,A,9,14,L,-5
2019,1,473253,473233,Lehigh,Colgate,2019-03-02,A,10,8,W,2
2019,1,473253,473286,Lehigh,Army West Point,2019-03-09,H,11,8,W,3
2019,1,473253,473277,Lehigh,Rutgers,2019-03-12,A,13,10,W,3
2019,1,473253,473252,Lehigh,Lafayette,2019-03-17,H,15,7,W,8
2019,1,473253,473287,Lehigh,Navy,2019-03-23,A,15,8,W,7
2019,1,473253,473227,Lehigh,Boston U.,2019-03-30,H,10,8,W,2
2019,1,473253,473255,Lehigh,Loyola Maryland,2019-04-06,A,9,15,L,-6
2019,1,473253,473276,Lehigh,Robert Morris,2019-04-10,H,12,13,L,-1
2019,1,473253,474672,Lehigh,St. Bonaventure,2019-04-13,H,17,3,W,14
2019,1,473253,473230,Lehigh,Bucknell,2019-04-20,H,10,12,L,-2
2019,1,473253,473249,Lehigh,Holy Cross,2019-04-26,A,7,12,L,-5
2019,1,473253,473227,Lehigh,"#3 Boston U. @Baltimore, MD (Patriot League Tournament)",2019-05-03,H,10,9,W,1
2019,1,473253,473286,Lehigh,"#4 Army West Point @Baltimore, MD (Patriot League Tournament)",2019-05-05,H,7,11,L,-4
2019,1,473255,473291,Loyola Maryland,Virginia,2019-02-09,H,17,9,W,8
2019,1,473255,473251,Loyola Maryland,Johns Hopkins,2019-02-16,A,18,12,W,6
2019,1,473255,473277,Loyola Maryland,Rutgers,2019-02-23,A,13,7,W,6
2019,1,473255,473284,Loyola Maryland,Towson,2019-02-27,A,10,12,L,-2
2019,1,473255,473249,Loyola Maryland,Holy Cross,2019-03-02,H,19,15,W,4
2019,1,473255,473240,Loyola Maryland,Duke,2019-03-07,A,7,12,L,-5
2019,1,473255,473287,Loyola Maryland,Navy,2019-03-16,H,18,5,W,13
2019,1,473255,473230,Loyola Maryland,Bucknell,2019-03-23,A,12,7,W,5
2019,1,473255,473233,Loyola Maryland,Colgate,2019-03-30,H,21,7,W,14
2019,1,473255,473253,Loyola Maryland,Lehigh,2019-04-06,H,15,9,W,6
2019,1,473255,473243,Loyola Maryland,Georgetown,2019-04-09,H,16,14,W,2
2019,1,473255,473227,Loyola Maryland,Boston U.,2019-04-13,A,11,18,L,-7
2019,1,473255,473286,Loyola Maryland,Army West Point,2019-04-20,A,13,9,W,4
2019,1,473255,473252,Loyola Maryland,Lafayette,2019-04-26,A,15,4,W,11
2019,1,473255,473286,Loyola Maryland,#4 Army West Point Patriot League Tournament,2019-05-03,H,5,7,L,-2
2019,1,473255,473283,Loyola Maryland,Syracuse DI Men's Lacrosse Tournament,2019-05-11,H,15,13,W,2
2019,1,473255,473270,Loyola Maryland,"Penn St. @East Hartford, CT (DI Men's Lacrosse Tournament)",2019-05-19,H,14,21,L,-7
2019,1,473256,473292,Manhattan,Wagner,2019-02-09,H,11,10,W,1
2019,1,473256,473290,Manhattan,VMI,2019-02-16,A,10,11,L,-1
2019,1,473256,473252,Manhattan,Lafayette,2019-02-19,H,5,13,L,-8
2019,1,473256,474672,Manhattan,St. Bonaventure,2019-02-23,H,15,12,W,3
2019,1,473256,473229,Manhattan,Bryant,2019-03-02,A,9,8,W,1
2019,1,473256,473245,Manhattan,Hartford,2019-03-05,H,11,8,W,3
2019,1,473256,473254,Manhattan,UMass Lowell,2019-03-09,H,5,8,L,-3
2019,1,473256,473281,Manhattan,Siena,2019-03-16,A,7,14,L,-7
2019,1,473256,473257,Manhattan,Marist,2019-03-23,H,5,6,L,-1
2019,1,473256,473267,Manhattan,NJIT,2019-03-30,H,11,10,W,1
2019,1,473256,473238,Manhattan,Detroit Mercy,2019-04-06,A,5,10,L,-5
2019,1,473256,473264,Manhattan,Monmouth,2019-04-13,A,6,11,L,-5
2019,1,473256,473231,Manhattan,Canisius,2019-04-19,H,7,6,W,1
2019,1,473256,473274,Manhattan,Quinnipiac,2019-04-27,H,9,15,L,-6
2019,1,473257,473285,Marist,Air Force,2019-02-16,A,6,12,L,-6
2019,1,473257,473286,Marist,Army West Point,2019-02-19,A,4,10,L,-6
2019,1,473257,473245,Marist,Hartford,2019-02-26,A,14,13,W,1
2019,1,473257,473282,Marist,Stony Brook,2019-03-02,A,10,5,W,5
2019,1,473257,473266,Marist,North Carolina,2019-03-08,A,5,17,L,-12
2019,1,473257,473264,Marist,Monmouth,2019-03-16,H,10,7,W,3
2019,1,473257,473256,Marist,Manhattan,2019-03-23,A,6,5,W,1
2019,1,473257,473238,Marist,Detroit Mercy,2019-03-30,H,11,12,L,-1
2019,1,473257,473230,Marist,Bucknell,2019-04-02,H,7,10,L,-3
2019,1,473257,473281,Marist,Siena,2019-04-06,H,13,11,W,2
2019,1,473257,473274,Marist,Quinnipiac,2019-04-13,A,12,8,W,4
2019,1,473257,474672,Marist,St. Bonaventure,2019-04-16,H,11,5,W,6
2019,1,473257,473291,Marist,Virginia,2019-04-20,A,6,22,L,-16
2019,1,473257,473231,Marist,Canisius,2019-04-26,A,10,8,W,2
2019,1,473257,473231,Marist,#4 Canisius MAAC Tournament,2019-05-02,H,11,10,W,1
2019,1,473257,473274,Marist,#2 Quinnipiac MAAC Tournament,2019-05-04,H,15,14,W,1
2019,1,473257,473259,Marist,UMBC DI Men's Lacrosse Tournament,2019-05-08,H,8,14,L,-6
2019,1,473258,473225,Marquette,Bellarmine,2019-02-09,H,15,9,W,6
2019,1,473258,473250,Marquette,Jacksonville,2019-02-15,A,14,12,W,2
2019,1,473258,473238,Marquette,Detroit Mercy,2019-02-23,H,12,15,L,-3
2019,1,473258,473269,Marquette,"Ohio St. @Dallas, TX",2019-03-02,H,9,13,L,-4
2019,1,473258,473232,Marquette,Cleveland St.,2019-03-09,H,5,7,L,-2
2019,1,473258,473276,Marquette,Robert Morris,2019-03-12,A,17,15,W,2
2019,1,473258,473263,Marquette,Michigan,2019-03-16,H,16,13,W,3
2019,1,473258,473243,Marquette,Georgetown,2019-03-23,A,9,8,W,1
2019,1,473258,473289,Marquette,Villanova,2019-03-30,A,11,15,L,-4
2019,1,473258,473279,Marquette,St. John's (NY),2019-04-06,H,12,8,W,4
2019,1,473258,473268,Marquette,Notre Dame,2019-04-10,A,6,13,L,-7
2019,1,473258,473273,Marquette,Providence,2019-04-13,A,8,15,L,-7
2019,1,473258,473240,Marquette,"Duke @Bethpage, NY",2019-04-20,H,9,10,L,-1
2019,1,473258,473237,Marquette,Denver,2019-04-26,H,8,9,L,-1
2019,1,473260,473230,Maryland,Bucknell,2019-02-02,H,11,6,W,5
2019,1,473260,473275,Maryland,Richmond,2019-02-09,H,10,9,W,1
2019,1,473260,473271,Maryland,Penn,2019-02-16,A,13,12,W,1
2019,1,473260,473233,Maryland,Colgate,2019-02-19,H,11,6,W,5
2019,1,473260,473287,Maryland,Navy,2019-02-23,A,14,9,W,5
2019,1,473260,473268,Maryland,Notre Dame,2019-03-03,A,13,14,L,-1
2019,1,473260,473224,Maryland,UAlbany,2019-03-09,A,14,9,W,5
2019,1,473260,473289,Maryland,Villanova,2019-03-16,H,17,7,W,10
2019,1,473260,473266,Maryland,North Carolina,2019-03-23,H,16,9,W,7
2019,1,473260,473270,Maryland,Penn St.,2019-03-31,H,10,13,L,-3
2019,1,473260,473263,Maryland,Michigan,2019-04-06,H,16,12,W,4
2019,1,473260,473277,Maryland,Rutgers,2019-04-14,A,16,13,W,3
2019,1,473260,473269,Maryland,Ohio St.,2019-04-20,A,10,9,W,1
2019,1,473260,473251,Maryland,Johns Hopkins,2019-04-27,H,11,16,L,-5
2019,1,473260,473251,Maryland,"#2 Johns Hopkins @East Rutherford, NJ (Big Ten tournament)",2019-05-02,H,7,12,L,-5
2019,1,473260,473284,Maryland,Towson DI Men's Lacrosse Tournament,2019-05-12,A,14,13,W,1
2019,1,473260,473291,Maryland,"Virginia @Hempstead, N.Y. (DI Men's Lacrosse Tournament)",2019-05-18,H,12,13,L,-1
2019,1,473261,473286,Massachusetts,Army West Point,2019-02-09,H,11,12,L,-1
2019,1,473261,473269,Massachusetts,Ohio St.,2019-02-16,H,7,11,L,-4
2019,1,473261,473246,Massachusetts,Harvard,2019-02-23,A,12,9,W,3
2019,1,473261,473293,Massachusetts,Yale,2019-03-02,A,11,12,L,-1
2019,1,473261,473224,Massachusetts,UAlbany,2019-03-05,A,14,8,W,6
2019,1,473261,473267,Massachusetts,NJIT,2019-03-09,A,19,7,W,12
2019,1,473261,473254,Massachusetts,UMass Lowell,2019-03-12,H,14,4,W,10
2019,1,473261,474697,Massachusetts,Utah,2019-03-17,H,16,2,W,14
2019,1,473261,473228,Massachusetts,Brown,2019-03-23,H,14,7,W,7
2019,1,473261,473239,Massachusetts,Drexel,2019-03-30,H,10,9,W,1
2019,1,473261,473248,Massachusetts,Hofstra,2019-04-06,A,9,10,L,-1
2019,1,473261,473284,Massachusetts,Towson,2019-04-13,A,14,10,W,4
2019,1,473261,473241,Massachusetts,Fairfield,2019-04-20,H,17,8,W,9
2019,1,473261,473236,Massachusetts,Delaware,2019-04-26,H,11,9,W,2
2019,1,473261,473239,Massachusetts,#4 Drexel CAA Tournament,2019-05-02,H,12,15,L,-3
2019,1,473262,473266,Mercer,"North Carolina @Atlanta, GA",2019-02-02,H,9,20,L,-11
2019,1,473262,474697,Mercer,Utah,2019-02-09,A,9,13,L,-4
2019,1,473262,473231,Mercer,Canisius,2019-02-16,H,10,13,L,-3
2019,1,473262,473232,Mercer,Cleveland St.,2019-03-02,H,8,12,L,-4
2019,1,473262,473236,Mercer,Delaware,2019-03-06,A,9,10,L,-1
2019,1,473262,473265,Mercer,Mount St. Mary's,2019-03-08,A,8,9,L,-1
2019,1,473262,473285,Mercer,Air Force,2019-03-16,H,8,20,L,-12
2019,1,473262,473290,Mercer,VMI,2019-03-23,A,16,8,W,8
2019,1,473262,473225,Mercer,Bellarmine,2019-03-30,H,13,16,L,-3
2019,1,473262,473242,Mercer,Furman,2019-04-06,A,14,15,L,-1
2019,1,473262,473294,Mercer,High Point,2019-04-13,H,16,17,L,-1
2019,1,473262,473275,Mercer,Richmond,2019-04-20,A,9,15,L,-6
2019,1,473262,473250,Mercer,Jacksonville,2019-04-27,H,12,20,L,-8
2019,1,473263,473232,Michigan,Cleveland St.,2019-02-09,A,10,8,W,2
2019,1,473263,473239,Michigan,Drexel,2019-02-19,H,16,17,L,-1
2019,1,473263,473250,Michigan,Jacksonville,2019-02-23,A,11,10,W,1
2019,1,473263,473279,Michigan,St. John's (NY),2019-03-02,A,16,11,W,5
2019,1,473263,473293,Michigan,Yale,2019-03-10,H,11,17,L,-6
2019,1,473263,473258,Michigan,Marquette,2019-03-16,A,13,16,L,-3
2019,1,473263,473268,Michigan,Notre Dame,2019-03-19,H,9,12,L,-3
2019,1,473263,473236,Michigan,Delaware,2019-03-23,H,13,16,L,-3
2019,1,473263,473251,Michigan,Johns Hopkins,2019-03-30,H,8,14,L,-6
2019,1,473263,473260,Michigan,Maryland,2019-04-06,A,12,16,L,-4
2019,1,473263,473270,Michigan,Penn St.,2019-04-13,H,7,17,L,-10
2019,1,473263,473277,Michigan,Rutgers,2019-04-20,A,9,11,L,-2
2019,1,473263,473269,Michigan,Ohio St.,2019-04-26,H,13,10,W,3
2019,1,473264,473272,Monmouth,Princeton,2019-02-16,H,7,23,L,-16
2019,1,473264,473236,Monmouth,Delaware,2019-02-23,A,4,8,L,-4
2019,1,473264,473292,Monmouth,Wagner,2019-02-26,H,9,7,W,2
2019,1,473264,473280,Monmouth,Saint Joseph's,2019-03-02,A,6,8,L,-2
2019,1,473264,473267,Monmouth,NJIT,2019-03-05,A,5,8,L,-3
2019,1,473264,473257,Monmouth,Marist,2019-03-16,A,7,10,L,-3
2019,1,473264,473238,Monmouth,Detroit Mercy,2019-03-23,A,4,6,L,-2
2019,1,473264,473231,Monmouth,Canisius,2019-03-30,H,2,12,L,-10
2019,1,473264,474672,Monmouth,St. Bonaventure,2019-04-02,A,7,5,W,2
2019,1,473264,473256,Monmouth,Manhattan,2019-04-13,H,11,6,W,5
2019,1,473264,473274,Monmouth,Quinnipiac,2019-04-20,A,9,10,L,-1
2019,1,473264,473281,Monmouth,Siena,2019-04-27,H,12,6,W,6
2019,1,473265,473236,Mount St. Mary's,Delaware,2019-02-09,H,8,11,L,-3
2019,1,473265,473284,Mount St. Mary's,Towson,2019-02-15,H,7,12,L,-5
2019,1,473265,473259,Mount St. Mary's,UMBC,2019-02-23,A,10,13,L,-3
2019,1,473265,473243,Mount St. Mary's,Georgetown,2019-02-26,H,11,13,L,-2
2019,1,473265,473290,Mount St. Mary's,VMI,2019-03-02,A,12,6,W,6
2019,1,473265,473275,Mount St. Mary's,Richmond,2019-03-05,A,12,11,W,1
2019,1,473265,473262,Mount St. Mary's,Mercer,2019-03-08,H,9,8,W,1
2019,1,473265,473251,Mount St. Mary's,Johns Hopkins,2019-03-12,A,4,11,L,-7
2019,1,473265,473229,Mount St. Mary's,Bryant,2019-03-16,H,10,7,W,3
2019,1,473265,473276,Mount St. Mary's,Robert Morris,2019-03-23,A,14,11,W,3
2019,1,473265,473278,Mount St. Mary's,Sacred Heart,2019-03-30,H,14,10,W,4
2019,1,473265,474697,Mount St. Mary's,Utah,2019-04-06,A,16,15,W,1
2019,1,473265,473292,Mount St. Mary's,Wagner,2019-04-13,A,12,8,W,4
2019,1,473265,473247,Mount St. Mary's,Hobart,2019-04-20,A,8,11,L,-3
2019,1,473265,473280,Mount St. Mary's,Saint Joseph's,2019-04-27,H,7,6,W,1
2019,1,473265,473276,Mount St. Mary's,#4 Robert Morris Northeast Conference Tournament,2019-05-02,H,12,13,L,-1
2019,1,473267,473253,NJIT,Lehigh,2019-02-02,A,8,15,L,-7
2019,1,473267,473252,NJIT,Lafayette,2019-02-09,A,10,14,L,-4
2019,1,473267,473236,NJIT,Delaware,2019-02-16,H,4,12,L,-8
2019,1,473267,473290,NJIT,VMI,2019-02-23,A,8,15,L,-7
2019,1,473267,473274,NJIT,Quinnipiac,2019-03-02,H,14,16,L,-2
2019,1,473267,473264,NJIT,Monmouth,2019-03-05,H,8,5,W,3
2019,1,473267,473261,NJIT,Massachusetts,2019-03-09,H,7,19,L,-12
2019,1,473267,473280,NJIT,Saint Joseph's,2019-03-16,A,11,15,L,-4
2019,1,473267,473241,NJIT,Fairfield,2019-03-19,H,5,18,L,-13
2019,1,473267,473292,NJIT,Wagner,2019-03-23,H,11,14,L,-3
2019,1,473267,473256,NJIT,Manhattan,2019-03-30,A,10,11,L,-1
2019,1,473267,473244,NJIT,Hampton,2019-04-06,A,26,9,W,17
2019,1,473267,473281,NJIT,Siena,2019-04-13,A,18,20,L,-2
2019,1,473267,473243,NJIT,Georgetown,2019-04-20,H,7,23,L,-16
2019,1,473267,473286,NJIT,Army West Point,2019-04-26,H,6,19,L,-13
2019,1,473287,473288,Navy,Vermont,2019-02-09,H,13,8,W,5
2019,1,473287,473259,Navy,UMBC,2019-02-15,H,11,6,W,5
2019,1,473287,473260,Navy,Maryland,2019-02-23,H,9,14,L,-5
2019,1,473287,473230,Navy,Bucknell,2019-03-02,H,14,8,W,6
2019,1,473287,473272,Navy,Princeton,2019-03-05,H,11,19,L,-8
2019,1,473287,473252,Navy,Lafayette,2019-03-09,A,12,7,W,5
2019,1,473287,473255,Navy,Loyola Maryland,2019-03-16,A,5,18,L,-13
2019,1,473287,473253,Navy,Lehigh,2019-03-23,H,8,15,L,-7
2019,1,473287,473249,Navy,Holy Cross,2019-03-30,A,9,12,L,-3
2019,1,473287,473233,Navy,Colgate,2019-04-06,A,16,11,W,5
2019,1,473287,473286,Navy,Army West Point,2019-04-13,H,8,9,L,-1
2019,1,473287,473283,Navy,Syracuse,2019-04-20,H,9,18,L,-9
2019,1,473287,473227,Navy,Boston U.,2019-04-26,H,13,12,W,1
2019,1,473266,473262,North Carolina,"Mercer @Atlanta, GA",2019-02-02,H,20,9,W,11
2019,1,473266,473242,North Carolina,Furman,2019-02-09,H,14,10,W,4
2019,1,473266,473246,North Carolina,Harvard,2019-02-16,H,16,11,W,5
2019,1,473266,473251,North Carolina,Johns Hopkins,2019-02-23,H,10,11,L,-1
2019,1,473266,473237,North Carolina,Denver,2019-03-02,H,10,12,L,-2
2019,1,473266,473257,North Carolina,Marist,2019-03-08,H,17,5,W,12
2019,1,473266,473230,North Carolina,Bucknell,2019-03-12,H,12,7,W,5
2019,1,473266,473232,North Carolina,"Cleveland St. @Baltimore, MD",2019-03-17,H,15,9,W,6
2019,1,473266,473260,North Carolina,Maryland,2019-03-23,A,9,16,L,-7
2019,1,473266,473240,North Carolina,Duke,2019-03-30,H,10,8,W,2
2019,1,473266,473291,North Carolina,Virginia,2019-04-06,A,10,11,L,-1
2019,1,473266,473283,North Carolina,Syracuse,2019-04-13,H,9,12,L,-3
2019,1,473266,473268,North Carolina,Notre Dame,2019-04-20,A,10,12,L,-2
2019,1,473266,473283,North Carolina,Syracuse,2019-04-25,H,11,10,W,1
2019,1,473266,473291,North Carolina,#1 Virginia ACC Tournament,2019-04-27,H,13,14,L,-1
2019,1,473268,473238,Notre Dame,Detroit Mercy,2019-02-16,H,19,6,W,13
2019,1,473268,473275,Notre Dame,Richmond,2019-02-23,A,8,9,L,-1
2019,1,473268,473260,Notre Dame,Maryland,2019-03-03,H,14,13,W,1
2019,1,473268,473237,Notre Dame,"Denver @Costa Mesa, CA",2019-03-09,H,10,7,W,3
2019,1,473268,473291,Notre Dame,Virginia,2019-03-16,A,11,13,L,-2
2019,1,473268,473263,Notre Dame,Michigan,2019-03-19,A,12,9,W,3
2019,1,473268,473269,Notre Dame,Ohio St.,2019-03-23,H,10,11,L,-1
2019,1,473268,473283,Notre Dame,Syracuse,2019-03-30,H,13,10,W,3
2019,1,473268,473240,Notre Dame,Duke,2019-04-06,A,8,14,L,-6
2019,1,473268,473258,Notre Dame,Marquette,2019-04-10,H,13,6,W,7
2019,1,473268,473234,Notre Dame,Cornell,2019-04-14,H,9,11,L,-2
2019,1,473268,473266,Notre Dame,North Carolina,2019-04-20,H,12,10,W,2
2019,1,473268,473240,Notre Dame,"#2 Duke @Chapel Hill, NC (ACC Tournament)",2019-04-27,H,12,10,W,2
2019,1,473268,473291,Notre Dame,#1 Virginia ACC Tournament,2019-05-04,A,4,10,L,-6
2019,1,473268,473251,Notre Dame,Johns Hopkins DI Men's Lacrosse Tournament,2019-05-12,H,16,9,W,7
2019,1,473268,473240,Notre Dame,Duke DI Men's Lacrosse Tournament,2019-05-18,A,13,14,L,-1
2019,1,473269,473232,Ohio St.,Cleveland St.,2019-02-02,H,12,9,W,3
2019,1,473269,473227,Ohio St.,Boston U.,2019-02-09,H,17,10,W,7
2019,1,473269,473261,Ohio St.,Massachusetts,2019-02-16,A,11,7,W,4
2019,1,473269,473230,Ohio St.,Bucknell,2019-02-23,H,16,13,W,3
2019,1,473269,473258,Ohio St.,"Marquette @Dallas, TX",2019-03-02,H,13,9,W,4
2019,1,473269,473248,Ohio St.,Hofstra,2019-03-09,A,14,8,W,6
2019,1,473269,473268,Ohio St.,Notre Dame,2019-03-23,A,11,10,W,1
2019,1,473269,473277,Ohio St.,Rutgers,2019-03-31,H,6,14,L,-8
2019,1,473269,473270,Ohio St.,Penn St.,2019-04-07,A,8,13,L,-5
2019,1,473269,473251,Ohio St.,Johns Hopkins,2019-04-14,A,14,13,W,1
2019,1,473269,473260,Ohio St.,Maryland,2019-04-20,H,9,10,L,-1
2019,1,473269,473263,Ohio St.,Michigan,2019-04-26,A,10,13,L,-3
2019,1,473271,473260,Penn,Maryland,2019-02-16,H,12,13,L,-1
2019,1,473271,473240,Penn,Duke,2019-02-23,A,7,17,L,-10
2019,1,473271,473270,Penn,Penn St.,2019-03-02,A,14,15,L,-1
2019,1,473271,473289,Penn,Villanova,2019-03-08,A,13,11,W,2
2019,1,473271,473280,Penn,"Saint Joseph's @Philadelphia, PA",2019-03-10,H,13,6,W,7
2019,1,473271,473272,Penn,Princeton,2019-03-16,H,19,10,W,9
2019,1,473271,473234,Penn,Cornell,2019-03-23,A,16,15,W,1
2019,1,473271,473293,Penn,Yale,2019-03-30,H,13,12,W,1
2019,1,473271,473228,Penn,Brown,2019-04-06,A,16,9,W,7
2019,1,473271,473246,Penn,Harvard,2019-04-13,A,26,13,W,13
2019,1,473271,473235,Penn,Dartmouth,2019-04-20,H,22,6,W,16
2019,1,473271,473288,Penn,"Vermont @Wilton, CT",2019-04-27,H,12,10,W,2
2019,1,473271,473228,Penn,#4 Brown Ivy League Tournament,2019-05-03,H,13,12,W,1
2019,1,473271,473293,Penn,"#2 Yale @New York, NY (Ivy League Tournament)",2019-05-05,H,12,11,W,1
2019,1,473271,473286,Penn,Army West Point DI Men's Lacrosse Tournament,2019-05-11,H,13,8,W,5
2019,1,473271,473293,Penn,"Yale @East Hartford, CT (DI Men's Lacrosse Tournament)",2019-05-19,H,18,19,L,-1
2019,1,473270,473289,Penn St.,Villanova,2019-02-02,H,17,7,W,10
2019,1,473270,473276,Penn St.,Robert Morris,2019-02-09,H,27,10,W,17
2019,1,473270,473282,Penn St.,Stony Brook,2019-02-16,A,17,4,W,13
2019,1,473270,473293,Penn St.,Yale,2019-02-23,A,13,14,L,-1
2019,1,473270,473271,Penn St.,Penn,2019-03-02,H,15,14,W,1
2019,1,473270,473234,Penn St.,"Cornell @Charlotte, NC",2019-03-08,H,19,13,W,6
2019,1,473270,473250,Penn St.,"Jacksonville @Charlotte, NC",2019-03-10,H,24,11,W,13
2019,1,473270,473232,Penn St.,Cleveland St.,2019-03-23,A,15,11,W,4
2019,1,473270,473260,Penn St.,Maryland,2019-03-31,A,13,10,W,3
2019,1,473270,473269,Penn St.,Ohio St.,2019-04-07,H,13,8,W,5
2019,1,473270,473263,Penn St.,Michigan,2019-04-13,A,17,7,W,10
2019,1,473270,473251,Penn St.,Johns Hopkins,2019-04-21,H,20,9,W,11
2019,1,473270,473277,Penn St.,Rutgers,2019-04-27,H,14,13,W,1
2019,1,473270,473277,Penn St.,"#4 Rutgers @Piscataway, N.J. (Big Ten tournament)",2019-05-02,H,18,6,W,12
2019,1,473270,473251,Penn St.,"#2 Johns Hopkins @East Rutherford, NJ (Big Ten tournament)",2019-05-04,H,18,17,W,1
2019,1,473270,473259,Penn St.,UMBC DI Men's Lacrosse Tournament,2019-05-12,H,25,10,W,15
2019,1,473270,473255,Penn St.,"Loyola Maryland @East Hartford, CT (DI Men's Lacrosse Tournament)",2019-05-19,H,21,14,W,7
2019,1,473270,473293,Penn St.,"Yale @Philadelphia, Pa. (DI Men's Lacrosse Tournament)",2019-05-25,H,17,21,L,-4
2019,1,473272,473264,Princeton,Monmouth,2019-02-16,A,23,7,W,16
2019,1,473272,473291,Princeton,Virginia,2019-02-23,H,11,12,L,-1
2019,1,473272,473251,Princeton,Johns Hopkins,2019-03-02,H,12,14,L,-2
2019,1,473272,473287,Princeton,Navy,2019-03-05,A,19,11,W,8
2019,1,473272,473277,Princeton,Rutgers,2019-03-09,A,8,9,L,-1
2019,1,473272,473271,Princeton,Penn,2019-03-16,A,10,19,L,-9
2019,1,473272,473293,Princeton,Yale,2019-03-23,H,10,15,L,-5
2019,1,473272,473237,Princeton,Denver,2019-03-26,H,14,13,W,1
2019,1,473272,473228,Princeton,Brown,2019-03-30,H,10,14,L,-4
2019,1,473272,473282,Princeton,Stony Brook,2019-04-06,A,14,4,W,10
2019,1,473272,473281,Princeton,Siena,2019-04-09,H,19,10,W,9
2019,1,473272,473235,Princeton,Dartmouth,2019-04-13,A,13,4,W,9
2019,1,473272,473246,Princeton,Harvard,2019-04-20,H,19,15,W,4
2019,1,473272,473234,Princeton,Cornell,2019-04-27,A,13,14,L,-1
2019,1,473273,473227,Providence,Boston U.,2019-02-03,H,7,8,L,-1
2019,1,473273,473249,Providence,Holy Cross,2019-02-09,A,12,5,W,7
2019,1,473273,473229,Providence,Bryant,2019-02-16,A,8,11,L,-3
2019,1,473273,473280,Providence,Saint Joseph's,2019-02-23,A,14,5,W,9
2019,1,473273,473278,Providence,Sacred Heart,2019-03-02,H,16,17,L,-1
2019,1,473273,473246,Providence,Harvard,2019-03-09,A,8,9,L,-1
2019,1,473273,473248,Providence,Hofstra,2019-03-16,A,11,10,W,1
2019,1,473273,473254,Providence,UMass Lowell,2019-03-19,A,14,4,W,10
2019,1,473273,473239,Providence,Drexel,2019-03-24,H,9,15,L,-6
2019,1,473273,473279,Providence,St. John's (NY),2019-03-30,A,8,7,W,1
2019,1,473273,473243,Providence,Georgetown,2019-04-06,H,15,17,L,-2
2019,1,473273,473258,Providence,Marquette,2019-04-13,H,15,8,W,7
2019,1,473273,473228,Providence,Brown,2019-04-16,H,7,9,L,-2
2019,1,473273,473237,Providence,Denver,2019-04-20,A,8,14,L,-6
2019,1,473273,473289,Providence,Villanova,2019-04-27,H,9,8,W,1
2019,1,473273,473243,Providence,"#2 Georgetown @Denver, CO (Big East Conference)",2019-05-02,H,12,13,L,-1
2019,1,473274,473254,Quinnipiac,UMass Lowell,2019-02-09,A,10,12,L,-2
2019,1,473274,473228,Quinnipiac,Brown,2019-02-16,A,7,20,L,-13
2019,1,473274,473288,Quinnipiac,Vermont,2019-02-23,A,10,20,L,-10
2019,1,473274,473267,Quinnipiac,NJIT,2019-03-02,A,16,14,W,2
2019,1,473274,473292,Quinnipiac,Wagner,2019-03-09,A,7,6,W,1
2019,1,473274,473238,Quinnipiac,Detroit Mercy,2019-03-16,H,12,9,W,3
2019,1,473274,473245,Quinnipiac,Hartford,2019-03-19,H,17,16,W,1
2019,1,473274,474672,Quinnipiac,St. Bonaventure,2019-03-23,H,12,7,W,5
2019,1,473274,473281,Quinnipiac,Siena,2019-03-30,A,13,10,W,3
2019,1,473274,473231,Quinnipiac,Canisius,2019-04-06,A,7,10,L,-3
2019,1,473274,473257,Quinnipiac,Marist,2019-04-13,H,8,12,L,-4
2019,1,473274,473264,Quinnipiac,Monmouth,2019-04-20,H,10,9,W,1
2019,1,473274,473293,Quinnipiac,Yale,2019-04-23,A,8,24,L,-16
2019,1,473274,473256,Quinnipiac,Manhattan,2019-04-27,A,15,9,W,6
2019,1,473274,473238,Quinnipiac,"#3 Detroit Mercy @Poughkeepsie, NY (MAAC Tournament)",2019-05-02,H,19,10,W,9
2019,1,473274,473257,Quinnipiac,#1 Marist MAAC Tournament,2019-05-04,A,14,15,L,-1
2019,1,473275,473260,Richmond,Maryland,2019-02-09,A,9,10,L,-1
2019,1,473275,473230,Richmond,Bucknell,2019-02-16,A,13,11,W,2
2019,1,473275,473259,Richmond,UMBC,2019-02-19,H,17,12,W,5
2019,1,473275,473268,Richmond,Notre Dame,2019-02-23,H,9,8,W,1
2019,1,473275,473240,Richmond,Duke,2019-03-01,H,7,11,L,-4
2019,1,473275,473265,Richmond,Mount St. Mary's,2019-03-05,H,11,12,L,-1
2019,1,473275,473290,Richmond,VMI,2019-03-09,H,17,4,W,13
2019,1,473275,473242,Richmond,Furman,2019-03-16,H,13,8,W,5
2019,1,473275,473225,Richmond,Bellarmine,2019-03-23,A,16,9,W,7
2019,1,473275,473291,Richmond,Virginia,2019-03-29,A,7,16,L,-9
2019,1,473275,473250,Richmond,Jacksonville,2019-04-06,A,14,8,W,6
2019,1,473275,473285,Richmond,Air Force,2019-04-13,A,7,14,L,-7
2019,1,473275,473262,Richmond,Mercer,2019-04-20,H,15,9,W,6
2019,1,473275,473294,Richmond,High Point,2019-04-27,A,14,15,L,-1
2019,1,473275,473285,Richmond,"#2 Air Force @High Point, NC (Southern Conference Tournament)",2019-05-02,H,7,6,W,1
2019,1,473275,473294,Richmond,#1 High Point Southern Conference Tournament,2019-05-04,A,15,7,W,8
2019,1,473275,473240,Richmond,Duke DI Men's Lacrosse Tournament,2019-05-12,A,11,12,L,-1
2019,1,473276,473270,Robert Morris,Penn St.,2019-02-09,A,10,27,L,-17
2019,1,473276,473243,Robert Morris,Georgetown,2019-02-16,A,11,14,L,-3
2019,1,473276,473225,Robert Morris,Bellarmine,2019-02-23,H,15,7,W,8
2019,1,473276,473294,Robert Morris,High Point,2019-03-02,A,15,16,L,-1
2019,1,473276,473231,Robert Morris,Canisius,2019-03-09,H,8,12,L,-4
2019,1,473276,473258,Robert Morris,Marquette,2019-03-12,H,15,17,L,-2
2019,1,473276,473278,Robert Morris,Sacred Heart,2019-03-16,A,16,18,L,-2
2019,1,473276,473265,Robert Morris,Mount St. Mary's,2019-03-23,H,11,14,L,-3
2019,1,473276,473280,Robert Morris,Saint Joseph's,2019-03-30,A,15,9,W,6
2019,1,473276,473292,Robert Morris,Wagner,2019-04-06,H,17,6,W,11
2019,1,473276,473253,Robert Morris,Lehigh,2019-04-10,A,13,12,W,1
2019,1,473276,473232,Robert Morris,Cleveland St.,2019-04-13,A,13,8,W,5
2019,1,473276,473229,Robert Morris,Bryant,2019-04-20,A,20,16,W,4
2019,1,473276,473247,Robert Morris,Hobart,2019-04-27,H,16,15,W,1
2019,1,473276,473265,Robert Morris,#1 Mount St. Mary's Northeast Conference Tournament,2019-05-02,A,13,12,W,1
2019,1,473276,473247,Robert Morris,#2 Hobart Northeast Conference Tournament,2019-05-04,A,11,10,W,1
2019,1,473276,473291,Robert Morris,Virginia DI Men's Lacrosse Tournament,2019-05-11,A,10,19,L,-9
2019,1,473277,473252,Rutgers,Lafayette,2019-02-02,H,14,8,W,6
2019,1,473277,473279,Rutgers,St. John's (NY),2019-02-09,A,19,15,W,4
2019,1,473277,473286,Rutgers,Army West Point,2019-02-16,H,9,10,L,-1
2019,1,473277,473255,Rutgers,Loyola Maryland,2019-02-23,H,7,13,L,-6
2019,1,473277,473241,Rutgers,Fairfield,2019-03-02,A,8,4,W,4
2019,1,473277,473272,Rutgers,Princeton,2019-03-09,H,9,8,W,1
2019,1,473277,473253,Rutgers,Lehigh,2019-03-12,H,10,13,L,-3
2019,1,473277,473283,Rutgers,Syracuse,2019-03-16,A,14,18,L,-4
2019,1,473277,473248,Rutgers,Hofstra,2019-03-23,H,10,7,W,3
2019,1,473277,473269,Rutgers,Ohio St.,2019-03-31,A,14,6,W,8
2019,1,473277,473251,Rutgers,Johns Hopkins,2019-04-06,A,13,15,L,-2
2019,1,473277,473260,Rutgers,Maryland,2019-04-14,H,13,16,L,-3
2019,1,473277,473263,Rutgers,Michigan,2019-04-20,H,11,9,W,2
2019,1,473277,473270,Rutgers,Penn St.,2019-04-27,A,13,14,L,-1
2019,1,473277,473270,Rutgers,"#1 Penn St. @Piscataway, N.J. (Big Ten tournament)",2019-05-02,H,6,18,L,-12
2019,1,473278,473243,Sacred Heart,Georgetown,2019-02-09,A,10,13,L,-3
2019,1,473278,473242,Sacred Heart,"Furman @PHILADELPHIA, Pa.",2019-02-16,H,18,11,W,7
2019,1,473278,473227,Sacred Heart,Boston U.,2019-02-19,H,11,16,L,-5
2019,1,473278,473241,Sacred Heart,Fairfield,2019-02-23,H,11,12,L,-1
2019,1,473278,473273,Sacred Heart,Providence,2019-03-02,A,17,16,W,1
2019,1,473278,473282,Sacred Heart,Stony Brook,2019-03-05,A,12,11,W,1
2019,1,473278,473245,Sacred Heart,Hartford,2019-03-09,A,16,12,W,4
2019,1,473278,473276,Sacred Heart,Robert Morris,2019-03-16,H,18,16,W,2
2019,1,473278,473247,Sacred Heart,Hobart,2019-03-23,H,9,10,L,-1
2019,1,473278,473265,Sacred Heart,Mount St. Mary's,2019-03-30,A,10,14,L,-4
2019,1,473278,473229,Sacred Heart,Bryant,2019-04-06,A,11,8,W,3
2019,1,473278,473280,Sacred Heart,Saint Joseph's,2019-04-13,H,19,4,W,15
2019,1,473278,473226,Sacred Heart,Binghamton,2019-04-16,H,17,9,W,8
2019,1,473278,473292,Sacred Heart,Wagner,2019-04-27,A,17,5,W,12
2019,1,473278,473247,Sacred Heart,#2 Hobart Northeast Conference Tournament,2019-05-02,A,13,14,L,-1
2019,1,473280,474672,Saint Joseph's,St. Bonaventure,2019-02-09,H,15,7,W,8
2019,1,473280,473241,Saint Joseph's,Fairfield,2019-02-16,A,21,10,W,11
2019,1,473280,473273,Saint Joseph's,Providence,2019-02-23,H,5,14,L,-9
2019,1,473280,473236,Saint Joseph's,Delaware,2019-02-26,A,6,14,L,-8
2019,1,473280,473264,Saint Joseph's,Monmouth,2019-03-02,H,8,6,W,2
2019,1,473280,473239,Saint Joseph's,"Drexel @Villanova, PA",2019-03-08,H,7,10,L,-3
2019,1,473280,473271,Saint Joseph's,"Penn @Philadelphia, PA",2019-03-10,H,6,13,L,-7
2019,1,473280,473267,Saint Joseph's,NJIT,2019-03-16,H,15,11,W,4
2019,1,473280,473229,Saint Joseph's,Bryant,2019-03-23,A,11,6,W,5
2019,1,473280,473276,Saint Joseph's,Robert Morris,2019-03-30,H,9,15,L,-6
2019,1,473280,473247,Saint Joseph's,Hobart,2019-04-06,H,12,11,W,1
2019,1,473280,473278,Saint Joseph's,Sacred Heart,2019-04-13,A,4,19,L,-15
2019,1,473280,473292,Saint Joseph's,Wagner,2019-04-20,H,14,6,W,8
2019,1,473280,473265,Saint Joseph's,Mount St. Mary's,2019-04-27,A,6,7,L,-1
2019,1,473281,473247,Siena,Hobart,2019-02-16,H,12,22,L,-10
2019,1,473281,473254,Siena,UMass Lowell,2019-02-23,A,16,15,W,1
2019,1,473281,473241,Siena,Fairfield,2019-03-05,A,15,21,L,-6
2019,1,473281,473279,Siena,St. John's (NY),2019-03-09,H,18,10,W,8
2019,1,473281,474672,Siena,St. Bonaventure,2019-03-12,H,17,10,W,7
2019,1,473281,473256,Siena,Manhattan,2019-03-16,H,14,7,W,7
2019,1,473281,473231,Siena,Canisius,2019-03-23,A,9,8,W,1
2019,1,473281,473274,Siena,Quinnipiac,2019-03-30,H,10,13,L,-3
2019,1,473281,473257,Siena,Marist,2019-04-06,A,11,13,L,-2
2019,1,473281,473272,Siena,Princeton,2019-04-09,A,10,19,L,-9
2019,1,473281,473267,Siena,NJIT,2019-04-13,H,20,18,W,2
2019,1,473281,473238,Siena,Detroit Mercy,2019-04-20,H,10,13,L,-3
2019,1,473281,473264,Siena,Monmouth,2019-04-27,A,6,12,L,-6
2019,1,474672,473294,St. Bonaventure,High Point,2019-02-02,A,0,13,L,-13
2019,1,474672,473280,St. Bonaventure,Saint Joseph's,2019-02-09,A,7,15,L,-8
2019,1,474672,473256,St. Bonaventure,Manhattan,2019-02-23,A,12,15,L,-3
2019,1,474672,473238,St. Bonaventure,Detroit Mercy,2019-03-09,H,8,16,L,-8
2019,1,474672,473281,St. Bonaventure,Siena,2019-03-12,A,10,17,L,-7
2019,1,474672,473234,St. Bonaventure,Cornell,2019-03-19,A,3,18,L,-15
2019,1,474672,473274,St. Bonaventure,Quinnipiac,2019-03-23,A,7,12,L,-5
2019,1,474672,473247,St. Bonaventure,Hobart,2019-03-27,A,8,18,L,-10
2019,1,474672,473264,St. Bonaventure,Monmouth,2019-04-02,H,5,7,L,-2
2019,1,474672,473232,St. Bonaventure,Cleveland St.,2019-04-06,A,5,18,L,-13
2019,1,474672,473231,St. Bonaventure,Canisius,2019-04-09,H,8,16,L,-8
2019,1,474672,473253,St. Bonaventure,Lehigh,2019-04-13,A,3,17,L,-14
2019,1,474672,473257,St. Bonaventure,Marist,2019-04-16,A,5,11,L,-6
2019,1,473279,473277,St. John's (NY),Rutgers,2019-02-09,H,15,19,L,-4
2019,1,473279,473245,St. John's (NY),Hartford,2019-02-16,A,18,10,W,8
2019,1,473279,473294,St. John's (NY),High Point,2019-02-23,A,10,9,W,1
2019,1,473279,473263,St. John's (NY),Michigan,2019-03-02,H,11,16,L,-5
2019,1,473279,473281,St. John's (NY),Siena,2019-03-09,A,10,18,L,-8
2019,1,473279,473248,St. John's (NY),Hofstra,2019-03-12,A,7,9,L,-2
2019,1,473279,473235,St. John's (NY),Dartmouth,2019-03-19,H,15,8,W,7
2019,1,473279,473254,St. John's (NY),UMass Lowell,2019-03-23,H,15,13,W,2
2019,1,473279,473273,St. John's (NY),Providence,2019-03-30,H,7,8,L,-1
2019,1,473279,473282,St. John's (NY),Stony Brook,2019-04-02,H,11,12,L,-1
2019,1,473279,473258,St. John's (NY),Marquette,2019-04-06,A,8,12,L,-4
2019,1,473279,473237,St. John's (NY),Denver,2019-04-13,H,12,15,L,-3
2019,1,473279,473289,St. John's (NY),Villanova,2019-04-20,A,5,16,L,-11
2019,1,473279,473243,St. John's (NY),Georgetown,2019-04-27,A,10,14,L,-4
2019,1,473282,473270,Stony Brook,Penn St.,2019-02-16,H,4,17,L,-13
2019,1,473282,473228,Stony Brook,Brown,2019-02-23,A,13,11,W,2
2019,1,473282,473248,Stony Brook,Hofstra,2019-02-26,A,11,10,W,1
2019,1,473282,473257,Stony Brook,Marist,2019-03-02,H,5,10,L,-5
2019,1,473282,473278,Stony Brook,Sacred Heart,2019-03-05,H,11,12,L,-1
2019,1,473282,473229,Stony Brook,Bryant,2019-03-09,H,9,8,W,1
2019,1,473282,473245,Stony Brook,Hartford,2019-03-16,A,11,12,L,-1
2019,1,473282,473259,Stony Brook,UMBC,2019-03-23,H,14,7,W,7
2019,1,473282,473226,Stony Brook,Binghamton,2019-03-29,H,13,6,W,7
2019,1,473282,473279,Stony Brook,St. John's (NY),2019-04-02,A,12,11,W,1
2019,1,473282,473272,Stony Brook,Princeton,2019-04-06,H,4,14,L,-10
2019,1,473282,473254,Stony Brook,UMass Lowell,2019-04-13,A,15,12,W,3
2019,1,473282,473288,Stony Brook,Vermont,2019-04-20,A,10,9,W,1
2019,1,473282,473224,Stony Brook,UAlbany,2019-04-26,H,12,10,W,2
2019,1,473282,473259,Stony Brook,#4 UMBC America East Tournament,2019-05-02,H,8,14,L,-6
2019,1,473283,473233,Syracuse,Colgate,2019-02-08,H,9,12,L,-3
2019,1,473283,473224,Syracuse,UAlbany,2019-02-16,H,13,5,W,8
2019,1,473283,473286,Syracuse,Army West Point,2019-02-24,H,10,8,W,2
2019,1,473283,473291,Syracuse,Virginia,2019-03-02,H,14,15,L,-1
2019,1,473283,473251,Syracuse,Johns Hopkins,2019-03-09,H,14,10,W,4
2019,1,473283,473277,Syracuse,Rutgers,2019-03-16,H,18,14,W,4
2019,1,473283,473240,Syracuse,Duke,2019-03-24,H,9,8,W,1
2019,1,473283,473268,Syracuse,Notre Dame,2019-03-30,A,10,13,L,-3
2019,1,473283,473247,Syracuse,Hobart,2019-04-02,A,17,5,W,12
2019,1,473283,473234,Syracuse,Cornell,2019-04-09,H,13,8,W,5
2019,1,473283,473266,Syracuse,North Carolina,2019-04-13,A,12,9,W,3
2019,1,473283,473287,Syracuse,Navy,2019-04-20,A,18,9,W,9
2019,1,473283,473266,Syracuse,North Carolina,2019-04-25,A,10,11,L,-1
2019,1,473283,473255,Syracuse,Loyola Maryland DI Men's Lacrosse Tournament,2019-05-11,A,13,15,L,-2
2019,1,473284,473251,Towson,Johns Hopkins,2019-02-09,H,17,8,W,9
2019,1,473284,473265,Towson,Mount St. Mary's,2019-02-15,A,12,7,W,5
2019,1,473284,473243,Towson,Georgetown,2019-02-23,A,14,8,W,6
2019,1,473284,473255,Towson,Loyola Maryland,2019-02-27,H,12,10,W,2
2019,1,473284,473250,Towson,"Jacksonville @Charlotte, NC",2019-03-08,H,15,13,W,2
2019,1,473284,473234,Towson,"Cornell @Charlotte, NC",2019-03-10,H,11,18,L,-7
2019,1,473284,473240,Towson,Duke,2019-03-16,A,10,12,L,-2
2019,1,473284,473237,Towson,Denver,2019-03-23,H,6,7,L,-1
2019,1,473284,473248,Towson,Hofstra,2019-03-30,H,10,9,W,1
2019,1,473284,473241,Towson,Fairfield,2019-04-06,A,14,7,W,7
2019,1,473284,473261,Towson,Massachusetts,2019-04-13,H,10,14,L,-4
2019,1,473284,473236,Towson,Delaware,2019-04-20,A,14,12,W,2
2019,1,473284,473239,Towson,Drexel,2019-04-27,A,11,9,W,2
2019,1,473284,473236,Towson,"#3 Delaware @Amherst, MA (CAA Tournament)",2019-05-02,H,18,11,W,7
2019,1,473284,473239,Towson,"#4 Drexel @Amherst, MA (CAA Tournament)",2019-05-04,H,16,14,W,2
2019,1,473284,473260,Towson,Maryland DI Men's Lacrosse Tournament,2019-05-12,H,13,14,L,-1
2019,1,473224,473283,UAlbany,Syracuse,2019-02-16,A,5,13,L,-8
2019,1,473224,473239,UAlbany,Drexel,2019-02-23,A,13,12,W,1
2019,1,473224,473234,UAlbany,Cornell,2019-03-02,A,16,17,L,-1
2019,1,473224,473261,UAlbany,Massachusetts,2019-03-05,H,8,14,L,-6
2019,1,473224,473260,UAlbany,Maryland,2019-03-09,H,9,14,L,-5
2019,1,473224,473254,UAlbany,UMass Lowell,2019-03-16,H,17,11,W,6
2019,1,473224,473226,UAlbany,Binghamton,2019-03-23,A,12,7,W,5
2019,1,473224,473246,UAlbany,Harvard,2019-03-27,A,12,13,L,-1
2019,1,473224,473245,UAlbany,Hartford,2019-03-30,H,14,10,W,4
2019,1,473224,473288,UAlbany,Vermont,2019-04-06,A,9,10,L,-1
2019,1,473224,473259,UAlbany,UMBC,2019-04-13,H,9,7,W,2
2019,1,473224,473293,UAlbany,Yale,2019-04-19,H,5,10,L,-5
2019,1,473224,473282,UAlbany,Stony Brook,2019-04-26,A,10,12,L,-2
2019,1,473224,473288,UAlbany,#2 Vermont America East Tournament,2019-05-02,A,9,13,L,-4
2019,1,473259,473287,UMBC,Navy,2019-02-15,A,6,11,L,-5
2019,1,473259,473275,UMBC,Richmond,2019-02-19,A,12,17,L,-5
2019,1,473259,473265,UMBC,Mount St. Mary's,2019-02-23,H,13,10,W,3
2019,1,473259,473228,UMBC,Brown,2019-03-02,H,13,14,L,-1
2019,1,473259,473294,UMBC,High Point,2019-03-09,A,13,22,L,-9
2019,1,473259,473288,UMBC,Vermont,2019-03-16,H,11,12,L,-1
2019,1,473259,473282,UMBC,Stony Brook,2019-03-23,A,7,14,L,-7
2019,1,473259,473252,UMBC,Lafayette,2019-03-30,H,19,8,W,11
2019,1,473259,473226,UMBC,Binghamton,2019-04-06,H,13,6,W,7
2019,1,473259,473224,UMBC,UAlbany,2019-04-13,A,7,9,L,-2
2019,1,473259,473254,UMBC,UMass Lowell,2019-04-20,H,12,13,L,-1
2019,1,473259,473245,UMBC,Hartford,2019-04-27,A,11,9,W,2
2019,1,473259,473282,UMBC,#1 Stony Brook America East Tournament,2019-05-02,A,14,8,W,6
2019,1,473259,473288,UMBC,"#2 Vermont @Stony Brook, NY (America East Tournament)",2019-05-04,H,14,13,W,1
2019,1,473259,473257,UMBC,Marist DI Men's Lacrosse Tournament,2019-05-08,A,14,8,W,6
2019,1,473259,473270,UMBC,Penn St. DI Men's Lacrosse Tournament,2019-05-12,A,10,25,L,-15
2019,1,473254,473274,UMass Lowell,Quinnipiac,2019-02-09,H,12,10,W,2
2019,1,473254,473249,UMass Lowell,Holy Cross,2019-02-19,H,7,12,L,-5
2019,1,473254,473281,UMass Lowell,Siena,2019-02-23,H,15,16,L,-1
2019,1,473254,473235,UMass Lowell,Dartmouth,2019-03-05,A,13,8,W,5
2019,1,473254,473256,UMass Lowell,Manhattan,2019-03-09,A,8,5,W,3
2019,1,473254,473261,UMass Lowell,Massachusetts,2019-03-12,A,4,14,L,-10
2019,1,473254,473224,UMass Lowell,UAlbany,2019-03-16,A,11,17,L,-6
2019,1,473254,473273,UMass Lowell,Providence,2019-03-19,H,4,14,L,-10
2019,1,473254,473279,UMass Lowell,St. John's (NY),2019-03-23,A,13,15,L,-2
2019,1,473254,473288,UMass Lowell,Vermont,2019-03-30,H,8,4,W,4
2019,1,473254,473245,UMass Lowell,Hartford,2019-04-06,A,11,14,L,-3
2019,1,473254,473282,UMass Lowell,Stony Brook,2019-04-13,H,12,15,L,-3
2019,1,473254,473259,UMass Lowell,UMBC,2019-04-20,A,13,12,W,1
2019,1,473254,473226,UMass Lowell,Binghamton,2019-04-26,H,7,9,L,-2
2019,1,474697,473288,Utah,Vermont,2019-02-01,H,6,21,L,-15
2019,1,474697,473262,Utah,Mercer,2019-02-09,H,13,9,W,4
2019,1,474697,473248,Utah,Hofstra,2019-02-16,A,10,14,L,-4
2019,1,474697,473237,Utah,Denver,2019-02-23,A,6,15,L,-9
2019,1,474697,473285,Utah,Air Force,2019-02-24,A,6,5,W,1
2019,1,474697,473242,Utah,Furman,2019-03-02,A,8,7,W,1
2019,1,474697,473225,Utah,Bellarmine,2019-03-09,H,10,9,W,1
2019,1,474697,473240,Utah,Duke,2019-03-12,A,11,17,L,-6
2019,1,474697,473241,Utah,Fairfield,2019-03-15,A,9,10,L,-1
2019,1,474697,473261,Utah,Massachusetts,2019-03-17,A,2,16,L,-14
2019,1,474697,473291,Utah,Virginia,2019-03-31,A,6,17,L,-11
2019,1,474697,473265,Utah,Mount St. Mary's,2019-04-06,H,15,16,L,-1
2019,1,474697,473245,Utah,Hartford,2019-04-13,A,12,14,L,-2
2019,1,474697,473232,Utah,Cleveland St.,2019-04-20,H,8,17,L,-9
2019,1,474697,473238,Utah,Detroit Mercy,2019-04-27,H,16,10,W,6
2019,1,473290,473256,VMI,Manhattan,2019-02-16,H,11,10,W,1
2019,1,473290,473267,VMI,NJIT,2019-02-23,H,15,8,W,7
2019,1,473290,473265,VMI,Mount St. Mary's,2019-03-02,H,6,12,L,-6
2019,1,473290,473292,VMI,Wagner,2019-03-05,A,15,10,W,5
2019,1,473290,473275,VMI,Richmond,2019-03-09,A,4,17,L,-13
2019,1,473290,473294,VMI,High Point,2019-03-15,H,9,18,L,-9
2019,1,473290,473262,VMI,Mercer,2019-03-23,H,8,16,L,-8
2019,1,473290,473244,VMI,Hampton,2019-03-30,A,23,9,W,14
2019,1,473290,473225,VMI,Bellarmine,2019-04-06,A,12,13,L,-1
2019,1,473290,473250,VMI,Jacksonville,2019-04-13,H,9,19,L,-10
2019,1,473290,473291,VMI,Virginia,2019-04-16,A,5,24,L,-19
2019,1,473290,473285,VMI,Air Force,2019-04-20,H,5,12,L,-7
2019,1,473290,473242,VMI,Furman,2019-04-27,A,6,20,L,-14
2019,1,473288,474697,Vermont,Utah,2019-02-01,A,21,6,W,15
2019,1,473288,473287,Vermont,Navy,2019-02-09,A,8,13,L,-5
2019,1,473288,473249,Vermont,Holy Cross,2019-02-16,H,9,7,W,2
2019,1,473288,473274,Vermont,Quinnipiac,2019-02-23,H,20,10,W,10
2019,1,473288,473227,Vermont,Boston U.,2019-03-02,A,4,12,L,-8
2019,1,473288,473247,Vermont,"Hobart @New Canaan, CT",2019-03-09,H,11,17,L,-6
2019,1,473288,473259,Vermont,UMBC,2019-03-16,A,12,11,W,1
2019,1,473288,473245,Vermont,Hartford,2019-03-23,H,15,6,W,9
2019,1,473288,473254,Vermont,UMass Lowell,2019-03-30,A,4,8,L,-4
2019,1,473288,473224,Vermont,UAlbany,2019-04-06,H,10,9,W,1
2019,1,473288,473226,Vermont,Binghamton,2019-04-13,A,14,6,W,8
2019,1,473288,473282,Vermont,Stony Brook,2019-04-20,H,9,10,L,-1
2019,1,473288,473271,Vermont,"Penn @Wilton, CT",2019-04-27,H,10,12,L,-2
2019,1,473288,473224,Vermont,#3 UAlbany America East Tournament,2019-05-02,H,13,9,W,4
2019,1,473288,473259,Vermont,"#4 UMBC @Stony Brook, NY (America East Tournament)",2019-05-04,H,13,14,L,-1
2019,1,473289,473270,Villanova,Penn St.,2019-02-02,A,7,17,L,-10
2019,1,473289,473293,Villanova,Yale,2019-02-16,A,11,10,W,1
2019,1,473289,473248,Villanova,Hofstra,2019-02-23,H,10,9,W,1
2019,1,473289,473236,Villanova,Delaware,2019-03-02,H,17,9,W,8
2019,1,473289,473271,Villanova,Penn,2019-03-08,H,11,13,L,-2
2019,1,473289,473239,Villanova,Drexel,2019-03-10,A,10,15,L,-5
2019,1,473289,473260,Villanova,Maryland,2019-03-16,A,7,17,L,-10
2019,1,473289,473241,Villanova,Fairfield,2019-03-23,A,12,8,W,4
2019,1,473289,473228,Villanova,Brown,2019-03-25,A,10,9,W,1
2019,1,473289,473258,Villanova,Marquette,2019-03-30,H,15,11,W,4
2019,1,473289,473237,Villanova,Denver,2019-04-06,A,12,11,W,1
2019,1,473289,473243,Villanova,Georgetown,2019-04-14,A,13,16,L,-3
2019,1,473289,473279,Villanova,St. John's (NY),2019-04-20,H,16,5,W,11
2019,1,473289,473273,Villanova,Providence,2019-04-27,A,8,9,L,-1
2019,1,473289,473237,Villanova,#1 Denver Big East Conference,2019-05-02,A,11,17,L,-6
2019,1,473291,473255,Virginia,Loyola Maryland,2019-02-09,A,9,17,L,-8
2019,1,473291,473253,Virginia,Lehigh,2019-02-15,H,11,8,W,3
2019,1,473291,473294,Virginia,High Point,2019-02-18,H,13,14,L,-1
2019,1,473291,473272,Virginia,Princeton,2019-02-23,A,12,11,W,1
2019,1,473291,473283,Virginia,Syracuse,2019-03-02,A,15,14,W,1
2019,1,473291,473228,Virginia,Brown,2019-03-10,H,14,13,W,1
2019,1,473291,473268,Virginia,Notre Dame,2019-03-16,H,13,11,W,2
2019,1,473291,473251,Virginia,Johns Hopkins,2019-03-23,A,16,11,W,5
2019,1,473291,473275,Virginia,Richmond,2019-03-29,H,16,7,W,9
2019,1,473291,474697,Virginia,Utah,2019-03-31,H,17,6,W,11
2019,1,473291,473266,Virginia,North Carolina,2019-04-06,H,11,10,W,1
2019,1,473291,473240,Virginia,Duke,2019-04-13,A,7,12,L,-5
2019,1,473291,473290,Virginia,VMI,2019-04-16,H,24,5,W,19
2019,1,473291,473257,Virginia,Marist,2019-04-20,H,22,6,W,16
2019,1,473291,473266,Virginia,#4 North Carolina ACC Tournament,2019-04-27,A,14,13,W,1
2019,1,473291,473268,Virginia,#3 Notre Dame ACC Tournament,2019-05-04,H,10,4,W,6
2019,1,473291,473276,Virginia,Robert Morris DI Men's Lacrosse Tournament,2019-05-11,H,19,10,W,9
2019,1,473291,473260,Virginia,"Maryland @Hempstead, N.Y. (DI Men's Lacrosse Tournament)",2019-05-18,H,13,12,W,1
2019,1,473291,473240,Virginia,"Duke @Philadelphia, PA (DI Men's Lacrosse Tournament)",2019-05-25,H,13,12,W,1
2019,1,473291,473293,Virginia,"Yale @Philadelphia, PA (DI Men's Lacrosse Tournament)",2019-05-27,H,13,9,W,4
2019,1,473292,473225,Wagner,Bellarmine,2019-02-02,A,7,6,W,1
2019,1,473292,473256,Wagner,Manhattan,2019-02-09,A,10,11,L,-1
2019,1,473292,473252,Wagner,Lafayette,2019-02-15,H,10,13,L,-3
2019,1,473292,473264,Wagner,Monmouth,2019-02-26,A,7,9,L,-2
2019,1,473292,473235,Wagner,Dartmouth,2019-03-02,H,4,11,L,-7
2019,1,473292,473290,Wagner,VMI,2019-03-05,H,10,15,L,-5
2019,1,473292,473274,Wagner,Quinnipiac,2019-03-09,H,6,7,L,-1
2019,1,473292,473247,Wagner,Hobart,2019-03-16,A,7,13,L,-6
2019,1,473292,473267,Wagner,NJIT,2019-03-23,A,14,11,W,3
2019,1,473292,473229,Wagner,Bryant,2019-03-30,H,4,13,L,-9
2019,1,473292,473276,Wagner,Robert Morris,2019-04-06,A,6,17,L,-11
2019,1,473292,473265,Wagner,Mount St. Mary's,2019-04-13,H,8,12,L,-4
2019,1,473292,473280,Wagner,Saint Joseph's,2019-04-20,A,6,14,L,-8
2019,1,473292,473278,Wagner,Sacred Heart,2019-04-27,H,5,17,L,-12
2019,1,473293,473289,Yale,Villanova,2019-02-16,H,10,11,L,-1
2019,1,473293,473270,Yale,Penn St.,2019-02-23,H,14,13,W,1
2019,1,473293,473261,Yale,Massachusetts,2019-03-02,H,12,11,W,1
2019,1,473293,473263,Yale,Michigan,2019-03-10,A,17,11,W,6
2019,1,473293,473234,Yale,Cornell,2019-03-16,H,16,11,W,5
2019,1,473293,473272,Yale,Princeton,2019-03-23,A,15,10,W,5
2019,1,473293,473285,Yale,Air Force,2019-03-26,H,13,6,W,7
2019,1,473293,473271,Yale,Penn,2019-03-30,A,12,13,L,-1
2019,1,473293,473235,Yale,Dartmouth,2019-04-06,H,20,8,W,12
2019,1,473293,473228,Yale,Brown,2019-04-13,H,17,12,W,5
2019,1,473293,473224,Yale,UAlbany,2019-04-19,A,10,5,W,5
2019,1,473293,473274,Yale,Quinnipiac,2019-04-23,H,24,8,W,16
2019,1,473293,473246,Yale,Harvard,2019-04-27,A,22,11,W,11
2019,1,473293,473234,Yale,#3 Cornell Ivy League Tournament,2019-05-03,H,15,10,W,5
2019,1,473293,473271,Yale,"#1 Penn @New York, NY (Ivy League Tournament)",2019-05-05,H,11,12,L,-1
2019,1,473293,473243,Yale,Georgetown DI Men's Lacrosse Tournament,2019-05-11,H,19,16,W,3
2019,1,473293,473271,Yale,"Penn @East Hartford, CT (DI Men's Lacrosse Tournament)",2019-05-19,H,19,18,W,1
2019,1,473293,473270,Yale,"Penn St. @Philadelphia, Pa. (DI Men's Lacrosse Tournament)",2019-05-25,H,21,17,W,4
2019,1,473293,473291,Yale,"Virginia @Philadelphia, PA (DI Men's Lacrosse Tournament)",2019-05-27,H,9,13,L,-4
2020,1,493893,493848,Air Force,Duke,2020-02-01,A,14,13,W,1
2020,1,493893,493845,Air Force,Denver,2020-02-08,H,7,13,L,-6
2020,1,493893,493831,Air Force,Utah,2020-02-15,A,9,8,W,1
2020,1,493893,493840,Air Force,"Cleveland St. @Denver, Colo.",2020-02-22,H,11,12,L,-1
2020,1,493893,493830,Air Force,"St. Bonaventure @Denver, Colo.",2020-02-23,H,11,5,W,6
2020,1,493893,493899,Air Force,Virginia,2020-03-01,A,5,15,L,-10
2020,1,493893,493839,Air Force,Canisius,2020-03-08,H,15,11,W,4
2020,1,493894,493869,Army West Point,Massachusetts,2020-02-08,H,17,4,W,13
2020,1,493894,493875,Army West Point,NJIT,2020-02-10,H,19,1,W,18
2020,1,493894,493885,Army West Point,Rutgers,2020-02-15,H,15,4,W,11
2020,1,493894,493865,Army West Point,Marist,2020-02-18,A,9,17,L,-8
2020,1,493894,493891,Army West Point,Syracuse,2020-02-23,A,7,9,L,-2
2020,1,493894,493857,Army West Point,Holy Cross,2020-02-29,H,12,5,W,7
2020,1,493894,493834,Army West Point,Binghamton,2020-03-03,H,15,10,W,5
2020,1,493894,493860,Army West Point,Lafayette,2020-03-07,A,16,8,W,8
2020,1,493833,493831,Bellarmine,Utah,2020-02-01,A,10,16,L,-6
2020,1,493833,493866,Bellarmine,Marquette,2020-02-08,A,10,11,L,-1
2020,1,493833,493852,Bellarmine,Hampton,2020-02-11,H,21,5,W,16
2020,1,493833,493830,Bellarmine,St. Bonaventure,2020-02-15,H,13,5,W,8
2020,1,493833,493846,Bellarmine,Detroit Mercy,2020-02-18,A,13,20,L,-7
2020,1,493833,493835,Bellarmine,Boston U.,2020-02-22,H,11,17,L,-6
2020,1,493833,493851,Bellarmine,Georgetown,2020-02-29,A,4,13,L,-9
2020,1,493833,493840,Bellarmine,Cleveland St.,2020-03-06,A,8,9,L,-1
2020,1,493834,493865,Binghamton,Marist,2020-02-08,A,4,12,L,-8
2020,1,493834,493891,Binghamton,Syracuse,2020-02-15,A,4,17,L,-13
2020,1,493834,493860,Binghamton,Lafayette,2020-02-22,H,11,10,W,1
2020,1,493834,493838,Binghamton,Bucknell,2020-02-25,H,4,16,L,-12
2020,1,493834,493894,Binghamton,Army West Point,2020-03-03,A,10,15,L,-5
2020,1,493834,493855,Binghamton,Hobart,2020-03-07,A,9,16,L,-7
2020,1,493835,493881,Boston U.,Providence,2020-02-01,H,5,12,L,-7
2020,1,493835,493877,Boston U.,Ohio St.,2020-02-08,H,4,11,L,-7
2020,1,493835,493862,Boston U.,UMass Lowell,2020-02-15,A,13,5,W,8
2020,1,493835,493837,Boston U.,Bryant,2020-02-18,A,10,15,L,-5
2020,1,493835,493833,Boston U.,Bellarmine,2020-02-22,A,17,11,W,6
2020,1,493835,493841,Boston U.,Colgate,2020-02-29,A,13,12,W,1
2020,1,493836,493882,Brown,Quinnipiac,2020-02-15,H,11,7,W,4
2020,1,493836,493886,Brown,Sacred Heart,2020-02-18,H,20,7,W,13
2020,1,493836,493890,Brown,Stony Brook,2020-02-22,A,10,11,L,-1
2020,1,493836,493881,Brown,Providence,2020-02-29,H,12,13,L,-1
2020,1,493836,493899,Brown,Virginia,2020-03-08,H,14,13,W,1
2020,1,493837,493838,Bryant,Bucknell,2020-02-09,H,9,11,L,-2
2020,1,493837,493881,Bryant,Providence,2020-02-15,A,9,16,L,-7
2020,1,493837,493835,Bryant,Boston U.,2020-02-18,H,15,10,W,5
2020,1,493837,493843,Bryant,Dartmouth,2020-02-22,A,8,11,L,-3
2020,1,493837,493864,Bryant,Manhattan,2020-02-29,A,16,5,W,11
2020,1,493837,493890,Bryant,Stony Brook,2020-03-07,H,15,11,W,4
2020,1,493837,493874,Bryant,North Carolina,2020-03-10,A,16,18,L,-2
2020,1,493838,493850,Bucknell,"Furman @Durham, NC",2020-02-01,H,16,9,W,7
2020,1,493838,493837,Bucknell,Bryant,2020-02-09,A,11,9,W,2
2020,1,493838,493886,Bucknell,Sacred Heart,2020-02-15,H,14,11,W,3
2020,1,493838,493877,Bucknell,Ohio St.,2020-02-22,H,11,15,L,-4
2020,1,493838,493834,Bucknell,Binghamton,2020-02-25,A,16,4,W,12
2020,1,493838,493865,Bucknell,Marist,2020-02-29,H,20,11,W,9
2020,1,493839,493855,Canisius,Hobart,2020-02-08,A,8,22,L,-14
2020,1,493839,493884,Canisius,Robert Morris,2020-02-15,H,10,22,L,-12
2020,1,493839,493871,Canisius,Michigan,2020-02-18,A,8,16,L,-8
2020,1,493839,493853,Canisius,Hartford,2020-02-22,A,4,10,L,-6
2020,1,493839,493893,Canisius,Air Force,2020-03-08,A,11,15,L,-4
2020,1,493840,493866,Cleveland St.,Marquette,2020-02-01,H,10,11,L,-1
2020,1,493840,493871,Cleveland St.,Michigan,2020-02-08,A,9,16,L,-7
2020,1,493840,493876,Cleveland St.,Notre Dame,2020-02-15,A,7,17,L,-10
2020,1,493840,493893,Cleveland St.,"Air Force @Denver, Colo.",2020-02-22,H,12,11,W,1
2020,1,493840,493845,Cleveland St.,Denver,2020-02-23,A,6,10,L,-4
2020,1,493840,493833,Cleveland St.,Bellarmine,2020-03-06,H,9,8,W,1
2020,1,493840,493870,Cleveland St.,"Mercer @Towson, MD",2020-03-09,H,13,16,L,-3
2020,1,493841,493874,Colgate,North Carolina,2020-02-01,A,6,19,L,-13
2020,1,493841,493891,Colgate,Syracuse,2020-02-07,A,14,21,L,-7
2020,1,493841,493880,Colgate,Princeton,2020-02-18,A,11,20,L,-9
2020,1,493841,493855,Colgate,Hobart,2020-02-22,A,13,21,L,-8
2020,1,493841,493835,Colgate,Boston U.,2020-02-29,H,12,13,L,-1
2020,1,493841,493895,Colgate,Navy,2020-03-07,A,14,16,L,-2
2020,1,493842,493832,Cornell,UAlbany,2020-02-15,A,19,10,W,9
2020,1,493842,493892,Cornell,Towson,2020-02-21,A,17,10,W,7
2020,1,493842,493902,Cornell,"High Point @Baltimore, MD",2020-02-23,H,21,11,W,10
2020,1,493842,493877,Cornell,Ohio St.,2020-03-01,A,17,16,W,1
2020,1,493842,493878,Cornell,"Penn St. @Charlotte, NC",2020-03-08,H,18,17,W,1
2020,1,493843,493920,Dartmouth,Merrimack,2020-02-15,A,13,11,W,2
2020,1,493843,493837,Dartmouth,Bryant,2020-02-22,H,11,8,W,3
2020,1,493843,493862,Dartmouth,UMass Lowell,2020-02-29,A,14,5,W,9
2020,1,493843,493896,Dartmouth,Vermont,2020-03-07,A,8,9,L,-1
2020,1,493844,493873,Delaware,Mount St. Mary's,2020-02-08,H,14,8,W,6
2020,1,493844,493875,Delaware,NJIT,2020-02-15,H,13,1,W,12
2020,1,493844,493888,Delaware,Saint Joseph's,2020-02-18,A,8,11,L,-3
2020,1,493844,493872,Delaware,Monmouth,2020-02-22,A,11,2,W,9
2020,1,493844,493897,Delaware,Villanova,2020-02-29,H,10,19,L,-9
2020,1,493844,493865,Delaware,Marist,2020-03-07,A,15,14,W,1
2020,1,493845,493893,Denver,Air Force,2020-02-08,A,13,7,W,6
2020,1,493845,493848,Denver,Duke,2020-02-15,H,13,15,L,-2
2020,1,493845,493830,Denver,St. Bonaventure,2020-02-22,H,16,3,W,13
2020,1,493845,493840,Denver,Cleveland St.,2020-02-23,H,10,6,W,4
2020,1,493845,493874,Denver,North Carolina,2020-03-01,H,13,15,L,-2
2020,1,493845,493876,Denver,Notre Dame,2020-03-07,A,14,11,W,3
2020,1,493846,493858,Detroit Mercy,Jacksonville,2020-02-01,A,15,14,W,1
2020,1,493846,493877,Detroit Mercy,Ohio St.,2020-02-04,A,9,23,L,-14
2020,1,493846,493833,Detroit Mercy,Bellarmine,2020-02-18,H,20,13,W,7
2020,1,493846,493866,Detroit Mercy,Marquette,2020-02-22,H,6,18,L,-12
2020,1,493846,493884,Detroit Mercy,Robert Morris,2020-03-04,H,13,16,L,-3
2020,1,493847,493902,Drexel,High Point,2020-02-15,A,15,16,L,-1
2020,1,493847,493832,Drexel,UAlbany,2020-02-22,A,13,14,L,-1
2020,1,493847,493884,Drexel,Robert Morris,2020-02-25,H,24,12,W,12
2020,1,493847,493866,Drexel,Marquette,2020-02-29,H,13,11,W,2
2020,1,493847,493888,Drexel,"Saint Joseph's @Philadelphia, PA",2020-03-06,H,9,10,L,-1
2020,1,493847,493897,Drexel,Villanova,2020-03-08,A,15,12,W,3
2020,1,493848,493893,Duke,Air Force,2020-02-01,H,13,14,L,-1
2020,1,493848,493902,Duke,High Point,2020-02-08,A,17,8,W,9
2020,1,493848,493845,Duke,Denver,2020-02-15,A,15,13,W,2
2020,1,493848,493879,Duke,"Penn @Charlotte, NC",2020-02-22,H,11,14,L,-3
2020,1,493848,493883,Duke,Richmond,2020-02-28,H,16,15,W,1
2020,1,493848,493850,Duke,Furman,2020-03-01,H,19,6,W,13
2020,1,493848,493863,Duke,Loyola Maryland,2020-03-07,A,13,10,W,3
2020,1,493848,493858,Duke,Jacksonville,2020-03-10,H,18,8,W,10
2020,1,493849,493890,Fairfield,Stony Brook,2020-02-15,H,18,16,W,2
2020,1,493849,493920,Fairfield,Merrimack,2020-02-18,H,14,11,W,3
2020,1,493849,493851,Fairfield,Georgetown,2020-02-22,A,12,25,L,-13
2020,1,493849,493882,Fairfield,Quinnipiac,2020-02-29,H,19,15,W,4
2020,1,493849,497536,Fairfield,LIU,2020-03-03,H,19,15,W,4
2020,1,493849,493854,Fairfield,Harvard,2020-03-07,A,12,15,L,-3
2020,1,493849,493889,Fairfield,Siena,2020-03-10,A,21,12,W,9
2020,1,493850,493838,Furman,"Bucknell @Durham, NC",2020-02-01,H,9,16,L,-7
2020,1,493850,493852,Furman,Hampton,2020-02-08,H,19,4,W,15
2020,1,493850,493895,Furman,Navy,2020-02-15,A,3,19,L,-16
2020,1,493850,493831,Furman,Utah,2020-02-22,A,9,17,L,-8
2020,1,493850,493848,Furman,Duke,2020-03-01,A,6,19,L,-13
2020,1,493850,493874,Furman,North Carolina,2020-03-06,H,11,18,L,-7
2020,1,493850,493878,Furman,Penn St.,2020-03-10,H,7,22,L,-15
2020,1,493851,493860,Georgetown,Lafayette,2020-02-08,A,17,3,W,14
2020,1,493851,493867,Georgetown,UMBC,2020-02-15,A,14,8,W,6
2020,1,493851,493849,Georgetown,Fairfield,2020-02-22,H,25,12,W,13
2020,1,493851,493873,Georgetown,Mount St. Mary's,2020-02-25,H,14,7,W,7
2020,1,493851,493833,Georgetown,Bellarmine,2020-02-29,H,13,4,W,9
2020,1,493851,493892,Georgetown,Towson,2020-03-07,A,16,4,W,12
2020,1,493852,493875,Hampton,NJIT,2020-02-01,A,7,24,L,-17
2020,1,493852,493850,Hampton,Furman,2020-02-08,A,4,19,L,-15
2020,1,493852,493833,Hampton,Bellarmine,2020-02-11,A,5,21,L,-16
2020,1,493852,493870,Hampton,Mercer,2020-02-22,A,6,28,L,-22
2020,1,493852,493858,Hampton,Jacksonville,2020-03-06,A,1,18,L,-17
2020,1,493852,494206,Hampton,Greensboro,2020-03-11,A,11,15,L,-4
2020,1,493853,493886,Hartford,Sacred Heart,2020-02-09,A,11,14,L,-3
2020,1,493853,493887,Hartford,St. John's (NY),2020-02-15,A,11,13,L,-2
2020,1,493853,493839,Hartford,Canisius,2020-02-22,H,10,4,W,6
2020,1,493853,493865,Hartford,Marist,2020-02-25,A,6,14,L,-8
2020,1,493853,493864,Hartford,Manhattan,2020-03-03,H,11,8,W,3
2020,1,493853,493900,Hartford,Wagner,2020-03-07,A,18,9,W,9
2020,1,493854,493869,Harvard,Massachusetts,2020-02-22,A,10,9,W,1
2020,1,493854,493857,Harvard,Holy Cross,2020-02-25,A,8,9,L,-1
2020,1,493854,493832,Harvard,UAlbany,2020-02-29,A,14,15,L,-1
2020,1,493854,493849,Harvard,Fairfield,2020-03-07,H,15,12,W,3
2020,1,493902,493868,High Point,Maryland,2020-02-01,A,12,23,L,-11
2020,1,493902,493848,High Point,Duke,2020-02-08,H,8,17,L,-9
2020,1,493902,493847,High Point,Drexel,2020-02-15,H,16,15,W,1
2020,1,493902,493842,High Point,"Cornell @Baltimore, MD",2020-02-23,H,11,21,L,-10
2020,1,493902,493899,High Point,Virginia,2020-02-25,A,15,18,L,-3
2020,1,493902,493884,High Point,Robert Morris,2020-02-29,A,11,15,L,-4
2020,1,493902,493830,High Point,St. Bonaventure,2020-03-02,H,13,8,W,5
2020,1,493902,493867,High Point,UMBC,2020-03-07,A,13,19,L,-6
2020,1,493855,493839,Hobart,Canisius,2020-02-08,H,22,8,W,14
2020,1,493855,493889,Hobart,Siena,2020-02-15,H,26,9,W,17
2020,1,493855,493841,Hobart,Colgate,2020-02-22,H,21,13,W,8
2020,1,493855,493891,Hobart,Syracuse,2020-02-28,A,13,21,L,-8
2020,1,493855,493834,Hobart,Binghamton,2020-03-07,H,16,9,W,7
2020,1,493856,493900,Hofstra,Wagner,2020-02-08,H,21,11,W,10
2020,1,493856,493871,Hofstra,Michigan,2020-02-15,H,12,9,W,3
2020,1,493856,493897,Hofstra,Villanova,2020-02-22,H,8,10,L,-2
2020,1,493856,493890,Hofstra,Stony Brook,2020-02-25,A,11,14,L,-3
2020,1,493856,497536,Hofstra,LIU,2020-02-29,H,14,6,W,8
2020,1,493856,493877,Hofstra,Ohio St.,2020-03-07,A,10,12,L,-2
2020,1,493856,493887,Hofstra,St. John's (NY),2020-03-10,A,19,9,W,10
2020,1,493857,493920,Holy Cross,Merrimack,2020-02-01,A,13,12,W,1
2020,1,493857,493881,Holy Cross,Providence,2020-02-08,A,4,6,L,-2
2020,1,493857,493896,Holy Cross,Vermont,2020-02-15,H,10,9,W,1
2020,1,493857,493862,Holy Cross,UMass Lowell,2020-02-18,H,13,12,W,1
2020,1,493857,493854,Holy Cross,Harvard,2020-02-25,H,9,8,W,1
2020,1,493857,493894,Holy Cross,Army West Point,2020-02-29,A,5,12,L,-7
2020,1,493857,493861,Holy Cross,Lehigh,2020-03-07,A,10,15,L,-5
2020,1,493858,493846,Jacksonville,Detroit Mercy,2020-02-01,H,14,15,L,-1
2020,1,493858,493866,Jacksonville,Marquette,2020-02-15,A,11,9,W,2
2020,1,493858,493884,Jacksonville,"Robert Morris @Sparks, MD",2020-02-23,H,15,8,W,7
2020,1,493858,493831,Jacksonville,Utah,2020-02-29,H,11,15,L,-4
2020,1,493858,493852,Jacksonville,Hampton,2020-03-06,H,18,1,W,17
2020,1,493858,493848,Jacksonville,Duke,2020-03-10,A,8,18,L,-10
2020,1,493859,493892,Johns Hopkins,Towson,2020-02-08,H,15,7,W,8
2020,1,493859,493863,Johns Hopkins,Loyola Maryland,2020-02-15,A,7,10,L,-3
2020,1,493859,493874,Johns Hopkins,North Carolina,2020-02-22,H,10,17,L,-7
2020,1,493859,493880,Johns Hopkins,Princeton,2020-02-29,A,11,18,L,-7
2020,1,493859,493891,Johns Hopkins,Syracuse,2020-03-07,H,9,15,L,-6
2020,1,493859,493873,Johns Hopkins,Mount St. Mary's,2020-03-10,H,13,12,W,1
2020,1,497536,493889,LIU,Siena,2020-02-08,A,12,14,L,-2
2020,1,497536,493900,LIU,Wagner,2020-02-15,H,8,9,L,-1
2020,1,497536,493887,LIU,St. John's (NY),2020-02-22,H,15,17,L,-2
2020,1,497536,493856,LIU,Hofstra,2020-02-29,A,6,14,L,-8
2020,1,497536,493849,LIU,Fairfield,2020-03-03,A,15,19,L,-4
2020,1,497536,493882,LIU,Quinnipiac,2020-03-07,H,13,9,W,4
2020,1,497536,493869,LIU,Massachusetts,2020-03-10,A,10,14,L,-4
2020,1,493860,493878,Lafayette,Penn St.,2020-02-01,A,9,16,L,-7
2020,1,493860,493851,Lafayette,Georgetown,2020-02-08,H,3,17,L,-14
2020,1,493860,493874,Lafayette,North Carolina,2020-02-15,A,8,24,L,-16
2020,1,493860,493834,Lafayette,Binghamton,2020-02-22,A,10,11,L,-1
2020,1,493860,493863,Lafayette,Loyola Maryland,2020-02-29,H,4,14,L,-10
2020,1,493860,493894,Lafayette,Army West Point,2020-03-07,H,8,16,L,-8
2020,1,493861,493831,Lehigh,Utah,2020-02-08,H,16,11,W,5
2020,1,493861,493899,Lehigh,Virginia,2020-02-15,A,8,12,L,-4
2020,1,493861,493898,Lehigh,VMI,2020-02-20,H,14,11,W,3
2020,1,493861,493875,Lehigh,NJIT,2020-02-22,A,17,8,W,9
2020,1,493861,493895,Lehigh,Navy,2020-02-29,H,14,6,W,8
2020,1,493861,493857,Lehigh,Holy Cross,2020-03-07,H,15,10,W,5
2020,1,493863,493899,Loyola Maryland,Virginia,2020-02-08,A,9,12,L,-3
2020,1,493863,493859,Loyola Maryland,Johns Hopkins,2020-02-15,H,10,7,W,3
2020,1,493863,493885,Loyola Maryland,Rutgers,2020-02-22,H,11,10,W,1
2020,1,493863,493892,Loyola Maryland,Towson,2020-02-26,H,15,6,W,9
2020,1,493863,493860,Loyola Maryland,Lafayette,2020-02-29,A,14,4,W,10
2020,1,493863,493848,Loyola Maryland,Duke,2020-03-07,H,10,13,L,-3
2020,1,493864,493895,Manhattan,Navy,2020-02-07,A,4,9,L,-5
2020,1,493864,493898,Manhattan,VMI,2020-02-15,H,10,8,W,2
2020,1,493864,493900,Manhattan,Wagner,2020-02-22,A,16,5,W,11
2020,1,493864,493837,Manhattan,Bryant,2020-02-29,H,5,16,L,-11
2020,1,493864,493853,Manhattan,Hartford,2020-03-03,A,8,11,L,-3
2020,1,493864,493875,Manhattan,NJIT,2020-03-07,A,8,7,W,1
2020,1,493865,493834,Marist,Binghamton,2020-02-08,H,12,4,W,8
2020,1,493865,493883,Marist,Richmond,2020-02-14,A,11,13,L,-2
2020,1,493865,493894,Marist,Army West Point,2020-02-18,H,17,9,W,8
2020,1,493865,493853,Marist,Hartford,2020-02-25,H,14,6,W,8
2020,1,493865,493838,Marist,Bucknell,2020-02-29,A,11,20,L,-9
2020,1,493865,493844,Marist,Delaware,2020-03-07,H,14,15,L,-1
2020,1,493866,493840,Marquette,Cleveland St.,2020-02-01,A,11,10,W,1
2020,1,493866,493833,Marquette,Bellarmine,2020-02-08,H,11,10,W,1
2020,1,493866,493858,Marquette,Jacksonville,2020-02-15,H,9,11,L,-2
2020,1,493866,493846,Marquette,Detroit Mercy,2020-02-22,A,18,6,W,12
2020,1,493866,493847,Marquette,Drexel,2020-02-29,A,11,13,L,-2
2020,1,493866,493884,Marquette,Robert Morris,2020-03-07,H,10,11,L,-1
2020,1,493866,493871,Marquette,Michigan,2020-03-11,A,12,13,L,-1
2020,1,493868,493902,Maryland,High Point,2020-02-01,H,23,12,W,11
2020,1,493868,493883,Maryland,Richmond,2020-02-08,A,14,13,W,1
2020,1,493868,493879,Maryland,Penn,2020-02-15,H,17,15,W,2
2020,1,493868,493897,Maryland,Villanova,2020-02-18,A,12,13,L,-1
2020,1,493868,493876,Maryland,Notre Dame,2020-02-29,H,14,9,W,5
2020,1,493868,493832,Maryland,UAlbany,2020-03-07,H,14,13,W,1
2020,1,493869,493894,Massachusetts,Army West Point,2020-02-08,A,4,17,L,-13
2020,1,493869,493877,Massachusetts,Ohio St.,2020-02-15,A,9,7,W,2
2020,1,493869,493854,Massachusetts,Harvard,2020-02-22,H,9,10,L,-1
2020,1,493869,493862,Massachusetts,UMass Lowell,2020-02-25,A,11,9,W,2
2020,1,493869,493901,Massachusetts,Yale,2020-02-29,H,13,10,W,3
2020,1,493869,493832,Massachusetts,UAlbany,2020-03-03,H,17,12,W,5
2020,1,493869,497536,Massachusetts,LIU,2020-03-10,H,14,10,W,4
2020,1,493870,493911,Mercer,Florida Tech,2020-02-01,H,18,6,W,12
2020,1,493870,493874,Mercer,North Carolina,2020-02-08,A,6,14,L,-8
2020,1,493870,493852,Mercer,Hampton,2020-02-22,H,28,6,W,22
2020,1,493870,493900,Mercer,Wagner,2020-02-29,H,20,8,W,12
2020,1,493870,493830,Mercer,St. Bonaventure,2020-03-04,H,17,8,W,9
2020,1,493870,493872,Mercer,Monmouth,2020-03-07,A,10,7,W,3
2020,1,493870,493840,Mercer,"Cleveland St. @Towson, MD",2020-03-09,H,16,13,W,3
2020,1,493871,493840,Michigan,Cleveland St.,2020-02-08,H,16,9,W,7
2020,1,493871,493856,Michigan,Hofstra,2020-02-15,A,9,12,L,-3
2020,1,493871,493839,Michigan,Canisius,2020-02-18,H,16,8,W,8
2020,1,493871,493920,Michigan,Merrimack,2020-02-22,H,12,14,L,-2
2020,1,493871,493887,Michigan,St. John's (NY),2020-02-29,H,16,11,W,5
2020,1,493871,493901,Michigan,"Yale @Costa Mesa, CA",2020-03-07,H,11,17,L,-6
2020,1,493871,493866,Michigan,Marquette,2020-03-11,H,13,12,W,1
2020,1,493872,493875,Monmouth,NJIT,2020-02-08,H,11,8,W,3
2020,1,493872,493880,Monmouth,Princeton,2020-02-15,A,9,20,L,-11
2020,1,493872,493844,Monmouth,Delaware,2020-02-22,H,2,11,L,-9
2020,1,493872,493900,Monmouth,Wagner,2020-02-25,A,9,5,W,4
2020,1,493872,493888,Monmouth,Saint Joseph's,2020-02-29,H,3,10,L,-7
2020,1,493872,493870,Monmouth,Mercer,2020-03-07,H,7,10,L,-3
2020,1,493873,493844,Mount St. Mary's,Delaware,2020-02-08,A,8,14,L,-6
2020,1,493873,493892,Mount St. Mary's,Towson,2020-02-15,A,11,10,W,1
2020,1,493873,493867,Mount St. Mary's,UMBC,2020-02-22,H,4,9,L,-5
2020,1,493873,493851,Mount St. Mary's,Georgetown,2020-02-25,A,7,14,L,-7
2020,1,493873,493898,Mount St. Mary's,VMI,2020-02-29,H,10,9,W,1
2020,1,493873,493883,Mount St. Mary's,Richmond,2020-03-03,H,7,14,L,-7
2020,1,493873,493831,Mount St. Mary's,Utah,2020-03-07,H,11,10,W,1
2020,1,493873,493859,Mount St. Mary's,Johns Hopkins,2020-03-10,A,12,13,L,-1
2020,1,493875,493852,NJIT,Hampton,2020-02-01,H,24,7,W,17
2020,1,493875,493872,NJIT,Monmouth,2020-02-08,A,8,11,L,-3
2020,1,493875,493894,NJIT,Army West Point,2020-02-10,A,1,19,L,-18
2020,1,493875,493844,NJIT,Delaware,2020-02-15,A,1,13,L,-12
2020,1,493875,493861,NJIT,Lehigh,2020-02-22,H,8,17,L,-9
2020,1,493875,493889,NJIT,Siena,2020-02-29,H,5,12,L,-7
2020,1,493875,493864,NJIT,Manhattan,2020-03-07,H,7,8,L,-1
2020,1,493895,493864,Navy,Manhattan,2020-02-07,H,9,4,W,5
2020,1,493895,493850,Navy,Furman,2020-02-15,H,19,3,W,16
2020,1,493895,493883,Navy,Richmond,2020-02-18,A,9,12,L,-3
2020,1,493895,493861,Navy,Lehigh,2020-02-29,A,6,14,L,-8
2020,1,493895,493841,Navy,Colgate,2020-03-07,H,16,14,W,2
2020,1,493874,493841,North Carolina,Colgate,2020-02-01,H,19,6,W,13
2020,1,493874,493870,North Carolina,Mercer,2020-02-08,H,14,6,W,8
2020,1,493874,493860,North Carolina,Lafayette,2020-02-15,H,24,8,W,16
2020,1,493874,493859,North Carolina,Johns Hopkins,2020-02-22,A,17,10,W,7
2020,1,493874,493845,North Carolina,Denver,2020-03-01,A,15,13,W,2
2020,1,493874,493850,North Carolina,Furman,2020-03-06,A,18,11,W,7
2020,1,493874,493837,North Carolina,Bryant,2020-03-10,H,18,16,W,2
2020,1,493876,493840,Notre Dame,Cleveland St.,2020-02-15,H,17,7,W,10
2020,1,493876,493883,Notre Dame,Richmond,2020-02-23,H,13,5,W,8
2020,1,493876,493868,Notre Dame,Maryland,2020-02-29,A,9,14,L,-5
2020,1,493876,493845,Notre Dame,Denver,2020-03-07,H,11,14,L,-3
2020,1,493876,493877,Notre Dame,Ohio St.,2020-03-10,A,11,13,L,-2
2020,1,493877,493846,Ohio St.,Detroit Mercy,2020-02-04,H,23,9,W,14
2020,1,493877,493835,Ohio St.,Boston U.,2020-02-08,A,11,4,W,7
2020,1,493877,493869,Ohio St.,Massachusetts,2020-02-15,H,7,9,L,-2
2020,1,493877,493838,Ohio St.,Bucknell,2020-02-22,A,15,11,W,4
2020,1,493877,493842,Ohio St.,Cornell,2020-03-01,H,16,17,L,-1
2020,1,493877,493856,Ohio St.,Hofstra,2020-03-07,H,12,10,W,2
2020,1,493877,493876,Ohio St.,Notre Dame,2020-03-10,H,13,11,W,2
2020,1,493879,493868,Penn,Maryland,2020-02-15,A,15,17,L,-2
2020,1,493879,493848,Penn,"Duke @Charlotte, NC",2020-02-22,H,14,11,W,3
2020,1,493879,493878,Penn,Penn St.,2020-02-29,H,17,18,L,-1
2020,1,493879,493897,Penn,Villanova,2020-03-06,H,10,12,L,-2
2020,1,493879,493888,Penn,Saint Joseph's,2020-03-08,A,13,12,W,1
2020,1,493878,493860,Penn St.,Lafayette,2020-02-01,H,16,9,W,7
2020,1,493878,493897,Penn St.,Villanova,2020-02-08,A,19,10,W,9
2020,1,493878,493888,Penn St.,Saint Joseph's,2020-02-15,H,19,4,W,15
2020,1,493878,493901,Penn St.,Yale,2020-02-22,H,10,12,L,-2
2020,1,493878,493879,Penn St.,Penn,2020-02-29,A,18,17,W,1
2020,1,493878,493842,Penn St.,"Cornell @Charlotte, NC",2020-03-08,H,17,18,L,-1
2020,1,493878,493850,Penn St.,Furman,2020-03-10,A,22,7,W,15
2020,1,493880,493872,Princeton,Monmouth,2020-02-15,H,20,9,W,11
2020,1,493880,493841,Princeton,Colgate,2020-02-18,H,20,11,W,9
2020,1,493880,493899,Princeton,Virginia,2020-02-22,A,16,12,W,4
2020,1,493880,493859,Princeton,Johns Hopkins,2020-02-29,H,18,11,W,7
2020,1,493880,493885,Princeton,Rutgers,2020-03-07,H,16,11,W,5
2020,1,493881,493835,Providence,Boston U.,2020-02-01,A,12,5,W,7
2020,1,493881,493857,Providence,Holy Cross,2020-02-08,H,6,4,W,2
2020,1,493881,493837,Providence,Bryant,2020-02-15,H,16,9,W,7
2020,1,493881,493888,Providence,Saint Joseph's,2020-02-22,A,8,10,L,-2
2020,1,493881,493836,Providence,Brown,2020-02-29,A,13,12,W,1
2020,1,493881,493886,Providence,Sacred Heart,2020-03-07,A,14,8,W,6
2020,1,493882,493885,Quinnipiac,Rutgers,2020-02-01,A,9,20,L,-11
2020,1,493882,493862,Quinnipiac,UMass Lowell,2020-02-08,A,9,10,L,-1
2020,1,493882,493836,Quinnipiac,Brown,2020-02-15,A,7,11,L,-4
2020,1,493882,493896,Quinnipiac,Vermont,2020-02-22,A,7,16,L,-9
2020,1,493882,493849,Quinnipiac,Fairfield,2020-02-29,A,15,19,L,-4
2020,1,493882,497536,Quinnipiac,LIU,2020-03-07,A,9,13,L,-4
2020,1,493883,493868,Richmond,Maryland,2020-02-08,H,13,14,L,-1
2020,1,493883,493865,Richmond,Marist,2020-02-14,H,13,11,W,2
2020,1,493883,493895,Richmond,Navy,2020-02-18,H,12,9,W,3
2020,1,493883,493876,Richmond,Notre Dame,2020-02-23,A,5,13,L,-8
2020,1,493883,493848,Richmond,Duke,2020-02-28,A,15,16,L,-1
2020,1,493883,493873,Richmond,Mount St. Mary's,2020-03-03,A,14,7,W,7
2020,1,493883,493898,Richmond,VMI,2020-03-07,A,17,4,W,13
2020,1,493884,493839,Robert Morris,Canisius,2020-02-15,A,22,10,W,12
2020,1,493884,493858,Robert Morris,"Jacksonville @Sparks, MD",2020-02-23,H,8,15,L,-7
2020,1,493884,493847,Robert Morris,Drexel,2020-02-25,A,12,24,L,-12
2020,1,493884,493902,Robert Morris,High Point,2020-02-29,H,15,11,W,4
2020,1,493884,493846,Robert Morris,Detroit Mercy,2020-03-04,A,16,13,W,3
2020,1,493884,493866,Robert Morris,Marquette,2020-03-07,A,11,10,W,1
2020,1,493885,493882,Rutgers,Quinnipiac,2020-02-01,H,20,9,W,11
2020,1,493885,493887,Rutgers,St. John's (NY),2020-02-08,H,17,10,W,7
2020,1,493885,493894,Rutgers,Army West Point,2020-02-15,A,4,15,L,-11
2020,1,493885,493863,Rutgers,Loyola Maryland,2020-02-22,A,10,11,L,-1
2020,1,493885,493890,Rutgers,Stony Brook,2020-02-29,H,13,14,L,-1
2020,1,493885,493880,Rutgers,Princeton,2020-03-07,A,11,16,L,-5
2020,1,493886,493853,Sacred Heart,Hartford,2020-02-09,H,14,11,W,3
2020,1,493886,493838,Sacred Heart,Bucknell,2020-02-15,A,11,14,L,-3
2020,1,493886,493836,Sacred Heart,Brown,2020-02-18,A,7,20,L,-13
2020,1,493886,493867,Sacred Heart,UMBC,2020-02-29,A,6,13,L,-7
2020,1,493886,493890,Sacred Heart,"Stony Brook @St. Anthony's High School - South Huntington, NY",2020-03-03,H,12,13,L,-1
2020,1,493886,493881,Sacred Heart,Providence,2020-03-07,H,8,14,L,-6
2020,1,493888,493830,Saint Joseph's,St. Bonaventure,2020-02-09,A,15,8,W,7
2020,1,493888,493878,Saint Joseph's,Penn St.,2020-02-15,A,4,19,L,-15
2020,1,493888,493844,Saint Joseph's,Delaware,2020-02-18,H,11,8,W,3
2020,1,493888,493881,Saint Joseph's,Providence,2020-02-22,H,10,8,W,2
2020,1,493888,493872,Saint Joseph's,Monmouth,2020-02-29,A,10,3,W,7
2020,1,493888,493847,Saint Joseph's,"Drexel @Philadelphia, PA",2020-03-06,H,10,9,W,1
2020,1,493888,493879,Saint Joseph's,Penn,2020-03-08,H,12,13,L,-1
2020,1,493889,497536,Siena,LIU,2020-02-08,H,14,12,W,2
2020,1,493889,493855,Siena,Hobart,2020-02-15,A,9,26,L,-17
2020,1,493889,493862,Siena,UMass Lowell,2020-02-22,H,15,16,L,-1
2020,1,493889,493875,Siena,NJIT,2020-02-29,A,12,5,W,7
2020,1,493889,493887,Siena,St. John's (NY),2020-03-07,A,9,16,L,-7
2020,1,493889,493849,Siena,Fairfield,2020-03-10,H,12,21,L,-9
2020,1,493830,493888,St. Bonaventure,Saint Joseph's,2020-02-09,H,8,15,L,-7
2020,1,493830,493833,St. Bonaventure,Bellarmine,2020-02-15,A,5,13,L,-8
2020,1,493830,493845,St. Bonaventure,Denver,2020-02-22,A,3,16,L,-13
2020,1,493830,493893,St. Bonaventure,"Air Force @Denver, Colo.",2020-02-23,H,5,11,L,-6
2020,1,493830,493902,St. Bonaventure,High Point,2020-03-02,A,8,13,L,-5
2020,1,493830,493870,St. Bonaventure,Mercer,2020-03-04,A,8,17,L,-9
2020,1,493887,493885,St. John's (NY),Rutgers,2020-02-08,A,10,17,L,-7
2020,1,493887,493890,St. John's (NY),Stony Brook,2020-02-11,A,12,13,L,-1
2020,1,493887,493853,St. John's (NY),Hartford,2020-02-15,H,13,11,W,2
2020,1,493887,497536,St. John's (NY),LIU,2020-02-22,A,17,15,W,2
2020,1,493887,493871,St. John's (NY),Michigan,2020-02-29,A,11,16,L,-5
2020,1,493887,493889,St. John's (NY),Siena,2020-03-07,H,16,9,W,7
2020,1,493887,493856,St. John's (NY),Hofstra,2020-03-10,H,9,19,L,-10
2020,1,493890,493887,Stony Brook,St. John's (NY),2020-02-11,H,13,12,W,1
2020,1,493890,493849,Stony Brook,Fairfield,2020-02-15,A,16,18,L,-2
2020,1,493890,493836,Stony Brook,Brown,2020-02-22,H,11,10,W,1
2020,1,493890,493856,Stony Brook,Hofstra,2020-02-25,H,14,11,W,3
2020,1,493890,493885,Stony Brook,Rutgers,2020-02-29,A,14,13,W,1
2020,1,493890,493886,Stony Brook,"Sacred Heart @St. Anthony's High School - South Huntington, NY",2020-03-03,H,13,12,W,1
2020,1,493890,493837,Stony Brook,Bryant,2020-03-07,A,11,15,L,-4
2020,1,493891,493841,Syracuse,Colgate,2020-02-07,H,21,14,W,7
2020,1,493891,493834,Syracuse,Binghamton,2020-02-15,H,17,4,W,13
2020,1,493891,493894,Syracuse,Army West Point,2020-02-23,H,9,7,W,2
2020,1,493891,493855,Syracuse,Hobart,2020-02-28,H,21,13,W,8
2020,1,493891,493859,Syracuse,Johns Hopkins,2020-03-07,A,15,9,W,6
2020,1,493892,493859,Towson,Johns Hopkins,2020-02-08,A,7,15,L,-8
2020,1,493892,493873,Towson,Mount St. Mary's,2020-02-15,H,10,11,L,-1
2020,1,493892,493842,Towson,Cornell,2020-02-21,H,10,17,L,-7
2020,1,493892,493863,Towson,Loyola Maryland,2020-02-26,A,6,15,L,-9
2020,1,493892,493867,Towson,UMBC,2020-03-03,A,5,10,L,-5
2020,1,493892,493851,Towson,Georgetown,2020-03-07,H,4,16,L,-12
2020,1,493832,493842,UAlbany,Cornell,2020-02-15,H,10,19,L,-9
2020,1,493832,493847,UAlbany,Drexel,2020-02-22,H,14,13,W,1
2020,1,493832,493854,UAlbany,Harvard,2020-02-29,H,15,14,W,1
2020,1,493832,493869,UAlbany,Massachusetts,2020-03-03,A,12,17,L,-5
2020,1,493832,493868,UAlbany,Maryland,2020-03-07,A,13,14,L,-1
2020,1,493867,493851,UMBC,Georgetown,2020-02-15,H,8,14,L,-6
2020,1,493867,493873,UMBC,Mount St. Mary's,2020-02-22,A,9,4,W,5
2020,1,493867,493886,UMBC,Sacred Heart,2020-02-29,H,13,6,W,7
2020,1,493867,493892,UMBC,Towson,2020-03-03,H,10,5,W,5
2020,1,493867,493902,UMBC,High Point,2020-03-07,H,19,13,W,6
2020,1,493862,493882,UMass Lowell,Quinnipiac,2020-02-08,H,10,9,W,1
2020,1,493862,493835,UMass Lowell,Boston U.,2020-02-15,H,5,13,L,-8
2020,1,493862,493857,UMass Lowell,Holy Cross,2020-02-18,A,12,13,L,-1
2020,1,493862,493889,UMass Lowell,Siena,2020-02-22,A,16,15,W,1
2020,1,493862,493869,UMass Lowell,Massachusetts,2020-02-25,H,9,11,L,-2
2020,1,493862,493843,UMass Lowell,Dartmouth,2020-02-29,H,5,14,L,-9
2020,1,493862,493920,UMass Lowell,Merrimack,2020-03-07,A,8,6,W,2
2020,1,493831,493833,Utah,Bellarmine,2020-02-01,H,16,10,W,6
2020,1,493831,493861,Utah,Lehigh,2020-02-08,A,11,16,L,-5
2020,1,493831,493893,Utah,Air Force,2020-02-15,H,8,9,L,-1
2020,1,493831,493850,Utah,Furman,2020-02-22,H,17,9,W,8
2020,1,493831,493858,Utah,Jacksonville,2020-02-29,A,15,11,W,4
2020,1,493831,493873,Utah,Mount St. Mary's,2020-03-07,A,10,11,L,-1
2020,1,493898,493864,VMI,Manhattan,2020-02-15,A,8,10,L,-2
2020,1,493898,493861,VMI,Lehigh,2020-02-20,A,11,14,L,-3
2020,1,493898,493873,VMI,Mount St. Mary's,2020-02-29,A,9,10,L,-1
2020,1,493898,493883,VMI,Richmond,2020-03-07,H,4,17,L,-13
2020,1,493896,493857,Vermont,Holy Cross,2020-02-15,A,9,10,L,-1
2020,1,493896,493882,Vermont,Quinnipiac,2020-02-22,H,16,7,W,9
2020,1,493896,493920,Vermont,Merrimack,2020-02-29,H,9,8,W,1
2020,1,493896,493843,Vermont,Dartmouth,2020-03-07,H,9,8,W,1
2020,1,493897,493878,Villanova,Penn St.,2020-02-08,H,10,19,L,-9
2020,1,493897,493901,Villanova,Yale,2020-02-15,H,12,18,L,-6
2020,1,493897,493868,Villanova,Maryland,2020-02-18,H,13,12,W,1
2020,1,493897,493856,Villanova,Hofstra,2020-02-22,A,10,8,W,2
2020,1,493897,493844,Villanova,Delaware,2020-02-29,A,19,10,W,9
2020,1,493897,493879,Villanova,Penn,2020-03-06,A,12,10,W,2
2020,1,493897,493847,Villanova,Drexel,2020-03-08,H,12,15,L,-3
2020,1,493899,493863,Virginia,Loyola Maryland,2020-02-08,H,12,9,W,3
2020,1,493899,493861,Virginia,Lehigh,2020-02-15,H,12,8,W,4
2020,1,493899,493880,Virginia,Princeton,2020-02-22,H,12,16,L,-4
2020,1,493899,493902,Virginia,High Point,2020-02-25,H,18,15,W,3
2020,1,493899,493893,Virginia,Air Force,2020-03-01,H,15,5,W,10
2020,1,493899,493836,Virginia,Brown,2020-03-08,A,13,14,L,-1
2020,1,493900,493856,Wagner,Hofstra,2020-02-08,A,11,21,L,-10
2020,1,493900,497536,Wagner,LIU,2020-02-15,A,9,8,W,1
2020,1,493900,493864,Wagner,Manhattan,2020-02-22,H,5,16,L,-11
2020,1,493900,493872,Wagner,Monmouth,2020-02-25,H,5,9,L,-4
2020,1,493900,493870,Wagner,Mercer,2020-02-29,A,8,20,L,-12
2020,1,493900,493853,Wagner,Hartford,2020-03-07,H,9,18,L,-9
2020,1,493901,493897,Yale,Villanova,2020-02-15,A,18,12,W,6
2020,1,493901,493878,Yale,Penn St.,2020-02-22,A,12,10,W,2
2020,1,493901,493869,Yale,Massachusetts,2020-02-29,A,10,13,L,-3
2020,1,493901,493871,Yale,"Michigan @Costa Mesa, CA",2020-03-07,H,17,11,W,6
2021,1,507874,507826,Air Force,Denver,2021-02-13,H,6,15,L,-9
2021,1,507874,507812,Air Force,Utah,2021-02-20,H,10,9,W,1
2021,1,507874,507829,Air Force,Duke,2021-02-27,A,7,17,L,-10
2021,1,507874,507880,Air Force,Virginia,2021-03-06,A,4,20,L,-16
2021,1,507874,507865,Air Force,Robert Morris,2021-03-13,H,13,14,L,-1
2021,1,507874,507855,Air Force,North Carolina,2021-03-20,A,5,15,L,-10
2021,1,507874,507814,Air Force,Bellarmine,2021-03-27,A,8,6,W,2
2021,1,507874,507851,Air Force,Mercer,2021-04-03,H,13,15,L,-2
2021,1,507874,507839,Air Force,Jacksonville,2021-04-10,A,5,11,L,-6
2021,1,507874,507879,Air Force,VMI,2021-04-17,H,18,4,W,14
2021,1,507874,507883,Air Force,High Point,2021-04-24,H,8,13,L,-5
2021,1,507874,507864,Air Force,Richmond,2021-05-01,A,9,8,W,1
2021,1,507874,507864,Air Force,#1 Richmond 2021 SoCon MLA Championship,2021-05-05,A,6,11,L,-5
2021,1,507875,507880,Army West Point,Virginia,2021-02-14,A,9,14,L,-5
2021,1,507875,507872,Army West Point,Syracuse,2021-02-21,A,18,11,W,7
2021,1,507875,507869,Army West Point,Saint Joseph's,2021-02-27,H,13,5,W,8
2021,1,507875,507816,Army West Point,Boston U.,2021-03-06,A,12,10,W,2
2021,1,507875,507838,Army West Point,Holy Cross,2021-03-27,H,13,3,W,10
2021,1,507875,507842,Army West Point,Lehigh,2021-04-03,A,12,13,L,-1
2021,1,507875,507844,Army West Point,Loyola Maryland,2021-04-10,A,12,7,W,5
2021,1,507875,507816,Army West Point,Boston U.,2021-04-17,H,14,8,W,6
2021,1,507875,507876,Army West Point,Navy,2021-04-24,A,4,9,L,-5
2021,1,507875,507822,Army West Point,Colgate,2021-04-30,H,13,11,W,2
2021,1,507875,507844,Army West Point,"#2 Loyola Maryland @Bethlehem, Pa. (2021 Patriot League MLA Tournament)",2021-05-07,H,10,11,L,-1
2021,1,507814,507851,Bellarmine,Mercer,2021-01-30,A,9,7,W,2
2021,1,507814,507812,Bellarmine,Utah,2021-02-06,H,7,12,L,-5
2021,1,507814,507839,Bellarmine,Jacksonville,2021-02-10,A,8,19,L,-11
2021,1,507814,507825,Bellarmine,Delaware,2021-02-28,A,11,14,L,-3
2021,1,507814,507865,Bellarmine,Robert Morris,2021-03-02,A,8,17,L,-9
2021,1,507814,507857,Bellarmine,Notre Dame,2021-03-06,A,6,12,L,-6
2021,1,507814,507879,Bellarmine,VMI,2021-03-09,H,12,8,W,4
2021,1,507814,507821,Bellarmine,Cleveland St.,2021-03-13,H,1,8,L,-7
2021,1,507814,507864,Bellarmine,Richmond,2021-03-20,H,5,17,L,-12
2021,1,507814,507874,Bellarmine,Air Force,2021-03-27,H,6,8,L,-2
2021,1,507814,507883,Bellarmine,High Point,2021-04-03,A,5,13,L,-8
2021,1,507814,507879,Bellarmine,VMI,2021-04-10,A,11,9,W,2
2021,1,507814,507821,Bellarmine,Cleveland St.,2021-04-17,H,11,4,W,7
2021,1,507814,507839,Bellarmine,Jacksonville,2021-04-24,A,7,8,L,-1
2021,1,507814,507851,Bellarmine,Mercer,2021-05-01,H,11,8,W,3
2021,1,507815,507856,Binghamton,NJIT,2021-03-06,A,11,5,W,6
2021,1,507815,507813,Binghamton,UAlbany,2021-03-20,H,7,19,L,-12
2021,1,507815,507848,Binghamton,UMBC,2021-03-24,H,8,7,W,1
2021,1,507815,507848,Binghamton,UMBC,2021-03-27,A,6,7,L,-1
2021,1,507815,507856,Binghamton,NJIT,2021-04-03,H,11,9,W,2
2021,1,507815,507834,Binghamton,Hartford,2021-04-10,H,7,8,L,-1
2021,1,507815,507871,Binghamton,Stony Brook,2021-04-16,A,8,22,L,-14
2021,1,507815,507877,Binghamton,Vermont,2021-04-24,H,10,7,W,3
2021,1,507815,507843,Binghamton,UMass Lowell,2021-05-02,A,11,9,W,2
2021,1,507816,507884,Boston U.,Merrimack,2021-02-20,A,15,12,W,3
2021,1,507816,507949,Boston U.,Pace,2021-02-27,H,15,2,W,13
2021,1,507816,507875,Boston U.,Army West Point,2021-03-06,H,10,12,L,-2
2021,1,507816,507838,Boston U.,Holy Cross,2021-03-12,A,16,6,W,10
2021,1,507816,507822,Boston U.,Colgate,2021-03-20,H,16,11,W,5
2021,1,507816,507841,Boston U.,Lafayette,2021-03-27,A,13,9,W,4
2021,1,507816,507812,Boston U.,Utah,2021-04-03,H,10,11,L,-1
2021,1,507816,507822,Boston U.,Colgate,2021-04-10,A,14,10,W,4
2021,1,507816,507875,Boston U.,Army West Point,2021-04-17,A,8,14,L,-6
2021,1,507816,507817,Boston U.,Brown,2021-04-23,H,5,12,L,-7
2021,1,507816,507822,Boston U.,#3 Colgate 2021 Patriot League MLA Tournament,2021-05-04,H,8,11,L,-3
2021,1,507818,507862,Bryant,Providence,2021-02-13,H,9,8,W,1
2021,1,507818,507871,Bryant,Stony Brook,2021-02-20,A,8,14,L,-6
2021,1,507818,507877,Bryant,Vermont,2021-02-27,H,15,12,W,3
2021,1,507818,507884,Bryant,Merrimack,2021-03-06,H,20,8,W,12
2021,1,507818,507881,Bryant,Wagner,2021-03-21,A,18,5,W,13
2021,1,507818,507884,Bryant,Merrimack,2021-03-27,A,11,10,W,1
2021,1,507818,507836,Bryant,Hobart,2021-04-03,H,10,11,L,-1
2021,1,507818,507869,Bryant,Saint Joseph's,2021-04-17,H,5,13,L,-8
2021,1,507818,507867,Bryant,Sacred Heart,2021-04-24,A,20,12,W,8
2021,1,507818,507810,Bryant,LIU,2021-04-27,A,20,17,W,3
2021,1,507818,507836,Bryant,#2 Hobart 2021 NEC MLA Championship,2021-05-05,A,14,12,W,2
2021,1,507818,507869,Bryant,#1 Saint Joseph's 2021 NEC MLA Championship,2021-05-08,A,16,10,W,6
2021,1,507818,507880,Bryant,#4 Virginia 2021 NCAA MLA Championship,2021-05-16,A,11,13,L,-2
2021,1,507819,507821,Bucknell,Cleveland St.,2021-03-07,H,15,9,W,6
2021,1,507819,507842,Bucknell,Lehigh,2021-03-14,H,6,18,L,-12
2021,1,507819,507844,Bucknell,Loyola Maryland,2021-03-20,A,10,24,L,-14
2021,1,507819,507876,Bucknell,Navy,2021-03-28,A,10,13,L,-3
2021,1,507819,507822,Bucknell,Colgate,2021-04-03,H,9,10,L,-1
2021,1,507819,507841,Bucknell,Lafayette,2021-04-10,H,14,6,W,8
2021,1,507819,507865,Bucknell,Robert Morris,2021-04-16,H,7,8,L,-1
2021,1,507819,507842,Bucknell,Lehigh,2021-04-24,A,12,18,L,-6
2021,1,507820,507870,Canisius,Siena,2021-03-06,A,8,7,W,1
2021,1,507820,507845,Canisius,Manhattan,2021-03-13,H,7,10,L,-3
2021,1,507820,507870,Canisius,Siena,2021-03-20,A,12,10,W,2
2021,1,507820,507827,Canisius,Detroit Mercy,2021-04-02,H,5,13,L,-8
2021,1,507820,507811,Canisius,St. Bonaventure,2021-04-06,H,11,9,W,2
2021,1,507820,507811,Canisius,St. Bonaventure,2021-04-11,A,11,12,L,-1
2021,1,507820,507863,Canisius,Quinnipiac,2021-04-17,A,12,16,L,-4
2021,1,507820,507853,Canisius,Monmouth,2021-04-23,H,8,7,W,1
2021,1,507820,507846,Canisius,#5 Marist 2021 MAAC MLA championship,2021-04-30,H,14,13,W,1
2021,1,507820,507845,Canisius,#1 Manhattan 2021 MAAC MLA championship,2021-05-05,A,5,10,L,-5
2021,1,507821,507851,Cleveland St.,Mercer,2021-02-28,A,9,10,L,-1
2021,1,507821,507819,Cleveland St.,Bucknell,2021-03-07,A,9,15,L,-6
2021,1,507821,507814,Cleveland St.,Bellarmine,2021-03-13,A,8,1,W,7
2021,1,507821,507857,Cleveland St.,Notre Dame,2021-03-20,A,5,19,L,-14
2021,1,507821,507847,Cleveland St.,Marquette,2021-03-27,A,5,10,L,-5
2021,1,507821,507879,Cleveland St.,VMI,2021-04-03,H,16,4,W,12
2021,1,507821,507865,Cleveland St.,Robert Morris,2021-04-10,A,7,15,L,-8
2021,1,507821,507814,Cleveland St.,Bellarmine,2021-04-17,A,4,11,L,-7
2021,1,507821,507812,Cleveland St.,Utah,2021-04-24,H,9,11,L,-2
2021,1,507821,507879,Cleveland St.,VMI,2021-05-01,A,14,11,W,3
2021,1,507822,507865,Colgate,Robert Morris,2021-02-21,H,14,17,L,-3
2021,1,507822,507813,Colgate,UAlbany,2021-02-27,A,9,15,L,-6
2021,1,507822,507838,Colgate,Holy Cross,2021-03-06,H,12,11,W,1
2021,1,507822,507816,Colgate,Boston U.,2021-03-20,A,11,16,L,-5
2021,1,507822,507842,Colgate,Lehigh,2021-03-28,H,10,15,L,-5
2021,1,507822,507819,Colgate,Bucknell,2021-04-03,A,10,9,W,1
2021,1,507822,507816,Colgate,Boston U.,2021-04-10,H,10,14,L,-4
2021,1,507822,507875,Colgate,Army West Point,2021-04-30,A,11,13,L,-2
2021,1,507822,507816,Colgate,#2 Boston U. 2021 Patriot League MLA Tournament,2021-05-04,A,11,8,W,3
2021,1,507822,507842,Colgate,#1 Lehigh 2021 Patriot League MLA Tournament,2021-05-07,A,9,13,L,-4
2021,1,507825,507854,Delaware,Mount St. Mary's,2021-02-17,A,7,10,L,-3
2021,1,507825,507856,Delaware,NJIT,2021-02-20,A,15,4,W,11
2021,1,507825,507869,Delaware,Saint Joseph's,2021-02-23,H,16,13,W,3
2021,1,507825,507814,Delaware,Bellarmine,2021-02-28,H,14,11,W,3
2021,1,507825,507830,Delaware,Fairfield,2021-03-06,A,17,9,W,8
2021,1,507825,507828,Delaware,Drexel,2021-03-13,A,19,12,W,7
2021,1,507825,507873,Delaware,Towson,2021-03-20,H,13,12,W,1
2021,1,507825,507830,Delaware,Fairfield,2021-04-02,H,16,11,W,5
2021,1,507825,507828,Delaware,Drexel,2021-04-10,H,9,12,L,-3
2021,1,507825,507837,Delaware,Hofstra,2021-04-17,A,14,13,W,1
2021,1,507825,507873,Delaware,Towson,2021-04-24,A,16,8,W,8
2021,1,507825,507850,Delaware,Massachusetts,2021-04-30,H,9,6,W,3
2021,1,507825,507837,Delaware,#4 Hofstra 2021 CAA MLA Championship,2021-05-06,A,9,10,L,-1
2021,1,507826,507812,Denver,Utah,2021-01-30,H,9,8,W,1
2021,1,507826,507829,Denver,Duke,2021-02-05,A,10,12,L,-2
2021,1,507826,507855,Denver,North Carolina,2021-02-07,A,13,24,L,-11
2021,1,507826,507874,Denver,Air Force,2021-02-13,A,15,6,W,9
2021,1,507826,507847,Denver,Marquette,2021-02-20,A,10,9,W,1
2021,1,507826,507862,Denver,Providence,2021-02-27,H,23,10,W,13
2021,1,507826,507868,Denver,St. John's (NY),2021-03-06,A,20,6,W,14
2021,1,507826,507832,Denver,Georgetown,2021-03-16,H,13,7,W,6
2021,1,507826,507862,Denver,Providence,2021-03-27,A,19,11,W,8
2021,1,507826,507847,Denver,Marquette,2021-04-03,H,16,6,W,10
2021,1,507826,507878,Denver,Villanova,2021-04-10,H,17,10,W,7
2021,1,507826,507832,Denver,Georgetown,2021-04-17,A,10,11,L,-1
2021,1,507826,507868,Denver,St. John's (NY),2021-04-24,H,19,11,W,8
2021,1,507826,507878,Denver,Villanova,2021-04-28,A,11,10,W,1
2021,1,507826,507862,Denver,#4 Providence 2021 Big East MLA Championship,2021-05-06,A,14,5,W,9
2021,1,507826,507832,Denver,"#2 Georgetown @Providence, RI (2021 Big East MLA Championship)",2021-05-08,H,9,10,L,-1
2021,1,507826,507844,Denver,Loyola Maryland 2021 NCAA MLA Championship,2021-05-16,H,13,14,L,-1
2021,1,507827,507846,Detroit Mercy,Marist,2021-03-06,A,11,15,L,-4
2021,1,507827,507811,Detroit Mercy,St. Bonaventure,2021-03-13,H,11,7,W,4
2021,1,507827,507845,Detroit Mercy,Manhattan,2021-03-20,A,7,11,L,-4
2021,1,507827,507870,Detroit Mercy,Siena,2021-03-27,H,11,9,W,2
2021,1,507827,507820,Detroit Mercy,Canisius,2021-04-02,A,13,5,W,8
2021,1,507827,507853,Detroit Mercy,Monmouth,2021-04-09,A,7,9,L,-2
2021,1,507827,507811,Detroit Mercy,#6 St. Bonaventure 2021 MAAC MLA championship,2021-04-30,A,8,11,L,-3
2021,1,507828,507873,Drexel,Towson,2021-03-06,H,12,10,W,2
2021,1,507828,507825,Drexel,Delaware,2021-03-13,H,12,19,L,-7
2021,1,507828,507850,Drexel,Massachusetts,2021-03-20,A,7,13,L,-6
2021,1,507828,507841,Drexel,Lafayette,2021-03-24,H,24,8,W,16
2021,1,507828,507865,Drexel,Robert Morris,2021-03-27,H,19,13,W,6
2021,1,507828,507850,Drexel,Massachusetts,2021-04-03,H,12,11,W,1
2021,1,507828,507825,Drexel,Delaware,2021-04-10,A,12,9,W,3
2021,1,507828,507830,Drexel,Fairfield,2021-04-17,A,19,7,W,12
2021,1,507828,507837,Drexel,Hofstra,2021-04-24,H,12,8,W,4
2021,1,507828,507873,Drexel,Towson,2021-05-01,A,12,11,W,1
2021,1,507828,507850,Drexel,"#3 Massachusetts @Hempstead, NY (2021 CAA MLA Championship)",2021-05-06,H,13,8,W,5
2021,1,507828,507837,Drexel,#4 Hofstra 2021 CAA MLA Championship,2021-05-08,A,15,11,W,4
2021,1,507828,507857,Drexel,"#6 Notre Dame @Denver, CO (2021 NCAA MLA Championship)",2021-05-15,H,8,10,L,-2
2021,1,507829,507826,Duke,Denver,2021-02-05,H,12,10,W,2
2021,1,507829,507865,Duke,Robert Morris,2021-02-07,H,16,12,W,4
2021,1,507829,507851,Duke,Mercer,2021-02-13,H,17,8,W,9
2021,1,507829,507873,Duke,Towson,2021-02-20,A,19,7,W,12
2021,1,507829,507874,Duke,Air Force,2021-02-27,H,17,7,W,10
2021,1,507829,507864,Duke,Richmond,2021-03-07,A,13,6,W,7
2021,1,507829,507883,Duke,High Point,2021-03-10,H,27,8,W,19
2021,1,507829,507839,Duke,Jacksonville,2021-03-14,A,17,6,W,11
2021,1,507829,507872,Duke,Syracuse,2021-03-25,H,15,14,W,1
2021,1,507829,507855,Duke,North Carolina,2021-04-01,H,12,11,W,1
2021,1,507829,507857,Duke,Notre Dame,2021-04-10,A,8,13,L,-5
2021,1,507829,507880,Duke,Virginia,2021-04-15,A,13,12,W,1
2021,1,507829,507857,Duke,Notre Dame,2021-04-22,H,13,12,W,1
2021,1,507829,507855,Duke,North Carolina,2021-05-02,A,12,15,L,-3
2021,1,507829,507883,Duke,"High Point @Chapel Hill, NC (2021 NCAA MLA Championship)",2021-05-16,H,16,10,W,6
2021,1,507829,507844,Duke,"Loyola Maryland @South Bend, IN (2021 NCAA MLA Championship)",2021-05-23,H,10,9,W,1
2021,1,507829,507849,Duke,"#3 Maryland @East Hartford, CT (2021 NCAA MLA Championship)",2021-05-29,H,5,14,L,-9
2021,1,507830,507862,Fairfield,Providence,2021-03-03,A,17,18,L,-1
2021,1,507830,507825,Fairfield,Delaware,2021-03-06,H,9,17,L,-8
2021,1,507830,507841,Fairfield,Lafayette,2021-03-10,H,13,11,W,2
2021,1,507830,507850,Fairfield,Massachusetts,2021-03-14,A,9,13,L,-4
2021,1,507830,507867,Fairfield,Sacred Heart,2021-03-17,H,14,8,W,6
2021,1,507830,507837,Fairfield,Hofstra,2021-03-26,H,7,15,L,-8
2021,1,507830,507825,Fairfield,Delaware,2021-04-02,A,11,16,L,-5
2021,1,507830,507873,Fairfield,Towson,2021-04-10,A,11,12,L,-1
2021,1,507830,507828,Fairfield,Drexel,2021-04-17,H,7,19,L,-12
2021,1,507830,507850,Fairfield,Massachusetts,2021-04-24,H,14,21,L,-7
2021,1,507830,507837,Fairfield,Hofstra,2021-04-30,A,14,18,L,-4
2021,1,507832,507878,Georgetown,Villanova,2021-02-21,A,16,1,W,15
2021,1,507832,507868,Georgetown,St. John's (NY),2021-02-27,H,19,1,W,18
2021,1,507832,507854,Georgetown,Mount St. Mary's,2021-03-02,A,17,5,W,12
2021,1,507832,507847,Georgetown,Marquette,2021-03-06,H,20,13,W,7
2021,1,507832,507826,Georgetown,Denver,2021-03-16,A,7,13,L,-6
2021,1,507832,507862,Georgetown,Providence,2021-03-20,A,14,9,W,5
2021,1,507832,507878,Georgetown,Villanova,2021-03-27,H,8,7,W,1
2021,1,507832,507868,Georgetown,St. John's (NY),2021-04-03,A,20,7,W,13
2021,1,507832,507847,Georgetown,Marquette,2021-04-10,A,10,8,W,2
2021,1,507832,507826,Georgetown,Denver,2021-04-17,H,11,10,W,1
2021,1,507832,507862,Georgetown,Providence,2021-04-24,H,14,5,W,9
2021,1,507832,507844,Georgetown,Loyola Maryland,2021-04-29,A,9,11,L,-2
2021,1,507832,507878,Georgetown,"#3 Villanova @Providence, RI (2021 Big East MLA Championship)",2021-05-06,H,14,12,W,2
2021,1,507832,507826,Georgetown,"#1 Denver @Providence, RI (2021 Big East MLA Championship)",2021-05-08,H,10,9,W,1
2021,1,507832,507872,Georgetown,"Syracuse @College Park, MD (2021 NCAA MLA Championship)",2021-05-15,H,18,8,W,10
2021,1,507832,507880,Georgetown,"#4 Virginia @Hempstead, NY (2021 NCAA MLA Championship)",2021-05-22,H,3,14,L,-11
2021,1,507834,507813,Hartford,UAlbany,2021-03-06,H,6,16,L,-10
2021,1,507834,507843,Hartford,UMass Lowell,2021-03-13,A,10,12,L,-2
2021,1,507834,507848,Hartford,UMBC,2021-03-20,H,10,13,L,-3
2021,1,507834,507877,Hartford,Vermont,2021-03-27,A,9,14,L,-5
2021,1,507834,507871,Hartford,Stony Brook,2021-04-03,H,6,17,L,-11
2021,1,507834,507815,Hartford,Binghamton,2021-04-10,A,8,7,W,1
2021,1,507834,507856,Hartford,NJIT,2021-04-17,H,14,9,W,5
2021,1,507883,507865,High Point,Robert Morris,2021-02-13,H,21,15,W,6
2021,1,507883,507855,High Point,North Carolina,2021-02-16,A,15,17,L,-2
2021,1,507883,507855,High Point,North Carolina,2021-02-27,A,12,27,L,-15
2021,1,507883,507880,High Point,Virginia,2021-03-03,A,11,12,L,-1
2021,1,507883,507829,High Point,Duke,2021-03-10,A,8,27,L,-19
2021,1,507883,507879,High Point,VMI,2021-03-19,A,20,12,W,8
2021,1,507883,507864,High Point,Richmond,2021-03-26,A,10,17,L,-7
2021,1,507883,507814,High Point,Bellarmine,2021-04-03,H,13,5,W,8
2021,1,507883,507851,High Point,Mercer,2021-04-17,H,16,10,W,6
2021,1,507883,507874,High Point,Air Force,2021-04-24,A,13,8,W,5
2021,1,507883,507839,High Point,Jacksonville,2021-05-01,H,16,11,W,5
2021,1,507883,507839,High Point,"#3 Jacksonville @Richmond, VA (2021 SoCon MLA Championship)",2021-05-05,H,11,9,W,2
2021,1,507883,507864,High Point,#1 Richmond 2021 SoCon MLA Championship,2021-05-07,A,11,8,W,3
2021,1,507883,507829,High Point,"#2 Duke @Chapel Hill, NC (2021 NCAA MLA Championship)",2021-05-16,H,10,16,L,-6
2021,1,507836,507854,Hobart,Mount St. Mary's,2021-03-06,H,13,9,W,4
2021,1,507836,507810,Hobart,LIU,2021-03-13,A,12,14,L,-2
2021,1,507836,507854,Hobart,Mount St. Mary's,2021-03-20,A,13,9,W,4
2021,1,507836,507818,Hobart,Bryant,2021-04-03,A,11,10,W,1
2021,1,507836,507869,Hobart,Saint Joseph's,2021-04-10,H,12,13,L,-1
2021,1,507836,507884,Hobart,Merrimack,2021-04-24,H,14,10,W,4
2021,1,507836,507881,Hobart,Wagner,2021-04-27,A,9,8,W,1
2021,1,507836,507867,Hobart,Sacred Heart,2021-05-01,H,14,12,W,2
2021,1,507836,507818,Hobart,#3 Bryant 2021 NEC MLA Championship,2021-05-05,H,12,14,L,-2
2021,1,507837,507868,Hofstra,St. John's (NY),2021-02-13,H,18,19,L,-1
2021,1,507837,507867,Hofstra,Sacred Heart,2021-02-20,A,13,6,W,7
2021,1,507837,507871,Hofstra,Stony Brook,2021-02-27,H,20,17,W,3
2021,1,507837,507881,Hofstra,Wagner,2021-03-02,H,18,6,W,12
2021,1,507837,507830,Hofstra,Fairfield,2021-03-26,A,15,7,W,8
2021,1,507837,507850,Hofstra,Massachusetts,2021-03-30,H,10,16,L,-6
2021,1,507837,507873,Hofstra,Towson,2021-04-03,H,8,7,W,1
2021,1,507837,507850,Hofstra,Massachusetts,2021-04-09,A,12,11,W,1
2021,1,507837,507873,Hofstra,Towson,2021-04-13,A,8,10,L,-2
2021,1,507837,507825,Hofstra,Delaware,2021-04-17,H,13,14,L,-1
2021,1,507837,507828,Hofstra,Drexel,2021-04-24,A,8,12,L,-4
2021,1,507837,507830,Hofstra,Fairfield,2021-04-30,H,18,14,W,4
2021,1,507837,507825,Hofstra,#1 Delaware 2021 CAA MLA Championship,2021-05-06,H,10,9,W,1
2021,1,507837,507828,Hofstra,#2 Drexel 2021 CAA MLA Championship,2021-05-08,H,11,15,L,-4
2021,1,507838,507867,Holy Cross,Sacred Heart,2021-02-27,H,11,10,W,1
2021,1,507838,507822,Holy Cross,Colgate,2021-03-06,A,11,12,L,-1
2021,1,507838,507816,Holy Cross,Boston U.,2021-03-12,H,6,16,L,-10
2021,1,507838,507872,Holy Cross,Syracuse,2021-03-20,A,6,15,L,-9
2021,1,507838,507875,Holy Cross,Army West Point,2021-03-27,A,3,13,L,-10
2021,1,507838,507841,Holy Cross,Lafayette,2021-04-04,H,10,7,W,3
2021,1,507839,507814,Jacksonville,Bellarmine,2021-02-10,H,19,8,W,11
2021,1,507839,507855,Jacksonville,North Carolina,2021-02-13,A,7,18,L,-11
2021,1,507839,507851,Jacksonville,"Mercer @Savannah, Ga.",2021-02-20,H,12,11,W,1
2021,1,507839,507876,Jacksonville,Navy,2021-02-28,A,6,13,L,-7
2021,1,507839,507812,Jacksonville,Utah,2021-03-06,A,8,3,W,5
2021,1,507839,507829,Jacksonville,Duke,2021-03-14,H,6,17,L,-11
2021,1,507839,507851,Jacksonville,Mercer,2021-03-21,A,16,6,W,10
2021,1,507839,507879,Jacksonville,VMI,2021-03-27,H,18,12,W,6
2021,1,507839,507865,Jacksonville,"Robert Morris @Rock Hill, S.C.",2021-04-03,H,15,16,L,-1
2021,1,507839,507874,Jacksonville,Air Force,2021-04-10,H,11,5,W,6
2021,1,507839,507864,Jacksonville,Richmond,2021-04-17,A,7,14,L,-7
2021,1,507839,507814,Jacksonville,Bellarmine,2021-04-24,H,8,7,W,1
2021,1,507839,507883,Jacksonville,High Point,2021-05-01,A,11,16,L,-5
2021,1,507839,507883,Jacksonville,"#2 High Point @Richmond, VA (2021 SoCon MLA Championship)",2021-05-05,H,9,11,L,-2
2021,1,507840,507858,Johns Hopkins,Ohio St.,2021-02-20,H,8,14,L,-6
2021,1,507840,507852,Johns Hopkins,Michigan,2021-02-27,A,14,7,W,7
2021,1,507840,507849,Johns Hopkins,Maryland,2021-03-06,A,10,18,L,-8
2021,1,507840,507859,Johns Hopkins,Penn St.,2021-03-13,H,13,6,W,7
2021,1,507840,507866,Johns Hopkins,Rutgers,2021-03-20,H,9,15,L,-6
2021,1,507840,507859,Johns Hopkins,Penn St.,2021-03-28,A,8,11,L,-3
2021,1,507840,507852,Johns Hopkins,Michigan,2021-04-04,H,10,13,L,-3
2021,1,507840,507858,Johns Hopkins,Ohio St.,2021-04-10,A,12,14,L,-2
2021,1,507840,507866,Johns Hopkins,Rutgers,2021-04-17,A,11,17,L,-6
2021,1,507840,507849,Johns Hopkins,Maryland,2021-04-24,H,13,14,L,-1
2021,1,507840,507859,Johns Hopkins,Penn St.,2021-05-01,A,15,7,W,8
2021,1,507840,507866,Johns Hopkins,"#2 Rutgers @State College, PA (2021 Big Ten MLA Championship)",2021-05-06,H,12,10,W,2
2021,1,507840,507849,Johns Hopkins,"#1 Maryland @State College, PA (2021 Big Ten MLA Championship)",2021-05-08,H,10,12,L,-2
2021,1,507810,507867,LIU,Sacred Heart,2021-02-24,A,10,12,L,-2
2021,1,507810,507881,LIU,Wagner,2021-02-27,H,19,8,W,11
2021,1,507810,507867,LIU,Sacred Heart,2021-03-06,A,13,10,W,3
2021,1,507810,507836,LIU,Hobart,2021-03-13,H,14,12,W,2
2021,1,507810,507867,LIU,Sacred Heart,2021-03-20,H,13,8,W,5
2021,1,507810,507881,LIU,Wagner,2021-03-27,A,18,13,W,5
2021,1,507810,507884,LIU,Merrimack,2021-04-03,A,10,14,L,-4
2021,1,507810,507854,LIU,Mount St. Mary's,2021-04-17,H,17,15,W,2
2021,1,507810,507869,LIU,Saint Joseph's,2021-04-24,A,13,14,L,-1
2021,1,507810,507818,LIU,Bryant,2021-04-27,H,17,20,L,-3
2021,1,507810,507869,LIU,#1 Saint Joseph's 2021 NEC MLA Championship,2021-05-05,A,11,19,L,-8
2021,1,507841,507879,Lafayette,VMI,2021-03-06,H,12,13,L,-1
2021,1,507841,507830,Lafayette,Fairfield,2021-03-10,A,11,13,L,-2
2021,1,507841,507844,Lafayette,Loyola Maryland,2021-03-13,A,6,16,L,-10
2021,1,507841,507828,Lafayette,Drexel,2021-03-24,A,8,24,L,-16
2021,1,507841,507816,Lafayette,Boston U.,2021-03-27,H,9,13,L,-4
2021,1,507841,507838,Lafayette,Holy Cross,2021-04-04,A,7,10,L,-3
2021,1,507841,507819,Lafayette,Bucknell,2021-04-10,A,6,14,L,-8
2021,1,507841,507842,Lafayette,Lehigh,2021-04-16,H,11,18,L,-7
2021,1,507841,507842,Lafayette,Lehigh,2021-04-18,A,11,14,L,-3
2021,1,507841,507844,Lafayette,Loyola Maryland,2021-04-24,H,7,11,L,-4
2021,1,507841,507876,Lafayette,Navy,2021-05-01,H,10,14,L,-4
2021,1,507842,507856,Lehigh,NJIT,2021-02-27,H,24,10,W,14
2021,1,507842,507844,Lehigh,Loyola Maryland,2021-03-06,H,10,6,W,4
2021,1,507842,507819,Lehigh,Bucknell,2021-03-14,A,18,6,W,12
2021,1,507842,507822,Lehigh,Colgate,2021-03-28,A,15,10,W,5
2021,1,507842,507875,Lehigh,Army West Point,2021-04-03,H,13,12,W,1
2021,1,507842,507876,Lehigh,Navy,2021-04-10,H,13,7,W,6
2021,1,507842,507841,Lehigh,Lafayette,2021-04-16,A,18,11,W,7
2021,1,507842,507841,Lehigh,Lafayette,2021-04-18,H,14,11,W,3
2021,1,507842,507819,Lehigh,Bucknell,2021-04-24,H,18,12,W,6
2021,1,507842,507878,Lehigh,Villanova,2021-05-01,A,8,16,L,-8
2021,1,507842,507822,Lehigh,#3 Colgate 2021 Patriot League MLA Tournament,2021-05-07,H,13,9,W,4
2021,1,507842,507866,Lehigh,"Rutgers @Charlottesville, VA (2021 NCAA MLA Championship)",2021-05-15,H,5,12,L,-7
2021,1,507844,507864,Loyola Maryland,Richmond,2021-02-14,A,8,7,W,1
2021,1,507844,507880,Loyola Maryland,Virginia,2021-02-20,H,12,15,L,-3
2021,1,507844,507812,Loyola Maryland,Utah,2021-02-27,H,20,8,W,12
2021,1,507844,507842,Loyola Maryland,Lehigh,2021-03-06,A,6,10,L,-4
2021,1,507844,507841,Loyola Maryland,Lafayette,2021-03-13,H,16,6,W,10
2021,1,507844,507819,Loyola Maryland,Bucknell,2021-03-20,H,24,10,W,14
2021,1,507844,507873,Loyola Maryland,Towson,2021-03-27,A,6,7,L,-1
2021,1,507844,507876,Loyola Maryland,Navy,2021-04-03,A,14,10,W,4
2021,1,507844,507875,Loyola Maryland,Army West Point,2021-04-10,H,7,12,L,-5
2021,1,507844,507876,Loyola Maryland,Navy,2021-04-17,H,12,14,L,-2
2021,1,507844,507841,Loyola Maryland,Lafayette,2021-04-24,A,11,7,W,4
2021,1,507844,507832,Loyola Maryland,Georgetown,2021-04-29,H,11,9,W,2
2021,1,507844,507876,Loyola Maryland,#3 Navy 2021 Patriot League MLA Tournament,2021-05-04,H,16,9,W,7
2021,1,507844,507875,Loyola Maryland,"#1 Army West Point @Bethlehem, Pa. (2021 Patriot League MLA Tournament)",2021-05-07,H,11,10,W,1
2021,1,507844,507826,Loyola Maryland,#7 Denver 2021 NCAA MLA Championship,2021-05-16,A,14,13,W,1
2021,1,507844,507829,Loyola Maryland,"#2 Duke @South Bend, IN (2021 NCAA MLA Championship)",2021-05-23,H,9,10,L,-1
2021,1,507845,507853,Manhattan,Monmouth,2021-03-06,A,5,8,L,-3
2021,1,507845,507820,Manhattan,Canisius,2021-03-13,A,10,7,W,3
2021,1,507845,507827,Manhattan,Detroit Mercy,2021-03-20,H,11,7,W,4
2021,1,507845,507853,Manhattan,Monmouth,2021-03-26,H,9,8,W,1
2021,1,507845,507811,Manhattan,St. Bonaventure,2021-04-02,A,8,9,L,-1
2021,1,507845,507863,Manhattan,Quinnipiac,2021-04-10,A,12,13,L,-1
2021,1,507845,507870,Manhattan,Siena,2021-04-17,H,13,12,W,1
2021,1,507845,507846,Manhattan,Marist,2021-04-24,A,7,14,L,-7
2021,1,507845,507820,Manhattan,#4 Canisius 2021 MAAC MLA championship,2021-05-05,H,10,5,W,5
2021,1,507845,507853,Manhattan,#2 Monmouth 2021 MAAC MLA championship,2021-05-08,H,9,14,L,-5
2021,1,507847,507826,Marquette,Denver,2021-02-20,H,9,10,L,-1
2021,1,507847,507878,Marquette,Villanova,2021-02-27,H,14,16,L,-2
2021,1,507847,507832,Marquette,Georgetown,2021-03-06,A,13,20,L,-7
2021,1,507847,507862,Marquette,Providence,2021-03-13,H,8,12,L,-4
2021,1,507847,507857,Marquette,Notre Dame,2021-03-17,A,3,10,L,-7
2021,1,507847,507821,Marquette,Cleveland St.,2021-03-27,H,10,5,W,5
2021,1,507847,507826,Marquette,Denver,2021-04-03,A,6,16,L,-10
2021,1,507847,507832,Marquette,Georgetown,2021-04-10,H,8,10,L,-2
2021,1,507847,507868,Marquette,St. John's (NY),2021-04-14,H,9,8,W,1
2021,1,507847,507862,Marquette,Providence,2021-04-17,A,7,6,W,1
2021,1,507847,507878,Marquette,Villanova,2021-04-24,A,8,19,L,-11
2021,1,507847,507868,Marquette,St. John's (NY),2021-04-30,A,15,14,W,1
2021,1,507849,507852,Maryland,Michigan,2021-02-20,H,20,9,W,11
2021,1,507849,507859,Maryland,Penn St.,2021-02-26,A,13,7,W,6
2021,1,507849,507840,Maryland,Johns Hopkins,2021-03-06,H,18,10,W,8
2021,1,507849,507866,Maryland,Rutgers,2021-03-13,H,19,12,W,7
2021,1,507849,507858,Maryland,Ohio St.,2021-03-20,A,16,8,W,8
2021,1,507849,507866,Maryland,Rutgers,2021-03-28,A,13,9,W,4
2021,1,507849,507859,Maryland,Penn St.,2021-04-03,H,17,10,W,7
2021,1,507849,507852,Maryland,Michigan,2021-04-10,A,18,12,W,6
2021,1,507849,507858,Maryland,Ohio St.,2021-04-18,H,18,8,W,10
2021,1,507849,507840,Maryland,Johns Hopkins,2021-04-24,A,14,13,W,1
2021,1,507849,507852,Maryland,"#5 Michigan @State College, PA (2021 Big Ten MLA Championship)",2021-05-06,H,16,8,W,8
2021,1,507849,507840,Maryland,"#6 Johns Hopkins @State College, PA (2021 Big Ten MLA Championship)",2021-05-08,H,12,10,W,2
2021,1,507849,507877,Maryland,Vermont 2021 NCAA MLA Championship,2021-05-16,H,17,11,W,6
2021,1,507849,507857,Maryland,#6 Notre Dame 2021 NCAA MLA Championship,2021-05-22,A,14,13,W,1
2021,1,507849,507829,Maryland,"#2 Duke @East Hartford, CT (2021 NCAA MLA Championship)",2021-05-29,H,14,5,W,9
2021,1,507849,507880,Maryland,"#4 Virginia @East Hartford, CT (2021 NCAA MLA Championship)",2021-05-31,H,16,17,L,-1
2021,1,507850,507830,Massachusetts,Fairfield,2021-03-14,H,13,9,W,4
2021,1,507850,507828,Massachusetts,Drexel,2021-03-20,H,13,7,W,6
2021,1,507850,507813,Massachusetts,UAlbany,2021-03-23,A,12,13,L,-1
2021,1,507850,507837,Massachusetts,Hofstra,2021-03-30,A,16,10,W,6
2021,1,507850,507828,Massachusetts,Drexel,2021-04-03,A,11,12,L,-1
2021,1,507850,507837,Massachusetts,Hofstra,2021-04-09,H,11,12,L,-1
2021,1,507850,507873,Massachusetts,Towson,2021-04-17,H,6,9,L,-3
2021,1,507850,507830,Massachusetts,Fairfield,2021-04-24,A,21,14,W,7
2021,1,507850,507825,Massachusetts,Delaware,2021-04-30,A,6,9,L,-3
2021,1,507850,507828,Massachusetts,"#2 Drexel @Hempstead, NY (2021 CAA MLA Championship)",2021-05-06,H,8,13,L,-5
2021,1,507851,507814,Mercer,Bellarmine,2021-01-30,H,7,9,L,-2
2021,1,507851,507890,Mercer,Lenoir-Rhyne,2021-02-06,H,17,4,W,13
2021,1,507851,507829,Mercer,Duke,2021-02-13,A,8,17,L,-9
2021,1,507851,507839,Mercer,"Jacksonville @Savannah, Ga.",2021-02-20,H,11,12,L,-1
2021,1,507851,507821,Mercer,Cleveland St.,2021-02-28,H,10,9,W,1
2021,1,507851,507855,Mercer,North Carolina,2021-03-06,A,8,16,L,-8
2021,1,507851,507839,Mercer,Jacksonville,2021-03-21,H,6,16,L,-10
2021,1,507851,507812,Mercer,Utah,2021-03-27,H,15,10,W,5
2021,1,507851,507874,Mercer,Air Force,2021-04-03,A,15,13,W,2
2021,1,507851,507883,Mercer,High Point,2021-04-17,A,10,16,L,-6
2021,1,507851,507879,Mercer,VMI,2021-04-24,H,17,9,W,8
2021,1,507851,507864,Mercer,Richmond,2021-04-25,H,8,21,L,-13
2021,1,507851,507814,Mercer,Bellarmine,2021-05-01,A,8,11,L,-3
2021,1,507852,507849,Michigan,Maryland,2021-02-20,A,9,20,L,-11
2021,1,507852,507840,Michigan,Johns Hopkins,2021-02-27,H,7,14,L,-7
2021,1,507852,507866,Michigan,Rutgers,2021-03-06,A,12,22,L,-10
2021,1,507852,507858,Michigan,Ohio St.,2021-03-14,A,10,13,L,-3
2021,1,507852,507859,Michigan,Penn St.,2021-03-20,H,14,12,W,2
2021,1,507852,507858,Michigan,Ohio St.,2021-03-27,H,6,14,L,-8
2021,1,507852,507840,Michigan,Johns Hopkins,2021-04-04,A,13,10,W,3
2021,1,507852,507849,Michigan,Maryland,2021-04-10,H,12,18,L,-6
2021,1,507852,507859,Michigan,Penn St.,2021-04-16,A,13,14,L,-1
2021,1,507852,507866,Michigan,Rutgers,2021-04-25,H,12,13,L,-1
2021,1,507852,507858,Michigan,Ohio St.,2021-05-01,A,15,11,W,4
2021,1,507852,507849,Michigan,"#1 Maryland @State College, PA (2021 Big Ten MLA Championship)",2021-05-06,H,8,16,L,-8
2021,1,507853,507845,Monmouth,Manhattan,2021-03-06,H,8,5,W,3
2021,1,507853,507870,Monmouth,Siena,2021-03-13,A,7,6,W,1
2021,1,507853,507811,Monmouth,St. Bonaventure,2021-03-20,H,13,12,W,1
2021,1,507853,507845,Monmouth,Manhattan,2021-03-26,A,8,9,L,-1
2021,1,507853,507863,Monmouth,Quinnipiac,2021-04-03,H,10,8,W,2
2021,1,507853,507827,Monmouth,Detroit Mercy,2021-04-09,H,9,7,W,2
2021,1,507853,507820,Monmouth,Canisius,2021-04-23,A,7,8,L,-1
2021,1,507853,507870,Monmouth,#7 Siena 2021 MAAC MLA championship,2021-04-30,H,12,11,W,1
2021,1,507853,507811,Monmouth,#6 St. Bonaventure 2021 MAAC MLA championship,2021-05-05,H,12,5,W,7
2021,1,507853,507845,Monmouth,#1 Manhattan 2021 MAAC MLA championship,2021-05-08,A,14,9,W,5
2021,1,507853,507855,Monmouth,#1 North Carolina 2021 NCAA MLA Championship,2021-05-15,A,4,16,L,-12
2021,1,507854,507825,Mount St. Mary's,Delaware,2021-02-17,H,10,7,W,3
2021,1,507854,507876,Mount St. Mary's,Navy,2021-02-20,A,5,8,L,-3
2021,1,507854,507873,Mount St. Mary's,Towson,2021-02-24,H,5,11,L,-6
2021,1,507854,507848,Mount St. Mary's,UMBC,2021-02-27,A,7,8,L,-1
2021,1,507854,507832,Mount St. Mary's,Georgetown,2021-03-02,H,5,17,L,-12
2021,1,507854,507836,Mount St. Mary's,Hobart,2021-03-06,A,9,13,L,-4
2021,1,507854,507836,Mount St. Mary's,Hobart,2021-03-20,H,9,13,L,-4
2021,1,507854,507869,Mount St. Mary's,Saint Joseph's,2021-03-27,A,13,14,L,-1
2021,1,507854,507879,Mount St. Mary's,VMI,2021-04-07,A,16,9,W,7
2021,1,507854,507884,Mount St. Mary's,Merrimack,2021-04-10,H,11,12,L,-1
2021,1,507854,507867,Mount St. Mary's,Sacred Heart,2021-04-14,H,14,12,W,2
2021,1,507854,507810,Mount St. Mary's,LIU,2021-04-17,A,15,17,L,-2
2021,1,507854,507881,Mount St. Mary's,Wagner,2021-05-07,H,20,6,W,14
2021,1,507856,507825,NJIT,Delaware,2021-02-20,H,4,15,L,-11
2021,1,507856,507842,NJIT,Lehigh,2021-02-27,A,10,24,L,-14
2021,1,507856,507815,NJIT,Binghamton,2021-03-06,H,5,11,L,-6
2021,1,507856,507871,NJIT,Stony Brook,2021-03-14,A,4,13,L,-9
2021,1,507856,507877,NJIT,Vermont,2021-03-20,H,2,17,L,-15
2021,1,507856,507843,NJIT,UMass Lowell,2021-03-27,A,14,10,W,4
2021,1,507856,507815,NJIT,Binghamton,2021-04-03,A,9,11,L,-2
2021,1,507856,507871,NJIT,Stony Brook,2021-04-10,H,8,12,L,-4
2021,1,507856,507834,NJIT,Hartford,2021-04-17,A,9,14,L,-5
2021,1,507856,507813,NJIT,UAlbany,2021-04-24,A,8,18,L,-10
2021,1,507856,507848,NJIT,UMBC,2021-05-01,H,6,14,L,-8
2021,1,507876,507854,Navy,Mount St. Mary's,2021-02-20,H,8,5,W,3
2021,1,507876,507839,Navy,Jacksonville,2021-02-28,H,13,6,W,7
2021,1,507876,507819,Navy,Bucknell,2021-03-28,H,13,10,W,3
2021,1,507876,507844,Navy,Loyola Maryland,2021-04-03,H,10,14,L,-4
2021,1,507876,507842,Navy,Lehigh,2021-04-10,A,7,13,L,-6
2021,1,507876,507844,Navy,Loyola Maryland,2021-04-17,A,14,12,W,2
2021,1,507876,507875,Navy,Army West Point,2021-04-24,H,9,4,W,5
2021,1,507876,507841,Navy,Lafayette,2021-05-01,A,14,10,W,4
2021,1,507876,507844,Navy,#2 Loyola Maryland 2021 Patriot League MLA Tournament,2021-05-04,A,9,16,L,-7
2021,1,507855,507826,North Carolina,Denver,2021-02-07,H,24,13,W,11
2021,1,507855,507839,North Carolina,Jacksonville,2021-02-13,H,18,7,W,11
2021,1,507855,507883,North Carolina,High Point,2021-02-16,H,17,15,W,2
2021,1,507855,507864,North Carolina,Richmond,2021-02-21,A,14,9,W,5
2021,1,507855,507883,North Carolina,High Point,2021-02-27,H,27,12,W,15
2021,1,507855,507851,North Carolina,Mercer,2021-03-06,H,16,8,W,8
2021,1,507855,507880,North Carolina,Virginia,2021-03-11,A,16,13,W,3
2021,1,507855,507874,North Carolina,Air Force,2021-03-20,H,15,5,W,10
2021,1,507855,507829,North Carolina,Duke,2021-04-01,A,11,12,L,-1
2021,1,507855,507880,North Carolina,Virginia,2021-04-10,H,16,18,L,-2
2021,1,507855,507872,North Carolina,Syracuse,2021-04-17,A,21,9,W,12
2021,1,507855,507857,North Carolina,Notre Dame,2021-04-25,H,12,10,W,2
2021,1,507855,507829,North Carolina,Duke,2021-05-02,H,15,12,W,3
2021,1,507855,507853,North Carolina,Monmouth 2021 NCAA MLA Championship,2021-05-15,H,16,4,W,12
2021,1,507855,507866,North Carolina,"Rutgers @Hempstead, NY (2021 NCAA MLA Championship)",2021-05-22,H,12,11,W,1
2021,1,507855,507880,North Carolina,"#4 Virginia @East Hartford, Conn. (2021 NCAA MLA Championship)",2021-05-29,H,11,12,L,-1
2021,1,507857,507865,Notre Dame,Robert Morris,2021-02-27,H,19,7,W,12
2021,1,507857,507814,Notre Dame,Bellarmine,2021-03-06,H,12,6,W,6
2021,1,507857,507847,Notre Dame,Marquette,2021-03-17,H,10,3,W,7
2021,1,507857,507821,Notre Dame,Cleveland St.,2021-03-20,H,19,5,W,14
2021,1,507857,507880,Notre Dame,Virginia,2021-03-27,H,11,12,L,-1
2021,1,507857,507872,Notre Dame,Syracuse,2021-04-03,A,18,11,W,7
2021,1,507857,507829,Notre Dame,Duke,2021-04-10,H,13,8,W,5
2021,1,507857,507829,Notre Dame,Duke,2021-04-22,A,12,13,L,-1
2021,1,507857,507855,Notre Dame,North Carolina,2021-04-25,A,10,12,L,-2
2021,1,507857,507872,Notre Dame,Syracuse,2021-05-01,H,22,8,W,14
2021,1,507857,507828,Notre Dame,"Drexel @Denver, CO (2021 NCAA MLA Championship)",2021-05-15,H,10,8,W,2
2021,1,507857,507849,Notre Dame,#3 Maryland 2021 NCAA MLA Championship,2021-05-22,H,13,14,L,-1
2021,1,507858,507840,Ohio St.,Johns Hopkins,2021-02-20,A,14,8,W,6
2021,1,507858,507866,Ohio St.,Rutgers,2021-02-27,H,12,22,L,-10
2021,1,507858,507859,Ohio St.,Penn St.,2021-03-06,A,13,15,L,-2
2021,1,507858,507852,Ohio St.,Michigan,2021-03-14,H,13,10,W,3
2021,1,507858,507849,Ohio St.,Maryland,2021-03-20,H,8,16,L,-8
2021,1,507858,507852,Ohio St.,Michigan,2021-03-27,A,14,6,W,8
2021,1,507858,507866,Ohio St.,Rutgers,2021-04-03,A,9,10,L,-1
2021,1,507858,507840,Ohio St.,Johns Hopkins,2021-04-10,H,14,12,W,2
2021,1,507858,507849,Ohio St.,Maryland,2021-04-18,A,8,18,L,-10
2021,1,507858,507859,Ohio St.,Penn St.,2021-04-24,H,9,10,L,-1
2021,1,507858,507852,Ohio St.,Michigan,2021-05-01,H,11,15,L,-4
2021,1,507859,507866,Penn St.,Rutgers,2021-02-20,A,9,11,L,-2
2021,1,507859,507849,Penn St.,Maryland,2021-02-26,H,7,13,L,-6
2021,1,507859,507858,Penn St.,Ohio St.,2021-03-06,H,15,13,W,2
2021,1,507859,507840,Penn St.,Johns Hopkins,2021-03-13,A,6,13,L,-7
2021,1,507859,507852,Penn St.,Michigan,2021-03-20,A,12,14,L,-2
2021,1,507859,507840,Penn St.,Johns Hopkins,2021-03-28,H,11,8,W,3
2021,1,507859,507849,Penn St.,Maryland,2021-04-03,A,10,17,L,-7
2021,1,507859,507866,Penn St.,Rutgers,2021-04-10,H,10,22,L,-12
2021,1,507859,507852,Penn St.,Michigan,2021-04-16,H,14,13,W,1
2021,1,507859,507858,Penn St.,Ohio St.,2021-04-24,A,10,9,W,1
2021,1,507859,507840,Penn St.,Johns Hopkins,2021-05-01,H,7,15,L,-8
2021,1,507862,507818,Providence,Bryant,2021-02-13,A,8,9,L,-1
2021,1,507862,507868,Providence,St. John's (NY),2021-02-21,A,16,8,W,8
2021,1,507862,507826,Providence,Denver,2021-02-27,A,10,23,L,-13
2021,1,507862,507830,Providence,Fairfield,2021-03-03,H,18,17,W,1
2021,1,507862,507878,Providence,Villanova,2021-03-07,H,8,11,L,-3
2021,1,507862,507847,Providence,Marquette,2021-03-13,A,12,8,W,4
2021,1,507862,507832,Providence,Georgetown,2021-03-20,H,9,14,L,-5
2021,1,507862,507826,Providence,Denver,2021-03-27,H,11,19,L,-8
2021,1,507862,507878,Providence,Villanova,2021-04-03,A,6,13,L,-7
2021,1,507862,507868,Providence,St. John's (NY),2021-04-10,H,19,9,W,10
2021,1,507862,507847,Providence,Marquette,2021-04-17,H,6,7,L,-1
2021,1,507862,507832,Providence,Georgetown,2021-04-24,A,5,14,L,-9
2021,1,507862,507826,Providence,#1 Denver 2021 Big East MLA Championship,2021-05-06,H,5,14,L,-9
2021,1,507863,507811,Quinnipiac,St. Bonaventure,2021-03-06,H,6,13,L,-7
2021,1,507863,507811,Quinnipiac,St. Bonaventure,2021-03-27,A,5,4,W,1
2021,1,507863,507853,Quinnipiac,Monmouth,2021-04-03,A,8,10,L,-2
2021,1,507863,507870,Quinnipiac,Siena,2021-04-07,H,7,5,W,2
2021,1,507863,507845,Quinnipiac,Manhattan,2021-04-10,H,13,12,W,1
2021,1,507863,507820,Quinnipiac,Canisius,2021-04-17,H,16,12,W,4
2021,1,507863,507846,Quinnipiac,Marist,2021-04-20,A,9,14,L,-5
2021,1,507864,507844,Richmond,Loyola Maryland,2021-02-14,H,7,8,L,-1
2021,1,507864,507855,Richmond,North Carolina,2021-02-21,H,9,14,L,-5
2021,1,507864,507873,Richmond,Towson,2021-02-27,H,11,10,W,1
2021,1,507864,507829,Richmond,Duke,2021-03-07,H,6,13,L,-7
2021,1,507864,507879,Richmond,VMI,2021-03-13,A,23,6,W,17
2021,1,507864,507814,Richmond,Bellarmine,2021-03-20,A,17,5,W,12
2021,1,507864,507883,Richmond,High Point,2021-03-26,H,17,10,W,7
2021,1,507864,507880,Richmond,Virginia,2021-04-03,A,10,18,L,-8
2021,1,507864,507839,Richmond,Jacksonville,2021-04-17,H,14,7,W,7
2021,1,507864,507851,Richmond,Mercer,2021-04-25,A,21,8,W,13
2021,1,507864,507874,Richmond,Air Force,2021-05-01,H,8,9,L,-1
2021,1,507864,507874,Richmond,#4 Air Force 2021 SoCon MLA Championship,2021-05-05,H,11,6,W,5
2021,1,507864,507883,Richmond,#2 High Point 2021 SoCon MLA Championship,2021-05-07,H,8,11,L,-3
2021,1,507865,507829,Robert Morris,Duke,2021-02-07,A,12,16,L,-4
2021,1,507865,507883,Robert Morris,High Point,2021-02-13,A,15,21,L,-6
2021,1,507865,507822,Robert Morris,Colgate,2021-02-21,A,17,14,W,3
2021,1,507865,507857,Robert Morris,Notre Dame,2021-02-27,A,7,19,L,-12
2021,1,507865,507814,Robert Morris,Bellarmine,2021-03-02,H,17,8,W,9
2021,1,507865,507874,Robert Morris,Air Force,2021-03-13,A,14,13,W,1
2021,1,507865,507880,Robert Morris,Virginia,2021-03-20,A,12,14,L,-2
2021,1,507865,507828,Robert Morris,Drexel,2021-03-27,A,13,19,L,-6
2021,1,507865,507839,Robert Morris,"Jacksonville @Rock Hill, S.C.",2021-04-03,H,16,15,W,1
2021,1,507865,507821,Robert Morris,Cleveland St.,2021-04-10,H,15,7,W,8
2021,1,507865,507819,Robert Morris,Bucknell,2021-04-16,A,8,7,W,1
2021,1,507865,507812,Robert Morris,Utah,2021-05-01,A,16,12,W,4
2021,1,507865,507872,Robert Morris,Syracuse,2021-05-07,A,14,21,L,-7
2021,1,507866,507859,Rutgers,Penn St.,2021-02-20,H,11,9,W,2
2021,1,507866,507858,Rutgers,Ohio St.,2021-02-27,A,22,12,W,10
2021,1,507866,507852,Rutgers,Michigan,2021-03-06,H,22,12,W,10
2021,1,507866,507849,Rutgers,Maryland,2021-03-13,A,12,19,L,-7
2021,1,507866,507840,Rutgers,Johns Hopkins,2021-03-20,A,15,9,W,6
2021,1,507866,507849,Rutgers,Maryland,2021-03-28,H,9,13,L,-4
2021,1,507866,507858,Rutgers,Ohio St.,2021-04-03,H,10,9,W,1
2021,1,507866,507859,Rutgers,Penn St.,2021-04-10,A,22,10,W,12
2021,1,507866,507840,Rutgers,Johns Hopkins,2021-04-17,H,17,11,W,6
2021,1,507866,507852,Rutgers,Michigan,2021-04-25,A,13,12,W,1
2021,1,507866,507840,Rutgers,"#6 Johns Hopkins @State College, PA (2021 Big Ten MLA Championship)",2021-05-06,H,10,12,L,-2
2021,1,507866,507842,Rutgers,"#8 Lehigh @Charlottesville, VA (2021 NCAA MLA Championship)",2021-05-15,H,12,5,W,7
2021,1,507866,507855,Rutgers,"#1 North Carolina @Hempstead, NY (2021 NCAA MLA Championship)",2021-05-22,H,11,12,L,-1
2021,1,507867,507871,Sacred Heart,Stony Brook,2021-02-13,A,8,20,L,-12
2021,1,507867,507837,Sacred Heart,Hofstra,2021-02-20,H,6,13,L,-7
2021,1,507867,507810,Sacred Heart,LIU,2021-02-24,H,12,10,W,2
2021,1,507867,507838,Sacred Heart,Holy Cross,2021-02-27,A,10,11,L,-1
2021,1,507867,507810,Sacred Heart,LIU,2021-03-06,H,10,13,L,-3
2021,1,507867,507869,Sacred Heart,Saint Joseph's,2021-03-13,H,9,13,L,-4
2021,1,507867,507830,Sacred Heart,Fairfield,2021-03-17,A,8,14,L,-6
2021,1,507867,507810,Sacred Heart,LIU,2021-03-20,A,8,13,L,-5
2021,1,507867,507854,Sacred Heart,Mount St. Mary's,2021-04-14,A,12,14,L,-2
2021,1,507867,507884,Sacred Heart,Merrimack,2021-04-17,A,10,14,L,-4
2021,1,507867,507881,Sacred Heart,Wagner,2021-04-21,H,9,11,L,-2
2021,1,507867,507818,Sacred Heart,Bryant,2021-04-24,H,12,20,L,-8
2021,1,507867,507836,Sacred Heart,Hobart,2021-05-01,A,12,14,L,-2
2021,1,507869,507873,Saint Joseph's,Towson,2021-02-13,A,7,8,L,-1
2021,1,507869,507825,Saint Joseph's,Delaware,2021-02-23,A,13,16,L,-3
2021,1,507869,507875,Saint Joseph's,Army West Point,2021-02-27,A,5,13,L,-8
2021,1,507869,507881,Saint Joseph's,Wagner,2021-03-08,A,17,5,W,12
2021,1,507869,507867,Saint Joseph's,Sacred Heart,2021-03-13,A,13,9,W,4
2021,1,507869,507884,Saint Joseph's,Merrimack,2021-03-20,H,9,7,W,2
2021,1,507869,507854,Saint Joseph's,Mount St. Mary's,2021-03-27,H,14,13,W,1
2021,1,507869,507836,Saint Joseph's,Hobart,2021-04-10,A,13,12,W,1
2021,1,507869,507818,Saint Joseph's,Bryant,2021-04-17,A,13,5,W,8
2021,1,507869,507810,Saint Joseph's,LIU,2021-04-24,H,14,13,W,1
2021,1,507869,507881,Saint Joseph's,Wagner,2021-04-30,H,14,7,W,7
2021,1,507869,507810,Saint Joseph's,#4 LIU 2021 NEC MLA Championship,2021-05-05,H,19,11,W,8
2021,1,507869,507818,Saint Joseph's,#3 Bryant 2021 NEC MLA Championship,2021-05-08,H,10,16,L,-6
2021,1,507870,507820,Siena,Canisius,2021-03-06,H,7,8,L,-1
2021,1,507870,507853,Siena,Monmouth,2021-03-13,H,6,7,L,-1
2021,1,507870,507820,Siena,Canisius,2021-03-20,H,10,12,L,-2
2021,1,507870,507827,Siena,Detroit Mercy,2021-03-27,A,9,11,L,-2
2021,1,507870,507863,Siena,Quinnipiac,2021-04-07,A,5,7,L,-2
2021,1,507870,507845,Siena,Manhattan,2021-04-17,A,12,13,L,-1
2021,1,507870,507811,Siena,St. Bonaventure,2021-04-24,A,6,11,L,-5
2021,1,507870,507853,Siena,#2 Monmouth 2021 MAAC MLA championship,2021-04-30,A,11,12,L,-1
2021,1,507811,507863,St. Bonaventure,Quinnipiac,2021-03-06,A,13,6,W,7
2021,1,507811,507827,St. Bonaventure,Detroit Mercy,2021-03-13,A,7,11,L,-4
2021,1,507811,507853,St. Bonaventure,Monmouth,2021-03-20,A,12,13,L,-1
2021,1,507811,507863,St. Bonaventure,Quinnipiac,2021-03-27,H,4,5,L,-1
2021,1,507811,507845,St. Bonaventure,Manhattan,2021-04-02,H,9,8,W,1
2021,1,507811,507820,St. Bonaventure,Canisius,2021-04-06,A,9,11,L,-2
2021,1,507811,507820,St. Bonaventure,Canisius,2021-04-11,H,12,11,W,1
2021,1,507811,507870,St. Bonaventure,Siena,2021-04-24,H,11,6,W,5
2021,1,507811,507827,St. Bonaventure,#3 Detroit Mercy 2021 MAAC MLA championship,2021-04-30,H,11,8,W,3
2021,1,507811,507853,St. Bonaventure,#2 Monmouth 2021 MAAC MLA championship,2021-05-05,A,5,12,L,-7
2021,1,507868,507837,St. John's (NY),Hofstra,2021-02-13,A,19,18,W,1
2021,1,507868,507862,St. John's (NY),Providence,2021-02-21,H,8,16,L,-8
2021,1,507868,507832,St. John's (NY),Georgetown,2021-02-27,A,1,19,L,-18
2021,1,507868,507826,St. John's (NY),Denver,2021-03-06,H,6,20,L,-14
2021,1,507868,507878,St. John's (NY),Villanova,2021-03-14,A,8,20,L,-12
2021,1,507868,507832,St. John's (NY),Georgetown,2021-04-03,H,7,20,L,-13
2021,1,507868,507862,St. John's (NY),Providence,2021-04-10,A,9,19,L,-10
2021,1,507868,507847,St. John's (NY),Marquette,2021-04-14,A,8,9,L,-1
2021,1,507868,507878,St. John's (NY),Villanova,2021-04-17,H,8,23,L,-15
2021,1,507868,507826,St. John's (NY),Denver,2021-04-24,A,11,19,L,-8
2021,1,507868,507847,St. John's (NY),Marquette,2021-04-30,H,14,15,L,-1
2021,1,507871,507867,Stony Brook,Sacred Heart,2021-02-13,H,20,8,W,12
2021,1,507871,507818,Stony Brook,Bryant,2021-02-20,H,14,8,W,6
2021,1,507871,507837,Stony Brook,Hofstra,2021-02-27,A,17,20,L,-3
2021,1,507871,507848,Stony Brook,UMBC,2021-03-06,A,12,13,L,-1
2021,1,507871,507872,Stony Brook,Syracuse,2021-03-12,A,9,17,L,-8
2021,1,507871,507856,Stony Brook,NJIT,2021-03-14,H,13,4,W,9
2021,1,507871,507843,Stony Brook,UMass Lowell,2021-03-20,A,16,9,W,7
2021,1,507871,507813,Stony Brook,UAlbany,2021-03-27,H,16,10,W,6
2021,1,507871,507834,Stony Brook,Hartford,2021-04-03,A,17,6,W,11
2021,1,507871,507856,Stony Brook,NJIT,2021-04-10,A,12,8,W,4
2021,1,507871,507815,Stony Brook,Binghamton,2021-04-16,H,22,8,W,14
2021,1,507871,507848,Stony Brook,UMBC,2021-04-24,H,13,14,L,-1
2021,1,507871,507877,Stony Brook,Vermont,2021-05-01,A,13,14,L,-1
2021,1,507871,507877,Stony Brook,"#2 Vermont @Baltimore, MD (2021 America East MLA Tournament)",2021-05-06,H,7,10,L,-3
2021,1,507872,507875,Syracuse,Army West Point,2021-02-21,H,11,18,L,-7
2021,1,507872,507880,Syracuse,Virginia,2021-02-27,H,20,10,W,10
2021,1,507872,507877,Syracuse,Vermont,2021-03-06,H,17,13,W,4
2021,1,507872,507871,Syracuse,Stony Brook,2021-03-12,H,17,9,W,8
2021,1,507872,507838,Syracuse,Holy Cross,2021-03-20,H,15,6,W,9
2021,1,507872,507829,Syracuse,Duke,2021-03-25,A,14,15,L,-1
2021,1,507872,507857,Syracuse,Notre Dame,2021-04-03,H,11,18,L,-7
2021,1,507872,507813,Syracuse,UAlbany,2021-04-08,H,13,8,W,5
2021,1,507872,507855,Syracuse,North Carolina,2021-04-17,H,9,21,L,-12
2021,1,507872,507880,Syracuse,Virginia,2021-04-24,A,13,11,W,2
2021,1,507872,507857,Syracuse,Notre Dame,2021-05-01,A,8,22,L,-14
2021,1,507872,507865,Syracuse,Robert Morris,2021-05-07,H,21,14,W,7
2021,1,507872,507832,Syracuse,"#5 Georgetown @College Park, MD (2021 NCAA MLA Championship)",2021-05-15,H,8,18,L,-10
2021,1,507873,507880,Towson,Virginia,2021-02-06,A,11,20,L,-9
2021,1,507873,507869,Towson,Saint Joseph's,2021-02-13,H,8,7,W,1
2021,1,507873,507829,Towson,Duke,2021-02-20,H,7,19,L,-12
2021,1,507873,507854,Towson,Mount St. Mary's,2021-02-24,A,11,5,W,6
2021,1,507873,507864,Towson,Richmond,2021-02-27,A,10,11,L,-1
2021,1,507873,507828,Towson,Drexel,2021-03-06,A,10,12,L,-2
2021,1,507873,507825,Towson,Delaware,2021-03-20,A,12,13,L,-1
2021,1,507873,507844,Towson,Loyola Maryland,2021-03-27,H,7,6,W,1
2021,1,507873,507837,Towson,Hofstra,2021-04-03,A,7,8,L,-1
2021,1,507873,507830,Towson,Fairfield,2021-04-10,H,12,11,W,1
2021,1,507873,507837,Towson,Hofstra,2021-04-13,H,10,8,W,2
2021,1,507873,507850,Towson,Massachusetts,2021-04-17,A,9,6,W,3
2021,1,507873,507825,Towson,Delaware,2021-04-24,H,8,16,L,-8
2021,1,507873,507828,Towson,Drexel,2021-05-01,H,11,12,L,-1
2021,1,507813,507822,UAlbany,Colgate,2021-02-27,H,15,9,W,6
2021,1,507813,507834,UAlbany,Hartford,2021-03-06,A,16,6,W,10
2021,1,507813,507877,UAlbany,Vermont,2021-03-13,H,12,14,L,-2
2021,1,507813,507815,UAlbany,Binghamton,2021-03-20,A,19,7,W,12
2021,1,507813,507850,UAlbany,Massachusetts,2021-03-23,H,13,12,W,1
2021,1,507813,507871,UAlbany,Stony Brook,2021-03-27,A,10,16,L,-6
2021,1,507813,507843,UAlbany,UMass Lowell,2021-04-03,H,17,6,W,11
2021,1,507813,507872,UAlbany,Syracuse,2021-04-08,A,8,13,L,-5
2021,1,507813,507848,UAlbany,UMBC,2021-04-11,H,14,9,W,5
2021,1,507813,507856,UAlbany,NJIT,2021-04-24,H,18,8,W,10
2021,1,507813,507877,UAlbany,Vermont,2021-04-28,A,14,16,L,-2
2021,1,507813,507848,UAlbany,"#1 UMBC @Baltimore, Md. (2021 America East MLA Tournament)",2021-05-06,H,14,12,W,2
2021,1,507813,507877,UAlbany,"#2 Vermont @Baltimore, MD (2021 America East MLA Tournament)",2021-05-08,H,10,15,L,-5
2021,1,507848,507854,UMBC,Mount St. Mary's,2021-02-27,H,8,7,W,1
2021,1,507848,507871,UMBC,Stony Brook,2021-03-06,H,13,12,W,1
2021,1,507848,507834,UMBC,Hartford,2021-03-20,A,13,10,W,3
2021,1,507848,507815,UMBC,Binghamton,2021-03-24,A,7,8,L,-1
2021,1,507848,507815,UMBC,Binghamton,2021-03-27,H,7,6,W,1
2021,1,507848,507877,UMBC,Vermont,2021-04-03,H,10,8,W,2
2021,1,507848,507813,UMBC,UAlbany,2021-04-11,A,9,14,L,-5
2021,1,507848,507843,UMBC,UMass Lowell,2021-04-17,H,12,7,W,5
2021,1,507848,507871,UMBC,Stony Brook,2021-04-24,A,14,13,W,1
2021,1,507848,507856,UMBC,NJIT,2021-05-01,A,14,6,W,8
2021,1,507848,507813,UMBC,"#4 UAlbany @Baltimore, Md. (2021 America East MLA Tournament)",2021-05-06,H,12,14,L,-2
2021,1,507843,507884,UMass Lowell,Merrimack,2021-02-27,H,8,16,L,-8
2021,1,507843,507877,UMass Lowell,Vermont,2021-03-03,A,7,21,L,-14
2021,1,507843,507834,UMass Lowell,Hartford,2021-03-13,H,12,10,W,2
2021,1,507843,507871,UMass Lowell,Stony Brook,2021-03-20,H,9,16,L,-7
2021,1,507843,507856,UMass Lowell,NJIT,2021-03-27,H,10,14,L,-4
2021,1,507843,507813,UMass Lowell,UAlbany,2021-04-03,A,6,17,L,-11
2021,1,507843,507877,UMass Lowell,Vermont,2021-04-10,H,5,16,L,-11
2021,1,507843,507848,UMass Lowell,UMBC,2021-04-17,A,7,12,L,-5
2021,1,507843,507815,UMass Lowell,Binghamton,2021-05-02,H,9,11,L,-2
2021,1,507812,507826,Utah,Denver,2021-01-30,A,8,9,L,-1
2021,1,507812,507814,Utah,Bellarmine,2021-02-06,A,12,7,W,5
2021,1,507812,507874,Utah,Air Force,2021-02-20,A,9,10,L,-1
2021,1,507812,507844,Utah,Loyola Maryland,2021-02-27,A,8,20,L,-12
2021,1,507812,507839,Utah,Jacksonville,2021-03-06,H,3,8,L,-5
2021,1,507812,507921,Utah,Westminster (UT),2021-03-13,H,18,5,W,13
2021,1,507812,507851,Utah,Mercer,2021-03-27,A,10,15,L,-5
2021,1,507812,507816,Utah,Boston U.,2021-04-03,A,11,10,W,1
2021,1,507812,507880,Utah,Virginia,2021-04-17,A,11,18,L,-7
2021,1,507812,507821,Utah,Cleveland St.,2021-04-24,A,11,9,W,2
2021,1,507812,507865,Utah,Robert Morris,2021-05-01,H,12,16,L,-4
2021,1,507879,507841,VMI,Lafayette,2021-03-06,A,13,12,W,1
2021,1,507879,507814,VMI,Bellarmine,2021-03-09,A,8,12,L,-4
2021,1,507879,507864,VMI,Richmond,2021-03-13,H,6,23,L,-17
2021,1,507879,507883,VMI,High Point,2021-03-19,H,12,20,L,-8
2021,1,507879,507839,VMI,Jacksonville,2021-03-27,A,12,18,L,-6
2021,1,507879,507821,VMI,Cleveland St.,2021-04-03,A,4,16,L,-12
2021,1,507879,507854,VMI,Mount St. Mary's,2021-04-07,H,9,16,L,-7
2021,1,507879,507814,VMI,Bellarmine,2021-04-10,H,9,11,L,-2
2021,1,507879,507874,VMI,Air Force,2021-04-17,A,4,18,L,-14
2021,1,507879,507851,VMI,Mercer,2021-04-24,A,9,17,L,-8
2021,1,507879,507821,VMI,Cleveland St.,2021-05-01,H,11,14,L,-3
2021,1,507877,507818,Vermont,Bryant,2021-02-27,A,12,15,L,-3
2021,1,507877,507843,Vermont,UMass Lowell,2021-03-03,H,21,7,W,14
2021,1,507877,507872,Vermont,Syracuse,2021-03-06,A,13,17,L,-4
2021,1,507877,507813,Vermont,UAlbany,2021-03-13,A,14,12,W,2
2021,1,507877,507856,Vermont,NJIT,2021-03-20,A,17,2,W,15
2021,1,507877,507834,Vermont,Hartford,2021-03-27,H,14,9,W,5
2021,1,507877,507848,Vermont,UMBC,2021-04-03,A,8,10,L,-2
2021,1,507877,507843,Vermont,UMass Lowell,2021-04-10,A,16,5,W,11
2021,1,507877,507815,Vermont,Binghamton,2021-04-24,A,7,10,L,-3
2021,1,507877,507813,Vermont,UAlbany,2021-04-28,H,16,14,W,2
2021,1,507877,507871,Vermont,Stony Brook,2021-05-01,H,14,13,W,1
2021,1,507877,507871,Vermont,"#3 Stony Brook @Baltimore, MD (2021 America East MLA Tournament)",2021-05-06,H,10,7,W,3
2021,1,507877,507813,Vermont,"#4 UAlbany @Baltimore, MD (2021 America East MLA Tournament)",2021-05-08,H,15,10,W,5
2021,1,507877,507849,Vermont,#3 Maryland 2021 NCAA MLA Championship,2021-05-16,A,11,17,L,-6
2021,1,507878,507832,Villanova,Georgetown,2021-02-21,H,1,16,L,-15
2021,1,507878,507847,Villanova,Marquette,2021-02-27,A,16,14,W,2
2021,1,507878,507862,Villanova,Providence,2021-03-07,A,11,8,W,3
2021,1,507878,507868,Villanova,St. John's (NY),2021-03-14,H,20,8,W,12
2021,1,507878,507832,Villanova,Georgetown,2021-03-27,A,7,8,L,-1
2021,1,507878,507862,Villanova,Providence,2021-04-03,H,13,6,W,7
2021,1,507878,507826,Villanova,Denver,2021-04-10,A,10,17,L,-7
2021,1,507878,507868,Villanova,St. John's (NY),2021-04-17,A,23,8,W,15
2021,1,507878,507847,Villanova,Marquette,2021-04-24,H,19,8,W,11
2021,1,507878,507826,Villanova,Denver,2021-04-28,H,10,11,L,-1
2021,1,507878,507842,Villanova,Lehigh,2021-05-01,H,16,8,W,8
2021,1,507878,507832,Villanova,"#2 Georgetown @Providence, RI (2021 Big East MLA Championship)",2021-05-06,H,12,14,L,-2
2021,1,507880,507873,Virginia,Towson,2021-02-06,H,20,11,W,9
2021,1,507880,507875,Virginia,Army West Point,2021-02-14,H,14,9,W,5
2021,1,507880,507844,Virginia,Loyola Maryland,2021-02-20,A,15,12,W,3
2021,1,507880,507872,Virginia,Syracuse,2021-02-27,A,10,20,L,-10
2021,1,507880,507883,Virginia,High Point,2021-03-03,H,12,11,W,1
2021,1,507880,507874,Virginia,Air Force,2021-03-06,H,20,4,W,16
2021,1,507880,507855,Virginia,North Carolina,2021-03-11,H,13,16,L,-3
2021,1,507880,507865,Virginia,Robert Morris,2021-03-20,H,14,12,W,2
2021,1,507880,507857,Virginia,Notre Dame,2021-03-27,A,12,11,W,1
2021,1,507880,507864,Virginia,Richmond,2021-04-03,H,18,10,W,8
2021,1,507880,507855,Virginia,North Carolina,2021-04-10,A,18,16,W,2
2021,1,507880,507829,Virginia,Duke,2021-04-15,H,12,13,L,-1
2021,1,507880,507812,Virginia,Utah,2021-04-17,H,18,11,W,7
2021,1,507880,507872,Virginia,Syracuse,2021-04-24,H,11,13,L,-2
2021,1,507880,507818,Virginia,Bryant 2021 NCAA MLA Championship,2021-05-16,H,13,11,W,2
2021,1,507880,507832,Virginia,"#5 Georgetown @Hempstead, NY (2021 NCAA MLA Championship)",2021-05-22,H,14,3,W,11
2021,1,507880,507855,Virginia,"#1 North Carolina @East Hartford, Conn. (2021 NCAA MLA Championship)",2021-05-29,H,12,11,W,1
2021,1,507880,507849,Virginia,"#3 Maryland @East Hartford, CT (2021 NCAA MLA Championship)",2021-05-31,H,17,16,W,1
2021,1,507881,507810,Wagner,LIU,2021-02-27,A,8,19,L,-11
2021,1,507881,507837,Wagner,Hofstra,2021-03-02,A,6,18,L,-12
2021,1,507881,507869,Wagner,Saint Joseph's,2021-03-08,H,5,17,L,-12
2021,1,507881,507884,Wagner,Merrimack,2021-03-13,A,5,11,L,-6
2021,1,507881,507818,Wagner,Bryant,2021-03-21,H,5,18,L,-13
2021,1,507881,507810,Wagner,LIU,2021-03-27,H,13,18,L,-5
2021,1,507881,507867,Wagner,Sacred Heart,2021-04-21,A,11,9,W,2
2021,1,507881,507836,Wagner,Hobart,2021-04-27,H,8,9,L,-1
2021,1,507881,507869,Wagner,Saint Joseph's,2021-04-30,A,7,14,L,-7
2021,1,507881,507854,Wagner,Mount St. Mary's,2021-05-07,A,6,20,L,-14
