academic_year,division,team_name,org_id,conference,record,assists_per_game,caused_turnovers_per_game,clearing_percentage,face_off_winning_percentage,ground_balls_per_game,man_down_defense,man_up_offense,opponent_clear_percentage,points_per_game,saves_per_game,scoring_defense,scoring_margin,scoring_offense,shot_percentage,turnovers_per_game,winning_percentage
2014,1,Canisius,116,,7-8,5.07,4.87,0.879,0.551,26.07,0.483,0.298,,13.67,10.53,9.47,-0.87,8.6,0.257,13.53,0.467
2014,1,UAlbany,14,,12-6,9.39,7.72,0.892,0.41,29.33,0.609,0.471,,25.33,13.56,11.33,4.61,15.94,0.378,13.39,0.667
2014,1,Colgate,153,,9-7,3.94,6.94,0.858,0.598,29.69,0.653,0.266,,12.38,9.88,8.88,-0.44,8.44,0.258,15.31,0.563
2014,1,Cornell,167,,11-5,7.13,7.94,0.875,0.517,34.94,0.653,0.443,,19.88,10.75,9.56,3.19,12.75,0.32,14.38,0.688
2014,1,Dartmouth,172,,2-10,4.0,9.58,0.8,0.405,31.58,0.432,0.238,,12.25,11.08,13.33,-5.08,8.25,0.22,17.25,0.167
2014,1,Delaware,180,,7-9,5.19,6.88,0.854,0.596,29.69,0.661,0.289,,14.31,10.56,9.0,0.13,9.13,0.273,14.81,0.438
2014,1,Denver,183,,16-3,7.37,5.95,0.885,0.485,29.32,0.629,0.405,,20.58,10.68,8.47,4.74,13.21,0.371,11.16,0.842
2014,1,Detroit Mercy,184,,6-8,6.5,7.79,0.794,0.407,27.21,0.673,0.708,,15.64,16.07,9.64,-0.5,9.14,0.274,17.71,0.429
2014,1,Drexel,191,,13-5,6.44,6.28,0.891,0.606,31.78,0.578,0.38,,18.06,11.28,10.33,1.28,11.61,0.286,14.72,0.722
2014,1,Duke,193,,17-3,9.0,6.35,0.894,0.577,35.05,0.663,0.373,,23.85,9.6,9.65,5.2,14.85,0.358,13.8,0.85
2014,1,High Point,19651,,9-7,5.69,8.06,0.843,0.581,31.25,0.774,0.241,,15.31,14.0,9.44,0.19,9.63,0.278,16.31,0.563
2014,1,Fairfield,220,,12-4,5.69,6.88,0.881,0.476,28.69,0.707,0.356,,17.0,9.94,8.44,2.88,11.31,0.369,12.44,0.75
2014,1,Furman,244,,1-12,3.77,4.23,0.822,0.533,24.31,0.692,0.226,,11.08,11.54,13.85,-6.54,7.31,0.22,17.85,0.077
2014,1,Georgetown,251,,4-10,5.07,5.86,0.829,0.653,33.07,0.633,0.368,,13.71,10.57,10.79,-2.14,8.64,0.245,15.93,0.286
2014,1,Hartford,272,,6-9,5.13,7.93,0.877,0.541,33.8,0.629,0.286,,15.13,10.27,10.4,-0.4,10.0,0.246,14.87,0.4
2014,1,Harvard,275,,10-7,6.82,7.53,0.885,0.49,29.65,0.602,0.389,,17.53,10.24,9.76,0.94,10.71,0.292,15.24,0.588
2014,1,Hobart,282,,5-10,4.0,6.4,0.823,0.405,24.87,0.633,0.333,,12.67,11.27,10.4,-1.73,8.67,0.273,13.6,0.333
2014,1,Hofstra,283,,11-5,4.81,6.0,0.868,0.551,28.69,0.571,0.377,,14.38,8.44,8.44,1.13,9.56,0.279,12.06,0.688
2014,1,Holy Cross,285,,3-12,5.07,5.4,0.832,0.514,27.2,0.585,0.308,,14.13,10.73,13.47,-4.4,9.07,0.252,15.13,0.2
2014,1,Jacksonville,316,,4-9,5.15,6.15,0.89,0.374,26.46,0.544,0.333,,14.69,12.62,11.77,-2.23,9.54,0.309,16.46,0.308
2014,1,Johns Hopkins,322,,11-5,7.44,6.13,0.826,0.57,30.63,0.659,0.545,,19.5,10.88,8.94,3.13,12.06,0.303,13.56,0.688
2014,1,Lafayette,342,,2-11,2.85,6.23,0.774,0.394,25.69,0.727,0.204,,9.0,10.38,11.38,-5.23,6.15,0.198,14.92,0.154
2014,1,Lehigh,352,,13-5,6.33,9.39,0.877,0.538,31.28,0.714,0.365,,16.89,9.83,7.22,3.33,10.56,0.285,15.44,0.722
2014,1,Loyola Maryland,369,,15-2,7.53,8.06,0.918,0.525,36.0,0.686,0.442,,20.41,11.06,7.47,5.41,12.88,0.313,11.94,0.882
2014,1,Manhattan,381,,5-10,3.33,7.13,0.73,0.379,27.87,0.59,0.306,,10.47,13.07,11.0,-3.87,7.13,0.253,15.93,0.333
2014,1,Marist,386,,6-9,4.87,6.13,0.922,0.54,30.27,0.608,0.268,,15.87,10.8,11.67,-0.67,11.0,0.289,12.47,0.4
2014,1,Marquette,387,,6-10,4.56,6.19,0.883,0.441,26.44,0.467,0.411,,13.81,8.19,11.56,-2.31,9.25,0.287,12.56,0.375
2014,1,UMBC,391,,8-7,6.73,5.8,0.861,0.582,33.07,0.593,0.41,,18.93,11.53,11.93,0.27,12.2,0.317,13.4,0.533
2014,1,Maryland,392,,13-4,5.29,7.47,0.904,0.646,35.06,0.587,0.444,,16.65,9.65,7.24,4.12,11.35,0.283,13.71,0.765
2014,1,Massachusetts,400,,7-6,5.38,6.85,0.886,0.551,26.62,0.717,0.347,,14.54,10.54,9.69,-0.54,9.15,0.266,12.46,0.538
2014,1,Mercer,406,,7-7,5.43,6.36,0.872,0.559,28.64,0.655,0.371,,14.93,12.0,10.86,-1.36,9.5,0.281,15.43,0.5
2014,1,Michigan,418,,5-11,4.56,7.44,0.887,0.491,29.44,0.717,0.37,,14.38,10.31,12.56,-2.75,9.81,0.248,14.56,0.313
2014,1,Monmouth,439,,0-13,2.77,8.46,0.837,0.296,26.15,0.656,0.267,,8.92,12.62,11.23,-5.08,6.15,0.182,15.38,0.0
2014,1,Mount St. Mary's,450,,1-15,2.69,6.63,0.776,0.47,26.38,0.477,0.311,,8.38,12.69,12.0,-6.31,5.69,0.205,18.19,0.063
2014,1,North Carolina,457,,10-5,6.2,6.87,0.87,0.484,32.6,0.731,0.444,,19.2,10.53,8.4,4.6,13.0,0.329,12.2,0.667
2014,1,Notre Dame,513,,12-6,6.06,6.83,0.868,0.552,30.72,0.576,0.522,,17.89,9.44,9.56,2.28,11.83,0.319,14.33,0.667
2014,1,Ohio St.,518,,6-8,6.07,6.64,0.918,0.455,28.0,0.611,0.255,,15.29,8.93,8.57,0.64,9.21,0.287,14.14,0.429
2014,1,Bellarmine,52,,7-5,5.75,8.92,0.921,0.402,24.42,0.652,0.267,,15.17,9.92,8.58,0.83,9.42,0.246,14.67,0.583
2014,1,Penn St.,539,,7-6,5.0,7.62,0.884,0.6,30.15,0.667,0.35,,15.31,10.62,8.92,1.38,10.31,0.289,14.0,0.538
2014,1,Penn,540,,11-4,5.87,6.87,0.873,0.484,30.67,0.74,0.349,,16.47,11.0,9.27,1.33,10.6,0.291,17.73,0.733
2014,1,Princeton,554,,7-6,7.46,6.31,0.886,0.46,28.62,0.791,0.512,,19.46,11.0,10.92,1.08,12.0,0.301,12.08,0.538
2014,1,Providence,556,,4-11,4.0,7.93,0.844,0.391,27.93,0.648,0.396,,12.53,10.93,10.73,-2.2,8.53,0.246,15.67,0.267
2014,1,Quinnipiac,562,,6-8,6.93,6.57,0.864,0.501,30.71,0.542,0.365,,17.5,13.86,11.07,-0.5,10.57,0.295,16.21,0.429
2014,1,Richmond,575,,6-11,5.0,8.76,0.878,0.362,29.29,0.639,0.288,,14.0,10.35,10.47,-1.47,9.0,0.272,17.18,0.353
2014,1,Robert Morris,579,,5-9,4.71,10.14,0.835,0.387,29.07,0.7,0.364,,13.86,10.79,11.57,-2.43,9.14,0.251,14.86,0.357
2014,1,Rutgers,587,,8-8,7.44,6.06,0.878,0.577,32.56,0.638,0.261,,19.56,11.5,11.19,0.94,12.13,0.314,15.0,0.5
2014,1,Sacred Heart,590,,6-9,6.27,7.27,0.893,0.412,26.4,0.667,0.294,,16.4,12.27,11.67,-1.53,10.13,0.277,15.27,0.4
2014,1,Saint Joseph's,606,,11-4,5.0,8.87,0.869,0.499,28.47,0.793,0.241,,16.13,10.07,8.2,2.93,11.13,0.295,14.2,0.733
2014,1,Binghamton,62,,7-8,6.07,6.87,0.904,0.463,26.0,0.551,0.417,,15.6,10.07,10.6,-1.07,9.53,0.285,12.07,0.467
2014,1,Siena,639,,11-6,6.0,5.65,0.884,0.58,31.47,0.447,0.411,,16.18,11.12,9.82,0.35,10.18,0.253,14.71,0.647
2014,1,Boston U.,68,,2-12,4.57,7.5,0.769,0.548,26.21,0.615,0.407,,11.79,12.36,11.0,-3.79,7.21,0.219,18.93,0.143
2014,1,Stony Brook,683,,6-10,7.31,3.63,0.839,0.61,33.06,0.689,0.491,,18.94,10.44,12.19,-0.56,11.63,0.373,14.63,0.375
2014,1,Syracuse,688,,11-5,8.0,6.81,0.863,0.467,29.44,0.613,0.431,,21.0,11.44,11.69,1.31,13.0,0.353,12.13,0.688
2014,1,Towson,711,,8-7,4.53,5.8,0.883,0.402,24.47,0.736,0.308,,13.0,9.6,9.73,-1.27,8.47,0.257,12.0,0.533
2014,1,Air Force,721,,11-6,6.41,6.24,0.848,0.494,29.12,0.65,0.4,,18.12,9.06,9.41,2.29,11.71,0.285,11.94,0.647
2014,1,Army West Point,725,,9-5,5.57,7.0,0.839,0.535,27.14,0.651,0.317,,15.71,8.5,7.21,2.93,10.14,0.272,12.93,0.643
2014,1,Navy,726,,4-10,4.5,7.71,0.839,0.559,29.29,0.667,0.179,,13.43,10.64,9.36,-0.43,8.93,0.243,14.5,0.286
2014,1,Vermont,738,,5-8,5.85,10.15,0.825,0.427,32.46,0.746,0.35,,15.92,11.38,11.0,-0.92,10.08,0.254,18.08,0.385
2014,1,Villanova,739,,6-10,5.25,9.75,0.815,0.493,30.5,0.719,0.343,,14.69,10.13,10.25,-0.81,9.44,0.263,15.69,0.375
2014,1,VMI,741,,2-12,2.64,9.07,0.801,0.442,29.5,0.609,0.256,,8.86,11.5,12.43,-6.21,6.21,0.215,18.29,0.143
2014,1,Virginia,746,,10-6,7.69,9.56,0.851,0.472,37.75,0.551,0.526,,20.31,9.88,11.13,1.5,12.63,0.308,12.06,0.625
2014,1,Wagner,748,,2-11,3.38,10.23,0.804,0.414,27.92,0.627,0.141,,10.31,12.31,12.38,-5.46,6.92,0.233,18.23,0.154
2014,1,Brown,80,,8-6,5.93,6.64,0.86,0.509,30.5,0.593,0.302,,16.07,13.0,10.64,-0.5,10.14,0.287,16.64,0.571
2014,1,Bryant,81,,16-5,6.05,5.24,0.86,0.678,34.1,0.77,0.422,,16.33,11.43,7.9,2.38,10.29,0.289,16.38,0.762
2014,1,Yale,813,,9-5,6.57,7.29,0.87,0.579,29.5,0.698,0.368,,17.07,9.0,8.57,1.93,10.5,0.284,15.21,0.643
2014,1,Bucknell,83,,7-8,4.6,9.47,0.882,0.342,27.07,0.642,0.405,,13.4,10.87,8.67,0.13,8.8,0.229,12.47,0.467
2014,2,Catawba,1001,,7-8,,,,,30.13,,,,,13.0,,,,,16.67,
2014,2,Coker,1023,,6-8,7.43,,,,,,,,19.07,14.0,,,11.64,0.339,15.36,
2014,2,Colorado Mesa,11416,,9-3,6.58,11.25,,,31.25,0.792,0.409,,18.25,11.92,7.83,3.83,11.67,0.287,16.92,0.75
2014,2,Lenoir-Rhyne,1170,,10-4,9.14,,0.898,,30.86,,0.383,,24.29,,8.07,7.07,15.14,0.384,13.0,0.714
2014,2,Limestone,1174,,19-1,7.8,9.0,0.904,0.649,40.85,0.765,0.429,,22.6,,6.45,8.35,14.8,0.37,15.95,0.95
2014,2,Mars Hill,1199,,7-8,7.07,,0.898,,31.07,,,,19.0,12.73,,,11.93,0.367,14.8,
2014,2,Mount Olive,1245,,13-3,9.19,8.0,0.892,,30.13,0.829,0.529,,23.19,12.75,7.63,6.38,14.0,0.363,15.56,0.813
2014,2,Wheeling,12799,,10-3,5.62,8.15,0.916,0.537,,0.833,,,18.31,,7.92,4.77,12.69,0.334,14.92,0.769
2014,2,Tusculum,12830,,5-8,,,,,31.0,0.744,,,,13.0,,,,,,
2014,2,Post,1318,,4-11,,,,,,,,,,12.6,,,,0.272,,
2014,2,Rockhurst,1328,,2-8,,,,,,,,,,13.0,,,,,,
2014,2,Lees-McRae,13302,,0-14,,,,,,,,,,12.57,,,,,,
2014,2,Saint Rose,1347,,2-12,,,,,,,,,,,,,,,,
2014,2,Wingate,1462,,7-6,8.23,,0.892,0.615,36.15,0.791,0.373,,21.08,11.85,,2.92,12.85,0.31,,
2014,2,Ohio Valley,15207,,2-14,,,,,,,,,,13.94,,,,,,
2014,2,Dist. Columbia,186,,3-8,,8.73,,,,,,,,16.09,,,,,,
2014,2,Lynn,20794,,1-10,,,,,33.09,,,,,18.09,,,,,,
2014,2,Chestnut Hill,21323,,7-6,6.69,,,,30.0,,0.431,,18.46,12.38,,,11.77,0.317,,
2014,2,American Int'l,22,,2-14,5.5,,,,,,,,,14.75,,,,0.282,,
2014,2,Florida Tech,230,,3-9,6.25,7.33,,,32.83,,,,17.83,10.92,,,,0.277,16.0,
2014,2,Fla. Southern,233,,11-4,7.93,7.8,0.896,0.595,36.6,0.72,0.406,,22.47,,,5.27,14.53,0.324,15.93,0.733
2014,2,Franklin Pierce,241,,6-7,,8.69,,,31.54,0.726,,,,13.46,8.92,,,,15.54,
2014,2,Belmont Abbey,2683,,6-10,,9.19,,,,,,,15.69,,,,,0.281,15.56,
2014,2,Dowling,2692,,12-5,6.71,9.18,,0.581,33.53,,0.397,,20.0,,8.29,5.0,13.29,0.333,14.71,0.706
2014,2,Lake Erie,2746,,10-4,7.14,7.43,0.902,0.564,30.14,0.71,0.511,,19.71,,7.57,5.0,12.57,0.28,13.86,0.714
2014,2,Adelphi,3,,17-2,6.26,7.58,,0.657,38.21,,,,19.58,,8.47,4.84,13.32,0.275,16.11,0.895
2014,2,Notre Dame de Namur,30056,,1-8,,,,,,,,,,14.33,,,,,14.67,
2014,2,Seton Hill,30063,,10-6,7.06,7.69,0.903,,,,0.433,,19.31,,,2.56,12.25,0.345,16.81,0.625
2014,2,Brevard,30094,,3-10,,,,,,0.812,,,,16.23,,,,0.281,14.46,
2014,2,Lindenwood,30136,,5-7,,11.17,,0.562,40.58,0.72,0.4,,16.83,,,,,0.287,,
2014,2,Walsh,30141,,4-7,,8.82,,,30.0,,,,,,,,,,16.09,
2014,2,Roberts Wesleyan,30150,,6-9,,,,,,,,,,,,,,,,
2014,2,Shorter,30151,,7-7,,,,,,,,,,,,,,,,
2014,2,Young Harris,30154,,6-9,,,,0.534,,,,,,11.2,,,,,,
2014,2,Le Moyne,349,,13-3,8.56,8.13,,0.56,31.25,,0.447,,22.06,,6.81,6.69,13.5,0.333,15.44,0.813
2014,2,Assumption,36,,5-9,5.64,,,0.566,31.07,,,,,,,,,,,
2014,2,LIU Post,362,,11-6,5.76,8.06,,,,,0.417,,16.47,,7.24,3.47,,,13.76,0.647
2014,2,Mercy,407,,10-6,5.56,9.38,,0.616,36.25,,,,16.5,,8.25,2.69,,0.281,,0.625
2014,2,Mercyhurst,408,,12-4,8.06,7.94,0.897,0.609,,0.75,0.431,,19.25,,6.19,5.0,,0.3,12.31,0.75
2014,2,Merrimack,410,,12-5,,,,,34.12,0.754,0.358,,16.18,,8.12,2.82,,,15.35,0.706
2014,2,Molloy,437,,8-6,5.93,8.21,,,,0.767,,,17.79,,8.79,3.07,11.86,0.289,14.86,
2014,2,Southern N.H.,468,,7-8,,,,,,,,,,15.13,,,,,,
2014,2,New York Tech,477,,12-4,7.63,10.5,,0.551,31.31,0.84,0.444,,19.25,11.06,7.13,4.5,11.63,0.311,,0.75
2014,2,Pace,533,,5-7,6.33,,,0.595,31.92,,,,16.75,12.5,,,,0.287,,
2014,2,Pfeiffer,542,,9-5,6.71,9.57,,,32.93,,,,18.57,11.14,,,11.86,0.303,15.93,0.643
2014,2,Bentley,56,,8-7,,7.4,,,,0.765,0.364,,,11.4,8.2,,,,,
2014,2,Rollins,584,,6-9,5.93,9.73,,0.604,33.0,,,,16.07,,,,,,,
2014,2,Saint Anselm,593,,6-9,5.47,8.6,,0.549,35.73,,,,,,,,,,,
2014,2,Saint Leo,608,,8-7,,,,0.662,30.67,0.737,0.362,,,,8.2,,,,14.73,
2014,2,Saint Michael's,613,,4-10,,8.5,,,31.29,,,,,12.21,,,,,,
2014,2,Tampa,689,,16-3,7.74,7.63,,0.605,35.95,,,,21.84,,7.79,6.32,14.11,0.331,15.32,0.842
2014,2,Adams St.,929,,4-8,,10.08,,,,0.725,,,,,,,,,16.0,
2014,2,Alderson Broaddus,934,,0-14,,7.29,,,,,,,,16.29,,,,,,
2015,1,Air Force,105982,ECAC,0-1,3.0,9.0,0.824,0.417,28.0,0.25,0.333,,10.0,13.0,13.0,7.0,7.0,0.219,17.0,
2015,1,Army West Point,105983,Patriot,2-0,10.5,14.0,0.903,0.706,37.0,0.571,0.333,,28.5,6.0,5.0,36.0,18.0,0.419,14.0,
2015,1,Bellarmine,105924,SoCon,0-1,5.0,6.0,0.813,0.393,29.0,0.5,,,14.0,12.0,16.0,9.0,9.0,0.281,17.0,
2015,1,Boston U.,105926,Patriot,1-0,9.0,13.0,0.706,0.679,37.0,0.5,0.714,,27.0,12.0,6.0,18.0,18.0,0.346,20.0,
2015,1,Bryant,105928,NEC,0-1,4.0,9.0,0.571,0.722,34.0,,1.0,,9.0,10.0,9.0,5.0,5.0,0.185,21.0,
2015,1,Bucknell,105929,Patriot,0-1,4.0,7.0,0.714,0.48,26.0,0.25,1.0,,15.0,7.0,12.0,11.0,11.0,0.275,10.0,
2015,1,Colgate,105931,Patriot,1-0,3.0,7.0,0.682,0.278,22.0,,1.0,,12.0,11.0,5.0,9.0,9.0,0.273,15.0,
2015,1,Delaware,105934,CAA,1-1,8.0,4.0,0.84,0.434,23.0,0.429,0.5,,19.0,10.0,13.0,22.0,11.0,0.328,11.5,
2015,1,Detroit Mercy,105936,MAAC,1-0,6.0,12.0,0.905,0.19,30.0,0.8,,,15.0,14.0,8.0,9.0,9.0,0.3,14.0,
2015,1,Duke,105938,ACC,2-0,8.0,7.5,0.9,0.596,36.5,0.375,0.429,,22.5,9.0,10.0,29.0,14.5,0.33,15.5,
2015,1,Furman,105940,SoCon,0-1,3.0,4.0,0.762,0.48,27.0,0.5,,,7.0,13.0,19.0,4.0,4.0,0.129,21.0,
2015,1,High Point,105991,SoCon,1-1,8.5,6.5,0.871,0.508,27.0,0.778,0.6,,22.5,15.5,13.0,28.0,14.0,0.412,11.0,
2015,1,Johns Hopkins,105948,Big Ten,1-1,5.5,6.0,0.844,0.595,33.5,1.0,0.364,,16.0,8.0,5.5,21.0,10.5,0.269,13.0,
2015,1,Lehigh,105950,Patriot,0-1,6.0,7.0,0.944,0.478,30.0,0.333,0.5,,15.0,8.0,10.0,9.0,9.0,0.257,10.0,
2015,1,Loyola Maryland,105952,Patriot,0-1,6.0,5.0,0.938,0.679,38.0,1.0,,,18.0,9.0,13.0,12.0,12.0,0.316,14.0,
2015,1,Manhattan,105953,MAAC,0-1,,1.0,0.917,0.375,24.0,0.625,0.143,,3.0,9.0,19.0,3.0,3.0,0.115,12.0,
2015,1,Marquette,105955,Big East,1-0,8.0,5.0,0.733,0.522,27.0,0.5,0.667,,18.0,10.0,9.0,10.0,10.0,0.357,11.0,
2015,1,Massachusetts,105958,CAA,0-1,4.0,8.0,0.824,0.273,18.0,0.8,0.333,,11.0,12.0,12.0,7.0,7.0,0.412,14.0,
2015,1,Mercer,105959,SoCon,0-1,3.0,9.0,0.889,0.321,31.0,0.286,0.5,,9.0,15.0,18.0,6.0,6.0,0.207,20.0,
2015,1,Michigan,105960,Big Ten,1-0,7.0,13.0,0.938,0.607,36.0,1.0,0.5,,23.0,12.0,9.0,16.0,16.0,0.421,13.0,
2015,1,Navy,105984,Patriot,1-0,14.0,8.0,0.909,0.719,44.0,1.0,,,35.0,7.0,7.0,21.0,21.0,0.438,16.0,
2015,1,North Carolina,105963,ACC,1-0,10.0,8.0,0.947,0.52,45.0,1.0,0.5,,29.0,7.0,4.0,19.0,19.0,0.365,11.0,
2015,1,Ohio St.,105966,Big Ten,1-1,6.5,6.0,0.844,0.78,33.0,1.0,0.444,,15.5,10.5,7.5,18.0,9.0,0.254,17.5,
2015,1,Penn St.,105967,Big Ten,1-0,9.0,2.0,1.0,0.519,33.0,1.0,0.5,,24.0,15.0,8.0,15.0,15.0,0.375,6.0,
2015,1,Richmond,105972,SoCon,1-0,3.0,8.0,0.875,0.222,24.0,0.667,,,12.0,15.0,5.0,9.0,9.0,0.273,14.0,
2015,1,Robert Morris,105973,NEC,0-1,3.0,5.0,0.933,0.25,17.0,0.25,,,9.0,9.0,10.0,6.0,6.0,0.231,11.0,
2015,1,Rutgers,105974,Big Ten,1-0,8.0,5.0,0.938,0.545,26.0,0.5,1.0,,18.0,11.0,8.0,10.0,10.0,0.244,11.0,
2015,1,Saint Joseph's,105977,NEC,0-1,2.0,4.0,0.526,0.778,27.0,1.0,0.333,,7.0,11.0,9.0,5.0,5.0,0.122,20.0,
2015,1,Siena,105978,MAAC,0-1,3.0,3.0,0.727,0.167,20.0,0.5,,,10.0,13.0,21.0,7.0,7.0,0.304,14.0,
2015,1,St. John's (NY),105976,Big East,0-1,4.0,10.0,0.895,0.455,29.0,,0.5,,12.0,13.0,10.0,8.0,8.0,0.195,11.0,
2015,1,Stony Brook,105979,America East,1-0,11.0,7.0,0.929,0.625,35.0,0.857,0.375,,30.0,13.0,3.0,19.0,19.0,0.422,10.0,
2015,1,Syracuse,105980,ACC,1-0,14.0,6.0,0.944,0.833,43.0,1.0,0.5,,35.0,8.0,7.0,21.0,21.0,0.42,16.0,
2015,1,Towson,105981,CAA,1-0,4.0,5.0,0.882,0.533,25.0,1.0,,,11.0,12.0,5.0,7.0,7.0,0.206,11.0,
2015,1,UMBC,105956,America East,0-1,2.0,9.0,0.842,0.318,23.0,0.429,,,6.0,16.0,16.0,4.0,4.0,0.174,15.0,
2015,1,VMI,105987,SoCon,0-2,1.5,7.5,0.66,0.295,26.0,0.75,0.4,,6.5,13.0,22.5,10.0,5.0,0.27,24.0,
2015,1,Vermont,105985,America East,0-1,1.0,2.0,0.833,0.481,26.0,0.5,,,9.0,9.0,15.0,8.0,8.0,0.178,7.0,
2015,1,Virginia,105988,ACC,1-0,10.0,5.0,0.81,0.321,27.0,1.0,,,23.0,9.0,12.0,13.0,13.0,0.302,12.0,
2015,2,Catawba,1001,,5-10,5.2,4.27,0.836,0.663,31.6,0.594,0.429,,14.67,10.33,11.33,,9.47,0.263,17.73,0.333
2015,2,Coker,1023,,9-5,5.21,6.5,0.866,0.436,31.29,0.6,0.254,,16.14,11.0,10.57,,10.93,0.33,16.36,0.643
2015,2,Colorado Mesa,11416,,9-3,7.75,7.75,0.869,0.54,29.67,0.741,0.339,,22.0,10.5,9.67,4.58,14.25,0.315,13.75,0.75
2015,2,Lenoir-Rhyne,1170,,9-7,6.69,10.94,0.884,0.502,34.0,0.607,0.265,,19.5,8.19,9.75,3.06,12.81,0.312,15.44,0.563
2015,2,Limestone,1174,,20-1,9.24,9.05,0.896,0.716,41.24,0.737,0.438,,26.29,8.67,7.48,9.57,17.05,0.371,16.62,0.952
2015,2,Lincoln Memorial,1176,,4-10,4.5,9.21,0.812,0.458,32.21,0.787,0.167,,13.14,12.0,9.29,,8.64,0.257,19.07,0.286
2015,2,Mars Hill,1199,,10-6,7.88,6.63,0.852,0.486,31.69,0.823,0.327,,21.94,13.0,9.06,5.0,14.06,0.414,15.81,0.625
2015,2,Mount Olive,1245,,11-5,5.69,6.75,0.854,0.552,32.13,0.709,0.224,,17.25,11.13,9.0,,11.56,0.324,15.94,0.688
2015,2,Wheeling,12799,,8-6,5.57,8.29,0.941,0.588,30.43,0.815,0.286,,18.29,10.64,8.93,3.79,12.71,0.332,15.43,0.571
2015,2,Tusculum,12830,,5-8,5.77,6.31,0.85,0.46,31.08,0.757,0.388,,15.69,11.08,10.69,,9.92,0.276,17.0,0.385
2015,2,Post,1318,,6-8,4.14,8.0,0.806,0.373,29.93,0.629,0.164,,13.93,12.86,10.71,,9.79,0.276,19.0,0.429
2015,2,Rockhurst,1328,,7-5,7.0,6.67,0.895,0.584,30.83,0.803,0.275,,20.25,9.08,9.75,3.5,13.25,0.275,17.17,0.583
2015,2,Lees-McRae,13302,,2-14,4.44,6.06,0.735,0.349,26.44,0.674,0.132,,11.88,12.81,18.19,,7.44,0.272,18.31,0.125
2015,2,Saint Rose,1347,,4-10,4.43,7.0,0.848,0.428,28.07,0.627,0.269,,12.43,14.36,10.29,,8.0,0.251,17.79,0.286
2015,2,Wingate,1462,,6-10,6.5,4.88,0.842,0.559,37.5,0.685,0.317,,17.38,11.69,12.0,,10.88,0.313,16.25,0.375
2015,2,Ohio Valley,15207,,0-15,3.53,6.8,0.745,0.35,22.93,0.583,0.169,,10.33,14.0,15.73,,6.8,0.268,23.4,0.0
2015,2,Dist. Columbia,186,,2-9,3.55,7.45,0.727,0.563,39.55,0.573,0.283,,12.45,13.0,16.91,,8.91,0.251,24.18,0.182
2015,2,Lynn,20794,,7-7,6.29,7.86,0.87,0.538,32.29,0.609,0.412,,17.21,10.0,10.29,,10.93,0.313,14.07,0.5
2015,2,Chestnut Hill,21323,,6-7,4.77,6.46,0.798,0.38,26.0,0.645,0.397,,14.38,11.77,10.23,,9.62,0.275,16.31,0.462
2015,2,American Int'l,22,,2-13,3.33,6.6,0.772,0.38,25.4,0.639,0.278,,9.8,14.6,14.4,,6.47,0.255,22.73,0.133
2015,2,Florida Tech,230,,12-4,6.63,8.63,0.873,0.61,37.25,0.776,0.372,,19.06,10.5,9.19,3.25,12.44,0.277,17.56,0.75
2015,2,Fla. Southern,233,,6-8,7.43,8.29,0.817,0.557,37.5,0.484,0.449,,20.21,12.07,12.57,,12.79,0.27,16.93,0.429
2015,2,Franklin Pierce,241,,12-4,5.44,8.25,0.818,0.404,27.25,0.775,0.25,,15.88,12.56,8.5,,10.44,0.285,17.44,0.75
2015,2,Belmont Abbey,2683,,11-5,6.19,7.81,0.861,0.463,29.81,0.722,0.429,,18.81,10.56,9.0,3.63,12.63,0.322,17.06,0.688
2015,2,Dowling,2692,,5-8,3.46,6.92,0.824,0.542,28.69,0.667,0.34,,13.08,10.77,10.92,,9.62,0.288,17.15,0.385
2015,2,CSU Pueblo,2720,,0-10,4.0,6.5,0.672,0.421,28.6,,0.255,,11.6,10.8,,,7.6,0.309,,0.0
2015,2,Lake Erie,2746,,15-3,6.06,11.17,0.881,0.355,26.28,0.674,0.302,,17.22,8.89,7.33,3.83,11.17,0.321,13.78,0.833
2015,2,Adelphi,3,,15-3,8.94,8.94,0.843,0.688,38.28,0.75,0.414,,23.94,10.89,8.89,6.11,15.0,0.315,16.83,0.833
2015,2,Notre Dame de Namur,30056,,1-8,,8.0,,0.457,28.0,0.71,0.244,,,13.22,13.78,,7.11,0.223,24.44,0.111
2015,2,Seton Hill,30063,,9-5,4.57,6.0,0.897,0.646,27.36,0.718,0.254,,16.36,9.5,7.79,4.0,11.79,0.353,13.64,0.643
2015,2,Brevard,30094,,8-8,5.88,9.88,0.832,0.4,35.63,0.622,0.283,,16.38,13.88,12.0,,10.5,0.341,17.31,0.5
2015,2,Lindenwood,30136,,14-4,6.67,7.5,0.834,0.643,33.06,0.708,0.379,,19.89,,8.06,5.17,13.22,0.339,17.33,0.778
2015,2,Walsh,30141,,3-10,5.54,11.08,0.798,0.423,26.62,0.653,0.207,,13.23,10.69,11.15,,7.69,0.277,16.38,0.231
2015,2,Roberts Wesleyan,30150,,4-11,5.2,8.67,0.796,0.528,31.4,0.676,0.306,,14.0,12.73,11.93,,8.8,0.265,20.13,0.267
2015,2,Shorter,30151,,7-7,4.29,6.93,0.856,0.465,26.5,0.783,0.316,,14.5,10.36,9.29,,10.21,0.316,17.36,0.5
2015,2,Young Harris,30154,,9-7,7.06,7.25,0.902,0.491,27.94,0.605,0.281,,17.94,10.56,10.38,,10.88,0.335,14.5,0.563
2015,2,Le Moyne,349,,16-3,7.16,7.21,0.844,0.491,31.95,0.81,0.438,,21.37,13.11,6.68,7.53,14.21,0.334,15.16,0.842
2015,2,Assumption,36,,9-8,4.35,4.88,0.831,0.56,29.47,0.656,0.145,,13.0,11.82,9.18,,8.65,0.284,18.29,0.529
2015,2,LIU Post,362,,14-3,6.88,8.47,0.827,0.591,29.94,0.69,0.4,,20.24,9.94,8.59,4.76,13.35,0.333,15.71,0.824
2015,2,Mercy,407,,10-7,6.71,7.82,0.855,0.564,33.65,0.558,0.447,,18.35,9.06,9.71,,11.65,0.302,15.47,0.588
2015,2,Mercyhurst,408,,8-6,6.43,6.29,0.872,0.554,25.5,0.784,0.347,,16.93,9.36,7.14,3.36,10.5,0.308,16.0,0.571
2015,2,Merrimack,410,,13-3,6.88,7.44,0.877,0.471,32.13,0.65,0.326,,19.94,11.19,7.5,5.56,13.06,0.287,14.19,0.813
2015,2,Molloy,437,,11-4,7.27,7.4,0.854,0.507,30.6,0.625,0.313,,20.13,10.27,9.67,3.2,12.87,0.311,13.2,0.733
2015,2,Southern N.H.,468,,2-13,5.13,7.4,0.848,0.42,30.4,0.728,0.283,,13.87,10.93,11.8,,8.73,0.242,17.67,0.133
2015,2,New York Tech,477,,12-4,8.56,10.63,0.835,0.452,28.69,0.831,0.517,,21.94,8.81,8.0,5.38,13.38,0.36,15.06,0.75
2015,2,Pace,533,,9-7,6.44,9.5,0.83,0.523,35.38,0.704,0.322,,18.25,12.44,10.5,,11.81,0.317,19.19,0.563
2015,2,Pfeiffer,542,,10-5,8.13,9.47,0.871,0.484,31.87,0.702,0.545,,22.2,10.47,10.13,3.93,14.07,0.34,15.13,0.667
2015,2,Bentley,56,,6-7,3.92,6.46,0.846,0.616,24.85,0.694,0.286,,13.0,10.23,9.69,,9.08,0.228,15.46,0.462
2015,2,Rollins,584,,6-10,4.63,7.31,0.857,0.45,29.06,0.652,0.328,,13.44,11.75,10.25,,8.81,0.255,17.13,0.375
2015,2,Saint Anselm,593,,2-11,4.15,7.08,0.828,0.502,30.31,0.667,0.25,,12.38,10.85,14.08,,8.23,0.227,18.15,0.154
2015,2,Saint Leo,608,,7-7,5.36,7.21,0.867,0.611,32.29,0.675,0.35,,16.29,12.36,9.43,,10.93,0.277,13.43,0.5
2015,2,Saint Michael's,613,,7-7,5.29,12.14,0.808,0.408,32.93,0.586,0.333,,14.79,14.21,12.36,,9.5,0.25,21.79,0.5
2015,2,Tampa,689,,15-4,6.37,7.84,0.889,0.6,27.47,0.759,0.38,,18.89,9.11,8.26,4.26,12.53,0.311,13.68,0.789
2015,2,North Greenville,9223,,1-14,4.07,4.0,0.831,0.375,26.47,0.627,0.243,,11.67,14.73,15.93,,7.6,0.331,19.4,0.067
2015,2,Adams St.,929,,4-11,3.93,,0.861,0.371,22.0,0.617,0.368,,14.2,10.13,14.67,,10.27,0.293,15.33,0.267
2015,2,Alderson Broaddus,934,,4-9,4.85,7.46,0.752,0.461,26.92,0.662,0.324,,13.0,11.62,13.69,,8.15,0.26,21.62,0.308
2016,1,Air Force,23983,SoCon,5-2,5.14,6.29,0.858,0.523,26.14,0.773,0.4,,15.0,9.57,7.57,69.0,9.86,0.305,13.86,
2016,1,Army West Point,23984,Patriot,5-2,6.57,8.43,0.877,0.689,34.86,0.75,0.323,,19.86,8.29,7.29,93.0,13.29,0.309,14.0,
2016,1,Bellarmine,23925,SoCon,3-4,4.0,6.0,0.842,0.537,24.29,0.611,0.429,,11.57,9.29,9.14,53.0,7.57,0.265,16.0,
2016,1,Binghamton,23926,America East,0-4,3.75,5.25,0.863,0.517,22.5,0.667,0.143,,11.0,10.5,11.25,29.0,7.25,0.225,15.0,
2016,1,Boston U.,23927,Patriot,6-1,6.0,8.57,0.789,0.647,31.29,0.867,0.556,,16.14,11.14,8.43,71.0,10.14,0.296,18.71,
2016,1,Brown,23928,Ivy League,5-0,12.4,9.0,0.902,0.702,39.8,0.667,0.261,,31.0,13.0,8.6,93.0,18.6,0.384,16.2,
2016,1,Bryant,23929,NEC,4-3,4.86,6.71,0.911,0.526,32.71,0.643,0.429,,15.57,11.14,10.29,75.0,10.71,0.267,15.57,
2016,1,Bucknell,23930,Patriot,4-3,5.43,5.71,0.786,0.549,31.0,0.765,0.636,,16.71,12.14,10.14,79.0,11.29,0.307,14.71,
2016,1,Canisius,23931,MAAC,1-2,5.67,7.33,0.852,0.466,22.67,0.667,0.231,,14.33,9.67,8.0,26.0,8.67,0.218,13.67,
2016,1,Colgate,23932,Patriot,3-4,4.71,5.86,0.872,0.393,24.0,0.75,0.118,,12.86,9.71,8.29,57.0,8.14,0.228,12.71,
2016,1,Cornell,23933,Ivy League,3-2,4.4,7.2,0.859,0.657,27.6,0.7,0.231,,13.4,11.0,8.6,45.0,9.0,0.237,13.4,
2016,1,Dartmouth,23934,Ivy League,0-4,3.5,6.75,0.769,0.375,24.0,0.5,0.25,,9.25,10.5,10.5,23.0,5.75,0.247,19.25,
2016,1,Delaware,23935,CAA,3-5,4.88,7.63,0.827,0.536,28.5,0.474,0.182,,13.5,7.75,10.88,69.0,8.63,0.258,15.25,
2016,1,Denver,23936,Big East,6-0,8.83,3.67,0.774,0.682,35.5,0.667,0.583,,22.17,10.0,9.0,80.0,13.33,0.386,13.67,
2016,1,Detroit Mercy,23937,MAAC,0-5,3.8,7.0,0.777,0.287,23.0,0.5,0.375,,10.2,12.6,11.2,32.0,6.4,0.23,18.6,
2016,1,Drexel,23938,CAA,2-4,4.0,6.33,0.82,0.357,26.5,0.682,0.333,,14.33,12.17,12.33,62.0,10.33,0.29,12.83,
2016,1,Duke,23939,ACC,5-3,8.38,6.88,0.843,0.583,36.13,0.656,0.455,,22.5,10.25,9.63,113.0,14.13,0.37,14.88,
2016,1,Fairfield,23940,CAA,2-5,4.14,3.0,0.797,0.532,22.57,0.741,0.435,,12.71,13.29,10.57,60.0,8.57,0.268,14.14,
2016,1,Furman,23941,SoCon,0-6,4.0,4.83,0.842,0.489,23.83,0.632,0.278,,10.5,9.33,12.83,39.0,6.5,0.247,13.5,
2016,1,Georgetown,23942,Big East,1-5,4.83,5.0,0.814,0.378,23.0,0.55,0.333,,13.33,11.33,10.33,51.0,8.5,0.249,12.67,
2016,1,Hartford,23943,America East,3-3,7.5,6.0,0.88,0.671,33.17,0.545,0.467,,18.67,8.83,10.0,67.0,11.17,0.293,16.0,
2016,1,Harvard,23944,Ivy League,4-2,7.83,7.17,0.879,0.389,28.5,0.667,0.389,,19.33,12.33,10.83,69.0,11.5,0.337,14.67,
2016,1,High Point,23992,SoCon,4-3,6.14,8.0,0.831,0.549,32.57,0.5,0.333,,17.14,11.29,12.43,77.0,11.0,0.293,15.0,
2016,1,Hobart,23945,NEC,4-3,3.0,6.14,0.865,0.589,28.14,0.81,0.2,,12.71,9.0,9.29,68.0,9.71,0.26,14.0,
2016,1,Hofstra,23946,CAA,4-2,4.33,4.33,0.827,0.598,35.17,0.8,0.296,,14.17,11.83,8.0,59.0,9.83,0.265,12.5,
2016,1,Holy Cross,23947,Patriot,0-7,4.57,7.86,0.814,0.405,25.86,0.526,0.414,,13.86,11.29,13.86,65.0,9.29,0.279,14.43,
2016,1,Jacksonville,23948,SoCon,2-4,4.67,3.83,0.74,0.568,29.83,0.615,0.276,,13.0,13.67,12.67,50.0,8.33,0.294,17.17,
2016,1,Johns Hopkins,23949,Big Ten,3-2,8.8,3.2,0.833,0.571,29.4,0.636,0.632,,21.2,10.6,10.0,62.0,12.4,0.308,13.2,
2016,1,Lafayette,23950,Patriot,1-4,5.0,9.4,0.729,0.464,30.2,0.632,0.533,,12.8,12.4,11.4,39.0,7.8,0.279,18.0,
2016,1,Lehigh,23951,Patriot,4-2,8.33,9.17,0.84,0.404,29.33,0.773,0.5,,21.83,9.5,9.5,81.0,13.5,0.357,12.33,
2016,1,Loyola Maryland,23953,Patriot,4-2,5.5,7.5,0.885,0.438,29.0,0.556,0.455,,14.83,9.33,9.0,56.0,9.33,0.237,10.0,
2016,1,Manhattan,23954,MAAC,1-7,3.5,4.75,0.765,0.27,22.25,0.72,0.231,,9.13,13.88,13.88,45.0,5.63,0.246,18.5,
2016,1,Marist,23955,MAAC,1-4,4.6,6.0,0.806,0.28,20.6,0.6,0.714,,12.8,14.6,9.2,41.0,8.2,0.273,13.8,
2016,1,Marquette,23956,Big East,4-1,3.8,7.2,0.827,0.639,28.8,0.545,0.5,,13.2,7.2,6.8,47.0,9.4,0.255,12.2,
2016,1,Maryland,23958,Big Ten,4-2,6.17,6.33,0.88,0.592,29.0,0.813,0.5,,16.67,8.33,7.83,63.0,10.5,0.27,13.5,
2016,1,Massachusetts,23959,CAA,3-4,4.71,7.86,0.894,0.432,28.86,0.769,0.276,,14.14,11.14,10.14,66.0,9.43,0.284,13.14,
2016,1,Mercer,23960,SoCon,2-4,3.17,5.33,0.882,0.46,19.0,0.556,0.286,,11.33,9.83,11.83,49.0,8.17,0.257,12.33,
2016,1,Michigan,23961,Big Ten,3-3,4.83,7.17,0.868,0.497,26.83,0.739,0.357,,15.17,13.0,13.67,62.0,10.33,0.32,13.67,
2016,1,Monmouth,23962,MAAC,4-2,4.83,7.67,0.902,0.403,23.17,0.765,0.222,,15.17,9.33,8.17,62.0,10.33,0.323,11.33,
2016,1,Mount St. Mary's,23963,NEC,4-2,5.0,9.67,0.83,0.5,26.17,0.652,0.438,,15.0,9.83,7.83,60.0,10.0,0.313,12.0,
2016,1,NJIT,23965,Independent,0-8,2.25,5.75,0.75,0.369,23.5,0.524,0.212,,7.5,11.5,15.88,42.0,5.25,0.208,17.5,
2016,1,Navy,23985,Patriot,3-2,6.4,9.4,0.9,0.551,29.6,0.462,0.167,,16.0,7.2,7.0,48.0,9.6,0.265,13.2,
2016,1,North Carolina,23964,ACC,4-3,6.57,7.71,0.848,0.591,33.71,0.786,0.32,,19.86,7.43,9.43,93.0,13.29,0.323,13.0,
2016,1,Notre Dame,23966,ACC,4-1,6.0,9.4,0.915,0.598,31.2,0.615,0.417,,16.8,9.6,6.2,54.0,10.8,0.293,15.4,
2016,1,Ohio St.,23967,Big Ten,5-3,4.63,6.75,0.922,0.608,27.88,0.684,0.304,,14.63,9.25,8.25,80.0,10.0,0.292,11.13,
2016,1,Penn,23969,Ivy League,3-2,6.8,4.0,0.859,0.369,24.8,0.778,0.4,,17.4,14.8,10.8,53.0,10.6,0.306,12.6,
2016,1,Penn St.,23968,Big Ten,5-2,8.0,6.0,0.908,0.481,29.0,0.563,0.429,,20.86,9.43,10.71,90.0,12.86,0.357,10.29,
2016,1,Princeton,23970,Ivy League,2-3,7.0,7.8,0.861,0.426,29.8,0.571,0.385,,17.6,11.0,11.2,53.0,10.6,0.338,12.6,
2016,1,Providence,23971,Big East,3-3,5.0,8.5,0.84,0.407,28.17,0.714,0.19,,15.17,13.17,9.67,61.0,10.17,0.311,18.33,
2016,1,Quinnipiac,23972,MAAC,3-1,5.0,9.25,0.843,0.484,27.5,0.778,0.333,,14.75,10.75,10.75,39.0,9.75,0.244,15.5,
2016,1,Richmond,23973,SoCon,6-1,6.0,8.43,0.896,0.537,29.0,0.471,0.345,,15.14,9.29,7.14,64.0,9.14,0.259,14.0,
2016,1,Robert Morris,23974,NEC,2-5,5.86,7.71,0.866,0.401,23.14,0.667,0.444,,16.14,11.71,12.29,72.0,10.29,0.28,14.29,
2016,1,Rutgers,23975,Big Ten,5-2,7.29,8.29,0.927,0.54,36.14,0.48,0.24,,19.29,10.14,9.43,84.0,12.0,0.305,12.14,
2016,1,Sacred Heart,23976,NEC,2-5,5.43,9.0,0.881,0.476,26.14,0.5,0.212,,14.43,9.14,12.0,63.0,9.0,0.248,14.86,
2016,1,Saint Joseph's,23978,NEC,4-2,7.67,6.5,0.901,0.631,31.83,0.667,0.278,,21.17,8.67,8.17,81.0,13.5,0.367,12.5,
2016,1,Siena,23979,MAAC,1-4,5.4,6.8,0.872,0.439,26.4,0.667,0.286,,14.4,9.4,11.8,45.0,9.0,0.249,15.4,
2016,1,St. John's (NY),23977,Big East,1-6,5.14,4.43,0.836,0.424,26.14,0.6,0.348,,12.86,12.0,13.43,54.0,7.71,0.252,13.71,
2016,1,Stony Brook,23980,America East,5-1,9.17,6.67,0.887,0.476,31.67,0.87,0.536,,22.83,12.83,7.83,82.0,13.67,0.355,11.5,
2016,1,Syracuse,23981,ACC,5-0,8.4,9.0,0.947,0.718,35.6,0.556,0.6,,22.8,7.6,7.4,72.0,14.4,0.335,13.4,
2016,1,Towson,23982,CAA,6-1,5.43,6.71,0.88,0.514,25.43,0.556,0.455,,15.71,8.57,7.29,72.0,10.29,0.279,10.57,
2016,1,UAlbany,23924,America East,3-2,7.2,8.4,0.857,0.379,26.6,0.615,0.45,,19.6,13.8,10.4,62.0,12.4,0.339,14.2,
2016,1,UMBC,23957,America East,1-3,4.75,7.0,0.75,0.41,22.5,0.6,0.333,,11.5,10.5,10.25,27.0,6.75,0.276,15.75,
2016,1,VMI,23988,SoCon,1-7,2.13,7.5,0.715,0.42,26.38,0.607,0.083,,7.5,11.63,13.38,43.0,5.38,0.214,18.5,
2016,1,Vermont,23986,America East,3-4,7.0,6.71,0.878,0.517,29.86,0.707,0.351,,19.14,11.0,10.71,85.0,12.14,0.305,15.14,
2016,1,Villanova,23987,Big East,5-1,9.0,6.0,0.866,0.636,33.17,0.625,0.324,,25.0,8.33,10.0,96.0,16.0,0.299,11.5,
2016,1,Virginia,23989,ACC,3-4,5.14,8.71,0.867,0.56,38.57,0.524,0.542,,16.0,8.43,10.71,76.0,10.86,0.252,12.0,
2016,1,Wagner,23990,NEC,4-4,5.13,8.25,0.791,0.468,30.5,0.769,0.5,,14.63,8.75,8.88,76.0,9.5,0.26,16.38,
2016,1,Yale,23991,Ivy League,5-0,7.2,7.8,0.902,0.491,29.6,0.692,0.211,,19.6,8.6,5.8,62.0,12.4,0.284,10.2,
2016,2,Adams St.,24019,RMAC,1-3,4.5,6.75,0.832,,,0.692,0.2,,11.75,13.75,11.25,,7.25,0.236,20.5,
2016,2,Adelphi,23993,NE10,6-1,8.86,7.86,0.89,0.7,38.57,0.595,0.368,,25.57,9.71,9.43,,16.71,0.349,16.29,
2016,2,Alderson Broaddus,24020,ECAC-II,2-5,8.0,11.43,0.794,0.401,30.29,0.689,0.439,,19.57,13.0,11.14,,11.57,0.283,20.29,
2016,2,American Int'l,23995,NE10,0-7,3.14,,,0.443,23.86,,,,9.57,14.14,,,,0.247,21.0,
2016,2,Assumption,23996,NE10,2-4,6.83,7.33,0.764,0.6,31.17,0.864,0.444,,17.17,12.67,11.5,,10.33,0.337,17.83,
2016,2,Belmont Abbey,24033,Conference Carolinas,7-1,7.25,10.63,0.879,0.447,25.75,0.731,0.45,,21.38,10.63,8.25,,14.13,0.317,15.25,
2016,2,Bentley,23997,NE10,2-1,5.33,7.33,0.811,0.639,30.0,,0.294,,14.0,10.0,8.67,,8.67,0.243,14.33,
2016,2,Brevard,24050,SAC,1-8,4.0,8.44,0.787,0.41,28.78,0.6,0.194,,12.67,13.78,13.67,,8.67,0.312,18.11,
2016,2,CSU Pueblo,24035,RMAC,0-4,3.5,6.75,0.757,0.477,32.5,,,,13.25,14.5,,,9.75,0.315,,
2016,2,Catawba,24021,SAC,2-4,5.33,5.33,0.851,0.681,28.67,0.615,,,15.0,11.83,10.67,,9.67,0.27,19.5,
2016,2,Chestnut Hill,24047,ECC,1-5,4.67,5.67,0.845,,,0.625,0.194,,13.5,12.0,12.5,,8.83,0.29,13.33,
2016,2,Coker,24022,SAC,2-6,5.38,9.63,0.937,0.391,25.5,,0.267,,15.13,,14.13,,9.75,0.294,12.0,
2016,2,Colorado Mesa,24040,RMAC,2-4,4.5,7.83,0.873,0.44,25.33,0.605,0.45,,14.0,14.33,9.33,,9.5,,13.67,
2016,2,Davis & Elkins,23998,Independent,0-4,,5.75,,,24.25,,0.25,,,16.75,,,,,,
2016,2,Dist. Columbia,23999,ECC,2-3,4.2,8.8,0.851,0.588,37.4,0.649,0.394,,15.6,10.2,13.4,,11.4,0.236,19.8,
2016,2,Dominican (NY),24037,ECC,3-5,5.13,7.63,,0.475,34.5,0.808,0.308,,13.75,15.0,13.63,,8.63,,20.63,
2016,2,Dowling,24034,ECC,5-1,8.17,9.33,0.845,0.417,29.33,0.774,0.333,,21.0,10.5,8.0,,12.83,0.341,11.17,
2016,2,Fla. Southern,24001,Sunshine State,6-5,6.82,9.27,0.85,0.486,33.0,0.614,0.316,,17.82,13.18,11.0,,11.0,0.249,16.82,
2016,2,Florida Tech,24000,Sunshine State,5-3,5.13,10.38,0.829,0.594,28.5,0.686,0.325,,15.5,,11.38,,10.38,0.278,14.5,
2016,2,Franklin Pierce,24002,NE10,2-2,5.25,6.75,0.899,0.468,29.25,0.765,0.417,,16.5,11.0,10.0,,11.25,0.288,13.5,
2016,2,Georgian Court,24038,Independent,0-7,,8.86,0.789,0.364,23.86,0.68,0.2,,,12.71,,,,0.224,19.57,
2016,2,LIU Post,24005,ECC,4-3,6.29,7.0,0.852,0.575,28.0,0.72,0.444,,18.43,8.29,8.57,,12.14,0.332,13.86,
2016,2,Lake Erie,24036,ECAC-II,4-2,6.0,8.67,0.853,0.558,31.67,0.733,0.333,,17.33,9.0,9.5,,11.33,0.321,14.33,
2016,2,Le Moyne,24004,NE10,5-0,11.4,7.2,0.826,0.5,30.2,0.938,0.467,,29.6,10.4,6.6,,18.2,0.435,14.2,
2016,2,Lees-McRae,24044,Conference Carolinas,1-5,3.67,5.33,,0.357,24.67,0.55,,,9.83,18.5,16.0,,,,21.0,
2016,2,Lenoir-Rhyne,24023,SAC,5-4,5.33,7.0,0.83,0.511,36.0,0.879,0.27,,16.89,14.89,11.11,,11.56,0.276,15.67,
2016,2,Limestone,24024,Conference Carolinas,9-0,11.22,7.78,0.934,0.634,37.67,0.756,0.273,,31.67,10.0,7.78,,20.44,0.436,14.67,
2016,2,Lincoln Memorial,24025,SAC,3-3,5.5,9.0,0.879,0.467,28.5,0.793,0.25,,16.67,12.5,11.33,,11.17,0.294,15.17,
2016,2,Lindenwood,24051,ECAC-II,5-2,6.71,10.71,0.861,0.554,41.14,0.871,0.465,,21.14,9.0,8.0,,14.43,0.33,18.57,
2016,2,Lynn,24046,Sunshine State,5-3,7.63,10.88,0.868,0.608,34.38,0.704,0.364,,20.0,10.63,9.38,,12.38,0.288,15.25,
2016,2,Mars Hill,24026,SAC,0-7,3.71,7.14,0.807,0.435,27.43,0.667,0.37,,10.57,11.71,11.71,,6.86,0.273,18.71,
2016,2,Mercy,24006,ECC,4-2,7.33,9.33,0.8,0.538,33.0,0.769,0.423,,19.17,10.83,7.0,,11.83,0.359,16.83,
2016,2,Mercyhurst,24007,ECAC-II,5-1,4.67,7.5,0.867,0.434,26.83,0.778,0.345,,15.0,,7.67,,10.33,0.315,15.67,
2016,2,Merrimack,24008,NE10,5-1,7.67,8.17,0.884,0.639,33.67,0.64,0.467,,24.5,,8.17,,16.83,0.308,14.67,
2016,2,Molloy,24009,ECC,6-1,7.29,9.14,0.833,0.509,25.29,0.633,0.273,,20.14,9.57,8.86,,12.86,0.33,16.57,
2016,2,Mount Olive,24027,Conference Carolinas,7-2,5.0,7.44,0.91,0.598,29.44,0.829,0.333,,15.44,8.78,7.22,,10.44,0.255,14.0,
2016,2,New York Tech,24011,ECC,6-1,9.0,8.43,0.865,0.467,30.29,0.8,0.379,,23.0,11.14,6.43,,14.0,0.309,12.71,
2016,2,North Greenville,24039,Conference Carolinas,3-6,5.67,6.56,0.864,0.44,23.44,0.593,0.306,,14.22,10.89,9.56,,8.56,0.294,17.56,
2016,2,Notre Dame de Namur,24048,Independent,0-5,4.0,11.0,0.75,0.481,27.0,0.563,0.381,,13.2,11.2,,,9.2,0.256,16.6,
2016,2,Ohio Valley,24045,ECAC-II,2-3,6.4,,0.829,0.472,27.0,0.7,0.2,,16.6,11.8,15.4,,10.2,0.331,,
2016,2,Pace,24012,NE10,4-2,8.17,12.5,0.848,0.618,37.83,0.593,0.25,,22.0,10.5,9.83,,13.83,0.294,15.33,
2016,2,Pfeiffer,24013,Conference Carolinas,5-3,6.0,9.63,0.859,0.492,30.88,0.596,0.353,,17.25,11.5,10.75,,11.25,0.323,18.25,
2016,2,Post,24028,Independent,4-3,5.71,6.43,0.816,0.368,32.29,0.694,0.273,,18.71,16.86,11.86,,13.0,0.345,19.0,
2016,2,Queens (NC),24041,SAC,7-2,8.44,5.78,0.888,0.638,32.22,0.7,0.355,,23.0,12.44,9.89,,14.56,0.346,17.22,
2016,2,Roberts Wesleyan,24053,ECC,3-5,5.5,8.63,0.773,0.547,26.38,0.609,0.2,,15.75,10.5,10.75,,10.25,0.309,20.5,
2016,2,Rockhurst,24029,RMAC,5-3,6.5,6.25,0.797,0.589,30.88,0.897,0.37,,17.75,11.0,10.38,,11.25,0.274,19.13,
2016,2,Rollins,24014,Sunshine State,6-3,4.67,6.44,0.836,0.58,26.44,0.706,0.348,,15.22,,8.0,,10.56,0.287,13.33,
2016,2,Saint Anselm,24015,NE10,3-0,11.67,11.33,0.862,0.556,36.33,0.714,0.25,,33.33,12.33,8.0,,21.67,0.422,21.0,
2016,2,Saint Leo,24016,Sunshine State,7-1,10.25,9.0,0.892,0.704,35.63,0.75,0.548,,24.75,10.13,7.25,,14.5,0.332,16.38,
2016,2,Saint Michael's,24017,NE10,0-4,,6.75,0.826,0.389,30.75,0.783,0.3,,,15.0,13.5,,6.75,,19.0,
2016,2,Saint Rose,24030,NE10,2-5,4.57,7.71,0.847,0.555,26.71,0.615,0.24,,12.29,10.14,8.43,,7.71,0.256,20.57,
2016,2,Seton Hill,24049,ECAC-II,6-1,7.71,8.0,0.851,0.611,31.14,0.643,0.372,,20.71,12.57,9.0,,13.0,0.324,17.29,
2016,2,Shorter,24054,Independent,2-6,4.38,11.0,0.849,0.476,30.13,0.667,0.3,,14.5,13.0,13.13,,10.13,0.293,18.5,
2016,2,Southern N.H.,24010,NE10,1-3,8.0,5.75,0.859,,23.0,0.679,0.389,,20.75,12.0,16.0,,12.75,0.364,15.25,
2016,2,St. Thomas Aquinas,24031,Independent,0-5,,7.6,,0.348,,0.667,0.143,,,15.6,15.8,,,0.262,,
2016,2,Tampa,24018,Sunshine State,7-1,5.13,7.0,0.937,0.572,30.13,0.632,0.308,,18.38,11.0,10.38,,13.25,0.341,12.75,
2016,2,Tusculum,24043,SAC,2-5,4.43,8.71,0.782,0.377,,0.684,0.333,,13.43,11.29,11.0,,9.0,0.293,14.0,
2016,2,UAH,23994,,1-3,,,0.765,,23.25,0.857,,,,14.25,15.0,,7.0,0.239,,
2016,2,UIndy,24003,ECAC-II,3-3,5.67,5.5,0.882,0.523,,0.714,0.765,,17.5,10.33,9.67,,11.83,0.296,16.0,
2016,2,Walsh,24052,ECAC-II,4-4,4.88,8.75,0.793,0.438,26.5,0.682,0.37,,14.25,9.25,12.5,,9.38,0.31,17.38,
2016,2,Wheeling,24042,ECAC-II,2-4,5.67,6.17,0.908,0.514,24.5,0.571,0.294,,15.83,10.67,10.67,,10.17,0.321,13.83,
2016,2,Wingate,24032,SAC,4-5,6.0,,0.816,0.44,27.67,0.846,0.242,,16.11,12.89,10.22,,10.11,0.307,16.11,
2016,2,Young Harris,24055,Independent,6-3,6.67,,0.854,0.611,32.44,0.595,0.317,,21.56,10.22,8.33,,14.89,0.342,17.56,
2017,1,Air Force,110563,SoCon,4-3,5.71,6.57,0.894,0.519,28.71,0.563,0.421,,15.86,,8.86,71.0,10.14,0.266,12.0,
2017,1,Army West Point,110564,Patriot,6-1,6.43,8.14,0.896,0.665,37.0,0.563,0.478,,19.57,8.14,6.57,92.0,13.14,0.303,12.29,
2017,1,Bellarmine,110503,SoCon,1-5,5.17,5.67,0.849,0.353,20.67,0.559,0.29,,14.33,11.67,13.5,55.0,9.17,0.261,12.33,
2017,1,Binghamton,110504,America East,4-1,5.8,5.2,0.906,0.459,22.6,0.667,0.4,,16.6,10.4,7.8,54.0,10.8,0.329,10.2,
2017,1,Boston U.,110505,Patriot,7-0,7.57,6.43,0.857,0.465,31.0,0.455,0.333,,19.57,14.57,7.0,84.0,12.0,0.349,14.0,
2017,1,Brown,110506,Ivy League,1-3,9.5,8.75,0.822,0.565,40.25,0.696,0.5,,26.5,13.5,16.0,68.0,17.0,0.374,,
2017,1,Bryant,110507,NEC,4-4,7.38,7.25,0.847,0.526,27.63,0.7,0.593,,18.5,10.25,9.38,89.0,11.13,0.316,15.63,
2017,1,Bucknell,110508,Patriot,2-4,6.67,7.33,0.83,0.52,30.0,0.65,0.35,,16.67,10.5,12.0,60.0,10.0,0.244,11.5,
2017,1,Canisius,110509,MAAC,2-3,7.2,5.2,0.86,0.481,27.2,0.615,0.556,,17.4,10.0,12.0,51.0,10.2,0.329,13.8,
2017,1,Cleveland St.,110510,Independent,2-6,4.0,5.75,0.757,0.411,25.25,0.542,0.258,,11.25,11.75,13.63,58.0,7.25,0.276,16.38,
2017,1,Colgate,110511,Patriot,2-4,5.83,4.17,0.884,0.544,26.17,0.667,0.4,,15.17,11.17,11.33,56.0,9.33,0.252,15.67,
2017,1,Cornell,110512,Ivy League,0-4,4.75,5.25,0.9,0.384,29.5,0.579,0.3,,15.25,12.5,,42.0,10.5,0.294,15.0,
2017,1,Dartmouth,110513,Ivy League,1-3,4.0,12.75,0.852,0.422,33.75,0.667,0.19,,12.25,13.0,11.0,33.0,8.25,,18.0,
2017,1,Delaware,110514,CAA,5-3,5.63,5.75,0.872,0.507,29.38,0.613,0.375,,17.63,10.63,10.13,96.0,12.0,0.303,11.5,
2017,1,Denver,110515,Big East,5-1,7.67,4.5,0.933,0.736,32.83,0.412,0.462,,20.83,7.17,7.33,79.0,13.17,0.303,10.67,
2017,1,Detroit Mercy,110516,MAAC,2-6,5.38,5.88,0.875,0.48,24.38,0.593,0.361,,14.25,10.88,12.0,71.0,8.88,0.273,15.5,
2017,1,Drexel,110517,CAA,2-4,5.17,7.17,0.828,0.372,27.0,0.583,0.438,,15.33,11.0,12.67,61.0,10.17,0.316,13.83,
2017,1,Duke,110518,ACC,6-2,8.25,6.13,0.878,0.513,28.38,0.708,0.545,,21.25,9.63,7.63,104.0,13.0,0.36,11.13,
2017,1,Fairfield,110519,CAA,2-4,3.67,5.67,0.888,0.46,26.5,0.636,0.211,,10.83,12.17,10.33,43.0,7.17,0.216,12.33,
2017,1,Furman,110520,SoCon,1-6,4.57,6.14,0.868,0.503,24.71,0.417,0.273,,12.86,9.14,9.57,58.0,8.29,0.253,12.71,
2017,1,Georgetown,110521,Big East,2-4,5.33,6.5,0.833,0.5,26.33,0.667,0.286,,15.33,11.17,10.0,60.0,10.0,0.27,14.0,
2017,1,Hampton,110522,DI Independent,1-3,4.0,10.0,0.89,0.357,,0.444,0.412,,12.25,10.75,13.5,33.0,8.25,0.273,18.0,
2017,1,Hartford,110523,America East,2-3,6.8,5.8,0.896,0.633,30.6,0.533,0.3,,17.8,8.2,11.0,55.0,11.0,0.291,12.2,
2017,1,Harvard,110524,Ivy League,4-1,6.8,8.6,0.915,0.408,30.2,0.7,0.375,,19.2,13.0,10.0,62.0,12.4,0.335,14.6,
2017,1,High Point,110572,SoCon,2-5,5.29,7.0,0.844,0.313,25.29,0.483,0.31,,14.0,13.71,11.71,61.0,8.71,0.264,16.29,
2017,1,Hobart,110525,NEC,3-4,5.29,4.71,0.838,0.465,24.14,0.529,0.211,,17.14,11.0,13.71,83.0,11.86,0.314,12.14,
2017,1,Hofstra,110526,CAA,5-0,7.2,,0.931,0.491,29.0,0.75,0.571,,19.8,11.6,7.8,63.0,12.6,0.35,9.6,
2017,1,Holy Cross,110527,Patriot,2-4,4.5,9.17,0.86,0.357,26.67,0.684,0.238,,13.5,9.0,11.33,54.0,9.0,0.276,15.17,
2017,1,Jacksonville,110528,SoCon,0-6,4.83,4.33,0.824,0.497,24.17,0.444,0.333,,11.67,14.0,14.33,41.0,6.83,0.285,16.5,
2017,1,Johns Hopkins,110529,Big Ten,4-2,6.17,6.83,0.912,0.4,25.33,0.615,0.5,,18.17,9.5,10.33,72.0,12.0,0.324,9.5,
2017,1,Lafayette,110530,Patriot,1-5,3.83,6.83,0.818,0.475,29.0,0.632,0.345,,10.83,13.17,13.33,42.0,7.0,0.209,14.5,
2017,1,Lehigh,110531,Patriot,3-3,6.17,7.83,0.848,0.624,33.67,0.792,0.25,,16.0,9.67,9.5,59.0,9.83,0.263,15.33,
2017,1,Loyola Maryland,110533,Patriot,3-3,9.33,7.67,0.924,0.577,35.83,0.714,0.455,,22.67,11.17,11.0,80.0,13.33,0.327,13.5,
2017,1,Manhattan,110534,MAAC,2-5,5.57,4.14,0.831,0.53,30.71,0.789,0.242,,15.14,14.43,14.86,67.0,9.57,0.277,18.86,
2017,1,Marist,110535,MAAC,4-2,6.83,5.17,0.848,0.561,22.0,0.87,0.583,,15.83,12.17,7.17,54.0,9.0,0.34,14.33,
2017,1,Marquette,110536,Big East,3-2,4.4,7.0,0.87,0.49,25.8,0.813,0.333,,13.8,13.8,7.0,47.0,9.4,0.276,12.4,
2017,1,Maryland,110538,Big Ten,4-1,8.0,7.6,0.918,0.52,31.0,0.727,0.643,,21.2,11.6,8.2,66.0,13.2,0.373,14.0,
2017,1,Massachusetts,110539,CAA,2-4,4.33,7.0,0.876,0.473,20.83,0.769,0.533,,11.83,11.83,10.33,45.0,7.5,0.231,11.5,
2017,1,Mercer,110540,SoCon,3-3,4.67,8.83,0.867,0.579,25.0,0.577,0.409,,12.67,10.17,9.83,48.0,8.0,0.232,15.83,
2017,1,Michigan,110541,Big Ten,7-1,7.13,6.25,0.853,0.558,27.38,0.674,0.5,,18.88,12.13,8.5,94.0,11.75,0.328,15.13,
2017,1,Monmouth,110542,MAAC,3-3,4.0,9.17,0.866,0.456,24.0,0.462,0.294,,12.83,9.67,8.67,53.0,8.83,0.249,12.17,
2017,1,Mount St. Mary's,110543,NEC,1-4,4.2,4.8,0.782,0.368,22.6,0.75,0.385,,12.6,9.0,12.4,42.0,8.4,0.278,14.4,
2017,1,NJIT,110545,Independent,0-7,,5.14,,,21.0,,0.455,,,12.29,15.14,,,0.282,15.43,
2017,1,Navy,110565,Patriot,2-5,5.29,6.57,0.845,0.644,30.71,0.7,0.4,,15.0,9.71,10.0,68.0,9.71,0.311,15.57,
2017,1,North Carolina,110544,ACC,4-3,4.57,6.29,0.916,0.597,27.57,0.609,,,14.71,10.14,8.0,71.0,10.14,0.266,14.14,
2017,1,Notre Dame,110546,ACC,3-1,6.25,8.25,0.905,0.495,25.25,0.364,0.333,,18.0,8.5,7.5,47.0,11.75,0.285,11.25,
2017,1,Ohio St.,110547,Big Ten,8-0,5.38,4.5,0.899,0.63,28.63,0.75,0.452,,17.13,8.63,6.63,94.0,11.75,0.313,11.13,
2017,1,Penn,110549,Ivy League,3-2,5.2,6.0,0.863,0.379,24.8,0.7,0.333,,16.6,10.4,10.2,57.0,11.4,0.308,10.6,
2017,1,Penn St.,110548,Big Ten,7-0,10.14,4.57,0.918,0.697,35.14,0.462,0.444,,26.43,10.57,11.86,114.0,16.29,0.407,13.43,
2017,1,Princeton,110550,Ivy League,4-2,8.83,6.33,0.782,0.503,32.17,0.706,0.522,,23.17,13.0,10.0,86.0,14.33,0.371,12.83,
2017,1,Providence,110551,Big East,4-2,5.67,8.33,0.87,0.566,30.0,0.742,0.35,,15.17,9.83,7.0,57.0,9.5,0.245,16.33,
2017,1,Quinnipiac,110552,MAAC,1-4,6.6,7.2,0.791,0.52,29.6,0.313,0.474,,17.6,10.8,15.0,55.0,11.0,0.291,19.2,
2017,1,Richmond,110553,SoCon,6-1,7.71,9.43,0.881,0.598,30.14,0.882,0.269,,17.86,11.71,5.57,71.0,10.14,0.305,13.43,
2017,1,Robert Morris,110554,NEC,4-3,6.71,7.86,0.895,0.414,28.29,0.682,0.538,,17.71,12.57,10.0,77.0,11.0,0.289,14.0,
2017,1,Rutgers,110555,Big Ten,7-0,7.86,11.57,0.879,0.547,35.57,0.783,0.231,,21.29,10.14,7.43,94.0,13.43,0.309,14.71,
2017,1,Sacred Heart,110556,NEC,4-2,5.83,10.5,0.884,0.427,28.67,0.719,0.32,,17.33,11.33,9.5,69.0,11.5,0.317,15.67,
2017,1,Saint Joseph's,110558,NEC,3-4,4.0,5.43,0.824,0.537,27.29,0.565,0.2,,12.0,11.86,10.0,56.0,8.0,0.249,13.86,
2017,1,Siena,110559,MAAC,0-7,6.14,7.43,0.776,0.4,28.43,0.462,0.5,,17.14,9.29,16.29,77.0,11.0,0.271,12.71,
2017,1,St. John's (NY),110557,Big East,1-5,4.33,4.83,0.804,0.511,26.67,0.526,0.412,,11.83,12.67,12.33,45.0,7.5,0.228,15.33,
2017,1,Stony Brook,110560,America East,4-1,7.4,6.4,0.849,0.438,30.2,0.7,0.379,,20.2,8.8,11.2,64.0,12.8,0.346,15.4,
2017,1,Syracuse,110561,ACC,4-1,9.6,7.0,0.92,0.573,32.0,0.706,0.467,,22.6,10.4,10.0,65.0,13.0,0.311,10.6,
2017,1,Towson,110562,CAA,4-2,4.0,6.83,0.802,0.622,30.5,0.667,0.2,,13.17,8.17,7.67,55.0,9.17,0.263,14.83,
2017,1,UAlbany,110502,America East,3-1,10.25,4.5,0.925,0.598,33.75,0.857,0.222,,25.75,14.25,8.0,62.0,15.5,0.35,11.75,
2017,1,UMBC,110537,America East,2-4,4.17,6.83,0.854,0.438,21.83,0.625,0.313,,11.33,9.0,9.67,43.0,7.17,0.261,13.0,
2017,1,VMI,110568,SoCon,1-4,4.4,6.6,0.88,0.398,30.4,0.813,0.222,,12.2,15.6,13.4,39.0,7.8,0.255,13.2,
2017,1,Vermont,110566,America East,4-3,8.0,8.14,0.822,0.538,27.14,0.7,0.278,,18.86,10.86,10.57,76.0,10.86,0.358,20.71,
2017,1,Villanova,110567,Big East,2-4,8.17,7.0,0.908,0.544,30.17,0.5,0.441,,20.67,8.5,14.33,75.0,12.5,0.255,13.17,
2017,1,Virginia,110569,ACC,5-2,11.0,9.86,0.891,0.564,48.29,0.625,0.571,,27.29,9.86,13.86,114.0,16.29,0.329,16.29,
2017,1,Wagner,110570,NEC,4-4,4.63,6.88,0.867,0.415,27.0,0.708,0.226,,13.13,13.38,8.38,68.0,8.5,0.242,16.75,
2017,1,Yale,110571,Ivy League,2-3,6.8,4.6,0.903,0.508,24.8,0.421,0.25,,17.4,9.0,10.6,53.0,10.6,0.301,12.0,
2017,2,Adams St.,110600,RMAC,1-1,6.5,7.5,0.857,0.354,27.0,0.667,,,15.0,20.5,11.5,,8.5,0.227,,
2017,2,Adelphi,110573,NE10,4-1,8.0,7.4,0.889,0.654,32.2,0.769,0.333,,20.2,10.0,5.8,,12.2,0.328,15.6,
2017,2,Alderson Broaddus,110601,Independent,0-4,5.0,6.0,,0.381,25.75,0.688,0.211,,12.75,12.25,17.75,,7.75,0.256,21.5,
2017,2,American Int'l,110575,NE10,0-9,,5.89,,0.367,,,0.148,,,14.11,,,,,,
2017,2,Assumption,110576,NE10,0-2,,,0.917,0.425,24.0,0.571,0.5,,,10.5,11.0,,,,14.5,
2017,2,Belmont Abbey,110614,Conference Carolinas,5-1,6.33,5.83,0.935,0.611,33.83,0.765,0.357,,19.83,12.0,7.33,,13.5,0.36,15.17,
2017,2,Bentley,110577,NE10,1-1,3.5,10.5,0.796,0.756,36.5,0.75,0.167,,13.5,,9.0,,10.0,0.256,20.5,
2017,2,Brevard,110631,SAC,2-6,5.63,10.13,0.765,0.386,30.13,0.634,0.438,,16.75,10.63,11.88,,11.13,0.374,19.5,
2017,2,CSU Pueblo,110615,RMAC,1-2,10.0,14.33,0.821,0.506,32.0,0.706,0.353,,23.67,12.33,10.0,,13.67,0.347,21.0,
2017,2,Catawba,110602,SAC,4-4,5.25,7.75,0.886,0.368,26.38,0.757,0.3,,15.38,13.88,12.0,,10.13,0.302,18.88,
2017,2,Chestnut Hill,110628,ECC,2-2,6.5,,0.75,0.462,25.5,0.667,0.348,,16.25,15.25,9.25,,9.75,0.283,19.0,
2017,2,Chowan,110617,Conference Carolinas,0-6,3.67,7.17,,,24.17,0.714,,,12.5,17.5,,,8.83,0.333,17.17,
2017,2,Coker,110603,SAC,2-3,3.2,7.8,0.858,0.41,30.8,0.742,0.192,,10.8,11.2,12.8,,7.6,0.215,17.0,
2017,2,Colorado Mesa,110621,RMAC,6-1,8.14,11.43,0.885,0.665,35.14,0.808,0.474,,26.29,,5.71,,18.14,0.352,17.29,
2017,2,Davis & Elkins,110578,G-MAC,1-3,6.75,6.75,0.774,0.527,26.0,0.789,,,16.25,13.75,,,9.5,0.325,21.5,
2017,2,Dist. Columbia,110579,ECC,3-2,6.8,8.6,0.763,0.564,27.0,0.657,0.233,,21.8,9.8,15.6,,15.0,0.35,21.0,
2017,2,Dominican (NY),110618,ECC,1-2,5.0,6.33,0.857,0.5,,0.84,0.188,,13.67,10.33,7.33,,8.67,0.241,16.33,
2017,2,Emmanuel (GA),110637,Conference Carolinas,0-6,,14.67,,,,,0.211,,,11.5,,,,0.261,,
2017,2,Fla. Southern,110581,Sunshine State,4-3,4.29,7.86,0.796,0.519,25.86,0.697,0.194,,13.43,15.57,9.71,,9.14,0.252,19.14,
2017,2,Florida Tech,110580,Sunshine State,3-4,6.57,9.29,0.899,0.654,41.14,0.697,0.296,,19.71,8.57,9.86,,13.14,0.279,16.0,
2017,2,Franklin Pierce,110582,NE10,2-0,5.5,10.5,0.759,0.395,34.5,0.923,0.333,,18.5,11.0,6.5,,13.0,0.299,20.0,
2017,2,Georgian Court,110619,Independent,1-6,3.43,5.57,0.759,0.386,27.29,0.576,0.175,,10.14,14.71,14.57,,6.71,0.236,,
2017,2,LIU Post,110585,ECC,3-4,5.14,7.57,0.888,0.568,29.57,0.794,0.406,,15.29,,8.57,,10.14,0.257,15.86,
2017,2,Lake Erie,110616,G-MAC,1-2,4.67,9.0,0.908,0.455,27.0,0.571,0.364,,12.33,10.0,11.0,,7.67,,15.33,
2017,2,Le Moyne,110584,NE10,5-0,8.4,6.8,0.859,0.64,27.0,0.75,0.333,,21.4,,4.4,,13.0,0.33,11.6,
2017,2,Lees-McRae,110625,Conference Carolinas,2-4,7.33,7.33,0.881,,32.5,0.714,0.25,,18.33,11.17,16.33,,11.0,0.324,14.33,
2017,2,Lenoir-Rhyne,110604,SAC,5-1,9.5,8.5,0.853,0.606,44.5,0.679,0.571,,25.17,12.33,11.67,,15.67,0.324,15.33,
2017,2,Limestone,110605,Conference Carolinas,6-0,7.0,9.0,0.933,0.689,44.83,0.905,0.24,,23.0,10.17,8.33,,16.0,0.36,17.83,
2017,2,Lincoln Memorial,110606,SAC,4-3,6.29,12.43,0.835,0.459,32.57,0.742,0.282,,18.86,10.0,10.57,,12.57,0.345,17.86,
2017,2,Lindenwood,110632,Independent,4-1,9.8,8.8,0.892,0.576,33.6,0.783,0.333,,26.8,,5.0,,17.0,0.32,12.2,
2017,2,Lynn,110627,Sunshine State,3-2,6.6,7.4,0.867,0.67,32.0,0.85,0.241,,17.2,9.8,8.2,,10.6,0.259,16.0,
2017,2,Mars Hill,110607,SAC,2-3,7.4,9.4,0.852,,36.0,0.7,0.294,,17.8,12.6,10.0,,10.4,0.315,16.4,
2017,2,Maryville (MO),110586,RMAC,0-5,,,,,,,,,,14.4,17.6,,,,21.2,
2017,2,Mercy,110587,ECC,4-2,7.83,8.33,0.836,0.511,32.0,0.75,0.379,,19.67,10.17,8.0,,11.83,0.329,14.83,
2017,2,Mercyhurst,110588,ECAC,4-1,8.2,6.2,0.892,0.606,29.8,0.688,0.28,,21.0,9.4,5.4,,12.8,0.323,13.4,
2017,2,Merrimack,110589,NE10,3-0,6.33,7.33,0.815,0.571,35.67,0.778,0.3,,19.67,11.33,6.33,,13.33,0.339,18.0,
2017,2,Molloy,110590,ECC,2-2,4.0,9.5,0.793,0.468,29.25,,0.235,,11.0,11.5,9.75,,7.0,,14.75,
2017,2,Mount Olive,110608,Conference Carolinas,4-1,6.4,5.6,0.809,0.534,27.0,0.762,0.455,,18.6,13.0,8.0,,12.2,0.355,15.8,
2017,2,New York Tech,110592,ECC,4-1,8.4,12.4,0.86,0.504,31.6,0.8,0.429,,21.0,10.4,8.0,,12.6,0.35,15.4,
2017,2,North Greenville,110620,Conference Carolinas,5-1,6.33,11.17,0.902,0.58,34.0,0.778,0.324,,19.5,9.83,7.33,,13.17,0.335,18.83,
2017,2,Notre Dame de Namur,110629,Independent,1-4,3.2,,,,,0.6,0.267,,,14.2,,,,0.27,18.0,
2017,2,Ohio Valley,110626,G-MAC,2-2,5.5,5.75,,0.545,27.25,0.696,0.174,,15.5,13.0,,,10.0,0.313,,
2017,2,Pace,110593,NE10,3-0,10.67,10.33,0.778,0.598,38.33,0.733,0.538,,28.67,10.33,6.33,,18.0,0.432,18.0,
2017,2,Pfeiffer,110594,Conference Carolinas,2-5,4.29,,0.789,0.524,29.43,,0.37,,13.0,14.71,12.14,,8.71,0.313,17.86,
2017,2,Post,110609,Independent,1-2,5.67,10.33,0.8,0.371,31.0,0.813,,,13.67,12.67,12.0,,8.0,0.231,17.0,
2017,2,Queens (NC),110622,SAC,4-2,6.5,10.83,0.838,0.681,33.5,0.846,0.143,,18.0,8.17,9.0,,11.5,0.294,16.67,
2017,2,Roberts Wesleyan,110634,ECC,4-2,6.17,9.83,0.792,0.65,32.67,0.769,0.481,,18.0,10.67,9.17,,11.83,0.345,19.67,
2017,2,Rockhurst,110610,RMAC,7-2,7.22,9.33,0.793,0.675,34.11,0.722,0.415,,18.78,8.33,9.33,,11.56,0.267,19.78,
2017,2,Rollins,110595,Sunshine State,4-2,5.67,6.67,0.89,0.504,26.17,0.563,0.28,,16.33,,9.0,,10.67,0.276,13.0,
2017,2,Saint Anselm,110596,NE10,1-1,7.5,12.0,0.816,0.458,39.5,0.778,0.5,,21.5,10.0,6.5,,14.0,0.277,20.0,
2017,2,Saint Leo,110597,Sunshine State,5-1,9.33,11.33,0.922,0.672,36.17,0.839,0.25,,26.83,10.5,8.33,,17.5,0.436,14.67,
2017,2,Saint Michael's,110598,NE10,1-0,13.0,13.0,0.905,0.731,37.0,,0.75,,33.0,9.0,5.0,,20.0,0.333,16.0,
2017,2,Saint Rose,110611,NE10,0-3,,,0.727,0.581,24.0,0.667,,,,11.33,11.33,,,,15.0,
2017,2,Seton Hill,110630,ECAC-II,2-1,8.0,11.33,0.841,0.61,34.33,0.563,0.385,,24.0,9.33,8.0,,16.0,0.387,15.67,
2017,2,Shorter,110635,Independent,0-6,,7.5,0.73,0.353,,,,,,18.5,,,,,,
2017,2,Southern N.H.,110591,NE10,2-1,4.33,5.67,0.745,0.523,32.33,0.933,0.222,,15.33,10.33,7.67,,11.0,0.266,17.67,
2017,2,St. Thomas Aquinas,110612,ECC,2-2,5.25,6.75,0.776,0.352,24.0,0.84,0.19,,15.0,10.75,9.75,,9.75,0.315,15.5,
2017,2,Tampa,110599,Sunshine State,5-3,7.25,9.13,0.893,0.631,32.88,0.833,0.346,,20.25,,6.75,,13.0,0.328,14.0,
2017,2,Tusculum,110624,SAC,5-1,10.0,9.83,0.871,0.524,37.33,0.765,0.538,,26.5,9.33,8.5,,16.5,0.363,15.5,
2017,2,UAH,110574,Independent,2-3,6.0,,0.795,0.611,29.8,0.69,0.429,,18.6,10.4,10.2,,12.6,0.33,17.4,
2017,2,UIndy,110583,Independent,2-3,7.8,9.0,0.879,0.635,30.0,0.895,0.231,,19.4,10.8,6.2,,11.6,0.283,16.8,
2017,2,Walsh,110633,ECAC-II,0-4,,7.0,0.879,0.542,30.25,0.857,0.25,,9.5,10.5,10.0,,7.0,0.269,17.75,
2017,2,Wheeling,110623,MEC,1-5,5.33,7.67,0.835,,27.33,0.6,0.467,,16.0,13.0,12.67,,10.67,0.36,12.83,
2017,2,Wingate,110613,SAC,4-2,5.33,8.33,0.809,0.458,30.5,0.781,0.333,,15.0,15.0,7.5,,9.67,0.305,15.5,
2017,2,Young Harris,110636,Independent,4-5,6.11,9.44,0.851,0.556,32.11,0.647,0.277,,17.67,8.67,10.0,,11.56,0.283,17.0,
2018,1,Air Force,423561,SoCon,3-7,3.3,5.0,0.821,0.538,22.3,0.444,0.261,,10.7,8.5,11.8,74.0,7.4,0.238,12.9,
2018,1,Army West Point,423562,Patriot,5-3,6.25,9.38,0.833,0.533,30.0,0.867,0.357,,16.5,7.88,6.63,82.0,10.25,0.265,13.13,
2018,1,Bellarmine,423501,SoCon,2-6,4.5,7.13,0.784,0.485,23.13,0.833,0.346,,12.0,12.25,10.5,60.0,7.5,0.231,16.38,
2018,1,Binghamton,423502,America East,2-8,3.5,6.9,0.822,0.419,21.6,0.724,,,10.8,10.7,13.9,,7.3,0.221,12.8,
2018,1,Boston U.,423503,Patriot,5-5,7.6,6.7,0.851,0.45,29.3,0.63,0.556,,18.6,11.9,11.5,110.0,11.0,0.314,12.9,
2018,1,Brown,423504,Ivy League,3-4,7.0,7.57,0.878,0.524,29.14,0.762,0.308,,19.57,14.29,10.57,88.0,12.57,0.317,15.0,
2018,1,Bryant,423505,NEC,4-5,5.11,4.89,0.894,0.682,32.44,0.75,0.4,,17.33,9.33,10.33,110.0,12.22,0.31,14.11,
2018,1,Bucknell,423506,Patriot,6-3,5.67,6.11,0.902,0.458,24.78,0.72,0.391,,17.0,9.33,9.56,102.0,11.33,0.33,10.78,
2018,1,Canisius,423507,MAAC,4-4,7.25,5.25,0.891,0.354,23.25,0.5,0.4,,18.25,10.25,,88.0,11.0,0.379,12.25,
2018,1,Cleveland St.,423508,Independent,2-8,3.4,6.2,0.846,0.422,24.4,0.583,0.188,,11.0,10.3,11.8,76.0,7.6,0.235,15.2,
2018,1,Colgate,423509,Patriot,6-3,7.56,5.44,0.85,0.635,29.33,0.724,0.323,,21.22,7.67,9.44,123.0,13.67,0.359,11.78,
2018,1,Cornell,423510,Ivy League,5-3,9.38,5.88,0.845,0.456,26.0,0.8,0.364,,23.88,11.75,9.13,116.0,14.5,0.399,10.38,
2018,1,Dartmouth,423511,Ivy League,2-5,3.71,5.86,0.798,0.39,28.29,0.52,0.304,,11.71,11.29,11.57,56.0,8.0,0.272,15.0,
2018,1,Delaware,423512,CAA,3-5,4.75,7.0,0.868,0.532,27.38,0.667,0.171,,15.63,12.13,11.13,87.0,10.88,0.283,11.13,
2018,1,Denver,423513,Big East,6-2,7.25,4.75,0.852,0.738,28.5,0.588,0.583,,19.13,,8.75,95.0,11.88,0.374,13.5,
2018,1,Detroit Mercy,423514,MAAC,4-5,4.89,8.67,0.877,0.4,24.56,0.667,0.267,,13.44,10.67,9.44,77.0,8.56,0.267,14.44,
2018,1,Drexel,423515,CAA,4-4,5.25,6.13,0.905,0.419,24.63,0.655,0.333,,15.75,11.13,10.88,84.0,10.5,0.318,13.25,
2018,1,Duke,423516,ACC,8-2,7.5,9.2,0.896,0.46,30.2,0.759,0.6,,21.4,9.8,7.9,139.0,13.9,0.376,11.4,
2018,1,Fairfield,423517,CAA,3-7,6.4,5.5,0.866,0.553,29.4,0.76,0.533,,15.6,9.8,10.9,92.0,9.2,0.256,13.1,
2018,1,Furman,423518,SoCon,2-6,5.38,6.0,0.854,0.349,24.75,0.5,0.25,,15.38,12.5,12.88,80.0,10.0,0.309,14.63,
2018,1,Georgetown,423519,Big East,6-2,6.75,8.38,0.921,0.442,28.75,0.783,0.375,,19.0,9.25,8.88,98.0,12.25,0.337,12.38,
2018,1,Hampton,423520,DI Independent,2-4,4.5,13.0,0.847,0.471,36.33,,0.333,,13.0,9.83,11.17,51.0,8.5,0.212,,
2018,1,Hartford,423521,America East,3-5,6.75,4.63,0.843,0.582,27.75,,0.345,,18.25,11.13,12.38,92.0,11.5,0.354,14.5,
2018,1,Harvard,423522,Ivy League,7-1,8.63,5.0,0.917,0.51,26.5,0.565,0.323,,21.0,12.5,10.25,99.0,12.38,0.313,12.88,
2018,1,High Point,423570,SoCon,1-7,5.0,6.38,0.87,0.479,31.63,0.605,0.267,,15.75,12.25,,86.0,10.75,0.315,15.63,
2018,1,Hobart,423523,NEC,4-5,5.44,7.56,0.91,0.609,30.0,0.708,0.36,,16.56,9.22,10.11,100.0,11.11,0.264,12.0,
2018,1,Hofstra,423524,CAA,4-4,5.5,,0.932,0.574,23.88,0.732,0.367,,14.25,9.63,7.5,70.0,8.75,0.271,10.75,
2018,1,Holy Cross,423525,Patriot,2-7,3.33,7.56,0.849,0.569,28.44,0.714,0.171,,,8.67,12.22,57.0,,,,
2018,1,Jacksonville,423526,SoCon,4-4,6.13,7.38,0.894,0.694,35.0,0.815,0.25,,17.5,8.75,10.13,91.0,11.38,0.329,16.38,
2018,1,Johns Hopkins,423527,Big Ten,6-2,7.5,6.38,0.885,0.626,30.88,0.679,0.357,,20.75,9.25,9.25,106.0,13.25,0.305,12.25,
2018,1,Lafayette,423528,Patriot,2-8,4.3,7.3,,0.48,27.9,0.606,0.259,,11.9,10.4,13.4,76.0,7.6,0.218,17.9,
2018,1,Lehigh,423529,Patriot,7-3,7.8,8.5,0.876,0.622,32.9,0.63,0.621,,19.5,8.4,8.3,117.0,11.7,0.338,13.5,
2018,1,Loyola Maryland,423531,Patriot,5-3,7.13,10.63,0.892,0.401,28.63,0.72,0.333,,20.0,9.13,8.75,103.0,12.88,0.331,13.0,
2018,1,Manhattan,423532,MAAC,3-6,4.33,4.78,0.875,0.414,26.89,0.769,0.242,,12.33,12.0,10.44,72.0,8.0,0.25,11.56,
2018,1,Marist,423533,MAAC,2-8,4.3,4.2,0.844,0.449,,0.568,0.265,,12.3,11.9,11.0,80.0,8.0,0.269,11.4,
2018,1,Marquette,423534,Big East,4-3,3.71,5.71,0.863,0.552,25.43,0.778,0.24,,11.71,7.57,8.86,56.0,8.0,0.229,13.71,
2018,1,Maryland,423536,Big Ten,7-1,6.63,5.25,0.894,0.578,26.75,0.75,0.625,,18.88,10.0,8.75,98.0,12.25,0.37,10.0,
2018,1,Massachusetts,423537,CAA,5-4,7.78,8.67,0.868,0.594,32.11,0.697,0.412,,19.89,11.44,12.11,109.0,12.11,0.299,13.0,
2018,1,Mercer,423538,SoCon,3-6,4.0,8.78,0.815,0.389,24.0,0.575,0.278,,11.89,10.33,10.89,71.0,7.89,0.247,14.22,
2018,1,Michigan,423539,Big Ten,7-2,6.33,7.44,0.881,0.509,24.44,0.724,0.333,,18.0,10.33,8.89,105.0,11.67,0.335,13.33,
2018,1,Monmouth,423540,MAAC,3-5,5.38,7.63,0.923,0.36,27.63,0.667,0.276,,14.88,11.25,8.88,76.0,9.5,0.264,10.88,
2018,1,Mount St. Mary's,423541,NEC,3-6,5.89,8.22,0.842,0.524,32.11,0.6,0.2,,17.11,10.0,13.33,101.0,11.22,0.271,16.67,
2018,1,NJIT,423543,Independent,0-11,3.64,6.27,,,23.09,0.545,0.229,,10.09,12.91,12.91,,,0.246,15.45,
2018,1,Navy,423563,Patriot,5-4,5.44,6.44,0.828,0.547,29.56,0.529,0.214,,14.11,8.89,9.0,78.0,8.67,0.261,15.33,
2018,1,North Carolina,423542,ACC,6-4,5.9,5.5,0.892,0.461,25.8,0.704,0.5,,16.8,9.2,10.5,109.0,10.9,0.299,10.7,
2018,1,Notre Dame,423544,ACC,5-2,4.71,5.71,0.911,0.522,26.29,0.526,0.353,,15.0,8.0,9.0,72.0,10.29,0.321,14.14,
2018,1,Ohio St.,423545,Big Ten,5-4,4.44,6.22,0.94,0.529,29.89,0.522,0.269,,13.89,9.22,8.44,85.0,9.44,0.298,12.33,
2018,1,Penn,423547,Ivy League,5-4,5.44,,0.901,0.424,20.78,0.655,0.417,,15.22,10.11,9.67,88.0,9.78,0.301,10.11,
2018,1,Penn St.,423546,Big Ten,6-3,7.11,6.33,0.889,0.674,31.11,0.769,0.263,,20.56,10.67,9.33,121.0,13.44,0.348,13.11,
2018,1,Princeton,423548,Ivy League,3-4,7.71,7.29,0.793,0.448,32.14,0.476,0.467,,18.86,12.43,13.43,78.0,11.14,0.306,13.0,
2018,1,Providence,423549,Big East,3-6,5.33,4.67,0.924,0.49,21.33,0.697,0.294,,14.56,11.44,9.44,83.0,9.22,0.256,11.44,
2018,1,Quinnipiac,423550,MAAC,4-5,5.78,7.67,0.861,0.514,31.22,0.6,0.423,,16.56,10.44,9.89,97.0,10.78,0.267,12.78,
2018,1,Richmond,423551,SoCon,5-4,5.78,7.44,0.924,0.452,32.11,0.76,0.407,,16.0,9.56,10.67,92.0,10.22,0.284,14.78,
2018,1,Robert Morris,423552,NEC,6-2,7.5,10.0,0.901,0.429,29.0,0.84,0.583,,20.0,12.5,8.13,100.0,12.5,0.357,14.25,
2018,1,Rutgers,423553,Big Ten,7-2,6.56,7.0,0.873,0.472,28.89,0.688,0.333,,18.0,8.89,9.0,103.0,11.44,0.325,12.0,
2018,1,Sacred Heart,423554,NEC,4-5,6.11,9.56,0.886,0.459,30.0,0.636,0.485,,17.56,11.56,12.33,103.0,11.44,0.313,13.56,
2018,1,Saint Joseph's,423556,NEC,4-3,5.29,5.57,0.898,0.492,24.0,0.8,0.238,,13.43,12.14,7.29,57.0,8.14,0.252,11.57,
2018,1,Siena,423557,MAAC,2-5,5.0,5.71,0.861,0.426,25.86,0.452,0.4,,15.57,14.14,12.71,74.0,10.57,0.286,11.86,
2018,1,St. John's (NY),423555,Big East,6-2,7.0,6.5,0.844,0.466,27.88,0.667,0.5,,18.63,10.5,8.88,93.0,11.63,0.344,11.88,
2018,1,Stony Brook,423558,America East,3-5,5.75,6.13,0.847,,21.38,0.433,0.344,,14.75,8.88,12.0,72.0,9.0,0.295,12.5,
2018,1,Syracuse,423559,ACC,4-3,6.43,6.57,0.847,0.479,28.71,0.542,0.429,,17.71,9.71,12.29,79.0,11.29,0.331,12.29,
2018,1,Towson,423560,CAA,3-5,3.38,4.63,0.873,0.582,26.75,0.462,0.296,,12.38,11.25,10.5,72.0,9.0,0.277,14.88,
2018,1,UAlbany,423500,America East,8-0,9.38,5.25,0.924,0.81,36.38,0.636,0.324,,25.25,11.13,7.13,127.0,15.88,0.333,12.5,
2018,1,UMBC,423535,America East,2-6,,6.38,0.836,0.4,,0.769,0.188,,,,8.75,52.0,6.5,,13.38,
2018,1,UMass Lowell,423530,America East,4-5,6.44,7.44,0.866,0.405,33.67,0.857,0.529,,16.67,14.11,11.22,92.0,10.22,0.27,13.33,
2018,1,VMI,423566,Southland,1-6,,8.71,0.878,0.542,30.14,0.56,0.227,,11.71,11.86,12.29,60.0,8.57,0.249,16.57,
2018,1,Vermont,423564,America East,8-1,6.0,7.33,0.853,0.46,29.22,0.694,0.263,,17.44,11.33,8.11,103.0,11.44,0.355,16.67,
2018,1,Villanova,423565,Big East,7-2,5.89,5.89,0.913,0.5,26.67,0.652,0.409,,17.0,10.0,10.11,100.0,11.11,0.27,11.11,
2018,1,Virginia,423567,ACC,7-3,7.6,7.9,0.855,0.599,38.6,0.667,0.344,,20.4,11.5,10.8,128.0,12.8,0.318,14.7,
2018,1,Wagner,423568,NEC,4-5,4.22,9.67,0.824,0.416,26.89,0.793,0.441,,11.89,13.44,8.56,69.0,7.67,0.265,16.22,
2018,1,Yale,423569,Ivy League,6-1,7.29,6.29,0.888,0.565,28.71,0.611,0.444,,19.43,8.29,8.71,85.0,12.14,0.327,13.0,
2018,2,Adams St.,423598,RMAC,2-2,3.75,9.0,0.824,0.407,30.0,0.727,0.25,,11.75,14.25,9.75,,8.0,0.227,,
2018,2,Adelphi,423571,NE10,3-1,10.5,8.5,0.878,0.712,42.75,0.818,0.5,,27.0,,6.5,,16.5,0.373,18.0,
2018,2,Alderson Broaddus,423599,G-MAC,0-3,3.67,7.0,,0.494,26.33,,0.455,,10.33,15.33,,,6.67,0.328,,
2018,2,American Int'l,423573,NE10,1-5,3.67,7.17,,0.397,23.5,0.933,0.233,,10.33,15.33,,,6.67,0.247,19.33,
2018,2,Assumption,423574,NE10,3-0,6.33,6.67,0.913,0.488,,1.0,0.333,,15.67,,3.0,,9.33,0.389,9.67,
2018,2,Belmont Abbey,423612,Conference Carolinas,5-3,6.0,6.5,0.881,0.505,30.0,0.765,0.423,,17.38,9.75,8.13,,11.38,0.289,13.88,
2018,2,Bentley,423575,NE10,1-2,5.33,,0.902,0.36,,0.727,0.5,,14.67,9.0,12.0,,9.33,0.259,12.0,
2018,2,CSU Pueblo,423613,RMAC,3-2,7.8,12.4,0.763,0.455,31.2,0.818,0.412,,21.8,12.6,11.6,,14.0,0.422,,
2018,2,Catawba,423600,SAC,4-3,6.29,8.57,0.826,0.597,36.43,0.658,0.324,,19.86,12.29,11.86,,13.57,0.328,17.57,
2018,2,Chestnut Hill,423626,CACC,1-3,,6.75,,0.53,25.75,,0.364,,,13.25,12.0,,,0.275,,
2018,2,Chowan,423615,Conference Carolinas,3-5,5.88,10.25,0.834,0.405,35.75,0.737,0.342,,16.13,15.13,12.75,,10.25,0.315,18.25,
2018,2,Coker,423601,SAC,3-4,5.14,9.43,0.802,,24.71,,0.3,,13.29,9.86,10.14,,8.14,0.281,16.71,
2018,2,Colorado Mesa,423619,RMAC,7-2,6.22,7.67,0.821,0.507,35.89,0.784,0.41,,19.0,12.44,8.78,,12.78,0.32,18.78,
2018,2,Davis & Elkins,423576,G-MAC,0-4,4.0,9.25,,,25.25,0.611,0.208,,,11.75,,,,0.234,,
2018,2,Dist. Columbia,423577,ECC,6-1,8.71,10.29,0.768,0.721,32.14,0.625,0.405,,24.0,13.14,8.29,,15.29,0.379,,
2018,2,Dominican (NY),423616,CACC,0-5,3.6,7.4,,,26.0,0.611,0.229,,,13.0,,,,,16.8,
2018,2,Embry-Riddle (FL),440581,Sunshine State,1-6,,6.71,0.754,0.534,30.14,,0.348,,,10.14,11.71,,,,,
2018,2,Felician,440361,CACC,0-5,,,0.761,,,0.727,,,,16.4,,,,,,
2018,2,Fla. Southern,423579,Sunshine State,4-3,6.86,7.86,0.858,0.574,34.29,0.722,0.385,,17.86,12.86,9.86,,11.0,0.264,15.43,
2018,2,Florida Tech,423578,Sunshine State,2-4,4.33,7.5,0.911,0.545,32.5,0.758,0.261,,15.83,11.17,10.0,,11.5,0.275,15.83,
2018,2,Franklin Pierce,423580,NE10,3-0,5.0,,0.872,0.633,27.67,0.737,0.4,,17.0,9.67,5.67,,12.0,0.265,13.33,
2018,2,Georgian Court,423617,CACC,4-3,6.43,6.86,0.891,0.473,32.71,0.621,0.4,,17.29,13.57,10.29,,10.86,0.308,18.0,
2018,2,LIU Post,423583,ECC,2-2,4.75,10.5,0.847,0.517,31.75,0.625,,,13.25,12.75,10.25,,8.5,0.239,16.5,
2018,2,Lake Erie,423614,G-MAC,3-1,8.75,11.5,0.892,0.543,39.5,0.824,0.529,,28.5,,8.5,,19.75,0.376,16.75,
2018,2,Le Moyne,423582,NE10,5-0,8.4,9.8,0.867,0.562,32.4,0.643,0.3,,24.0,11.0,5.0,,15.6,0.318,13.0,
2018,2,Lees-McRae,423623,Conference Carolinas,1-2,,,,,27.67,0.714,0.4,,11.67,10.33,,,8.33,0.373,15.67,
2018,2,Lenoir-Rhyne,423602,SAC,8-1,8.11,8.78,0.85,0.514,29.0,0.727,0.389,,21.78,13.22,9.89,,13.67,0.335,14.67,
2018,2,Limestone,423603,Conference Carolinas,5-3,7.13,7.25,0.82,0.573,37.88,0.781,0.429,,21.75,12.25,9.25,,14.63,0.348,15.25,
2018,2,Lincoln Memorial,423604,SAC,8-1,10.89,13.33,0.849,0.534,42.44,0.758,0.366,,27.56,10.44,8.11,,16.67,0.354,17.67,
2018,2,Lindenwood,423630,DII Independent,3-2,4.8,10.6,0.844,0.4,29.8,0.609,0.333,,18.2,,11.0,,13.4,0.312,12.8,
2018,2,Lynn,423625,Sunshine State,7-1,5.88,7.0,0.823,0.743,42.13,,0.514,,18.25,,8.38,,12.38,0.282,14.63,
2018,2,Mars Hill,423605,SAC,1-7,4.63,,0.788,,,0.686,0.5,,12.38,17.63,,,7.75,0.304,13.75,
2018,2,Maryville (MO),423584,GLVC,3-8,,10.0,0.781,0.455,26.73,0.63,,,,9.36,9.45,,,,19.64,
2018,2,Mercy,423585,ECC,5-1,8.17,9.67,0.877,0.672,33.0,0.792,0.357,,20.17,11.67,6.83,,12.0,0.31,14.33,
2018,2,Mercyhurst,423586,G-MAC,5-1,5.5,8.5,0.918,0.529,28.67,0.842,0.235,,15.83,,6.67,,10.33,0.291,14.33,
2018,2,Merrimack,423587,NE10,4-0,9.0,8.0,0.899,0.657,31.25,0.857,0.421,,23.75,,8.5,,14.75,0.33,13.0,
2018,2,Molloy,423588,ECC,2-3,5.8,11.2,0.827,0.377,29.8,0.636,0.304,,16.2,12.4,9.2,,10.4,0.287,18.6,
2018,2,Montevallo,440381,GLVC,5-3,6.25,7.0,0.75,0.458,30.13,0.8,0.31,,16.13,14.38,8.63,,9.88,0.353,,
2018,2,Mount Olive,423606,Conference Carolinas,8-2,5.7,11.6,0.889,0.532,31.8,0.824,0.353,,16.8,11.3,5.4,,11.1,0.299,14.5,
2018,2,New York Tech,423590,ECC,4-4,6.63,6.88,0.846,0.603,29.5,,0.333,,18.25,8.88,12.13,,11.63,0.27,14.13,
2018,2,Newberry,440561,SAC,4-4,5.5,7.5,0.834,0.479,33.38,,0.289,,15.5,11.13,10.38,,10.0,0.284,17.38,
2018,2,North Greenville,423618,Conference Carolinas,4-4,4.75,6.63,0.828,0.543,,0.607,0.485,,15.5,9.75,9.63,,10.75,0.293,14.25,
2018,2,Notre Dame de Namur,423627,DII Independent,1-6,3.43,9.71,,0.519,27.14,0.7,0.25,,,9.43,,,,,,
2018,2,Ohio Valley,423624,G-MAC,1-4,4.6,,0.875,0.359,,0.688,,,12.2,,10.6,,7.6,0.279,13.8,
2018,2,Pace,423591,NE10,3-1,7.75,15.5,0.896,0.49,37.25,0.867,0.429,,21.25,11.75,8.25,,13.5,0.289,15.0,
2018,2,Palm Beach Atl.,439401,Sunshine State,4-6,3.8,8.4,0.806,0.46,37.2,0.606,0.324,,13.2,11.5,10.9,,9.4,0.246,18.7,
2018,2,Post,423607,CACC,0-6,,,,,,,,,,13.17,13.0,,,,17.17,
2018,2,Queens (NC),423620,SAC,2-4,3.67,,0.885,0.534,23.67,0.579,0.3,,11.5,10.33,10.5,,7.83,0.228,16.0,
2018,2,Roberts Wesleyan,423632,ECC,4-4,6.38,6.75,0.812,0.548,29.38,0.861,0.359,,17.75,11.38,10.63,,11.38,0.389,18.38,
2018,2,Rockhurst,423608,RMAC,8-1,7.44,8.56,0.818,0.757,38.0,0.737,0.5,,24.89,,7.11,,17.44,0.341,18.56,
2018,2,Rollins,423593,Sunshine State,2-3,4.2,8.6,0.835,0.561,30.8,,,,12.0,10.2,10.2,,7.8,,16.6,
2018,2,Saint Anselm,423594,NE10,1-1,6.5,10.5,0.85,0.549,33.5,0.667,1.0,,20.0,11.0,8.5,,13.5,0.276,17.0,
2018,2,Saint Leo,423595,Sunshine State,6-1,10.0,7.86,0.92,0.487,32.43,0.667,0.433,,25.71,14.29,9.57,,15.71,0.4,15.0,
2018,2,Saint Michael's,423596,NE10,2-2,4.25,7.5,0.829,0.493,29.5,0.875,0.214,,10.5,10.75,9.0,,,,17.5,
2018,2,Saint Rose,423609,NE10,1-4,,,0.798,0.529,25.4,0.806,0.417,,11.2,14.6,9.6,,7.8,0.295,15.6,
2018,2,Seton Hill,423628,G-MAC,6-1,10.0,9.0,0.956,0.599,31.14,0.743,0.467,,25.43,10.14,8.29,,15.43,0.334,12.86,
2018,2,Shorter,423633,GLVC,1-8,4.11,9.56,0.863,,,0.581,,,11.78,18.78,,,7.67,0.259,17.56,
2018,2,Southern N.H.,423589,NE10,2-2,7.0,9.0,0.958,0.632,37.0,0.63,0.438,,19.25,10.75,11.75,,12.25,0.271,18.25,
2018,2,St. Thomas Aquinas,423610,ECC,1-3,,6.5,0.77,,23.0,0.677,,,11.5,15.0,12.75,,8.75,0.285,15.0,
2018,2,Tampa,423597,Sunshine State,7-1,6.75,5.63,0.895,0.726,34.88,0.619,0.242,,20.63,9.88,8.88,,13.88,0.354,13.5,
2018,2,Tusculum,423622,SAC,3-4,7.0,6.0,0.864,0.408,29.86,0.69,0.556,,18.57,12.0,11.14,,11.57,0.289,13.29,
2018,2,UAH,423572,GLVC,6-2,6.63,5.88,0.858,0.605,33.88,0.706,0.325,,19.0,10.0,7.75,,12.38,0.301,15.88,
2018,2,UIndy,423581,GLVC,3-3,4.67,10.67,0.838,0.604,31.17,0.667,0.208,,14.83,,9.33,,10.17,,12.33,
2018,2,Walsh,423631,G-MAC,1-6,,7.0,,0.453,,,,,,9.43,,,,0.274,19.43,
2018,2,Wheeling,423621,DII Independent,2-4,,5.83,0.861,,,0.68,0.235,,,14.5,9.5,,7.33,0.295,15.0,
2018,2,Wilmington (DE),440201,CACC,1-3,3.75,10.75,,0.455,29.75,0.619,0.304,,11.25,16.0,11.0,,7.5,,19.0,
2018,2,Wingate,423611,SAC,3-4,6.29,5.86,0.798,0.439,27.43,0.811,,,15.71,9.14,9.29,,9.43,0.276,13.71,
2018,2,Young Harris,423634,GLVC,8-3,7.73,,0.823,0.669,28.0,0.81,0.268,,20.64,10.55,8.09,,12.91,0.357,16.09,
2019,1,Air Force,473285,SoCon,5-2,7.57,8.86,0.839,0.558,33.43,0.735,0.333,,19.57,8.29,7.86,84.0,12.0,0.305,18.86,
2019,1,Army West Point,473286,Patriot,6-2,6.13,8.63,0.851,0.347,32.38,0.905,0.214,,16.38,13.63,7.75,82.0,10.25,0.267,17.13,
2019,1,Bellarmine,473225,SoCon,0-7,4.86,7.86,0.816,0.39,26.0,0.692,0.412,,13.57,15.14,12.86,61.0,8.71,0.251,19.71,
2019,1,Binghamton,473226,America East,0-6,4.67,11.17,0.754,0.389,27.0,0.72,0.2,,12.67,14.0,13.5,48.0,8.0,0.23,20.0,
2019,1,Boston U.,473227,Patriot,6-3,8.22,11.89,0.794,0.554,35.44,0.758,0.536,,20.0,12.0,9.56,106.0,11.78,0.264,19.11,
2019,1,Brown,473228,Ivy League,3-3,7.67,6.83,0.762,0.526,37.33,0.643,0.433,,21.67,11.33,12.0,84.0,14.0,0.312,21.0,
2019,1,Bryant,473229,NEC,2-6,3.5,6.63,0.764,0.591,31.5,0.727,0.259,,11.75,13.13,9.5,66.0,8.25,0.252,20.13,
2019,1,Bucknell,473230,Patriot,2-6,5.25,9.88,0.845,0.472,31.63,0.722,0.31,,14.38,11.5,11.5,73.0,9.13,0.261,17.25,
2019,1,Canisius,473231,MAAC,4-3,5.57,6.43,0.778,0.476,27.43,0.5,0.345,,16.71,13.86,11.71,78.0,11.14,0.326,20.43,
2019,1,Cleveland St.,473232,DI Independent,4-5,6.11,8.0,0.854,0.631,30.67,0.731,0.371,,15.89,9.89,10.44,88.0,9.78,0.277,20.33,
2019,1,Colgate,473233,Patriot,3-4,4.71,6.86,0.797,0.464,25.14,0.667,0.304,,13.71,10.71,9.57,63.0,9.0,0.245,16.86,
2019,1,Cornell,473234,Ivy League,5-2,9.71,11.57,0.852,0.358,33.57,0.718,0.474,,25.43,11.57,12.86,110.0,15.71,0.42,16.57,
2019,1,Dartmouth,473235,Ivy League,2-4,4.83,10.0,0.774,0.405,31.83,0.591,0.154,,13.33,11.5,10.0,51.0,8.5,0.248,21.33,
2019,1,Delaware,473236,CAA,6-2,5.25,9.13,0.876,0.444,28.75,0.731,0.32,,15.75,14.5,8.25,84.0,10.5,0.243,16.25,
2019,1,Denver,473237,Big East,4-2,7.5,10.5,0.766,0.543,33.0,0.739,0.231,,19.17,8.5,8.0,70.0,11.67,0.29,15.83,
2019,1,Detroit Mercy,473238,MAAC,4-3,6.14,7.86,0.839,0.609,32.14,0.571,0.419,,17.43,11.29,13.14,79.0,11.29,0.279,20.29,
2019,1,Drexel,473239,CAA,3-4,6.14,9.43,0.818,0.534,36.71,0.708,0.462,,19.0,8.14,13.29,90.0,12.86,0.324,19.29,
2019,1,Duke,473240,ACC,8-1,7.56,7.89,0.811,0.585,34.56,0.63,0.273,,20.89,8.56,9.0,120.0,13.33,0.33,16.22,
2019,1,Fairfield,473241,CAA,5-3,8.38,7.13,0.752,0.564,33.88,0.429,0.292,,20.0,10.75,12.38,93.0,11.63,0.266,16.5,
2019,1,Furman,473242,SoCon,2-6,6.38,10.13,0.807,0.422,32.0,0.515,0.3,,17.5,12.75,13.0,89.0,11.13,0.307,17.63,
2019,1,Georgetown,473243,Big East,7-1,8.88,9.5,0.883,0.446,30.63,0.708,0.379,,22.88,11.25,9.25,112.0,14.0,0.336,14.0,
2019,1,Hampton,473244,DI Independent,4-2,6.83,12.5,0.719,0.606,31.67,0.545,0.308,,17.5,11.17,12.0,64.0,10.67,0.268,22.33,
2019,1,Hartford,473245,America East,1-7,6.5,7.38,0.855,0.43,30.75,0.6,0.467,,18.0,11.38,14.88,92.0,11.5,0.315,13.88,
2019,1,Harvard,473246,Ivy League,3-4,7.0,9.14,0.792,0.409,34.57,0.6,0.441,,18.57,16.57,11.86,81.0,11.57,0.306,21.71,
2019,1,High Point,473294,SoCon,7-1,6.88,10.38,0.859,0.595,41.38,0.733,0.231,,21.88,13.25,10.38,120.0,15.0,0.336,22.25,
2019,1,Hobart,473247,NEC,6-1,10.57,7.57,0.856,0.657,37.71,0.68,0.423,,27.29,10.57,10.57,117.0,16.71,0.315,15.86,
2019,1,Hofstra,473248,CAA,3-5,3.5,6.0,0.86,0.543,29.88,0.71,0.385,,12.25,10.75,10.0,70.0,8.75,0.24,16.38,
2019,1,Holy Cross,473249,Patriot,3-5,5.38,11.25,0.778,0.611,34.75,0.625,0.2,,14.63,11.0,10.5,74.0,9.25,0.214,20.13,
2019,1,Jacksonville,473250,SoCon,2-6,6.13,12.13,0.85,0.366,27.5,0.561,0.333,,17.63,10.13,13.5,92.0,11.5,0.317,16.75,
2019,1,Johns Hopkins,473251,Big Ten,4-3,6.86,7.29,0.845,0.538,29.86,0.739,0.37,,18.0,12.43,12.14,78.0,11.14,0.27,16.14,
2019,1,Lafayette,473252,Patriot,4-5,4.78,8.56,0.793,0.324,29.89,0.679,0.205,,14.67,9.67,11.11,89.0,9.89,0.284,14.89,
2019,1,Lehigh,473253,Patriot,5-3,5.38,10.13,0.886,0.685,41.5,0.793,0.276,,15.88,10.75,8.75,84.0,10.5,0.275,17.5,
2019,1,Loyola Maryland,473255,Patriot,5-2,8.0,6.86,0.801,0.469,32.86,0.778,0.435,,22.57,14.43,10.29,102.0,14.57,0.388,16.86,
2019,1,Manhattan,473256,MAAC,4-4,6.63,5.13,0.89,0.508,30.0,0.824,0.273,,15.75,12.75,10.5,73.0,9.13,0.263,17.25,
2019,1,Marist,473257,MAAC,3-3,4.5,5.67,0.728,0.664,31.0,0.706,0.107,,12.67,12.67,10.67,49.0,8.17,0.263,20.83,
2019,1,Marquette,473258,Big East,4-3,7.14,8.14,0.803,0.49,30.14,0.731,0.304,,19.71,9.43,12.0,88.0,12.57,0.312,14.57,
2019,1,Maryland,473260,Big Ten,7-1,8.0,4.63,0.863,0.592,30.88,0.636,0.3,,20.88,11.25,9.0,103.0,12.88,0.338,14.88,
2019,1,Massachusetts,473261,CAA,5-3,8.38,10.88,0.88,0.652,35.13,0.581,0.438,,21.38,12.5,8.13,104.0,13.0,0.28,15.63,
2019,1,Mercer,473262,SoCon,0-7,5.14,7.14,0.837,0.467,29.29,0.73,0.35,,13.86,14.29,13.86,61.0,8.71,0.236,20.0,
2019,1,Michigan,473263,Big Ten,3-4,7.71,9.57,0.789,0.387,28.57,0.81,0.433,,20.0,13.29,13.0,86.0,12.29,0.331,15.71,
2019,1,Monmouth,473264,MAAC,1-5,3.0,9.0,0.823,0.529,28.17,0.783,,,9.33,11.83,10.67,38.0,6.33,0.179,18.33,
2019,1,Mount St. Mary's,473265,NEC,4-5,4.56,9.22,0.801,0.507,30.56,0.622,0.216,,13.78,11.33,10.22,83.0,9.22,0.237,18.44,
2019,1,NJIT,473267,DI Independent,1-8,4.33,7.11,0.81,0.377,26.67,0.632,0.321,,12.67,16.56,14.33,75.0,8.33,0.253,19.33,
2019,1,Navy,473287,Patriot,4-3,7.43,6.71,0.781,0.497,34.43,0.647,0.353,,18.14,12.29,11.43,75.0,10.71,0.258,18.29,
2019,1,North Carolina,473266,ACC,6-2,7.5,10.13,0.851,0.556,36.38,0.65,0.438,,21.75,9.25,9.25,114.0,14.25,0.311,15.88,
2019,1,Notre Dame,473268,ACC,4-2,5.67,8.67,0.863,0.556,30.33,0.579,0.357,,18.0,8.5,9.5,74.0,12.33,0.339,18.17,
2019,1,Ohio St.,473269,Big Ten,6-0,7.33,4.83,0.879,0.6,33.33,0.655,0.316,,21.17,12.67,9.33,83.0,13.83,0.392,16.33,
2019,1,Penn,473271,Ivy League,3-3,7.5,7.67,0.883,0.608,34.0,0.556,0.4,,20.5,13.0,12.0,78.0,13.0,0.28,16.0,
2019,1,Penn St.,473270,Big Ten,6-1,11.86,8.0,0.864,0.581,36.14,0.577,0.652,,30.71,12.43,10.43,132.0,18.86,0.436,16.29,
2019,1,Princeton,473272,Ivy League,2-4,9.17,9.33,0.865,0.497,36.17,0.667,0.273,,23.0,11.5,12.0,83.0,13.83,0.279,14.67,
2019,1,Providence,473273,Big East,4-4,6.75,7.13,0.822,0.465,28.13,0.692,0.273,,18.0,12.25,8.63,90.0,11.25,0.261,15.38,
2019,1,Quinnipiac,473274,MAAC,4-3,6.57,5.86,0.771,0.503,27.86,0.548,0.25,,17.86,15.29,13.86,79.0,11.29,0.309,20.71,
2019,1,Richmond,473275,SoCon,5-3,7.88,8.75,0.842,0.398,27.38,0.769,0.5,,19.88,13.0,9.5,96.0,12.0,0.311,16.5,
2019,1,Robert Morris,473276,NEC,1-6,8.14,9.0,0.885,0.538,33.14,0.556,0.45,,21.0,12.14,15.86,90.0,12.86,0.265,15.43,
2019,1,Rutgers,473277,Big Ten,4-4,5.88,7.25,0.878,0.455,33.25,0.85,0.133,,17.13,14.63,11.13,90.0,11.25,0.275,14.63,
2019,1,Sacred Heart,473278,NEC,5-3,7.25,10.75,0.826,0.381,36.63,0.5,0.367,,21.38,11.13,13.38,113.0,14.13,0.295,17.13,
2019,1,Saint Joseph's,473280,NEC,4-4,6.13,8.63,0.809,0.595,32.13,0.609,0.286,,16.5,11.0,10.63,83.0,10.38,0.268,19.5,
2019,1,Siena,473281,MAAC,4-2,9.17,8.0,0.872,0.439,32.17,0.55,0.4,,24.5,9.33,14.17,92.0,15.33,0.335,12.17,
2019,1,St. Bonaventure,474672,MAAC,0-6,3.5,7.67,0.747,0.238,23.33,0.75,0.28,,10.17,15.83,15.67,40.0,6.67,0.26,21.5,
2019,1,St. John's (NY),473279,Big East,3-4,7.57,7.14,0.841,0.487,31.0,0.5,0.52,,19.86,12.14,12.71,86.0,12.29,0.319,14.29,
2019,1,Stony Brook,473282,America East,3-4,6.14,7.43,0.827,0.417,26.0,0.793,0.333,,15.29,11.57,11.43,64.0,9.14,0.27,16.43,
2019,1,Syracuse,473283,ACC,4-2,6.17,9.33,0.859,0.609,37.0,0.714,0.435,,19.17,13.67,10.67,78.0,13.0,0.291,12.17,
2019,1,Towson,473284,CAA,5-2,7.0,7.43,0.766,0.761,38.14,0.643,0.375,,20.0,12.14,10.86,91.0,13.0,0.304,19.86,
2019,1,UAlbany,473224,America East,2-4,7.33,7.17,0.872,0.418,29.0,0.435,0.318,,18.67,12.83,13.5,68.0,11.33,0.286,15.0,
2019,1,UMBC,473259,America East,1-5,5.5,9.33,0.783,0.374,26.67,0.636,0.208,,16.83,9.17,14.33,68.0,11.33,0.28,17.0,
2019,1,UMass Lowell,473254,America East,3-5,6.13,9.25,0.792,0.621,32.75,0.621,0.48,,15.38,9.5,12.0,74.0,9.25,0.249,22.38,
2019,1,Utah,474697,DI Independent,4-6,4.7,7.1,0.818,0.303,24.5,0.606,0.344,,12.8,14.4,12.3,81.0,8.1,0.266,18.5,
2019,1,VMI,473290,SoCon,3-3,4.83,11.83,0.906,0.429,33.0,0.714,0.125,,14.83,14.83,12.5,60.0,10.0,0.214,18.17,
2019,1,Vermont,473288,America East,4-3,6.71,6.14,0.785,0.479,30.14,0.724,0.381,,18.86,12.0,10.86,85.0,12.14,0.327,17.86,
2019,1,Villanova,473289,Big East,3-4,5.86,7.71,0.931,0.519,29.14,0.619,0.361,,16.29,9.0,12.86,73.0,10.43,0.237,13.0,
2019,1,Virginia,473291,ACC,5-2,7.86,11.29,0.812,0.484,40.57,0.676,0.276,,20.29,12.86,12.57,87.0,12.43,0.288,15.71,
2019,1,Wagner,473292,NEC,1-7,4.0,10.13,0.775,0.451,26.0,0.786,0.29,,11.63,11.88,10.63,61.0,7.63,0.227,18.5,
2019,1,Yale,473293,Ivy League,4-1,9.0,7.8,0.83,0.783,38.2,0.263,0.294,,22.8,8.8,11.4,69.0,13.8,0.29,16.4,
2019,2,Adams St.,473321,RMAC,1-2,6.67,10.67,0.817,0.507,38.67,0.647,0.412,,19.33,7.33,9.0,,12.67,0.297,20.0,
2019,2,Adelphi,473295,NE10,4-0,9.25,7.5,0.871,0.718,38.5,0.769,0.1,,29.0,10.75,8.5,,19.75,0.418,15.25,
2019,2,Alderson Broaddus,473322,G-MAC,1-5,5.17,10.0,0.802,0.329,21.5,0.581,0.282,,13.0,17.83,13.5,,7.83,0.227,16.5,
2019,2,American Int'l,473297,NE10,0-7,1.57,7.57,0.664,0.332,23.71,0.571,0.154,,6.86,11.57,19.0,,5.29,0.204,26.0,
2019,2,Assumption,473298,NE10,2-2,10.25,7.75,0.875,0.434,24.5,0.769,0.462,,26.25,14.0,10.0,,16.0,0.327,11.75,
2019,2,Barton,474699,Conference Carolinas,0-7,5.71,7.86,0.829,0.346,29.86,0.694,0.259,,16.57,14.57,16.86,,10.86,0.322,20.0,
2019,2,Belmont Abbey,473335,Conference Carolinas,6-1,8.14,7.71,0.869,0.483,32.29,0.571,0.346,,23.29,11.86,11.29,,15.14,0.342,15.29,
2019,2,Bentley,473299,NE10,2-0,5.0,7.5,0.824,0.351,28.0,1.0,0.286,,15.0,9.0,6.5,,10.0,0.278,18.0,
2019,2,CSU Pueblo,473336,RMAC,3-0,10.67,16.67,0.84,0.678,42.0,0.714,0.154,,30.0,10.67,9.33,,19.33,0.379,21.33,
2019,2,Catawba,473323,SAC,4-2,6.83,12.0,0.881,0.395,33.33,0.667,0.316,,18.5,13.83,9.5,,11.67,0.282,20.33,
2019,2,Chestnut Hill,473349,CACC,3-2,9.4,7.6,0.869,0.409,30.6,0.792,0.435,,25.2,14.4,11.4,,15.8,0.324,17.6,
2019,2,Chowan,473338,Conference Carolinas,1-5,4.5,8.0,0.723,0.278,22.5,0.486,0.238,,14.0,16.67,17.33,,9.5,0.306,20.0,
2019,2,Coker,473324,SAC,4-3,8.29,9.29,0.868,0.533,30.71,0.786,0.226,,21.71,13.0,10.0,,13.43,0.301,17.57,
2019,2,Colorado Mesa,473342,RMAC,3-2,8.2,13.8,0.832,0.452,33.0,0.692,0.435,,21.4,11.2,8.6,,13.2,0.322,16.8,
2019,2,Davis & Elkins,473300,G-MAC,0-4,3.5,7.25,0.775,0.465,30.5,0.682,0.208,,10.5,16.5,16.0,,7.0,0.23,22.75,
2019,2,Dist. Columbia,473301,ECC,1-2,5.33,8.33,0.708,0.482,24.0,0.81,0.438,,17.67,14.67,12.67,,12.33,0.356,19.33,
2019,2,Dominican (NY),473339,CACC,1-3,6.0,11.75,0.663,0.36,31.25,0.684,0.571,,16.25,13.75,15.5,,10.25,0.291,22.0,
2019,2,Embry-Riddle (FL),473361,Sunshine State,7-2,6.22,8.0,0.721,0.721,37.44,0.818,0.333,,18.11,7.22,9.67,,11.89,0.307,21.89,
2019,2,Emmanuel (GA),473357,Conference Carolinas,1-5,5.67,8.67,0.727,0.309,25.17,0.659,0.323,,16.5,12.67,18.17,,10.83,0.279,21.67,
2019,2,Felician,473364,CACC,0-3,2.33,10.67,0.618,0.37,22.33,0.533,0.19,,10.33,16.67,23.33,,8.0,0.27,24.0,
2019,2,Fla. Southern,473303,Sunshine State,2-3,12.4,9.4,0.838,0.639,51.2,0.708,0.214,,30.2,10.8,12.0,,17.8,0.325,22.6,
2019,2,Florida Tech,473302,Sunshine State,3-1,5.0,9.0,0.846,0.585,39.25,0.765,0.182,,15.75,14.75,9.5,,10.75,0.212,20.25,
2019,2,Franklin Pierce,473304,NE10,2-0,6.0,10.5,0.846,0.8,29.0,0.636,0.429,,20.5,9.5,3.5,,14.5,0.287,17.5,
2019,2,Georgian Court,473340,CACC,2-5,3.57,5.86,0.817,0.455,30.86,0.733,0.333,,11.43,17.29,11.0,,7.86,0.221,21.0,
2019,2,LIU Post,473307,ECC,3-1,8.75,8.25,0.747,0.879,45.0,0.867,0.375,,25.5,10.75,11.0,,16.75,0.376,27.25,
2019,2,Lake Erie,473337,G-MAC,0-4,8.0,5.25,0.694,0.612,38.75,0.632,0.333,,19.25,14.5,15.0,,11.25,0.313,17.0,
2019,2,Le Moyne,473306,NE10,4-1,9.0,8.4,0.831,0.542,33.8,0.667,0.4,,24.4,9.0,7.8,,15.4,0.329,15.4,
2019,2,Lees-McRae,473346,Conference Carolinas,2-4,6.83,9.5,0.755,0.352,37.0,0.667,0.313,,19.5,11.67,16.83,,12.67,0.374,23.0,
2019,2,Lenoir-Rhyne,473325,SAC,0-5,5.4,8.4,0.833,0.365,27.4,0.579,0.35,,16.0,12.4,15.8,,10.6,0.248,15.6,
2019,2,Limestone,473326,Conference Carolinas,7-0,10.57,7.71,0.889,0.743,45.14,0.739,0.25,,28.14,10.71,6.43,,17.57,0.384,18.71,
2019,2,Lincoln Memorial,473327,SAC,2-5,3.71,9.57,0.788,0.566,30.57,0.737,0.229,,13.71,10.86,10.57,,10.0,0.294,23.57,
2019,2,Lindenwood,473352,DII Independent,6-1,6.57,10.86,0.844,0.517,34.29,0.629,0.333,,20.0,10.14,8.57,,13.43,0.296,15.0,
2019,2,Lynn,473348,Sunshine State,3-1,5.5,5.0,0.907,0.722,40.25,0.778,,,17.25,11.75,8.75,,11.75,0.329,18.5,
2019,2,Mars Hill,473328,SAC,2-4,6.17,4.17,0.799,0.376,30.5,0.654,0.324,,18.5,14.17,16.83,,12.33,0.292,17.83,
2019,2,Maryville (MO),473308,GLVC,6-1,9.43,15.14,0.84,0.4,32.86,0.811,0.188,,25.71,10.71,8.86,,16.29,0.361,17.14,
2019,2,Mercy,473309,ECC,7-0,9.86,14.0,0.709,0.603,39.43,0.605,0.417,,22.86,11.86,6.57,,13.0,0.332,21.14,
2019,2,Mercyhurst,473310,G-MAC,2-2,8.5,9.0,0.882,0.356,32.0,0.632,0.313,,21.25,10.0,9.25,,12.75,0.327,18.0,
2019,2,Merrimack,473311,NE10,2-1,10.33,9.33,0.884,0.314,27.33,0.6,0.6,,27.67,7.0,14.33,,17.33,0.394,10.0,
2019,2,Molloy,473312,ECC,1-3,4.25,7.5,0.747,0.615,29.75,0.7,0.281,,11.25,12.25,14.25,,7.0,0.192,21.25,
2019,2,Montevallo,473359,GLVC,2-6,5.75,8.25,0.764,0.533,44.75,0.674,0.255,,18.25,14.75,14.75,,12.5,0.271,25.75,
2019,2,Mount Olive,473329,Conference Carolinas,6-1,6.71,11.29,0.897,0.48,36.86,0.958,0.313,,20.29,11.43,7.29,,13.57,0.316,19.29,
2019,2,New York Tech,473314,ECC,2-4,5.33,6.17,0.792,0.482,32.5,0.652,0.3,,16.5,12.33,13.67,,11.17,0.31,16.0,
2019,2,Newberry,473363,SAC,6-1,8.86,10.71,0.87,0.703,45.29,0.583,0.308,,24.71,12.57,9.57,,15.86,0.314,19.29,
2019,2,North Greenville,473341,Conference Carolinas,2-6,5.5,9.38,0.861,0.463,28.63,0.962,0.206,,17.38,9.88,12.0,,11.88,0.272,18.38,
2019,2,Notre Dame de Namur,473350,DII Independent,1-5,6.5,9.67,0.637,0.404,30.67,0.435,0.313,,15.67,12.5,22.83,,9.17,0.281,21.5,
2019,2,Pace,473315,NE10,3-0,8.33,12.33,0.922,0.55,34.0,0.533,0.364,,24.67,12.33,7.67,,16.33,0.32,16.0,
2019,2,Palm Beach Atl.,473360,Sunshine State,5-3,7.75,8.88,0.818,0.517,46.13,0.647,0.373,,22.0,13.88,11.5,,14.25,0.301,20.25,
2019,2,Post,473330,CACC,1-4,4.0,11.0,0.826,0.275,21.2,0.588,0.25,,10.6,13.2,12.2,,6.6,0.244,23.2,
2019,2,Queens (NC),473343,SAC,5-1,7.17,8.0,0.88,0.54,29.17,0.789,0.182,,19.5,13.0,7.5,,12.33,0.312,16.0,
2019,2,Roberts Wesleyan,473354,ECC,3-2,6.4,6.2,0.879,0.722,33.4,0.864,0.214,,18.2,12.6,10.8,,11.8,0.307,17.6,
2019,2,Rockhurst,473331,RMAC,4-2,9.17,12.33,0.839,0.683,41.83,0.8,0.364,,26.33,8.0,10.5,,17.17,0.301,20.67,
2019,2,Rollins,473316,Sunshine State,4-1,8.0,8.6,0.805,0.683,40.2,0.75,0.176,,22.0,9.6,7.6,,14.0,0.34,17.8,
2019,2,Saint Anselm,473317,NE10,0-1,2.0,7.0,0.8,0.107,28.0,0.833,0.25,,12.0,9.0,15.0,,10.0,0.227,16.0,
2019,2,Saint Leo,473318,Sunshine State,4-2,9.5,11.5,0.878,0.458,37.5,0.793,0.36,,26.67,14.67,13.17,,17.17,0.356,15.17,
2019,2,Saint Michael's,473319,NE10,2-0,9.5,18.0,0.829,0.667,40.0,0.538,0.125,,24.5,9.5,7.0,,15.0,0.309,24.0,
2019,2,Saint Rose,473332,NE10,1-3,4.25,6.0,0.761,0.688,34.25,0.529,0.471,,15.0,14.0,13.75,,10.75,0.265,18.75,
2019,2,Seton Hill,473351,G-MAC,4-2,9.17,10.0,0.851,0.723,36.0,0.778,0.393,,24.17,10.83,8.83,,15.0,0.333,16.5,
2019,2,Shorter,473355,GLVC,0-7,1.86,8.0,0.73,0.346,27.43,0.721,0.271,,8.29,18.0,17.86,,6.43,0.251,26.14,
2019,2,Southern N.H.,473313,NE10,2-2,7.0,6.75,0.81,0.312,31.5,0.68,0.524,,18.25,13.5,12.0,,11.25,0.231,12.75,
2019,2,St. Thomas Aquinas,473333,ECC,1-0,8.0,12.0,1.0,0.389,33.0,1.0,,,20.0,10.0,4.0,,12.0,0.343,13.0,
2019,2,Tampa,473320,Sunshine State,3-4,7.14,6.0,0.809,0.744,36.86,0.852,0.385,,19.57,11.14,13.14,,12.43,0.292,17.43,
2019,2,Tusculum,473345,SAC,5-1,11.0,6.0,0.759,0.565,33.5,0.727,0.308,,26.83,10.17,11.0,,15.83,0.397,20.0,
2019,2,UAH,473296,GLVC,1-4,2.8,8.2,0.756,0.527,28.4,0.643,0.214,,11.2,11.4,14.0,,8.4,0.25,16.8,
2019,2,UIndy,473305,GLVC,5-0,7.0,10.6,0.882,0.645,35.8,0.818,0.313,,19.8,10.2,8.2,,12.8,0.263,16.8,
2019,2,Walsh,473353,G-MAC,0-6,4.5,6.83,0.794,0.57,25.5,0.818,0.25,,11.33,14.67,13.67,,6.83,0.256,26.17,
2019,2,Westminster (UT),473358,RMAC,2-2,6.0,8.5,0.823,0.473,31.5,0.714,0.25,,16.0,9.75,9.75,,10.0,0.261,18.0,
2019,2,Wheeling,473344,G-MAC,1-6,3.57,6.43,0.631,0.444,31.71,0.517,0.229,,12.14,13.14,16.43,,8.57,0.275,22.57,
2019,2,Wilmington (DE),473362,CACC,3-1,5.75,9.0,0.821,0.6,37.0,0.846,0.174,,17.5,10.5,9.75,,11.75,0.251,24.5,
2019,2,Wingate,473334,SAC,5-1,7.0,9.5,0.87,0.517,34.67,0.8,0.5,,18.83,11.0,9.17,,11.83,0.278,18.5,
2019,2,Young Harris,473356,GLVC,4-4,7.63,6.88,0.758,0.229,23.13,0.85,0.231,,19.63,15.13,12.88,,12.0,0.397,16.5,
2020,1,Air Force,493893,SoCon,4-3,6.71,6.0,0.81,0.453,27.71,0.741,0.357,0.879,17.0,12.29,11.0,72.0,10.29,0.312,16.14,
2020,1,Army West Point,493894,Patriot,6-2,9.38,10.63,0.847,0.451,35.88,0.769,0.308,0.775,23.13,11.63,7.25,110.0,13.75,0.336,16.88,
2020,1,Bellarmine,493833,SoCon,2-6,6.13,8.88,0.838,0.365,28.63,0.579,0.318,0.812,17.38,11.75,12.0,90.0,11.25,0.285,18.0,
2020,1,Binghamton,493834,America East,1-5,4.17,7.5,0.795,0.345,29.0,0.389,0.211,0.92,11.17,14.83,14.33,42.0,7.0,0.235,21.17,
2020,1,Boston U.,493835,Patriot,3-3,6.33,12.5,0.87,0.608,35.17,0.722,0.364,0.843,16.67,12.33,11.0,62.0,10.33,0.277,21.5,
2020,1,Brown,493836,Ivy League,3-2,7.4,9.0,0.848,0.606,37.2,0.619,0.381,0.832,20.8,13.0,10.2,67.0,13.4,0.254,14.4,
2020,1,Bryant,493837,NEC,3-4,6.29,7.0,0.853,0.49,28.0,0.684,0.346,0.857,18.86,11.14,11.71,88.0,12.57,0.292,14.86,
2020,1,Bucknell,493838,Patriot,5-1,8.67,12.17,0.847,0.565,39.83,0.579,0.588,0.69,23.33,10.83,9.83,88.0,14.67,0.293,15.5,
2020,1,Canisius,493839,MAAC,0-5,4.2,4.2,0.794,0.343,28.4,0.529,0.143,0.878,12.4,17.2,17.0,41.0,8.2,0.281,16.8,
2020,1,Cleveland St.,493840,DI Independent,2-5,5.57,5.86,0.804,0.569,30.57,0.579,0.304,0.824,15.0,9.14,12.71,66.0,9.43,0.245,19.29,
2020,1,Colgate,493841,Patriot,0-6,7.33,6.5,0.766,0.51,34.83,0.458,0.538,0.873,19.0,13.67,18.33,70.0,11.67,0.271,19.67,
2020,1,Cornell,493842,Ivy League,5-0,10.4,8.0,0.882,0.529,40.2,0.593,0.571,0.792,28.8,8.6,12.8,92.0,18.4,0.404,14.0,
2020,1,Dartmouth,493843,Ivy League,3-1,6.5,8.5,0.852,0.522,30.25,0.5,0.308,0.857,18.0,13.5,8.25,46.0,11.5,0.348,15.25,
2020,1,Delaware,493844,CAA,4-2,7.17,9.67,0.898,0.407,29.5,0.6,0.409,0.881,19.0,11.83,9.17,71.0,11.83,0.265,13.67,
2020,1,Denver,493845,Big East,4-2,6.5,7.83,0.877,0.624,31.33,0.467,0.36,0.829,19.67,7.67,9.5,79.0,13.17,0.315,14.17,
2020,1,Detroit Mercy,493846,MAAC,2-3,6.0,4.8,0.747,0.591,34.8,0.737,0.353,0.942,18.6,10.2,16.8,63.0,12.6,0.342,18.2,
2020,1,Drexel,493847,CAA,3-3,8.5,7.67,0.842,0.455,37.17,0.533,0.4,0.824,23.33,11.67,12.5,89.0,14.83,0.319,17.5,
2020,1,Duke,493848,ACC,6-2,8.88,7.75,0.898,0.575,34.88,0.654,0.222,0.866,24.13,9.75,11.0,122.0,15.25,0.375,16.88,
2020,1,Fairfield,493849,CAA,5-2,10.29,7.29,0.787,0.49,35.86,0.556,0.517,0.764,26.71,13.86,15.57,115.0,16.43,0.354,16.43,
2020,1,Furman,493850,SoCon,1-6,5.71,7.86,0.78,0.302,26.14,0.579,0.556,0.8,14.86,14.57,16.43,64.0,9.14,0.279,21.14,
2020,1,Georgetown,493851,Big East,6-0,9.83,8.33,0.934,0.673,41.17,0.786,0.692,0.768,26.33,10.83,6.33,99.0,16.5,0.329,16.5,
2020,1,Hampton,493852,DI Independent,0-6,3.5,7.0,0.597,0.52,27.67,0.5,0.045,0.87,9.17,13.0,20.83,34.0,5.67,0.227,26.67,
2020,1,Hartford,493853,America East,3-3,6.67,9.33,0.851,0.559,29.67,0.48,0.231,0.893,17.83,11.83,10.33,67.0,11.17,0.256,15.67,
2020,1,Harvard,493854,Ivy League,2-2,6.0,7.25,0.761,0.438,26.5,0.867,0.3,0.918,17.75,14.75,11.25,47.0,11.75,0.356,16.5,
2020,1,High Point,493902,SoCon,2-6,7.63,7.5,0.856,0.461,30.25,0.515,0.405,0.897,20.0,13.38,17.0,99.0,12.38,0.321,17.88,
2020,1,Hobart,493855,NEC,4-1,9.6,7.6,0.838,0.557,37.0,0.619,0.619,0.862,29.2,15.2,12.0,98.0,19.6,0.367,16.4,
2020,1,Hofstra,493856,CAA,4-3,7.86,5.86,0.922,0.616,32.71,0.708,0.45,0.808,21.43,9.57,10.14,95.0,13.57,0.302,14.29,
2020,1,Holy Cross,493857,Patriot,4-3,4.71,10.43,0.83,0.633,31.29,0.526,0.16,0.806,13.86,9.71,10.57,64.0,9.14,0.241,18.57,
2020,1,Jacksonville,493858,SoCon,3-3,7.5,10.0,0.935,0.439,32.0,0.72,0.133,0.743,20.33,9.67,11.0,77.0,12.83,0.304,16.17,
2020,1,Johns Hopkins,493859,Big Ten,2-4,6.0,4.33,0.789,0.588,29.17,0.533,0.381,0.892,16.83,11.67,13.17,65.0,10.83,0.255,15.33,
2020,1,LIU,497536,NEC,1-6,7.57,5.29,0.83,0.348,23.29,0.643,0.345,0.928,18.86,15.29,13.71,79.0,11.29,0.336,17.43,
2020,1,Lafayette,493860,Patriot,0-6,3.0,5.67,0.792,0.405,26.83,0.44,0.214,0.912,10.0,12.0,16.33,42.0,7.0,0.256,22.17,
2020,1,Lehigh,493861,Patriot,5-1,8.83,9.17,0.805,0.638,42.33,0.375,0.524,0.845,22.83,10.17,9.67,84.0,14.0,0.349,18.83,
2020,1,Loyola Maryland,493863,Patriot,4-2,6.83,9.33,0.903,0.681,33.33,0.889,0.483,0.772,18.33,11.0,8.67,69.0,11.5,0.238,14.5,
2020,1,Manhattan,493864,MAAC,3-3,5.33,5.67,0.863,0.352,23.83,0.733,0.2,0.871,13.83,13.83,9.33,51.0,8.5,0.309,16.67,
2020,1,Marist,493865,MAAC,3-3,8.17,9.5,0.81,0.622,32.83,0.808,0.593,0.875,21.33,11.17,11.17,79.0,13.17,0.324,16.0,
2020,1,Marquette,493866,Big East,3-4,5.43,8.86,0.816,0.441,31.86,0.815,0.25,0.891,17.14,9.43,10.57,82.0,11.71,0.322,16.29,
2020,1,Maryland,493868,Big Ten,5-1,10.0,6.67,0.887,0.574,33.5,0.842,0.5,0.894,25.67,12.83,12.5,94.0,15.67,0.311,17.5,
2020,1,Massachusetts,493869,CAA,5-2,7.29,9.71,0.833,0.571,29.57,0.767,0.269,0.78,18.29,11.71,10.71,77.0,11.0,0.284,16.29,
2020,1,Mercer,493870,SoCon,6-1,10.0,6.71,0.883,0.683,32.0,0.8,0.45,0.872,26.43,8.57,8.86,115.0,16.43,0.369,14.29,
2020,1,Michigan,493871,Big Ten,4-3,6.71,8.0,0.848,0.503,32.86,0.68,0.517,0.803,20.0,11.71,11.86,93.0,13.29,0.305,13.71,
2020,1,Monmouth,493872,MAAC,2-4,4.0,8.5,0.844,0.448,29.5,0.773,0.222,0.869,10.83,10.67,10.67,41.0,6.83,0.202,18.0,
2020,1,Mount St. Mary's,493873,NEC,3-5,4.63,8.0,0.863,0.516,30.38,0.625,0.387,0.885,13.38,10.88,11.63,70.0,8.75,0.225,16.63,
2020,1,NJIT,493875,NEC,1-6,4.57,8.0,0.858,0.439,26.86,0.733,0.261,0.832,12.29,12.14,12.43,54.0,7.71,0.254,20.71,
2020,1,Navy,493895,Patriot,3-2,8.2,9.0,0.796,0.508,37.2,0.786,0.667,0.796,20.0,10.2,9.4,59.0,11.8,0.324,17.0,
2020,1,North Carolina,493874,ACC,7-0,12.29,7.29,0.859,0.568,38.29,0.5,0.773,0.741,30.14,9.0,10.0,125.0,17.86,0.391,14.43,
2020,1,Notre Dame,493876,ACC,2-3,6.8,7.4,0.843,0.427,30.0,0.308,0.385,0.906,19.0,11.0,10.6,61.0,12.2,0.292,13.8,
2020,1,Ohio St.,493877,Big Ten,5-2,9.0,6.29,0.889,0.547,32.14,0.737,0.455,0.787,22.86,13.86,10.14,97.0,13.86,0.357,17.71,
2020,1,Penn,493879,Ivy League,2-3,8.6,7.6,0.864,0.654,37.6,0.462,0.357,0.836,22.4,11.4,14.0,69.0,13.8,0.279,17.0,
2020,1,Penn St.,493878,Big Ten,5-2,9.71,6.71,0.831,0.55,37.43,0.471,0.579,0.799,27.0,12.14,11.0,121.0,17.29,0.401,17.43,
2020,1,Princeton,493880,Ivy League,5-0,9.8,10.0,0.824,0.497,38.4,0.353,0.304,0.765,27.8,12.0,10.8,90.0,18.0,0.395,15.6,
2020,1,Providence,493881,Big East,5-1,6.5,8.17,0.856,0.386,32.5,0.938,0.579,0.893,18.0,13.5,8.0,69.0,11.5,0.28,15.67,
2020,1,Quinnipiac,493882,MAAC,0-6,4.0,5.83,0.804,0.607,31.5,0.552,0.32,0.874,13.33,13.33,14.83,56.0,9.33,0.231,19.5,
2020,1,Richmond,493883,SoCon,4-3,7.43,9.29,0.917,0.435,30.29,0.688,0.476,0.834,20.14,13.29,10.57,89.0,12.71,0.335,17.57,
2020,1,Robert Morris,493884,Independent,4-2,7.17,9.5,0.867,0.489,37.5,0.667,0.308,0.806,21.17,10.33,13.83,84.0,14.0,0.301,17.5,
2020,1,Rutgers,493885,Big Ten,2-4,6.83,8.17,0.858,0.331,26.0,0.842,0.467,0.809,19.33,12.17,12.5,75.0,12.5,0.31,13.83,
2020,1,Sacred Heart,493886,NEC,1-5,4.83,7.83,0.8,0.407,28.5,0.5,0.412,0.863,14.5,15.17,14.17,58.0,9.67,0.244,20.5,
2020,1,Saint Joseph's,493888,NEC,5-2,6.57,7.43,0.866,0.646,32.86,0.652,0.192,0.931,16.86,13.57,9.71,72.0,10.29,0.28,18.71,
2020,1,Siena,493889,MAAC,2-4,6.5,10.33,0.779,0.422,32.67,0.593,0.364,0.827,18.33,14.83,16.0,71.0,11.83,0.273,18.5,
2020,1,St. Bonaventure,493830,MAAC,0-6,3.67,6.5,0.843,0.214,17.17,0.417,0.313,0.872,9.83,12.83,14.17,37.0,6.17,0.223,16.0,
2020,1,St. John's (NY),493887,Big East,3-4,6.71,7.43,0.894,0.544,32.86,0.667,0.667,0.858,19.29,10.43,14.29,88.0,12.57,0.289,17.0,
2020,1,Stony Brook,493890,America East,5-2,5.71,6.86,0.847,0.522,37.0,0.542,0.324,0.831,18.86,13.71,13.0,92.0,13.14,0.285,16.43,
2020,1,Syracuse,493891,ACC,5-0,8.6,9.8,0.91,0.671,41.2,0.6,0.417,0.812,25.2,12.8,9.4,83.0,16.6,0.323,13.6,
2020,1,Towson,493892,CAA,0-6,4.0,5.83,0.843,0.331,23.33,0.412,0.375,0.915,11.0,12.5,14.0,42.0,7.0,0.223,15.83,
2020,1,UAlbany,493832,America East,2-3,10.0,7.2,0.847,0.346,31.6,0.615,0.15,0.824,22.8,11.8,15.4,64.0,12.8,0.34,15.4,
2020,1,UMBC,493867,America East,4-1,5.0,8.6,0.9,0.553,29.8,0.9,0.308,0.883,16.8,12.4,8.4,59.0,11.8,0.288,14.2,
2020,1,UMass Lowell,493862,America East,3-4,6.14,7.86,0.814,0.43,29.57,0.694,0.24,0.843,15.43,11.43,11.57,65.0,9.29,0.233,17.14,
2020,1,Utah,493831,DI Independent,3-3,7.67,7.17,0.868,0.509,32.83,0.588,0.318,0.903,20.5,13.0,11.0,77.0,12.83,0.309,15.33,
2020,1,VMI,493898,SoCon,0-4,3.25,9.0,0.833,0.448,28.75,0.571,0.2,0.877,11.25,11.75,12.75,32.0,8.0,0.276,17.0,
2020,1,Vermont,493896,America East,3-1,5.25,8.25,0.882,0.433,25.25,0.833,0.385,0.792,16.0,13.0,8.25,43.0,10.75,0.307,14.75,
2020,1,Villanova,493897,Big East,4-3,7.29,7.14,0.851,0.412,29.43,0.483,0.423,0.867,19.86,12.29,13.14,88.0,12.57,0.296,12.86,
2020,1,Virginia,493899,ACC,4-2,9.33,10.17,0.876,0.551,43.33,0.64,0.375,0.737,23.0,13.33,11.17,82.0,13.67,0.282,16.5,
2020,1,Wagner,493900,NEC,1-5,2.67,4.67,0.863,0.379,20.0,0.529,0.333,0.903,10.5,10.67,15.33,47.0,7.83,0.237,14.83,
2020,1,Yale,493901,Ivy League,3-1,7.75,5.0,0.642,0.75,34.25,0.538,0.533,0.798,22.0,9.75,11.5,57.0,14.25,0.335,19.75,
2020,2,Adams St.,493930,RMAC,0-4,3.25,6.25,0.793,0.327,20.75,0.696,0.111,,10.5,13.0,18.25,,7.25,0.238,16.0,
2020,2,Adelphi,493904,NE10,1-2,8.33,9.33,0.817,0.414,34.67,0.733,0.182,,23.67,9.0,10.67,,15.33,0.315,15.33,
2020,2,Alderson Broaddus,493931,G-MAC,0-4,2.0,6.5,0.674,0.336,22.25,0.286,0.1,,6.0,13.0,24.25,,4.0,0.213,25.5,
2020,2,American Int'l,493906,NE10,2-4,4.0,9.83,0.741,0.368,27.17,0.565,0.375,,11.33,16.67,13.83,,7.33,0.229,23.67,
2020,2,Assumption,493907,NE10,2-0,15.0,11.5,0.897,0.538,40.5,0.875,0.444,,37.0,8.0,6.5,,22.0,0.373,15.0,
2020,2,Barton,493903,Conference Carolinas,1-6,5.43,7.29,0.812,0.497,28.14,0.75,0.244,,16.86,14.0,13.71,,11.43,0.289,18.71,
2020,2,Belmont Abbey,493944,Conference Carolinas,6-0,8.33,6.33,0.863,0.5,27.67,0.789,0.64,,21.83,15.5,7.0,,13.5,0.336,16.17,
2020,2,Bentley,493908,NE10,0-2,6.0,5.5,0.727,0.333,18.0,0.5,,,14.5,13.0,15.5,,8.5,0.243,17.5,
2020,2,CSU Pueblo,493945,RMAC,1-2,5.67,5.67,0.732,0.327,29.67,0.565,0.455,,17.0,13.67,20.33,,11.33,0.291,19.33,
2020,2,Caldwell,497516,CACC,1-1,5.0,7.5,0.625,0.833,28.5,0.714,0.25,,13.0,12.0,10.5,,8.0,0.216,24.0,
2020,2,Catawba,493932,SAC,2-3,4.2,8.2,0.866,0.456,31.4,0.563,0.235,,13.8,13.8,11.8,,9.6,0.262,22.2,
2020,2,Chestnut Hill,493958,CACC,4-1,13.8,5.6,0.786,0.564,39.2,0.818,0.917,,36.0,15.8,9.0,,22.2,0.451,18.8,
2020,2,Chowan,493947,Conference Carolinas,5-3,9.5,13.5,0.827,0.395,35.88,0.791,0.275,,23.5,12.25,9.38,,14.0,0.332,17.25,
2020,2,Coker,493933,SAC,6-2,7.38,11.38,0.808,0.601,39.88,0.737,0.222,,21.25,12.0,11.63,,13.88,0.31,19.38,
2020,2,Colorado Mesa,493951,RMAC,7-0,10.71,9.43,0.892,0.766,41.86,0.833,0.405,,28.43,9.86,6.86,,17.71,0.297,17.71,
2020,2,Davenport,497497,DII Independent,1-5,4.33,7.5,0.752,0.395,24.83,0.576,0.259,,13.33,15.0,15.67,,9.0,0.271,19.83,
2020,2,Davis & Elkins,493909,G-MAC,0-6,4.33,5.83,0.8,0.284,30.33,0.556,0.185,,12.67,13.67,21.0,,8.33,0.276,20.83,
2020,2,Dist. Columbia,493910,ECC,3-5,6.5,6.0,0.842,0.528,30.13,0.488,0.239,,18.63,12.38,17.38,,12.13,0.303,11.5,
2020,2,Dominican (NY),493948,CACC,2-3,5.0,8.6,0.813,0.493,34.6,0.423,0.296,,14.2,18.4,14.8,,9.2,0.222,20.6,
2020,2,Embry-Riddle (FL),493970,Sunshine State,2-5,6.14,7.29,0.83,0.656,34.86,0.625,0.214,,17.29,11.29,12.57,,11.14,0.292,23.29,
2020,2,Emmanuel (GA),493966,Conference Carolinas,3-4,8.14,13.86,0.778,0.483,41.86,0.682,0.405,,20.86,14.0,12.86,,12.71,0.287,25.57,
2020,2,Felician,493973,CACC,1-5,4.17,5.0,0.725,0.5,31.33,0.652,0.27,,11.33,18.5,16.67,,7.17,0.232,22.33,
2020,2,Fla. Southern,493912,Sunshine State,3-3,7.17,8.0,0.864,0.767,40.0,0.5,0.419,,19.0,9.67,11.17,,11.83,0.241,18.33,
2020,2,Florida Tech,493911,Sunshine State,2-4,5.0,7.17,0.789,0.521,35.67,0.6,0.238,,16.83,12.17,13.5,,11.83,0.341,21.17,
2020,2,Franklin Pierce,493913,NE10,2-0,7.5,10.5,0.843,0.5,32.0,0.714,0.636,,24.0,11.0,5.0,,16.5,0.292,19.0,
2020,2,Frostburg St.,494203,ECC,4-0,10.0,10.25,0.891,0.683,42.25,0.643,0.267,,29.0,7.75,8.0,,19.0,0.345,17.75,
2020,2,Georgian Court,493949,CACC,4-4,6.13,4.75,0.787,0.508,33.88,0.714,0.448,,16.75,15.75,10.75,,10.63,0.276,18.75,
2020,2,Lake Erie,493946,G-MAC,0-5,5.4,8.2,0.84,0.298,28.0,0.688,0.273,,16.2,13.6,14.8,,10.8,0.318,16.2,
2020,2,Lander,497458,GLVC,4-2,8.83,9.0,0.806,0.539,47.67,0.645,0.4,,23.17,13.33,10.33,,14.33,0.304,22.5,
2020,2,Le Moyne,493915,NE10,4-0,9.0,6.0,0.845,0.759,36.5,0.75,0.364,,25.0,9.0,9.5,,16.0,0.29,15.5,
2020,2,Lees-McRae,493955,Conference Carolinas,1-6,4.43,8.0,0.576,0.284,28.43,0.357,0.32,,13.29,14.14,18.43,,8.86,0.356,23.29,
2020,2,Lenoir-Rhyne,493934,SAC,5-1,8.83,9.0,0.865,0.635,38.67,0.739,0.273,,24.17,11.83,11.5,,15.33,0.315,20.67,
2020,2,Lewis,497496,GLVC,3-2,5.8,8.6,0.743,0.562,32.0,1.0,0.348,,15.8,13.6,7.4,,10.0,0.278,21.6,
2020,2,Limestone,493935,Conference Carolinas,4-1,11.6,9.0,0.874,0.651,42.0,0.625,0.6,,31.2,9.4,11.0,,19.6,0.452,18.2,
2020,2,Lincoln Memorial,493936,SAC,2-4,6.17,6.0,0.788,0.573,31.17,0.607,0.222,,16.5,15.0,13.83,,10.33,0.337,22.83,
2020,2,Lindenwood,493961,GLVC,5-0,11.2,10.4,0.86,0.456,43.8,0.75,0.297,,28.8,12.0,8.8,,17.6,0.313,14.0,
2020,2,Lynn,493957,Sunshine State,2-3,5.0,4.4,0.753,0.823,35.0,0.667,0.421,,16.4,14.6,11.4,,11.4,0.249,21.2,
2020,2,Mars Hill,493937,SAC,3-4,5.29,6.43,0.73,0.607,41.71,0.656,0.344,,16.0,13.0,15.71,,10.71,0.288,25.71,
2020,2,Maryville (MO),493917,GLVC,2-4,5.67,10.5,0.773,0.329,28.17,0.765,0.474,,14.5,10.83,10.83,,8.83,0.256,20.33,
2020,2,Mercy,493918,ECC,4-1,11.0,9.6,0.858,0.69,36.4,0.529,0.571,,26.0,13.0,7.4,,15.0,0.341,18.4,
2020,2,Mercyhurst,493919,G-MAC,5-0,8.2,8.2,0.909,0.638,35.0,0.8,0.6,,21.0,9.0,7.2,,12.8,0.288,14.4,
2020,2,Molloy,493921,ECC,1-5,4.83,7.83,0.784,0.354,28.33,0.519,0.321,,13.5,13.17,14.83,,8.67,0.261,20.0,
2020,2,Montevallo,493968,GLVC,3-4,6.29,8.29,0.766,0.257,29.43,0.731,0.31,,17.86,13.57,13.29,,11.57,0.275,17.43,
2020,2,Mount Olive,493938,Conference Carolinas,3-2,7.8,9.8,0.858,0.496,26.0,0.692,0.357,,19.2,12.2,9.2,,11.4,0.274,15.6,
2020,2,New York Tech,493923,ECC,4-2,8.33,8.33,0.832,0.476,27.83,0.52,0.471,,21.0,14.33,9.17,,12.67,0.342,15.17,
2020,2,Newberry,493972,SAC,3-3,8.17,7.5,0.838,0.59,36.0,0.85,0.343,,21.83,11.83,11.5,,13.67,0.408,19.83,
2020,2,North Greenville,493950,Conference Carolinas,4-4,3.88,8.63,0.906,0.299,26.88,0.742,0.167,,14.13,16.63,9.88,,10.25,0.242,16.25,
2020,2,Pace,493924,NE10,1-1,7.0,12.5,0.887,0.545,28.0,0.667,0.364,,19.5,14.0,6.5,,12.5,0.291,19.5,
2020,2,Palm Beach Atl.,493969,Sunshine State,2-3,5.2,8.6,0.921,0.474,35.4,0.794,0.276,,18.0,11.0,12.4,,12.8,0.288,19.4,
2020,2,Post,493939,CACC,0-6,4.33,9.33,0.778,0.458,29.17,0.8,0.167,,12.33,13.5,15.0,,8.0,0.246,17.67,
2020,2,Queens (NC),493952,SAC,5-2,8.86,6.29,0.821,0.587,29.14,0.679,0.438,,22.29,14.71,8.57,,13.43,0.328,17.86,
2020,2,Quincy,497495,GLVC,0-3,1.67,4.0,0.857,0.219,25.33,0.889,0.125,,5.67,18.67,13.67,,4.0,0.13,16.33,
2020,2,Roberts Wesleyan,493963,ECC,3-3,6.33,8.17,0.767,0.514,29.0,0.815,0.24,,17.33,11.5,9.17,,11.0,0.283,18.33,
2020,2,Rockhurst,493940,GLVC,5-1,8.5,12.67,0.909,0.643,36.17,0.778,0.32,,22.5,11.17,8.5,,14.0,0.251,21.5,
2020,2,Rollins,493925,Sunshine State,2-2,4.75,12.5,0.936,0.416,26.0,0.4,0.364,,15.0,8.0,8.5,,10.25,0.237,15.75,
2020,2,Saint Anselm,493926,NE10,2-0,9.0,10.0,0.932,0.547,36.0,0.667,0.571,,25.5,12.5,11.5,,16.5,0.344,18.5,
2020,2,Saint Leo,493927,Sunshine State,3-2,8.0,9.6,0.84,0.399,26.2,0.6,0.333,,21.4,11.8,12.8,,13.4,0.335,16.0,
2020,2,Saint Michael's,493928,NE10,0-2,4.0,9.0,0.721,0.61,35.5,0.692,,,12.0,11.0,9.0,,8.0,0.193,19.0,
2020,2,Saint Rose,493941,NE10,3-1,7.75,8.75,0.78,0.309,30.75,0.667,0.571,,19.0,11.75,10.0,,11.25,0.346,17.5,
2020,2,Seton Hill,493960,G-MAC,6-0,7.67,7.5,0.831,0.732,36.5,0.833,0.4,,23.0,10.0,5.17,,15.33,0.287,15.5,
2020,2,Shorter,493964,DII Independent,0-7,3.71,8.86,0.786,0.359,25.71,0.793,0.2,,11.29,16.71,14.14,,7.57,0.248,20.29,
2020,2,Southern N.H.,493922,NE10,1-2,6.67,7.33,0.86,0.611,34.0,0.688,0.2,,17.33,10.0,10.0,,10.67,0.222,20.0,
2020,2,St. Thomas Aquinas,493942,ECC,2-4,4.0,8.17,0.796,0.206,28.33,0.737,0.143,,13.0,14.67,14.5,,9.0,0.262,20.0,
2020,2,Tampa,493929,Sunshine State,6-0,10.0,11.33,0.845,0.826,39.5,0.793,0.5,,25.5,7.83,6.17,,15.5,0.324,17.0,
2020,2,Tusculum,493954,SAC,3-3,6.0,8.33,0.877,0.536,31.83,0.652,0.423,,16.5,8.0,9.67,,10.5,0.27,17.17,
2020,2,UAH,493905,GLVC,3-2,7.6,7.0,0.79,0.355,29.0,0.76,0.296,,19.6,14.0,9.6,,12.0,0.294,19.2,
2020,2,UIndy,493914,GLVC,2-2,5.25,7.0,0.859,0.556,29.25,0.6,0.188,,16.75,9.75,12.5,,11.5,0.293,17.25,
2020,2,Walsh,493962,G-MAC,1-3,4.25,5.0,0.767,0.514,25.0,0.571,0.32,,12.5,15.25,14.5,,8.25,0.26,23.25,
2020,2,Westminster (UT),493967,RMAC,2-4,8.0,7.0,0.859,0.353,32.5,0.611,0.267,,23.33,11.17,13.83,,15.33,0.357,17.17,
2020,2,Wilmington (DE),493971,CACC,5-0,6.6,8.8,0.839,0.55,31.2,0.793,0.444,,19.6,14.0,10.0,,13.0,0.294,20.8,
2020,2,Wingate,493943,SAC,4-2,6.83,7.67,0.836,0.713,37.67,0.842,0.368,,19.17,11.5,8.33,,12.33,0.247,21.67,
2020,2,Young Harris,493965,GLVC,3-3,8.67,9.0,0.8,0.304,27.83,0.593,0.368,,20.83,15.67,16.67,,12.17,0.344,19.5,
2021,1,Air Force,507874,SoCon,1-3,4.75,7.25,0.667,0.356,24.5,0.083,0.2,0.854,11.5,11.75,15.25,27.0,6.75,0.208,19.75,
2021,1,Army West Point,507875,Patriot,3-1,6.0,7.5,0.76,0.438,31.0,0.727,0.286,0.882,19.0,13.25,10.0,52.0,13.0,0.308,15.0,
2021,1,Bellarmine,507814,SoCon,2-5,4.57,10.14,0.85,0.289,24.43,0.655,0.391,0.892,13.29,11.14,12.71,61.0,8.71,0.293,18.0,
2021,1,Binghamton,507815,America East,1-0,7.0,12.0,0.607,0.722,38.0,0.75,,0.913,18.0,5.0,5.0,11.0,11.0,0.344,22.0,
2021,1,Boston U.,507816,Patriot,3-1,9.0,10.0,0.897,0.426,29.25,0.75,0.533,0.796,23.0,13.5,8.0,56.0,14.0,0.315,15.75,
2021,1,Bryant,507818,NEC,3-1,7.5,8.5,0.874,0.611,35.75,0.727,0.273,0.878,20.5,11.0,10.5,52.0,13.0,0.287,17.25,
2021,1,Bucknell,507819,Patriot,1-0,8.0,18.0,0.76,0.52,38.0,1.0,,0.731,23.0,8.0,9.0,15.0,15.0,0.366,17.0,
2021,1,Canisius,507820,MAAC,1-0,3.0,5.0,0.792,0.526,31.0,1.0,,0.792,11.0,12.0,7.0,8.0,8.0,0.267,27.0,
2021,1,Cleveland St.,507821,DI Independent,0-2,5.5,11.5,0.756,0.435,30.0,0.857,0.071,0.791,14.5,15.5,12.5,18.0,9.0,0.3,23.5,
2021,1,Colgate,507822,Patriot,1-2,8.33,4.67,0.8,0.544,27.67,0.714,0.222,0.833,20.0,11.0,14.33,35.0,11.67,0.321,19.33,
2021,1,Delaware,507825,CAA,4-1,8.4,8.8,0.853,0.485,34.2,0.6,0.269,0.857,22.2,12.0,9.4,69.0,13.8,0.325,15.8,
2021,1,Denver,507826,Big East,5-2,9.14,6.86,0.872,0.612,32.43,0.75,0.313,0.753,23.43,10.57,10.71,100.0,14.29,0.282,15.29,
2021,1,Detroit Mercy,507827,MAAC,0-1,5.0,12.0,0.889,0.536,28.0,0.571,0.375,0.905,16.0,9.0,15.0,11.0,11.0,0.25,15.0,
2021,1,Drexel,507828,CAA,1-0,8.0,11.0,1.0,0.231,21.0,0.667,0.5,1.0,20.0,12.0,10.0,12.0,12.0,0.279,16.0,
2021,1,Duke,507829,ACC,7-0,9.43,7.29,0.868,0.581,33.57,0.739,0.478,0.861,26.71,11.29,8.29,121.0,17.29,0.414,15.29,
2021,1,Fairfield,507830,CAA,1-2,7.67,6.67,0.812,0.585,33.67,0.688,0.625,0.857,20.67,15.33,15.33,39.0,13.0,0.31,17.67,
2021,1,Georgetown,507832,Big East,4-0,13.5,12.0,0.915,0.679,38.5,0.857,0.556,0.793,31.5,10.0,5.0,72.0,18.0,0.377,19.75,
2021,1,Hartford,507834,America East,0-1,2.0,9.0,0.833,0.48,33.0,0.5,,0.87,8.0,13.0,16.0,6.0,6.0,0.176,21.0,
2021,1,High Point,507883,SoCon,1-4,6.2,9.0,0.842,0.388,29.2,0.471,0.4,0.757,19.6,11.4,19.6,67.0,13.4,0.347,18.0,
2021,1,Hobart,507836,NEC,1-0,5.0,6.0,0.737,0.68,32.0,0.5,,0.824,18.0,16.0,9.0,13.0,13.0,0.245,15.0,
2021,1,Hofstra,507837,CAA,3-1,9.0,7.0,0.871,0.674,34.75,0.619,0.6,0.836,26.25,11.0,12.0,69.0,17.25,0.418,17.5,
2021,1,Holy Cross,507838,Patriot,1-2,4.67,8.0,0.77,0.487,25.67,0.667,0.1,0.776,14.0,13.67,12.67,28.0,9.33,0.252,18.33,
2021,1,Jacksonville,507839,SoCon,3-2,7.6,8.6,0.874,0.508,30.0,0.6,0.235,0.84,18.0,7.8,10.6,52.0,10.4,0.287,15.8,
2021,1,Johns Hopkins,507840,Big Ten,1-2,6.67,5.67,0.82,0.481,24.67,0.667,0.556,0.794,17.33,9.33,13.0,32.0,10.67,0.327,16.33,
2021,1,LIU,507810,NEC,2-1,9.33,4.0,0.911,0.642,32.0,0.667,0.286,0.94,23.33,15.67,10.0,42.0,14.0,0.353,18.0,
2021,1,Lafayette,507841,Patriot,0-2,5.5,8.0,0.792,0.375,34.0,0.6,,0.738,17.0,14.0,13.0,23.0,11.5,0.324,17.0,
2021,1,Lehigh,507842,Patriot,2-0,9.5,9.5,0.875,0.679,46.5,0.5,0.5,0.886,26.5,13.5,8.0,34.0,17.0,0.34,12.0,
2021,1,Loyola Maryland,507844,Patriot,2-2,6.25,8.75,0.884,0.429,29.5,0.625,0.231,0.908,17.75,9.5,10.0,46.0,11.5,0.288,14.5,
2021,1,Manhattan,507845,MAAC,0-1,2.0,8.0,0.833,0.313,24.0,0.5,0.5,1.0,7.0,15.0,8.0,5.0,5.0,0.2,20.0,
2021,1,Marist,507846,MAAC,1-0,9.0,5.0,0.905,0.464,32.0,0.625,0.429,0.889,24.0,14.0,11.0,15.0,15.0,0.341,16.0,
2021,1,Marquette,507847,Big East,0-3,7.33,8.0,0.774,0.319,29.67,0.455,0.833,0.87,19.33,14.33,15.33,36.0,12.0,0.324,14.0,
2021,1,Maryland,507849,Big Ten,3-0,11.67,10.67,0.847,0.461,35.67,0.667,0.5,0.778,28.67,12.0,8.67,51.0,17.0,0.418,12.33,
2021,1,Mercer,507851,SoCon,2-4,4.67,8.33,0.874,0.639,31.5,0.87,0.2,0.869,14.83,11.0,11.17,61.0,10.17,0.254,22.5,
2021,1,Michigan,507852,Big Ten,0-3,5.0,4.0,0.75,0.579,28.67,0.2,0.5,0.897,14.33,9.0,18.67,28.0,9.33,0.255,19.0,
2021,1,Monmouth,507853,MAAC,1-0,6.0,10.0,1.0,0.688,27.0,0.5,0.5,0.833,14.0,9.0,5.0,8.0,8.0,0.235,18.0,
2021,1,Mount St. Mary's,507854,NEC,1-5,3.0,7.67,0.779,0.519,26.67,0.722,0.333,0.84,9.83,8.83,10.67,41.0,6.83,0.21,18.67,
2021,1,NJIT,507856,America East,0-3,3.33,7.0,0.962,0.41,27.67,0.667,0.5,0.8,9.67,15.67,16.67,19.0,6.33,0.174,17.33,
2021,1,Navy,507876,Patriot,2-0,4.0,8.5,0.787,0.585,35.0,0.5,0.571,0.714,14.5,10.5,5.5,21.0,10.5,0.333,18.5,
2021,1,North Carolina,507855,ACC,7-0,10.29,8.14,0.845,0.601,34.29,0.744,0.333,0.864,29.14,11.14,11.0,132.0,18.86,0.361,12.57,
2021,1,Notre Dame,507857,ACC,2-0,13.0,8.0,0.861,0.784,40.0,0.625,0.8,0.8,28.5,11.0,6.5,31.0,15.5,0.316,17.0,
2021,1,Ohio St.,507858,Big Ten,1-2,6.33,6.33,0.821,0.505,30.67,1.0,0.333,0.833,19.33,9.0,15.0,39.0,13.0,0.379,19.67,
2021,1,Penn St.,507859,Big Ten,1-2,5.0,6.33,0.883,0.538,35.0,0.571,0.2,0.864,15.33,7.33,12.33,31.0,10.33,0.261,17.67,
2021,1,Providence,507862,Big East,2-3,5.8,7.2,0.859,0.483,30.2,0.75,0.375,0.757,17.8,9.8,13.6,60.0,12.0,0.24,16.2,
2021,1,Quinnipiac,507863,MAAC,0-1,6.0,5.0,0.929,0.545,26.0,0.667,,0.929,12.0,11.0,13.0,6.0,6.0,0.158,13.0,
2021,1,Richmond,507864,SoCon,1-3,4.25,8.25,0.906,0.44,25.5,0.714,0.5,0.868,12.5,13.0,11.25,33.0,8.25,0.237,16.5,
2021,1,Robert Morris,507865,DI Independent,2-3,8.8,8.6,0.889,0.396,31.2,0.565,0.346,0.845,22.4,14.0,15.6,68.0,13.6,0.342,16.2,
2021,1,Rutgers,507866,Big Ten,3-0,11.0,9.0,0.912,0.44,31.67,0.588,0.5,0.894,29.33,15.33,11.0,55.0,18.33,0.39,12.0,
2021,1,Sacred Heart,507867,NEC,1-4,4.8,5.8,0.903,0.338,27.4,0.739,0.227,0.902,14.0,15.8,13.4,46.0,9.2,0.215,12.8,
2021,1,Saint Joseph's,507869,NEC,1-3,6.0,7.25,0.738,0.684,36.25,0.867,0.143,0.824,16.5,8.75,10.5,42.0,10.5,0.237,19.25,
2021,1,Siena,507870,MAAC,0-1,6.0,6.0,0.792,0.474,33.0,1.0,,0.792,13.0,7.0,8.0,7.0,7.0,0.226,23.0,
2021,1,St. Bonaventure,507811,MAAC,1-0,11.0,5.0,0.929,0.455,22.0,1.0,0.333,0.929,24.0,14.0,6.0,13.0,13.0,0.419,13.0,
2021,1,St. John's (NY),507868,Big East,1-3,3.5,9.75,0.726,0.264,28.5,0.25,0.286,0.859,12.0,14.0,18.25,34.0,8.5,0.26,17.75,
2021,1,Stony Brook,507871,America East,2-3,8.6,5.8,0.815,0.449,34.6,0.778,0.381,0.875,23.0,12.8,13.2,72.0,14.4,0.303,12.8,
2021,1,Syracuse,507872,ACC,3-1,9.0,7.75,0.824,0.528,34.75,0.643,0.273,0.844,25.25,15.75,12.5,65.0,16.25,0.387,12.25,
2021,1,Towson,507873,CAA,2-4,5.33,8.33,0.826,0.395,27.67,0.769,0.389,0.812,14.83,11.83,12.33,57.0,9.5,0.292,19.5,
2021,1,UAlbany,507813,America East,2-0,11.5,7.5,0.86,0.519,34.5,0.833,0.5,0.872,27.0,10.0,7.5,31.0,15.5,0.413,17.5,
2021,1,UMBC,507848,America East,2-0,5.0,7.0,0.872,0.551,25.5,0.667,0.5,0.731,15.5,12.0,9.5,21.0,10.5,0.269,21.0,
2021,1,UMass Lowell,507843,America East,0-2,3.5,10.0,0.692,0.362,33.0,0.5,0.1,0.756,11.0,15.0,18.5,15.0,7.5,0.211,19.0,
2021,1,Utah,507812,DI Independent,1-4,4.8,4.8,0.885,0.532,23.6,0.75,0.474,0.91,12.8,11.6,10.8,40.0,8.0,0.267,16.6,
2021,1,VMI,507879,SoCon,1-1,6.5,12.5,0.737,0.462,35.0,0.75,0.2,0.822,17.0,10.5,12.0,21.0,10.5,0.28,18.5,
2021,1,Vermont,507877,America East,1-2,8.0,7.0,0.866,0.617,41.0,0.8,0.273,0.826,23.33,12.67,13.0,46.0,15.33,0.319,16.33,
2021,1,Villanova,507878,Big East,2-1,4.67,5.67,0.776,0.514,17.0,0.625,0.231,0.911,14.0,11.0,12.67,28.0,9.33,0.243,16.67,
2021,1,Virginia,507880,ACC,5-2,8.43,9.86,0.804,0.611,45.29,0.692,0.353,0.699,23.29,13.43,11.86,104.0,14.86,0.311,17.57,
2021,1,Wagner,507881,NEC,0-3,4.0,3.0,0.783,0.366,24.0,0.429,0.2,0.903,10.33,16.33,18.0,19.0,6.33,0.268,22.33,
2021,2,Adams St.,507955,RMAC,0-1,3.0,4.0,0.6,0.194,17.0,0.4,0.333,,11.0,22.0,22.0,,8.0,0.286,22.0,
2021,2,Adelphi,507931,NE10,0-1,3.0,7.0,1.0,0.304,19.0,0.571,,,10.0,13.0,12.0,,7.0,0.212,12.0,
2021,2,Alderson Broaddus,507956,G-MAC,0-3,1.0,5.33,0.689,0.093,12.33,0.556,0.133,,4.0,14.33,23.0,,3.0,0.161,21.33,
2021,2,American Int'l,507933,NE10,0-1,3.0,8.0,0.542,0.368,23.0,0.333,0.286,,6.0,10.0,14.0,,3.0,0.094,25.0,
2021,2,Anderson (SC),515530,SAC,4-4,6.13,7.88,0.752,0.731,39.88,0.76,0.129,,19.75,11.88,14.0,,13.63,0.311,15.0,
2021,2,Barton,507930,Conference Carolinas,4-3,7.14,8.29,0.807,0.586,42.29,0.724,0.243,,19.43,14.0,13.57,,12.29,0.273,20.71,
2021,2,Belmont Abbey,507900,Conference Carolinas,5-2,8.43,10.43,0.906,0.585,34.71,0.679,0.632,,22.71,11.57,9.14,,14.29,0.351,18.43,
2021,2,CSU Pueblo,507901,RMAC,1-2,5.0,13.33,0.738,0.329,33.0,0.706,0.167,,15.0,16.67,14.0,,10.0,0.233,23.0,
2021,2,Caldwell,507885,CACC,1-0,7.0,6.0,0.857,0.423,32.0,0.786,0.429,,22.0,12.0,9.0,,15.0,0.319,24.0,
2021,2,Catawba,507888,SAC,4-3,4.57,8.43,0.892,0.354,32.71,0.788,0.259,,16.86,10.0,11.71,,12.29,0.299,16.14,
2021,2,Chestnut Hill,507912,CACC,3-2,9.2,8.0,0.873,0.669,38.4,0.4,0.455,,21.2,13.6,12.0,,12.0,0.305,20.6,
2021,2,Chowan,507903,Conference Carolinas,1-7,3.63,9.13,0.789,0.371,37.88,0.682,0.244,,10.63,14.13,16.75,,7.0,0.264,23.88,
2021,2,Coker,507889,SAC,2-3,8.4,10.0,0.842,0.44,29.8,0.588,0.211,,21.8,12.6,13.2,,13.4,0.291,16.6,
2021,2,Colorado Mesa,507907,RMAC,2-0,13.0,11.5,0.883,0.6,34.5,0.833,0.364,,29.0,12.5,5.5,,16.0,0.262,18.5,
2021,2,Davenport,507887,GLVC,1-5,5.0,9.67,0.784,0.26,22.33,0.741,0.458,,12.33,14.67,13.17,,7.33,0.267,23.67,
2021,2,Davis & Elkins,507936,G-MAC,1-1,5.5,9.0,0.708,0.162,18.0,0.5,0.417,,15.5,12.0,21.5,,10.0,0.392,20.5,
2021,2,Dominican (NY),507904,CACC,1-1,5.0,7.5,0.889,0.315,32.0,0.778,0.2,,14.5,10.0,13.5,,9.5,0.322,17.0,
2021,2,Emmanuel (GA),507920,Conference Carolinas,3-3,5.33,6.33,0.725,0.553,27.33,0.771,0.182,,17.17,13.5,11.17,,11.83,0.284,18.67,
2021,2,Felician,507927,CACC,0-3,2.0,5.67,0.746,0.507,35.0,0.583,0.4,,9.67,16.33,14.0,,7.67,0.261,29.0,
2021,2,Franklin Pierce,507940,NE10,0-1,8.0,11.0,0.679,0.375,30.0,0.889,0.333,,23.0,12.0,16.0,,15.0,0.405,20.0,
2021,2,Frostburg St.,507928,ECC,3-0,7.33,13.33,0.831,0.486,36.67,0.636,0.182,,20.67,12.67,7.33,,13.33,0.284,17.67,
2021,2,Georgian Court,507905,CACC,2-1,5.33,6.0,0.914,0.414,28.0,0.5,0.4,,14.67,17.0,10.67,,9.33,0.341,21.0,
2021,2,Lake Erie,507902,G-MAC,1-3,6.5,11.5,0.76,0.684,37.25,0.692,0.368,,16.75,11.25,11.0,,10.25,0.259,23.5,
2021,2,Lander,507929,Peach Belt,4-2,6.17,8.5,0.865,0.473,41.0,0.905,0.313,,18.0,11.83,11.83,,11.83,0.296,23.0,
2021,2,Le Moyne,507942,NE10,1-0,9.0,5.0,0.933,0.696,31.0,1.0,0.429,,21.0,14.0,7.0,,12.0,0.308,13.0,
2021,2,Lees-McRae,507910,Conference Carolinas,0-7,6.0,12.57,0.822,0.345,29.14,0.514,0.175,,15.57,12.86,15.71,,9.57,0.266,21.57,
2021,2,Lenoir-Rhyne,507890,SAC,6-1,8.14,11.0,0.836,0.495,32.86,0.679,0.35,,22.57,10.71,9.86,,14.43,0.342,17.0,
2021,2,Lewis,507886,GLVC,2-4,7.33,8.0,0.857,0.621,32.83,0.647,0.152,,18.5,13.0,11.17,,11.17,0.309,22.5,
2021,2,Limestone,507891,SAC,5-2,7.43,7.86,0.829,0.674,43.14,0.72,0.48,,21.86,10.86,8.29,,14.43,0.338,21.57,
2021,2,Lincoln Memorial,507892,SAC,0-4,2.5,5.75,0.538,0.152,23.25,0.571,0.125,,8.5,16.25,19.25,,6.0,0.296,22.0,
2021,2,Lindenwood,507915,GLVC,5-1,7.33,11.83,0.863,0.537,34.67,0.824,0.269,,19.67,9.17,6.5,,12.33,0.235,15.67,
2021,2,Lynn,507911,Sunshine State,1-0,15.0,16.0,0.957,0.889,43.0,0.857,0.5,,34.0,9.0,5.0,,19.0,0.317,13.0,
2021,2,Mars Hill,507893,SAC,3-6,5.89,3.56,0.783,0.421,27.78,0.781,0.292,,16.89,12.67,16.56,,11.0,0.308,20.78,
2021,2,Maryville (MO),507943,GLVC,5-0,8.8,13.6,0.742,0.434,32.2,0.75,0.583,,22.2,11.0,6.2,,13.4,0.374,18.6,
2021,2,Mercy,507944,ECC,4-0,10.0,10.25,0.848,0.777,47.25,0.5,0.421,,25.5,9.0,6.5,,15.5,0.32,20.75,
2021,2,Mercyhurst,507945,G-MAC,4-0,13.5,9.25,0.875,0.67,36.5,0.706,0.348,,32.25,9.5,5.75,,18.75,0.408,16.5,
2021,2,Molloy,507946,ECC,1-5,5.0,11.17,0.814,0.213,26.33,0.5,0.611,,13.83,11.0,13.33,,8.83,0.254,17.83,
2021,2,Montevallo,507922,Peach Belt,4-4,8.63,11.75,0.833,0.372,35.25,0.667,0.233,,22.5,16.13,12.25,,13.88,0.342,21.63,
2021,2,Mount Olive,507894,Conference Carolinas,5-0,7.4,10.2,0.883,0.574,30.2,0.941,0.308,,19.6,9.8,5.6,,12.2,0.313,18.2,
2021,2,Newberry,507926,SAC,3-3,7.5,9.33,0.896,0.595,38.17,0.895,0.4,,20.17,11.0,10.5,,12.67,0.326,17.0,
2021,2,North Greenville,507906,Conference Carolinas,3-5,7.13,10.25,0.802,0.587,37.75,0.591,0.324,,19.38,9.5,11.25,,12.25,0.262,20.5,
2021,2,Pace,507949,NE10,1-1,6.5,9.5,0.829,0.6,28.5,0.4,0.2,,18.0,11.0,11.0,,11.5,0.303,20.0,
2021,2,Palm Beach Atl.,507923,Sunshine State,0-1,1.0,9.0,0.808,0.111,20.0,0.5,0.143,,6.0,12.0,19.0,,5.0,0.156,22.0,
2021,2,Queens (NC),507908,SAC,3-3,5.0,5.67,0.811,0.497,24.5,0.742,0.217,,15.67,14.17,11.83,,10.67,0.32,17.33,
2021,2,Quincy,507957,GLVC,0-6,1.5,5.17,0.76,0.489,17.83,0.75,0.037,,5.33,15.33,14.83,,3.83,0.187,24.33,
2021,2,Roberts Wesleyan,507917,ECC,4-2,7.33,9.5,0.878,0.564,33.33,0.848,0.467,,22.5,11.0,7.83,,15.17,0.371,18.17,
2021,2,Rockhurst,507896,GLVC,3-3,7.17,11.17,0.834,0.649,30.33,0.633,0.316,,17.17,11.0,8.83,,10.0,0.245,23.83,
2021,2,Saint Leo,507952,Sunshine State,0-1,3.0,9.0,0.778,0.294,19.0,0.5,0.25,,11.0,15.0,24.0,,8.0,0.195,18.0,
2021,2,Saint Michael's,507953,NE10,1-0,7.0,18.0,0.8,0.632,44.0,0.714,0.667,,21.0,18.0,3.0,,14.0,0.378,22.0,
2021,2,Saint Rose,507897,NE10,0-1,2.0,9.0,0.737,0.29,19.0,0.5,0.25,,9.0,17.0,21.0,,7.0,0.389,18.0,
2021,2,Seton Hill,507914,G-MAC,3-1,14.5,12.75,0.814,0.662,37.5,0.769,0.667,,37.25,11.25,8.5,,22.75,0.404,19.25,
2021,2,Shorter,507918,Peach Belt,2-5,2.71,7.29,0.743,0.467,27.86,0.727,0.184,,9.71,16.43,14.29,,7.0,0.213,21.57,
2021,2,Southern N.H.,507947,NE10,1-0,7.0,7.0,0.789,0.625,36.0,0.667,0.111,,23.0,8.0,15.0,,16.0,0.4,25.0,
2021,2,St. Thomas Aquinas,507898,ECC,0-2,4.5,7.0,0.733,0.418,32.0,0.444,0.3,,13.0,14.5,16.5,,8.5,0.236,24.5,
2021,2,Tampa,507954,Sunshine State,1-0,13.0,16.0,0.722,0.706,44.0,0.75,0.5,,37.0,13.0,8.0,,24.0,0.421,16.0,
2021,2,Tusculum,507909,SAC,4-3,5.0,7.86,0.762,0.576,35.43,0.609,0.36,,16.14,11.0,10.43,,11.14,0.289,18.43,
2021,2,UAH,507932,Peach Belt,2-5,5.14,10.29,0.836,0.453,30.29,0.808,0.205,,15.14,14.0,11.14,,10.0,0.25,21.29,
2021,2,UIndy,507941,GLVC,4-1,9.4,10.4,0.862,0.504,34.8,0.7,0.833,,23.0,9.6,9.0,,13.6,0.313,13.8,
2021,2,Walsh,507916,G-MAC,1-4,4.2,10.0,0.776,0.51,28.6,0.722,0.143,,14.0,13.8,14.6,,9.8,0.343,22.6,
2021,2,Westminster (UT),507921,RMAC,2-1,6.33,9.67,0.9,0.436,30.67,0.667,,,16.67,8.67,12.0,,10.33,0.304,21.67,
2021,2,Wheeling,515870,G-MAC,1-5,4.5,6.33,0.625,0.431,28.17,0.37,0.323,,11.0,9.83,16.67,,6.5,0.241,23.83,
2021,2,Wilmington (DE),507925,CACC,0-1,6.0,14.0,0.862,,16.0,0.25,0.333,,13.0,19.0,16.0,,7.0,0.2,22.0,
2021,2,Wingate,507899,SAC,6-1,12.0,10.29,0.947,0.59,42.29,0.917,0.429,,30.57,9.14,8.14,,18.57,0.314,13.86,
2022,1,Air Force,530081,ASUN,6-5,6.09,8.91,0.807,0.475,28.91,0.708,0.48,0.879,17.82,13.09,10.82,129.0,11.73,0.269,16.27,
2022,1,Army West Point,530082,Patriot,9-2,8.27,7.64,0.884,0.514,30.0,0.7,0.472,0.813,22.64,14.0,10.55,158.0,14.36,0.308,14.45,
2022,1,Bellarmine,530022,ASUN,3-10,6.62,10.15,0.785,0.419,25.92,0.774,0.273,0.822,17.23,11.46,12.46,138.0,10.62,0.307,18.92,
2022,1,Binghamton,530023,America East,4-5,5.67,7.56,0.792,0.522,30.78,0.5,0.2,0.878,17.33,12.56,12.67,105.0,11.67,0.296,18.44,
2022,1,Boston U.,530024,Patriot,8-3,8.73,12.55,0.836,0.596,37.82,0.628,0.364,0.764,23.0,12.18,10.45,157.0,14.27,0.307,19.0,
2022,1,Brown,530025,Ivy League,6-4,7.3,7.1,0.872,0.496,27.9,0.743,0.5,0.808,20.1,12.6,11.8,128.0,12.8,0.289,16.1,
2022,1,Bryant,530026,NEC,5-5,6.1,9.2,0.81,0.53,33.0,0.744,0.206,0.818,17.7,13.0,10.5,116.0,11.6,0.261,18.4,
2022,1,Bucknell,530027,Patriot,7-4,8.09,10.45,0.824,0.475,36.36,0.647,0.238,0.793,21.55,10.91,10.55,148.0,13.45,0.306,16.55,
2022,1,Canisius,530028,MAAC,2-9,4.82,5.36,0.768,0.457,28.09,0.519,0.286,0.881,14.36,13.36,15.64,105.0,9.55,0.252,18.09,
2022,1,Cleveland St.,530029,ASUN,3-7,6.9,6.0,0.873,0.445,28.3,0.594,0.278,0.858,18.2,14.0,12.0,113.0,11.3,0.269,16.8,
2022,1,Colgate,530030,Patriot,2-8,4.5,5.9,0.792,0.549,26.7,0.625,0.133,0.871,13.7,13.7,12.0,92.0,9.2,0.254,18.6,
2022,1,Cornell,530031,Ivy League,9-1,8.1,9.2,0.822,0.452,33.5,0.613,0.406,0.732,21.6,11.8,10.3,135.0,13.5,0.316,16.1,
2022,1,Dartmouth,530032,Ivy League,4-6,5.4,7.9,0.783,0.523,32.7,0.639,0.258,0.835,14.9,13.7,11.9,95.0,9.5,0.228,18.8,
2022,1,Delaware,530033,CAA,6-5,7.55,6.45,0.894,0.422,29.91,0.571,0.474,0.858,20.82,11.09,11.73,146.0,13.27,0.307,13.36,
2022,1,Denver,530034,Big East,6-5,8.09,6.45,0.886,0.55,26.82,0.559,0.486,0.852,21.0,12.0,12.91,142.0,12.91,0.289,14.09,
2022,1,Detroit Mercy,530035,ASUN,1-7,2.38,7.0,0.711,0.405,31.75,0.552,0.182,0.886,9.13,15.13,16.25,54.0,6.75,0.189,21.75,
2022,1,Drexel,530036,CAA,5-5,8.5,7.8,0.883,0.361,30.9,0.706,0.333,0.883,21.4,13.0,13.3,129.0,12.9,0.338,16.6,
2022,1,Duke,530037,ACC,9-5,8.0,7.21,0.861,0.555,34.36,0.633,0.6,0.85,23.14,12.86,11.07,212.0,15.14,0.332,15.14,
2022,1,Fairfield,530038,CAA,6-5,7.73,8.55,0.908,0.529,35.18,0.705,0.545,0.845,22.0,13.0,13.45,157.0,14.27,0.326,17.91,
2022,1,Georgetown,530039,Big East,9-1,8.6,9.1,0.864,0.62,37.1,0.652,0.444,0.855,23.4,12.3,8.2,148.0,14.8,0.319,15.8,
2022,1,Hampton,530040,SoCon,0-7,1.86,6.71,0.678,0.422,23.71,0.667,0.087,0.94,6.29,18.57,19.57,31.0,4.43,0.2,27.0,
2022,1,Harvard,530042,Ivy League,7-2,6.22,10.0,0.794,0.417,33.22,0.615,0.333,0.759,19.44,11.67,10.67,119.0,13.22,0.322,18.67,
2022,1,High Point,530090,SoCon,6-5,7.55,8.64,0.81,0.468,31.64,0.657,0.326,0.745,21.09,12.0,11.73,149.0,13.55,0.316,15.55,
2022,1,Hobart,530043,NEC,3-5,7.0,8.75,0.847,0.515,30.5,0.667,0.387,0.82,20.38,10.38,12.63,107.0,13.38,0.277,14.63,
2022,1,Hofstra,530044,CAA,5-7,4.83,8.08,0.85,0.464,29.5,0.629,0.167,0.912,14.75,12.33,10.67,119.0,9.92,0.295,18.67,
2022,1,Holy Cross,530045,Patriot,0-10,5.1,7.6,0.789,0.439,26.0,0.633,0.348,0.906,12.9,13.0,17.3,78.0,7.8,0.225,20.0,
2022,1,Jacksonville,530046,SoCon,10-2,8.92,9.0,0.881,0.461,32.58,0.707,0.366,0.796,24.17,12.67,9.75,183.0,15.25,0.392,17.83,
2022,1,Johns Hopkins,530047,Big Ten,5-7,6.5,7.33,0.819,0.471,30.5,0.609,0.4,0.877,17.17,11.08,12.17,128.0,10.67,0.27,17.08,
2022,1,LIU,530018,NEC,6-5,5.73,7.27,0.861,0.539,36.64,0.688,0.293,0.882,16.0,14.09,9.45,113.0,10.27,0.297,19.64,
2022,1,Lafayette,530048,Patriot,4-8,6.92,7.25,0.903,0.439,29.5,0.676,0.432,0.89,19.42,8.83,14.33,150.0,12.5,0.319,13.42,
2022,1,Lehigh,530049,Patriot,7-3,6.7,8.1,0.809,0.664,35.0,0.6,0.419,0.845,18.4,10.5,9.5,117.0,11.7,0.267,16.9,
2022,1,Loyola Maryland,530051,Patriot,5-5,8.2,10.1,0.889,0.538,34.9,0.563,0.429,0.798,20.5,9.4,11.5,123.0,12.3,0.276,15.2,
2022,1,Manhattan,530052,MAAC,5-5,4.9,7.1,0.895,0.303,23.5,0.7,0.444,0.899,13.8,11.2,9.8,89.0,8.9,0.267,13.8,
2022,1,Marist,530053,MAAC,3-7,5.4,8.2,0.888,0.398,28.1,0.593,0.231,0.902,14.4,14.8,13.5,90.0,9.0,0.235,16.9,
2022,1,Marquette,530054,Big East,4-6,6.3,8.5,0.843,0.602,30.8,0.645,0.311,0.849,18.1,10.9,11.4,118.0,11.8,0.282,19.0,
2022,1,Maryland,530056,Big Ten,10-0,10.7,8.9,0.867,0.647,36.3,0.56,0.484,0.895,29.0,11.0,9.6,183.0,18.3,0.4,14.4,
2022,1,Massachusetts,530057,CAA,6-4,6.2,6.3,0.874,0.545,32.4,0.611,0.341,0.813,17.9,12.2,10.7,117.0,11.7,0.281,14.9,
2022,1,Mercer,530058,SoCon,4-8,6.5,6.33,0.889,0.486,25.33,0.667,0.306,0.916,17.25,12.75,13.08,129.0,10.75,0.291,17.17,
2022,1,Michigan,530059,Big Ten,7-5,9.42,8.83,0.838,0.591,32.92,0.657,0.5,0.781,24.17,12.17,10.33,177.0,14.75,0.306,16.08,
2022,1,Monmouth,530060,MAAC,4-5,4.56,7.22,0.816,0.497,29.89,0.742,0.321,0.841,12.33,14.67,10.89,70.0,7.78,0.216,16.89,
2022,1,Mount St. Mary's,530061,NEC,4-8,5.0,8.5,0.837,0.466,32.75,0.661,0.235,0.79,14.33,12.08,12.33,112.0,9.33,0.225,19.67,
2022,1,NJIT,530063,America East,0-9,3.56,6.44,0.762,0.469,25.89,0.654,0.159,0.916,9.78,14.78,14.22,56.0,6.22,0.185,21.44,
2022,1,Navy,530083,Patriot,6-5,6.36,8.09,0.854,0.467,35.55,0.586,0.324,0.815,17.09,11.0,10.55,118.0,10.73,0.27,17.27,
2022,1,North Carolina,530062,ACC,7-4,7.91,6.55,0.885,0.549,31.0,0.543,0.345,0.835,19.91,12.82,12.36,132.0,12.0,0.265,15.0,
2022,1,Notre Dame,530064,ACC,4-4,7.13,10.13,0.905,0.432,32.75,0.588,0.682,0.794,21.25,13.25,10.38,113.0,14.13,0.32,15.25,
2022,1,Ohio St.,530065,Big Ten,8-3,7.82,5.55,0.849,0.619,34.45,0.733,0.611,0.888,22.18,10.0,10.73,158.0,14.36,0.335,15.73,
2022,1,Penn,530067,Ivy League,4-4,7.75,6.13,0.849,0.478,32.75,0.455,0.458,0.851,19.75,13.75,11.88,96.0,12.0,0.31,18.0,
2022,1,Penn St.,530066,Big Ten,3-8,6.45,7.64,0.845,0.443,31.18,0.636,0.405,0.838,17.82,14.0,13.36,125.0,11.36,0.296,17.73,
2022,1,Princeton,530068,Ivy League,8-2,8.2,10.2,0.865,0.497,38.5,0.6,0.5,0.794,24.2,14.2,10.6,160.0,16.0,0.349,15.6,
2022,1,Providence,530069,Big East,5-6,5.27,6.64,0.876,0.42,27.09,0.655,0.455,0.843,16.09,12.45,13.64,119.0,10.82,0.262,15.64,
2022,1,Quinnipiac,530070,MAAC,2-7,5.67,6.67,0.87,0.584,31.44,0.459,0.375,0.845,16.22,12.67,13.0,95.0,10.56,0.251,15.67,
2022,1,Richmond,530071,SoCon,6-4,9.6,9.3,0.847,0.522,31.6,0.517,0.308,0.898,23.6,13.2,10.4,140.0,14.0,0.315,15.1,
2022,1,Robert Morris,530072,ASUN,6-4,8.4,10.4,0.882,0.53,31.7,0.686,0.385,0.835,21.8,11.6,11.8,134.0,13.4,0.326,18.2,
2022,1,Rutgers,530073,Big Ten,10-2,8.5,9.67,0.924,0.49,33.33,0.515,0.393,0.888,24.17,12.5,10.58,188.0,15.67,0.32,13.83,
2022,1,Sacred Heart,530074,NEC,3-7,7.0,7.1,0.844,0.423,27.8,0.541,0.31,0.873,18.0,14.7,13.9,110.0,11.0,0.286,15.9,
2022,1,Saint Joseph's,530076,NEC,9-2,7.36,5.82,0.869,0.701,29.55,0.609,0.4,0.828,21.36,10.91,10.36,154.0,14.0,0.31,15.55,
2022,1,Siena,530077,MAAC,3-8,6.0,7.18,0.835,0.473,28.91,0.641,0.393,0.876,15.36,15.18,10.73,103.0,9.36,0.238,17.0,
2022,1,St. Bonaventure,530019,MAAC,8-2,6.8,8.1,0.847,0.518,27.9,0.694,0.348,0.846,17.6,17.2,8.2,108.0,10.8,0.307,17.0,
2022,1,St. John's (NY),530075,Big East,2-9,6.36,6.55,0.847,0.386,23.0,0.457,0.271,0.897,15.55,12.73,17.82,101.0,9.18,0.264,17.18,
2022,1,Stony Brook,530078,America East,7-4,6.64,7.82,0.853,0.522,36.36,0.543,0.422,0.879,20.36,12.09,11.73,151.0,13.73,0.301,16.91,
2022,1,Syracuse,530079,ACC,4-6,6.8,10.0,0.862,0.589,36.8,0.5,0.379,0.826,20.1,10.4,13.7,133.0,13.3,0.281,15.4,
2022,1,Towson,530080,CAA,5-6,6.64,6.91,0.886,0.414,30.27,0.628,0.412,0.864,17.55,13.82,12.36,120.0,10.91,0.266,16.27,
2022,1,UAlbany,530021,America East,4-6,7.1,6.0,0.87,0.455,29.2,0.714,0.472,0.882,17.3,11.6,14.1,102.0,10.2,0.306,19.0,
2022,1,UMBC,530055,America East,3-5,5.13,5.25,0.786,0.547,30.63,0.826,0.28,0.906,15.0,9.75,10.38,79.0,9.88,0.288,18.38,
2022,1,UMass Lowell,530050,America East,1-9,5.2,6.4,0.75,0.485,30.1,0.545,0.469,0.88,15.1,10.7,16.0,99.0,9.9,0.229,17.2,
2022,1,Utah,530020,ASUN,6-3,7.89,6.56,0.923,0.518,32.0,0.733,0.4,0.888,20.78,10.44,11.33,116.0,12.89,0.32,15.67,
2022,1,VMI,530086,SoCon,3-8,5.0,8.91,0.833,0.406,28.91,0.591,0.333,0.805,14.09,11.55,12.91,100.0,9.09,0.232,17.55,
2022,1,Vermont,530084,America East,6-6,7.83,10.17,0.858,0.628,31.5,0.771,0.256,0.805,20.42,11.17,8.92,151.0,12.58,0.278,16.17,
2022,1,Villanova,530085,Big East,6-4,8.6,10.2,0.841,0.602,31.5,0.793,0.5,0.799,22.3,10.3,11.3,137.0,13.7,0.284,15.0,
2022,1,Virginia,530087,ACC,8-2,8.6,9.4,0.862,0.535,37.4,0.714,0.35,0.753,23.8,12.0,11.2,152.0,15.2,0.33,14.8,
2022,1,Wagner,530088,NEC,3-6,2.44,8.11,0.845,0.372,25.0,0.818,0.161,0.891,10.33,13.11,9.89,71.0,7.89,0.208,17.22,
2022,1,Yale,530089,Ivy League,7-2,8.78,8.89,0.835,0.543,35.56,0.658,0.48,0.773,23.78,14.89,11.78,135.0,15.0,0.316,16.22,
2022,2,Alderson Broaddus,530164,G-MAC,1-5,4.33,12.0,0.802,0.336,18.67,0.783,0.276,0.958,13.5,14.0,12.5,55.0,9.17,0.261,20.83,
2022,2,Bentley,530143,NE10,5-1,9.17,10.17,0.934,0.719,37.17,0.8,0.2,0.785,23.33,9.67,6.67,85.0,14.17,0.266,15.33,
2022,2,Limestone,530100,SAC,9-1,7.2,10.8,0.829,0.594,47.1,0.789,0.303,0.737,23.2,13.7,7.9,160.0,16.0,0.316,22.7,
2022,2,Lynn,530120,Sunshine State,2-7,6.22,10.56,0.813,0.444,28.22,0.646,0.325,0.832,17.89,12.44,13.67,105.0,11.67,0.313,16.67,
2022,2,Molloy,530154,ECC,4-7,5.91,8.18,0.786,0.263,26.09,0.744,0.289,0.886,15.64,15.73,12.09,107.0,9.73,0.289,22.45,
2022,2,Montevallo,530130,Peach Belt,5-5,7.4,10.5,0.841,0.516,30.5,0.744,0.315,0.768,20.1,13.0,10.0,127.0,12.7,0.341,20.0,
2022,2,Palm Beach Atl.,530131,Sunshine State,4-4,5.25,14.5,0.833,0.451,34.0,0.627,0.3,0.73,15.63,11.38,11.0,83.0,10.38,0.273,20.13,
2022,2,Queens (NC),530117,SAC,6-3,10.33,8.11,0.812,0.608,37.11,0.816,0.523,0.756,25.56,10.78,10.0,137.0,15.22,0.342,18.44,
2022,2,Roberts Wesleyan,530125,ECC,7-1,10.63,7.75,0.799,0.701,38.5,0.811,0.486,0.75,27.5,9.25,10.13,135.0,16.88,0.374,21.38,
2022,2,Rockhurst,530105,GLVC,5-3,6.88,11.13,0.834,0.447,28.5,0.707,0.341,0.788,20.38,13.0,10.75,108.0,13.5,0.278,20.88,
2022,2,Saint Anselm,530159,NE10,3-3,7.83,10.67,0.823,0.445,35.83,0.6,0.323,0.711,21.83,10.83,10.33,84.0,14.0,0.261,17.33,
2022,2,Saint Michael's,530161,NE10,1-7,5.0,10.5,0.765,0.364,26.88,0.667,0.382,0.879,14.0,16.25,13.75,72.0,9.0,0.255,19.38,
2022,2,Seton Hill,530122,G-MAC,6-4,6.9,6.7,0.881,0.726,31.5,0.686,0.269,0.842,19.9,11.0,9.1,130.0,13.0,0.261,15.6,
2022,2,Shorter,530126,Peach Belt,2-8,4.4,7.2,0.76,0.313,23.5,0.305,0.25,0.924,12.7,14.4,17.7,83.0,8.3,0.24,18.2,
2022,2,Wilmington (DE),530133,CACC,5-3,8.63,9.0,0.841,0.538,35.5,0.719,0.341,0.769,23.38,11.75,10.63,118.0,14.75,0.306,20.63,
2022,2,Wingate,530108,SAC,8-2,9.4,8.6,0.869,0.491,38.3,0.681,0.333,0.734,25.7,10.1,9.5,163.0,16.3,0.329,13.1,
2023,1,Air Force,546929,ASUN,7-4,5.82,7.82,0.898,0.396,27.36,0.75,0.444,0.829,17.18,11.36,11.0,125.0,11.36,0.308,17.45,
2023,1,Army West Point,546930,Patriot,8-1,7.56,8.78,0.876,0.633,36.11,0.704,0.462,0.783,21.11,9.44,7.89,122.0,13.56,0.304,16.67,
2023,1,Bellarmine,546870,ASUN,7-3,7.8,8.6,0.897,0.478,31.6,0.732,0.387,0.831,21.6,10.8,10.8,138.0,13.8,0.318,16.2,
2023,1,Binghamton,546871,America East,7-2,7.56,7.44,0.869,0.588,33.56,0.576,0.485,0.829,21.56,13.67,11.11,126.0,14.0,0.321,16.78,
2023,1,Boston U.,546872,Patriot,7-2,9.11,11.44,0.817,0.538,37.11,0.667,0.545,0.778,23.11,10.11,10.56,126.0,14.0,0.312,17.56,
2023,1,Brown,546873,Ivy League,4-5,7.11,6.67,0.888,0.569,31.22,0.607,0.265,0.855,20.11,14.11,12.67,117.0,13.0,0.295,17.67,
2023,1,Bryant,546874,America East,7-2,7.89,9.89,0.892,0.59,37.78,0.636,0.5,0.84,23.11,11.22,11.33,137.0,15.22,0.338,16.0,
2023,1,Bucknell,546875,Patriot,2-7,7.0,12.22,0.806,0.425,30.22,0.581,0.541,0.819,18.0,11.0,12.56,99.0,11.0,0.276,19.11,
2023,1,Canisius,546876,MAAC,2-9,4.55,4.82,0.839,0.485,32.09,0.595,0.405,0.859,15.18,13.0,13.91,117.0,10.64,0.285,15.91,
2023,1,Cleveland St.,546877,ASUN,3-5,6.5,6.25,0.842,0.505,29.13,0.68,0.478,0.833,18.0,13.0,13.0,92.0,11.5,0.332,18.38,
2023,1,Colgate,546878,Patriot,1-6,5.43,8.43,0.822,0.517,29.86,0.529,0.278,0.858,15.71,12.57,11.57,72.0,10.29,0.256,17.0,
2023,1,Cornell,546879,Ivy League,7-1,7.63,9.63,0.895,0.502,38.25,0.667,0.444,0.826,23.0,13.0,9.88,123.0,15.38,0.347,16.88,
2023,1,Dartmouth,546880,Ivy League,6-2,7.0,9.13,0.813,0.608,35.38,0.636,0.345,0.808,20.13,9.38,13.13,105.0,13.13,0.316,21.88,
2023,1,Delaware,546881,CAA,7-3,9.2,9.2,0.907,0.508,31.6,0.88,0.5,0.824,24.0,10.2,8.6,148.0,14.8,0.344,15.1,
2023,1,Denver,546882,Big East,4-4,5.88,4.88,0.863,0.61,26.25,0.474,0.345,0.831,17.0,8.88,10.38,89.0,11.13,0.308,16.5,
2023,1,Detroit Mercy,546883,ASUN,1-7,3.38,8.38,0.834,0.348,24.75,0.676,0.261,0.909,11.63,14.5,14.63,66.0,8.25,0.219,16.5,
2023,1,Drexel,546884,CAA,6-3,6.33,7.22,0.828,0.531,31.22,0.714,0.321,0.94,18.78,12.33,11.56,112.0,12.44,0.329,18.56,
2023,1,Duke,546885,ACC,10-1,8.27,7.73,0.888,0.604,35.91,0.682,0.429,0.863,23.82,11.73,10.18,171.0,15.55,0.329,15.55,
2023,1,Fairfield,546886,CAA,3-7,5.3,8.8,0.841,0.456,31.1,0.688,0.206,0.824,16.3,10.9,12.4,110.0,11.0,0.289,17.3,
2023,1,Georgetown,546887,Big East,5-3,6.75,10.13,0.912,0.52,38.5,0.636,0.733,0.836,19.88,10.88,11.25,105.0,13.13,0.3,15.13,
2023,1,Hampton,546888,CAA,2-8,4.6,10.7,0.741,0.459,31.4,0.605,0.379,0.848,13.3,12.0,16.4,87.0,8.7,0.275,24.4,
2023,1,Harvard,546890,Ivy League,4-4,8.88,10.25,0.881,0.451,35.25,0.7,0.5,0.762,22.5,10.75,13.38,109.0,13.63,0.292,16.13,
2023,1,High Point,546938,Atlantic 10,6-5,8.82,10.55,0.836,0.556,37.45,0.619,0.205,0.748,23.82,10.27,12.91,165.0,15.0,0.304,17.73,
2023,1,Hobart,546891,Atlantic 10,5-4,6.0,6.0,0.833,0.521,29.56,0.571,0.483,0.795,19.89,12.0,14.33,125.0,13.89,0.306,14.78,
2023,1,Hofstra,546892,CAA,3-7,6.2,6.7,0.845,0.582,30.5,0.657,0.279,0.894,16.6,11.4,11.7,104.0,10.4,0.246,17.1,
2023,1,Holy Cross,546893,Patriot,0-10,3.8,5.6,0.782,0.413,28.1,0.444,0.258,0.896,11.6,16.8,15.5,78.0,7.8,0.258,22.0,
2023,1,Jacksonville,546894,ASUN,8-2,7.9,12.5,0.868,0.47,33.8,0.667,0.269,0.832,22.1,12.2,11.1,142.0,14.2,0.329,16.0,
2023,1,Johns Hopkins,546895,Big Ten,9-3,7.0,7.58,0.869,0.48,31.92,0.636,0.367,0.85,19.17,13.08,11.17,146.0,12.17,0.319,16.33,
2023,1,LIU,546866,MAAC,4-6,4.4,6.7,0.874,0.456,30.2,0.667,0.297,0.837,14.8,11.8,11.1,104.0,10.4,0.272,17.5,
2023,1,Lafayette,546896,Patriot,4-7,5.64,7.64,0.855,0.421,29.0,0.75,0.448,0.853,16.73,11.82,12.73,122.0,11.09,0.296,15.18,
2023,1,Lehigh,546897,Patriot,6-3,8.78,9.33,0.792,0.617,37.56,0.488,0.467,0.877,23.11,12.33,11.89,129.0,14.33,0.357,19.11,
2023,1,Loyola Maryland,546899,Patriot,6-3,7.22,9.33,0.893,0.425,31.22,0.471,0.423,0.867,18.44,13.67,10.56,101.0,11.22,0.294,15.0,
2023,1,Manhattan,546900,MAAC,7-3,5.7,7.1,0.905,0.509,27.5,0.815,0.342,0.9,15.7,11.1,8.1,100.0,10.0,0.279,16.2,
2023,1,Marist,546901,MAAC,4-6,6.0,7.7,0.828,0.471,31.7,0.706,0.333,0.919,17.5,10.9,13.2,115.0,11.5,0.296,15.4,
2023,1,Marquette,546902,Big East,5-4,5.89,7.11,0.841,0.542,30.0,0.667,0.409,0.862,18.33,10.44,10.89,112.0,12.44,0.313,16.22,
2023,1,Maryland,546904,Big Ten,6-3,7.89,8.78,0.922,0.605,37.78,0.684,0.448,0.876,20.56,11.67,10.44,114.0,12.67,0.277,15.78,
2023,1,Massachusetts,546905,Atlantic 10,6-3,5.11,9.0,0.804,0.543,27.78,0.769,0.409,0.906,14.44,14.44,9.0,84.0,9.33,0.265,17.33,
2023,1,Mercer,546906,ASUN,4-7,5.73,6.82,0.819,0.578,30.45,0.564,0.327,0.908,15.36,11.45,14.09,106.0,9.64,0.247,17.64,
2023,1,Michigan,546907,Big Ten,5-4,8.22,7.0,0.826,0.6,30.44,0.522,0.231,0.918,21.78,10.44,13.11,122.0,13.56,0.347,15.56,
2023,1,Monmouth,546908,CAA,4-5,4.67,6.22,0.897,0.535,30.56,0.719,0.184,0.907,13.56,10.11,11.44,80.0,8.89,0.251,14.0,
2023,1,Mount St. Mary's,546909,MAAC,5-6,6.27,9.64,0.864,0.584,33.64,0.6,0.22,0.875,16.55,9.55,11.55,113.0,10.27,0.26,18.55,
2023,1,NJIT,546911,America East,2-7,6.11,7.44,0.85,0.481,27.89,0.667,0.441,0.914,16.78,15.22,13.33,96.0,10.67,0.292,20.0,
2023,1,Navy,546931,Patriot,5-6,6.18,7.27,0.863,0.553,32.55,0.429,0.296,0.838,17.0,10.09,10.82,119.0,10.82,0.235,16.0,
2023,1,North Carolina,546910,ACC,7-3,9.8,10.3,0.884,0.457,35.2,0.721,0.556,0.78,25.9,10.8,8.5,161.0,16.1,0.368,15.1,
2023,1,Notre Dame,546912,ACC,7-1,8.88,10.13,0.86,0.471,34.13,0.625,0.619,0.864,25.25,11.88,9.5,131.0,16.38,0.358,13.75,
2023,1,Ohio St.,546913,Big Ten,5-5,6.2,6.1,0.89,0.522,30.2,0.568,0.464,0.91,17.7,10.9,12.0,115.0,11.5,0.311,17.3,
2023,1,Penn,546915,Ivy League,4-4,6.5,5.5,0.919,0.419,25.75,0.548,0.2,0.894,17.63,13.63,12.38,89.0,11.13,0.276,14.0,
2023,1,Penn St.,546914,Big Ten,6-3,8.22,8.44,0.856,0.488,33.44,0.735,0.485,0.822,22.22,13.11,10.78,126.0,14.0,0.322,16.67,
2023,1,Princeton,546916,Ivy League,4-4,8.88,8.88,0.892,0.462,31.13,0.533,0.467,0.869,22.75,14.5,10.88,111.0,13.88,0.301,14.38,
2023,1,Providence,546917,Big East,5-5,6.7,5.0,0.821,0.386,23.7,0.692,0.323,0.854,18.6,14.8,13.8,119.0,11.9,0.331,17.1,
2023,1,Quinnipiac,546918,MAAC,4-5,7.44,5.44,0.83,0.548,26.56,0.625,0.5,0.917,19.22,14.0,13.67,106.0,11.78,0.296,16.89,
2023,1,Richmond,546919,Atlantic 10,5-4,7.11,9.11,0.9,0.524,29.78,0.759,0.351,0.869,17.78,10.56,11.22,96.0,10.67,0.29,17.11,
2023,1,Robert Morris,546920,ASUN,4-5,7.44,7.0,0.871,0.498,30.33,0.614,0.536,0.866,18.44,13.22,10.44,99.0,11.0,0.296,17.11,
2023,1,Rutgers,546921,Big Ten,7-3,7.0,7.8,0.879,0.571,34.4,0.679,0.346,0.871,20.6,11.1,10.0,136.0,13.6,0.283,12.4,
2023,1,Sacred Heart,546922,MAAC,2-8,4.7,5.5,0.816,0.46,26.9,0.655,0.211,0.9,13.8,14.1,12.2,91.0,9.1,0.273,18.0,
2023,1,Saint Joseph's,546924,Atlantic 10,5-4,6.11,7.0,0.887,0.649,32.56,0.69,0.419,0.864,20.89,7.89,11.56,133.0,14.78,0.328,15.56,
2023,1,Siena,546925,MAAC,5-4,6.89,9.89,0.913,0.436,30.67,0.565,0.429,0.871,18.22,11.89,11.33,102.0,11.33,0.254,14.33,
2023,1,St. Bonaventure,546867,Atlantic 10,1-9,4.0,6.8,0.723,0.502,28.0,0.529,0.12,0.858,11.8,11.0,14.4,78.0,7.8,0.228,18.1,
2023,1,St. John's (NY),546923,Big East,0-10,5.0,9.5,0.841,0.268,25.2,0.64,0.238,0.847,13.7,14.3,15.4,87.0,8.7,0.233,19.3,
2023,1,Stony Brook,546926,CAA,6-4,6.8,6.6,0.837,0.489,33.5,0.87,0.433,0.867,20.3,12.2,11.0,135.0,13.5,0.315,15.0,
2023,1,Syracuse,546927,ACC,6-5,8.64,8.27,0.894,0.413,26.27,0.729,0.592,0.848,22.91,14.55,10.73,157.0,14.27,0.333,11.73,
2023,1,Towson,546928,CAA,2-7,6.56,8.44,0.88,0.557,34.78,0.52,0.259,0.837,17.78,11.78,11.56,101.0,11.22,0.274,19.0,
2023,1,UAlbany,546869,America East,3-5,4.88,9.63,0.908,0.476,28.75,0.565,0.37,0.887,14.5,8.5,11.38,77.0,9.63,0.238,14.63,
2023,1,UMBC,546903,America East,6-3,5.22,8.44,0.859,0.451,27.33,0.588,0.36,0.807,17.11,10.33,8.89,107.0,11.89,0.29,15.56,
2023,1,UMass Lowell,546898,America East,0-8,3.75,4.88,0.805,0.373,24.5,0.471,0.237,0.927,11.63,14.75,16.5,63.0,7.88,0.286,18.38,
2023,1,Utah,546868,ASUN,5-4,7.78,6.33,0.896,0.5,35.0,0.485,0.179,0.887,22.44,13.11,13.0,132.0,14.67,0.295,14.22,
2023,1,VMI,546934,MAAC,5-6,5.64,8.18,0.857,0.477,29.27,0.655,0.278,0.83,16.27,13.91,13.55,117.0,10.64,0.279,18.45,
2023,1,Vermont,546932,America East,5-4,7.11,7.89,0.847,0.599,30.33,0.588,0.211,0.865,17.89,11.56,11.44,97.0,10.78,0.271,18.22,
2023,1,Villanova,546933,Big East,8-2,8.0,10.3,0.867,0.541,34.3,0.769,0.455,0.81,21.5,11.0,10.0,135.0,13.5,0.285,14.9,
2023,1,Virginia,546935,ACC,7-2,12.22,9.11,0.919,0.565,41.33,0.531,0.625,0.841,30.33,12.11,12.56,163.0,18.11,0.376,14.56,
2023,1,Wagner,546936,MAAC,2-8,3.3,6.3,0.809,0.414,22.9,0.704,0.172,0.884,10.9,13.8,12.5,76.0,7.6,0.205,17.0,
2023,1,Yale,546937,Ivy League,3-4,6.71,8.71,0.833,0.468,32.14,0.517,0.24,0.809,20.43,14.71,15.0,96.0,13.71,0.299,15.29,
2023,2,Adelphi,547003,NE10,6-0,9.5,12.0,0.929,0.551,37.33,0.929,0.333,0.639,27.17,9.0,5.17,106.0,17.67,0.362,16.67,
2023,2,Alderson Broaddus,547012,G-MAC,0-7,2.0,4.29,0.805,0.332,15.57,0.615,0.077,0.897,6.14,18.71,19.43,29.0,4.14,0.173,14.71,
2023,2,American Int'l,547005,NE10,2-4,5.67,13.17,0.792,0.367,29.17,0.692,0.259,0.85,14.0,10.83,9.67,50.0,8.33,0.202,21.0,
2023,2,Anderson (SC),546956,SAC,9-1,11.0,11.9,0.836,0.679,43.7,0.724,0.482,0.707,29.2,10.9,10.4,182.0,18.2,0.335,19.7,
2023,2,Assumption,547006,NE10,2-2,5.75,9.75,0.938,0.561,34.25,0.824,0.267,0.779,21.75,15.25,9.0,64.0,16.0,0.282,14.25,
2023,2,Barton,547002,Conference Carolinas,6-4,9.0,9.0,0.79,0.545,33.0,0.86,0.42,0.802,22.7,13.4,12.0,137.0,13.7,0.358,20.8,
2023,2,Belmont Abbey,546973,Conference Carolinas,5-3,6.38,7.5,0.847,0.549,28.75,0.625,0.4,0.867,17.63,14.0,10.38,90.0,11.25,0.28,19.88,
2023,2,Bentley,546940,NE10,2-1,8.33,7.67,0.836,0.5,31.0,0.583,0.667,0.817,21.67,11.0,11.33,40.0,13.33,0.325,15.0,
2023,2,Bridgeport,551553,CACC,1-5,4.83,10.17,0.64,0.358,28.33,0.652,0.357,0.806,13.17,14.33,15.5,50.0,8.33,0.307,28.17,
2023,2,CSU Pueblo,546974,RMAC,0-7,3.0,3.86,0.753,0.413,17.57,0.5,0.192,0.851,7.57,13.86,13.57,32.0,4.57,0.242,19.29,
2023,2,Caldwell,546958,CACC,1-4,5.2,7.6,0.65,0.415,25.2,0.778,0.167,0.79,14.2,16.2,12.4,45.0,9.0,0.227,23.2,
2023,2,Catawba,546961,SAC,1-6,3.71,7.29,0.813,0.364,27.0,0.588,0.269,0.888,10.86,12.57,12.71,50.0,7.14,0.183,19.0,
2023,2,Chestnut Hill,546985,CACC,3-2,7.2,9.0,0.868,0.49,27.2,0.588,0.313,0.709,15.8,13.6,7.6,43.0,8.6,0.247,23.2,
2023,2,Chowan,546976,Conference Carolinas,2-6,10.88,10.0,0.756,0.442,30.63,0.571,0.432,0.827,26.5,15.75,17.0,125.0,15.63,0.424,20.13,
2023,2,Coker,546962,SAC,5-3,6.75,5.88,0.781,0.376,21.5,0.792,0.143,0.92,19.0,14.0,10.5,98.0,12.25,0.313,14.38,
2023,2,Colorado Mesa,546980,RMAC,7-2,9.67,8.67,0.933,0.634,36.33,0.727,0.29,0.809,26.67,8.89,9.67,153.0,17.0,0.328,16.67,
2023,2,Davenport,546960,GLVC,2-5,8.14,10.57,0.803,0.428,36.43,0.714,0.226,0.858,19.43,12.29,11.0,79.0,11.29,0.317,24.0,
2023,2,Davis & Elkins,546941,G-MAC,2-7,6.33,6.56,0.809,0.345,27.89,0.667,0.208,0.881,15.33,17.44,16.78,81.0,9.0,0.291,20.89,
2023,2,Dist. Columbia,546942,ECC,0-4,2.25,5.5,0.6,0.77,36.0,0.643,0.25,0.947,7.75,24.0,19.5,22.0,5.5,0.19,28.5,
2023,2,Dominican (NY),546977,CACC,2-4,6.17,9.17,0.701,0.347,28.83,0.615,0.438,0.881,14.5,12.5,16.17,50.0,8.33,0.273,23.67,
2023,2,Embry-Riddle (FL),546996,Sunshine State,4-4,4.75,8.88,0.767,0.411,33.25,0.563,0.333,0.839,16.75,12.75,14.25,96.0,12.0,0.276,18.5,
2023,2,Emmanuel (GA),546992,Conference Carolinas,1-7,4.38,5.5,0.728,0.451,25.13,0.732,0.12,0.913,11.75,16.0,18.38,59.0,7.38,0.233,20.88,
2023,2,Felician,546999,CACC,1-4,4.2,7.2,0.802,0.586,36.4,0.609,0.182,0.847,14.0,12.2,13.6,49.0,9.8,0.216,18.6,
2023,2,Fla. Southern,546944,Sunshine State,6-2,11.5,16.0,0.895,0.53,47.5,0.486,0.571,0.742,32.5,10.88,9.25,168.0,21.0,0.364,17.88,
2023,2,Flagler,547015,Peach Belt,2-8,5.6,9.3,0.86,0.446,29.5,0.6,0.324,0.902,15.5,11.6,14.7,99.0,9.9,0.25,18.9,
2023,2,Florida Tech,546943,Sunshine State,4-3,8.14,10.29,0.854,0.547,38.14,0.675,0.353,0.768,22.71,11.86,11.29,102.0,14.57,0.333,17.29,
2023,2,Franklin Pierce,546945,NE10,3-2,8.2,8.8,0.838,0.409,31.8,0.667,0.333,0.775,21.8,13.2,13.2,68.0,13.6,0.352,18.8,
2023,2,Frostburg St.,547000,ECC,7-0,11.14,8.14,0.897,0.564,40.86,0.878,0.242,0.798,28.43,8.71,8.86,121.0,17.29,0.307,15.86,
2023,2,Georgian Court,546978,CACC,3-5,6.13,5.63,0.801,0.456,30.75,0.765,0.417,0.911,15.63,18.13,13.63,76.0,9.5,0.277,20.25,
2023,2,Lake Erie,546975,G-MAC,1-6,6.29,4.14,0.815,0.681,32.14,0.769,0.133,0.861,17.86,12.0,15.71,81.0,11.57,0.26,19.29,
2023,2,Lander,547001,Peach Belt,6-3,10.33,13.0,0.887,0.479,36.44,0.556,0.464,0.793,25.0,14.56,10.89,132.0,14.67,0.333,15.89,
2023,2,Le Moyne,546947,NE10,5-0,6.8,6.2,0.862,0.522,24.6,0.875,0.222,0.837,19.0,10.6,7.2,61.0,12.2,0.353,18.8,
2023,2,Lees-McRae,546983,Conference Carolinas,0-8,2.5,6.5,0.683,0.406,26.38,0.581,0.208,0.876,8.75,14.75,17.5,50.0,6.25,0.244,28.13,
2023,2,Lenoir-Rhyne,546963,SAC,8-1,11.78,11.11,0.902,0.558,33.11,0.625,0.575,0.763,29.44,8.67,7.11,159.0,17.67,0.333,14.44,
2023,2,Lewis,546959,GLVC,5-2,6.71,8.14,0.811,0.464,28.14,0.613,0.355,0.862,19.0,13.71,8.57,86.0,12.29,0.354,18.57,
2023,2,Limestone,546964,SAC,6-3,10.0,9.33,0.896,0.547,45.22,0.772,0.412,0.759,26.0,12.67,12.44,144.0,16.0,0.306,19.33,
2023,2,Lincoln Memorial,546965,SAC,4-4,5.25,11.38,0.829,0.514,29.38,0.737,0.273,0.727,16.63,9.88,11.13,91.0,11.38,0.263,20.13,
2023,2,Lynn,546984,Sunshine State,5-4,8.33,7.67,0.919,0.602,35.67,0.75,0.256,0.804,22.44,11.11,10.0,127.0,14.11,0.357,17.78,
2023,2,Malone,550213,G-MAC,5-3,8.0,7.38,0.791,0.459,36.5,0.679,0.465,0.858,22.5,19.5,14.0,116.0,14.5,0.326,20.38,
2023,2,Mars Hill,546966,SAC,2-8,4.8,8.3,0.852,0.467,29.9,0.558,0.3,0.863,13.0,14.4,12.5,82.0,8.2,0.24,18.9,
2023,2,Maryville (MO),546948,GLVC,5-3,6.25,9.88,0.834,0.58,31.25,0.636,0.219,0.747,18.25,8.5,10.25,96.0,12.0,0.257,18.0,
2023,2,Mercy,546949,ECC,6-1,10.14,11.14,0.873,0.662,42.43,0.769,0.607,0.814,28.43,10.0,9.86,128.0,18.29,0.39,20.0,
2023,2,Mercyhurst,546950,G-MAC,4-1,6.6,7.0,0.874,0.656,33.8,0.563,0.381,0.857,18.8,13.4,8.2,61.0,12.2,0.298,18.2,
2023,2,Molloy,546951,ECC,6-3,7.89,12.67,0.854,0.519,39.11,0.65,0.263,0.721,20.0,11.11,8.33,109.0,12.11,0.271,20.89,
2023,2,Montevallo,546994,Peach Belt,7-4,5.82,8.64,0.83,0.56,35.09,0.656,0.417,0.842,16.55,14.64,11.73,118.0,10.73,0.262,24.91,
2023,2,Mount Olive,546967,Conference Carolinas,2-5,4.86,6.29,0.849,0.61,28.0,0.531,0.303,0.912,14.14,14.29,13.29,65.0,9.29,0.261,18.86,
2023,2,Newberry,546998,SAC,5-4,8.67,8.22,0.811,0.495,36.0,0.615,0.591,0.912,22.67,10.22,14.11,126.0,14.0,0.356,19.11,
2023,2,North Greenville,546979,Conference Carolinas,3-6,7.89,8.0,0.888,0.444,24.44,0.69,0.233,0.862,18.67,12.33,13.78,97.0,10.78,0.287,17.44,
2023,2,Pace,546954,NE10,5-0,7.4,13.8,0.865,0.667,38.0,0.75,0.444,0.748,22.4,10.0,7.2,75.0,15.0,0.352,19.4,
2023,2,Palm Beach Atl.,546995,Sunshine State,2-5,6.0,10.0,0.873,0.48,33.86,0.615,0.258,0.784,18.71,10.0,16.43,89.0,12.71,0.298,18.14,
2023,2,Post,546968,CACC,4-3,8.43,11.43,0.843,0.528,38.71,0.636,0.522,0.802,23.0,11.0,10.43,102.0,14.57,0.348,18.71,
2023,2,Quincy,547013,GLVC,7-4,7.91,8.18,0.866,0.521,34.91,0.778,0.439,0.778,21.09,12.18,10.55,145.0,13.18,0.309,17.73,
2023,2,Roberts Wesleyan,546989,ECC,4-3,7.14,8.71,0.899,0.444,29.43,0.694,0.242,0.89,20.71,11.29,12.71,95.0,13.57,0.329,16.71,
2023,2,Rockhurst,546969,GLVC,5-3,7.0,11.5,0.826,0.581,34.25,0.81,0.483,0.801,18.63,10.25,8.25,93.0,11.63,0.26,20.38,
2023,2,Rollins,546955,Sunshine State,6-1,8.29,8.14,0.857,0.558,32.86,0.571,0.313,0.837,24.14,12.57,10.71,111.0,15.86,0.362,16.86,
2023,2,Saint Anselm,547007,NE10,2-1,7.33,9.0,0.949,0.575,35.33,0.714,0.364,0.738,21.0,9.0,7.67,41.0,13.67,0.299,17.0,
2023,2,Saint Leo,547008,Sunshine State,5-3,7.63,9.13,0.815,0.623,31.63,0.875,0.353,0.793,21.63,10.75,9.75,112.0,14.0,0.356,19.13,
2023,2,Saint Michael's,547009,NE10,3-1,12.5,12.5,0.813,0.413,34.0,0.619,0.182,0.652,29.75,15.25,10.25,69.0,17.25,0.401,17.25,
2023,2,Saint Rose,546970,NE10,1-7,5.5,6.75,0.832,0.509,29.63,0.472,0.313,0.861,16.25,11.88,14.5,86.0,10.75,0.283,20.25,
2023,2,Seton Hill,546986,G-MAC,3-3,9.17,6.5,0.865,0.556,26.67,0.85,0.296,0.811,24.33,10.17,9.17,91.0,15.17,0.294,16.83,
2023,2,Shorter,546990,Peach Belt,2-5,5.29,7.86,0.824,0.48,22.43,0.875,0.265,0.76,16.0,10.57,11.29,75.0,10.71,0.264,14.0,
2023,2,Southern N.H.,546952,NE10,1-1,8.5,4.0,0.806,0.6,31.5,0.857,0.3,0.935,17.5,10.5,13.5,18.0,9.0,0.231,18.0,
2023,2,St. Thomas Aquinas,546971,ECC,3-3,4.5,6.5,0.784,0.545,31.0,0.7,0.2,0.872,13.5,12.83,12.0,54.0,9.0,0.277,23.67,
2023,2,Tampa,547010,Sunshine State,7-1,10.0,9.38,0.917,0.649,36.63,0.857,0.276,0.859,27.88,15.75,7.5,143.0,17.88,0.358,14.25,
2023,2,Tusculum,546982,SAC,4-5,7.0,7.89,0.736,0.436,32.67,0.583,0.455,0.871,17.11,13.78,13.33,91.0,10.11,0.326,23.67,
2023,2,UAH,547004,Peach Belt,7-3,5.3,12.9,0.838,0.506,39.5,0.659,0.25,0.768,17.0,9.0,10.6,117.0,11.7,0.271,20.7,
2023,2,UIndy,546946,GLVC,6-1,7.0,12.29,0.932,0.485,32.43,0.81,0.48,0.862,22.29,8.0,9.43,107.0,15.29,0.282,11.57,
2023,2,Walsh,546988,G-MAC,2-4,3.83,8.67,0.792,0.399,29.83,0.778,0.222,0.824,12.83,16.17,13.0,54.0,9.0,0.278,20.83,
2023,2,Westminster (UT),546993,RMAC,3-3,5.33,4.5,0.835,0.506,31.17,0.889,0.3,0.86,18.5,12.33,11.33,79.0,13.17,0.329,12.83,
2023,2,Wheeling,546957,G-MAC,2-5,8.43,8.86,0.759,0.281,24.0,0.886,0.143,0.831,20.57,16.57,13.43,85.0,12.14,0.292,19.71,
2023,2,Wilmington (DE),546997,CACC,1-4,6.4,9.8,0.752,0.299,25.8,0.444,0.444,0.847,14.8,15.0,17.6,42.0,8.4,0.244,16.6,
2023,2,Wingate,546972,SAC,7-1,11.38,10.75,0.891,0.547,40.88,0.714,0.25,0.761,28.63,11.38,10.0,138.0,17.25,0.337,16.25,
2023,2,Young Harris,546991,Peach Belt,1-8,4.56,9.78,0.775,0.417,34.89,0.468,0.5,0.873,14.11,13.22,18.78,86.0,9.56,0.288,24.67,
2024,1,Air Force,571437,ASUN,4-4,6.88,9.0,0.875,0.444,30.13,0.773,0.222,0.802,17.25,10.25,10.63,83.0,10.38,0.293,16.88,
2024,1,Army West Point,571438,Patriot,7-1,8.75,5.75,0.91,0.621,35.13,0.667,0.467,0.857,23.63,9.63,10.5,119.0,14.88,0.323,13.75,
2024,1,Bellarmine,571378,ASUN,6-4,7.4,9.0,0.949,0.496,28.3,0.745,0.214,0.893,19.9,14.1,9.7,125.0,12.5,0.291,18.8,
2024,1,Binghamton,571379,America East,3-5,4.88,6.63,0.809,0.511,28.25,0.692,0.286,0.826,15.88,13.13,13.25,88.0,11.0,0.263,16.13,
2024,1,Boston U.,571380,Patriot,6-2,8.5,12.88,0.825,0.441,34.13,0.654,0.348,0.794,21.25,15.0,10.63,102.0,12.75,0.309,18.13,
2024,1,Brown,571381,Ivy League,1-6,4.57,7.43,0.873,0.514,28.29,0.75,0.292,0.816,13.57,11.86,12.43,63.0,9.0,0.232,16.43,
2024,1,Bryant,571382,America East,5-3,6.88,7.13,0.902,0.648,39.25,0.786,0.188,0.911,20.25,10.5,9.13,107.0,13.38,0.297,16.25,
2024,1,Bucknell,571383,Patriot,2-7,4.89,10.11,0.773,0.464,31.11,0.657,0.321,0.807,14.44,9.0,13.56,86.0,9.56,0.249,20.0,
2024,1,Canisius,571384,MAAC,2-7,4.67,5.33,0.838,0.452,27.89,0.409,0.25,0.876,13.11,11.56,13.0,76.0,8.44,0.232,15.44,
2024,1,Cleveland St.,571385,ASUN,4-3,3.71,7.57,0.8,0.435,28.43,0.583,0.389,0.812,12.57,10.0,13.0,62.0,8.86,0.247,19.86,
2024,1,Colgate,571386,Patriot,6-3,7.11,11.22,0.811,0.412,33.44,0.683,0.467,0.719,20.11,14.22,12.44,117.0,13.0,0.32,21.89,
2024,1,Cornell,571387,Ivy League,5-2,9.43,7.71,0.853,0.479,35.29,0.667,0.348,0.799,25.57,12.71,13.86,113.0,16.14,0.375,14.57,
2024,1,Dartmouth,571388,Ivy League,3-5,7.13,9.13,0.856,0.519,34.75,0.654,0.476,0.856,17.75,10.5,12.75,85.0,10.63,0.307,19.25,
2024,1,Delaware,571389,CAA,3-3,6.17,6.5,0.868,0.507,32.5,0.526,0.529,0.879,18.0,13.0,9.5,71.0,11.83,0.252,13.33,
2024,1,Denver,571390,Big East,6-1,7.86,8.14,0.858,0.596,28.71,0.889,0.5,0.852,21.29,10.43,10.29,94.0,13.43,0.321,14.71,
2024,1,Detroit Mercy,571391,ASUN,0-7,3.71,7.43,0.802,0.276,24.0,0.516,0.294,0.882,13.0,15.14,17.29,65.0,9.29,0.286,18.29,
2024,1,Drexel,571392,CAA,3-5,5.25,6.13,0.882,0.508,28.13,0.652,0.353,0.935,14.75,14.25,11.75,76.0,9.5,0.269,17.0,
2024,1,Duke,571393,ACC,8-2,8.8,10.1,0.872,0.579,35.0,0.647,0.333,0.888,25.3,12.7,8.9,165.0,16.5,0.369,15.7,
2024,1,Fairfield,571394,CAA,4-5,6.56,10.67,0.91,0.444,31.22,0.639,0.435,0.886,16.89,9.56,11.78,93.0,10.33,0.256,14.78,
2024,1,Georgetown,571395,Big East,6-2,7.75,6.75,0.869,0.563,31.75,0.563,0.316,0.863,20.5,11.25,9.75,102.0,12.75,0.322,15.88,
2024,1,Hampton,571396,CAA,0-7,2.14,8.71,0.727,0.288,27.86,0.667,0.143,0.949,7.0,14.29,22.0,34.0,4.86,0.163,24.57,
2024,1,Harvard,571398,Ivy League,6-2,8.38,9.13,0.919,0.437,33.13,0.656,0.64,0.817,24.25,12.0,11.75,127.0,15.88,0.377,14.0,
2024,1,High Point,571446,Atlantic 10,6-4,8.9,9.5,0.872,0.552,36.8,0.481,0.469,0.811,23.5,11.6,11.5,146.0,14.6,0.309,15.9,
2024,1,Hobart,571399,Atlantic 10,3-5,7.13,5.75,0.851,0.599,29.5,0.759,0.438,0.868,18.5,11.38,14.0,91.0,11.38,0.261,17.13,
2024,1,Hofstra,571400,CAA,3-5,7.25,6.13,0.851,0.559,31.0,0.421,0.29,0.843,19.5,11.25,13.5,98.0,12.25,0.279,16.88,
2024,1,Holy Cross,571401,Patriot,2-6,4.13,10.13,0.87,0.38,30.25,0.571,0.364,0.892,13.13,10.63,13.5,72.0,9.0,0.263,18.25,
2024,1,Jacksonville,571402,ASUN,5-3,5.88,7.75,0.851,0.474,27.88,0.769,0.481,0.851,15.38,11.5,9.5,76.0,9.5,0.27,15.88,
2024,1,Johns Hopkins,571403,Big Ten,5-3,7.63,8.5,0.892,0.495,32.38,0.606,0.381,0.845,20.13,12.13,10.13,100.0,12.5,0.308,14.25,
2024,1,LIU,571374,MAAC,6-1,7.29,10.43,0.821,0.526,34.0,0.556,0.6,0.821,19.43,8.57,8.57,85.0,12.14,0.297,20.0,
2024,1,Lafayette,571404,Patriot,4-4,7.25,6.0,0.846,0.511,29.0,0.368,0.393,0.847,20.13,12.75,11.63,103.0,12.88,0.31,17.75,
2024,1,Lehigh,571405,Patriot,4-4,3.0,7.75,0.818,0.452,28.63,0.759,0.136,0.862,13.63,13.5,11.75,85.0,10.63,0.297,17.13,
2024,1,Loyola Maryland,571407,Patriot,3-6,6.22,7.56,0.841,0.422,26.89,0.692,0.261,0.902,16.67,14.33,12.11,94.0,10.44,0.276,14.44,
2024,1,Manhattan,571408,MAAC,2-6,4.0,7.88,0.857,0.349,26.88,0.556,0.32,0.924,12.88,14.25,11.38,71.0,8.88,0.277,16.13,
2024,1,Marist,571409,MAAC,4-4,6.5,8.88,0.84,0.47,30.88,0.852,0.382,0.864,18.63,12.5,11.88,97.0,12.13,0.263,14.5,
2024,1,Marquette,571410,Big East,4-5,6.11,7.78,0.87,0.564,26.78,0.667,0.478,0.893,17.0,11.33,10.67,98.0,10.89,0.275,16.33,
2024,1,Maryland,571412,Big Ten,5-3,7.25,7.63,0.862,0.573,29.63,0.3,0.364,0.923,18.88,10.88,10.88,93.0,11.63,0.309,15.75,
2024,1,Massachusetts,571413,Atlantic 10,4-4,6.5,7.0,0.857,0.474,30.13,0.76,0.176,0.864,19.0,12.5,10.25,100.0,12.5,0.331,14.5,
2024,1,Mercer,571414,ASUN,2-6,5.63,6.25,0.881,0.544,31.88,0.739,0.289,0.863,15.38,14.75,11.63,78.0,9.75,0.235,18.63,
2024,1,Merrimack,571447,America East,3-6,5.22,8.78,0.83,0.389,28.11,0.5,0.464,0.903,15.0,12.89,14.0,88.0,9.78,0.251,16.33,
2024,1,Michigan,571415,Big Ten,6-3,8.89,9.56,0.861,0.588,33.22,0.542,0.478,0.803,23.11,10.78,11.67,128.0,14.22,0.327,15.44,
2024,1,Monmouth,571416,CAA,4-4,5.75,7.88,0.874,0.447,29.0,0.538,0.231,0.904,16.5,12.38,11.38,86.0,10.75,0.304,15.75,
2024,1,Mount St. Mary's,571417,MAAC,1-8,4.78,8.78,0.883,0.38,30.67,0.5,0.345,0.887,12.33,12.78,13.44,68.0,7.56,0.24,16.89,
2024,1,NJIT,571419,America East,7-2,8.22,8.44,0.825,0.613,32.11,0.829,0.304,0.868,21.11,12.44,10.22,116.0,12.89,0.317,19.89,
2024,1,Navy,571439,Patriot,5-4,6.33,7.11,0.86,0.572,34.44,0.682,0.259,0.895,17.78,12.0,10.56,103.0,11.44,0.282,17.56,
2024,1,North Carolina,571418,ACC,6-3,8.78,9.11,0.915,0.651,35.22,0.711,0.471,0.81,22.67,9.78,9.22,125.0,13.89,0.277,14.89,
2024,1,Notre Dame,571420,ACC,5-1,10.83,9.33,0.884,0.55,34.0,0.647,0.778,0.805,27.83,11.5,8.33,102.0,17.0,0.403,13.5,
2024,1,Ohio St.,571421,Big Ten,5-4,4.56,9.56,0.871,0.579,34.56,0.556,0.296,0.915,15.33,10.67,9.44,97.0,10.78,0.261,17.22,
2024,1,Penn,571423,Ivy League,6-3,6.78,6.67,0.858,0.428,29.44,0.6,0.474,0.797,17.22,14.44,9.78,94.0,10.44,0.299,16.78,
2024,1,Penn St.,571422,Big Ten,6-1,9.29,8.43,0.865,0.472,34.57,0.773,0.261,0.765,24.29,12.86,9.43,105.0,15.0,0.341,16.29,
2024,1,Princeton,571424,Ivy League,5-3,6.75,9.38,0.837,0.486,33.25,0.625,0.333,0.863,19.5,12.88,10.5,102.0,12.75,0.287,15.13,
2024,1,Providence,571425,Big East,4-5,6.89,6.44,0.893,0.444,28.22,0.588,0.343,0.863,18.44,11.11,13.89,104.0,11.56,0.29,16.0,
2024,1,Quinnipiac,571426,MAAC,7-0,8.14,7.43,0.887,0.453,31.14,0.727,0.387,0.84,22.29,15.57,9.29,99.0,14.14,0.368,15.43,
2024,1,Richmond,571427,Atlantic 10,5-4,8.0,7.78,0.898,0.515,28.67,0.741,0.357,0.864,21.56,12.11,8.89,122.0,13.56,0.318,15.22,
2024,1,Robert Morris,571428,ASUN,2-5,4.29,6.43,0.867,0.512,25.29,0.792,0.227,0.872,13.0,10.57,12.29,61.0,8.71,0.274,16.14,
2024,1,Rutgers,571429,Big Ten,6-2,5.63,6.13,0.868,0.56,31.25,0.765,0.5,0.855,17.88,12.88,10.13,98.0,12.25,0.287,13.63,
2024,1,Sacred Heart,571430,MAAC,5-4,6.89,5.89,0.889,0.544,30.11,0.519,0.32,0.923,19.89,12.89,10.44,117.0,13.0,0.297,16.78,
2024,1,Saint Joseph's,571432,Atlantic 10,5-3,5.25,7.88,0.859,0.465,29.25,0.778,0.269,0.789,17.38,8.0,11.5,97.0,12.13,0.279,14.88,
2024,1,Siena,571433,MAAC,3-5,6.75,9.25,0.851,0.41,28.38,0.63,0.368,0.865,18.25,11.25,12.13,92.0,11.5,0.296,18.5,
2024,1,St. Bonaventure,571375,Atlantic 10,1-6,5.71,7.71,0.766,0.407,25.71,0.645,0.269,0.883,14.86,13.14,12.14,64.0,9.14,0.295,18.43,
2024,1,St. John's (NY),571431,Big East,3-7,4.4,6.3,0.833,0.481,27.3,0.48,0.205,0.842,13.2,12.2,13.9,88.0,8.8,0.224,16.2,
2024,1,Stony Brook,571434,CAA,3-6,8.0,6.89,0.842,0.466,31.67,0.7,0.457,0.893,20.67,12.44,11.78,114.0,12.67,0.303,15.33,
2024,1,Syracuse,571435,ACC,9-2,9.55,7.45,0.887,0.616,36.55,0.727,0.419,0.882,24.73,12.18,8.82,167.0,15.18,0.313,13.82,
2024,1,Towson,571436,CAA,6-3,8.22,9.11,0.894,0.553,33.0,0.657,0.419,0.85,21.78,10.11,9.78,122.0,13.56,0.332,15.67,
2024,1,UAlbany,571377,America East,3-5,7.75,7.38,0.847,0.571,34.25,0.786,0.381,0.86,19.75,10.63,11.5,96.0,12.0,0.273,16.13,
2024,1,UMBC,571411,America East,3-3,7.67,6.67,0.905,0.516,28.33,0.684,0.4,0.891,18.83,10.5,11.33,67.0,11.17,0.28,15.83,
2024,1,UMass Lowell,571406,America East,0-7,2.86,4.71,0.855,0.532,29.0,0.5,0.136,0.906,9.43,12.57,14.57,46.0,6.57,0.206,22.0,
2024,1,Utah,571376,ASUN,4-4,7.0,8.38,0.856,0.436,31.75,0.667,0.24,0.93,19.5,11.88,12.38,100.0,12.5,0.269,15.0,
2024,1,VMI,571442,MAAC,4-5,6.89,8.67,0.902,0.538,34.0,0.579,0.464,0.773,19.67,12.11,12.44,115.0,12.78,0.311,18.78,
2024,1,Vermont,571440,America East,3-6,5.78,7.11,0.864,0.506,30.78,0.469,0.371,0.877,16.56,13.11,14.33,97.0,10.78,0.329,18.33,
2024,1,Villanova,571441,Big East,5-3,6.75,10.75,0.828,0.619,34.25,0.75,0.138,0.793,18.88,10.13,11.13,97.0,12.13,0.295,19.5,
2024,1,Virginia,571443,ACC,8-1,10.56,11.44,0.94,0.533,39.56,0.522,0.556,0.821,26.11,13.78,10.11,140.0,15.56,0.333,14.78,
2024,1,Wagner,571444,MAAC,1-8,4.0,6.33,0.792,0.413,20.11,0.7,0.35,0.921,11.0,11.89,14.11,63.0,7.0,0.249,17.78,
2024,1,Yale,571445,Ivy League,4-2,9.0,9.0,0.805,0.618,39.33,0.577,0.167,0.857,24.83,12.33,13.83,95.0,15.83,0.308,16.5,
2024,2,Adams St.,571518,RMAC,1-4,4.4,9.6,0.849,0.275,26.2,0.8,0.206,0.875,12.6,12.4,18.8,41.0,8.2,0.259,19.4,
2024,2,Adelphi,571510,NE10,3-2,7.4,8.4,0.864,0.31,25.6,0.818,0.25,0.767,19.2,12.6,10.0,59.0,11.8,0.324,14.6,
2024,2,American Int'l,571512,NE10,4-3,9.71,15.57,0.891,0.428,28.0,0.86,0.239,0.874,23.86,15.0,9.57,99.0,14.14,0.32,20.57,
2024,2,Anderson (SC),571465,SAC,4-5,6.56,9.67,0.894,0.676,40.78,0.69,0.222,0.862,20.56,11.89,11.22,126.0,14.0,0.263,18.44,
2024,2,Assumption,571513,NE10,4-1,6.6,10.0,0.943,0.552,35.2,0.737,0.333,0.88,20.8,11.6,11.2,71.0,14.2,0.259,15.8,
2024,2,Barton,571509,Conference Carolinas,3-6,6.89,8.44,0.849,0.467,31.89,0.625,0.111,0.855,18.11,11.22,12.89,101.0,11.22,0.274,17.11,
2024,2,Belmont Abbey,571482,Conference Carolinas,3-5,5.25,5.75,0.885,0.667,35.5,0.585,0.325,0.936,15.0,11.75,12.88,78.0,9.75,0.252,17.75,
2024,2,Bentley,571450,NE10,2-2,5.75,9.5,0.844,0.584,34.75,0.538,0.3,0.877,17.0,9.0,10.5,45.0,11.25,0.266,16.5,
2024,2,Bridgeport,571524,CACC,3-4,5.57,11.43,0.734,0.45,31.29,0.463,0.297,0.817,13.43,12.57,13.0,55.0,7.86,0.209,23.14,
2024,2,CSU Pueblo,571483,RMAC,0-6,5.33,11.67,0.748,0.422,28.67,0.581,0.206,0.871,13.83,11.33,16.67,51.0,8.5,0.255,20.83,
2024,2,CUI,584259,RMAC,1-5,6.0,5.5,0.744,0.612,31.33,0.867,0.351,0.902,17.83,11.0,13.83,71.0,11.83,0.317,19.5,
2024,2,Caldwell,571467,CACC,1-3,7.75,7.5,0.769,0.395,29.5,0.706,0.438,0.887,17.75,13.5,16.75,40.0,10.0,0.31,25.75,
2024,2,Catawba,571470,SAC,5-4,6.33,8.56,0.874,0.354,25.67,0.784,0.233,0.889,18.44,11.78,10.33,109.0,12.11,0.289,15.78,
2024,2,Chestnut Hill,571493,CACC,3-3,7.17,9.83,0.827,0.408,28.67,0.818,0.333,0.827,16.83,10.33,8.0,58.0,9.67,0.309,19.5,
2024,2,Chowan,571485,Conference Carolinas,3-4,8.0,9.57,0.797,0.482,35.0,0.522,0.24,0.779,20.71,15.0,15.43,89.0,12.71,0.377,18.14,
2024,2,Coker,571471,SAC,5-4,5.89,15.67,0.845,0.362,24.56,0.738,0.297,0.906,14.89,13.78,11.22,81.0,9.0,0.273,20.22,
2024,2,Colorado Mesa,571489,RMAC,3-3,9.17,10.67,0.862,0.632,37.67,0.769,0.5,0.806,24.33,10.17,10.33,91.0,15.17,0.331,16.33,
2024,2,D'Youville,571521,ECC,1-8,4.22,8.89,0.782,0.5,30.67,0.737,0.5,0.896,11.78,14.0,16.89,68.0,7.56,0.237,25.89,
2024,2,Davenport,571469,GLVC,7-0,7.86,12.14,0.883,0.475,37.0,0.694,0.615,0.901,22.29,11.14,8.43,101.0,14.43,0.358,18.57,
2024,2,Davis & Elkins,571451,G-MAC,3-4,5.0,13.14,0.823,0.441,28.71,0.733,0.206,0.895,13.86,14.57,14.29,62.0,8.86,0.301,24.29,
2024,2,Dist. Columbia,571452,ECC,1-5,3.83,9.67,0.706,0.315,27.83,0.75,0.217,0.879,11.17,16.0,16.67,44.0,7.33,0.278,27.0,
2024,2,Dominican (CA),584134,DII Independent,2-8,4.5,8.7,0.845,0.436,26.6,0.615,0.188,0.87,14.4,12.6,17.9,99.0,9.9,0.286,20.0,
2024,2,Dominican (NY),571486,CACC,2-4,4.67,8.17,0.824,0.579,37.0,0.565,0.344,0.818,13.33,10.83,12.67,52.0,8.67,0.203,21.67,
2024,2,Embry-Riddle (FL),571503,Sunshine State,4-3,6.86,8.57,0.878,0.302,24.29,0.848,0.333,0.877,19.86,13.57,9.86,91.0,13.0,0.345,13.86,
2024,2,Emmanuel (GA),571499,Conference Carolinas,0-8,4.63,11.0,0.707,0.202,20.75,0.556,0.25,0.872,10.75,16.38,17.63,49.0,6.13,0.234,27.88,
2024,2,Felician,571506,CACC,3-3,4.0,9.5,0.83,0.595,41.83,0.741,0.296,0.876,12.33,13.0,10.5,50.0,8.33,0.207,20.17,
2024,2,Fla. Southern,571454,Sunshine State,6-2,8.0,10.75,0.896,0.53,39.0,0.739,0.367,0.845,21.5,14.13,12.63,108.0,13.5,0.293,18.13,
2024,2,Flagler,571522,Peach Belt,4-5,5.56,6.11,0.808,0.5,29.44,0.744,0.321,0.898,16.22,12.0,13.22,96.0,10.67,0.284,16.89,
2024,2,Florida Tech,571453,Sunshine State,2-5,6.29,8.0,0.874,0.457,32.14,0.625,0.25,0.861,19.14,13.57,13.57,90.0,12.86,0.335,14.86,
2024,2,Franklin Pierce,571455,NE10,3-2,5.2,11.6,0.873,0.449,29.2,0.5,0.333,0.831,15.6,10.6,9.6,52.0,10.4,0.271,20.6,
2024,2,Frostburg St.,571507,ECC,4-2,8.83,11.67,0.91,0.675,41.67,0.727,0.364,0.811,24.33,10.17,8.83,93.0,15.5,0.282,15.83,
2024,2,Georgian Court,571487,CACC,4-4,7.25,8.0,0.845,0.532,35.63,0.583,0.56,0.791,20.13,12.25,13.0,103.0,12.88,0.291,17.38,
2024,2,Holy Family,571799,CACC,1-6,4.14,10.29,0.713,0.497,37.14,0.771,0.081,0.779,12.0,14.86,14.71,55.0,7.86,0.266,26.71,
2024,2,Lake Erie,571484,G-MAC,4-4,5.88,11.5,0.872,0.303,28.25,0.706,0.262,0.849,17.13,10.38,11.75,90.0,11.25,0.277,18.75,
2024,2,Lander,571508,Peach Belt,7-2,9.22,12.22,0.836,0.432,31.44,0.739,0.313,0.737,23.44,12.22,11.22,128.0,14.22,0.333,16.89,
2024,2,Lees-McRae,571491,Conference Carolinas,3-2,6.2,9.8,0.819,0.583,41.8,0.967,0.182,0.672,19.2,8.6,7.4,65.0,13.0,0.263,22.0,
2024,2,Lenoir-Rhyne,571472,SAC,7-1,7.13,11.75,0.872,0.532,31.63,0.773,0.526,0.822,20.38,10.5,6.63,106.0,13.25,0.294,14.88,
2024,2,Lewis,571468,GLVC,5-3,11.0,8.38,0.928,0.696,32.88,0.621,0.486,0.872,26.38,13.25,7.13,123.0,15.38,0.331,17.63,
2024,2,Limestone,571473,SAC,10-0,10.5,11.5,0.877,0.625,48.8,0.733,0.345,0.749,28.8,10.6,8.6,183.0,18.3,0.372,18.9,
2024,2,Lincoln Memorial,571474,SAC,3-7,6.0,9.1,0.853,0.513,26.1,0.688,0.243,0.772,17.3,10.7,12.8,113.0,11.3,0.296,17.4,
2024,2,Lynn,571492,Sunshine State,2-4,7.5,9.5,0.895,0.456,31.17,0.5,0.406,0.784,18.67,13.33,12.33,67.0,11.17,0.283,18.5,
2024,2,Malone,571523,G-MAC,5-4,9.44,9.56,0.861,0.512,33.33,0.702,0.395,0.859,24.44,15.11,13.78,135.0,15.0,0.335,20.0,
2024,2,Mars Hill,571475,SAC,2-6,5.25,5.38,0.782,0.578,33.63,0.732,0.341,0.922,14.88,15.0,12.88,77.0,9.63,0.306,24.88,
2024,2,Maryville (MO),571458,GLVC,6-2,8.63,8.0,0.838,0.554,32.5,0.618,0.313,0.847,22.88,11.25,9.0,114.0,14.25,0.312,16.5,
2024,2,Mercy,571459,ECC,6-1,10.0,8.71,0.821,0.659,36.43,0.559,0.35,0.835,25.43,12.43,10.57,108.0,15.43,0.374,18.0,
2024,2,Mercyhurst,571460,G-MAC,4-3,7.29,7.86,0.871,0.481,27.14,0.69,0.364,0.814,19.71,12.43,10.29,87.0,12.43,0.323,16.71,
2024,2,Molloy,571461,ECC,4-4,7.75,9.0,0.828,0.45,25.0,0.654,0.313,0.844,19.38,13.5,10.5,93.0,11.63,0.311,19.13,
2024,2,Montevallo,571501,Peach Belt,6-3,10.56,11.0,0.862,0.656,44.33,0.618,0.381,0.778,27.22,15.67,12.0,150.0,16.67,0.349,25.33,
2024,2,Mount Olive,571476,Conference Carolinas,4-3,7.86,9.14,0.812,0.442,31.71,0.69,0.321,0.867,19.29,12.86,12.71,80.0,11.43,0.327,21.86,
2024,2,Newberry,571505,SAC,7-1,12.88,10.88,0.904,0.648,39.88,0.765,0.829,0.881,31.13,11.38,7.5,146.0,18.25,0.378,17.25,
2024,2,North Greenville,571488,Conference Carolinas,4-5,7.78,8.0,0.811,0.625,29.33,0.675,0.289,0.892,19.44,13.22,13.44,105.0,11.67,0.276,20.78,
2024,2,Pace,571463,NE10,5-0,12.2,11.4,0.9,0.577,43.4,0.68,0.25,0.748,31.2,9.4,8.0,95.0,19.0,0.358,14.6,
2024,2,Palm Beach Atl.,571502,Sunshine State,4-1,6.2,10.8,0.888,0.374,24.0,0.75,0.389,0.78,19.0,11.6,10.2,64.0,12.8,0.276,13.6,
2024,2,Post,571477,CACC,4-4,8.25,9.0,0.878,0.477,31.63,0.694,0.538,0.787,20.5,13.75,9.25,98.0,12.25,0.318,16.0,
2024,2,Quincy,571520,,5-3,8.5,10.0,0.866,0.537,40.13,0.771,0.606,0.833,21.88,14.88,12.25,107.0,13.38,0.307,20.13,
2024,2,Roberts Wesleyan,571496,ECC,6-4,6.8,8.6,0.844,0.529,30.4,0.722,0.297,0.822,19.2,11.8,11.1,124.0,12.4,0.281,17.7,
2024,2,Rockhurst,571478,GLVC,6-2,9.13,10.63,0.866,0.61,37.0,0.784,0.667,0.856,25.63,8.88,10.88,132.0,16.5,0.334,16.0,
2024,2,Rollins,571464,Sunshine State,6-1,8.0,12.43,0.907,0.524,32.0,0.733,0.381,0.837,21.86,13.43,9.43,97.0,13.86,0.332,16.86,
2024,2,Saint Anselm,571514,NE10,3-1,7.25,11.0,1.0,0.643,32.25,0.857,0.222,0.914,23.5,8.5,9.25,65.0,16.25,0.348,12.5,
2024,2,Saint Leo,571515,Sunshine State,6-1,9.86,8.0,0.903,0.645,39.57,0.619,0.261,0.801,25.43,12.86,9.86,109.0,15.57,0.34,16.57,
2024,2,Saint Michael's,571516,NE10,4-1,9.0,15.4,0.824,0.496,42.4,0.789,0.45,0.737,22.6,7.6,6.8,68.0,13.6,0.271,16.6,
2024,2,Saint Rose,571479,NE10,4-4,8.75,10.0,0.773,0.59,37.13,0.417,0.465,0.745,22.88,10.63,13.13,113.0,14.13,0.382,22.13,
2024,2,Seton Hill,571494,G-MAC,5-2,8.29,9.86,0.899,0.552,31.29,0.739,0.345,0.874,22.86,9.71,6.57,102.0,14.57,0.308,15.71,
2024,2,Shorter,571497,Peach Belt,8-3,5.82,7.0,0.845,0.484,32.82,0.711,0.4,0.793,18.27,15.36,10.09,137.0,12.45,0.295,21.0,
2024,2,Southern N.H.,571462,NE10,1-4,4.6,8.2,0.92,0.689,36.4,0.476,0.368,0.869,15.8,14.0,9.8,56.0,11.2,0.246,18.6,
2024,2,St. Thomas Aquinas,571480,ECC,3-7,5.4,10.2,0.777,0.492,32.3,0.638,0.182,0.803,13.7,14.6,13.2,83.0,8.3,0.217,22.2,
2024,2,Tampa,571517,Sunshine State,7-1,8.75,8.25,0.918,0.575,38.0,0.652,0.281,0.886,24.13,9.88,9.0,123.0,15.38,0.334,13.5,
2024,2,Tiffin,571809,G-MAC,3-5,6.0,9.13,0.841,0.36,32.88,0.559,0.22,0.782,16.38,10.63,14.0,83.0,10.38,0.278,18.13,
2024,2,Tusculum,571490,SAC,1-9,6.0,6.7,0.725,0.37,33.3,0.545,0.382,0.87,15.2,18.1,20.0,92.0,9.2,0.31,25.3,
2024,2,UAH,571511,Peach Belt,4-5,5.22,12.44,0.843,0.407,27.67,0.653,0.317,0.79,17.33,10.89,12.22,109.0,12.11,0.291,17.67,
2024,2,UIndy,571456,GLVC,7-2,6.44,9.89,0.878,0.579,36.56,0.625,0.25,0.89,17.78,8.67,8.11,102.0,11.33,0.233,17.22,
2024,2,Virginia St.,583242,DII Independent,1-7,5.0,8.88,0.807,0.394,29.25,0.563,0.216,0.857,13.5,16.13,15.38,68.0,8.5,0.258,23.38,
2024,2,Walsh,571495,G-MAC,2-6,5.0,5.5,0.871,0.551,30.63,0.6,0.414,0.844,13.25,12.75,11.5,66.0,8.25,0.251,21.75,
2024,2,Westminster (UT),571500,RMAC,5-1,11.5,9.0,0.887,0.468,30.17,0.667,0.579,0.9,28.0,14.83,12.0,99.0,16.5,0.363,15.17,
2024,2,Wheeling,571466,G-MAC,2-6,7.38,10.25,0.73,0.413,29.13,0.622,0.348,0.8,18.25,14.25,13.38,87.0,10.88,0.288,20.13,
2024,2,William Jewell,583174,GLVC,5-3,7.25,8.38,0.89,0.552,34.5,0.64,0.263,0.834,20.25,14.25,10.0,104.0,13.0,0.346,20.38,
2024,2,Wilmington (DE),571504,CACC,2-2,8.0,7.25,0.713,0.554,35.0,0.667,0.563,0.726,23.25,12.75,16.25,61.0,15.25,0.412,20.75,
2024,2,Wingate,571481,SAC,6-2,11.13,13.0,0.921,0.519,41.88,0.633,0.4,0.754,26.38,11.88,7.88,122.0,15.25,0.315,14.38,
2024,2,Young Harris,571498,Conference Carolinas,3-5,4.75,9.13,0.839,0.443,31.88,0.583,0.233,0.818,15.25,10.5,15.25,84.0,10.5,0.323,21.63,
