academic_year,division,team_name,org_id,record,conference,scoring_offense_rank,scoring_offense,scoring_defense_rank,scoring_defense,faceoff_winning_pct_rank,faceoff_winning_pct,man_up_offense_rank,man_up_offense,man_down_defense_rank,man_down_defense,scoring_margin_rank,scoring_margin,winning_pct_rank,winning_pct,assists_per_game_rank,assists_per_game,saves_per_game_rank,saves_per_game,points_per_game_rank,points_per_game,ground_balls_per_game_rank,ground_balls_per_game,turnovers_per_game_rank,turnovers_per_game,caused_turnovers_per_game_rank,caused_turnovers_per_game,shot_pct_rank,shot_pct,clearing_pct_rank,clearing_pct,games,opponent_clear_pct
2014,1,Canisius,116,7-8,,55.0,8.6,23.0,9.47,20.0,0.551,49.0,0.298,63.0,0.483,44.0,-0.87,36.0,0.467,43.0,5.07,42.0,10.53,52.0,13.67,61.0,26.07,20.0,13.53,65.0,4.87,46.0,0.257,24.0,0.879,,
2014,1,UAlbany,14,12-6,,1.0,15.94,50.0,11.33,54.0,0.41,7.0,0.471,46.0,0.609,4.0,4.61,15.0,0.667,1.0,9.39,4.0,13.56,1.0,25.33,34.0,29.33,18.0,13.39,20.0,7.72,1.0,0.378,10.0,0.892,,
2014,1,Colgate,153,9-7,,58.0,8.44,15.0,8.88,7.0,0.598,57.0,0.266,30.0,0.653,35.0,-0.44,26.0,0.563,60.0,3.94,55.0,9.88,58.0,12.38,27.0,29.69,45.0,15.31,32.0,6.94,45.0,0.258,42.0,0.858,,
2014,1,Cornell,167,11-5,,7.0,12.75,25.0,9.56,29.0,0.517,10.0,0.443,29.0,0.653,8.0,3.19,11.0,0.688,11.0,7.13,34.0,10.75,7.0,19.88,5.0,34.94,29.0,14.38,16.0,7.94,8.0,0.32,29.0,0.875,,
2014,1,Dartmouth,172,2-10,,59.0,8.25,65.0,13.33,57.0,0.405,63.0,0.238,67.0,0.432,62.0,-5.08,60.0,0.167,57.0,4.0,25.0,11.08,59.0,12.25,15.0,31.58,59.0,17.25,5.0,9.58,62.0,0.22,62.0,0.8,,
2014,1,Delaware,180,7-9,,48.0,9.13,18.0,9.0,8.0,0.596,51.0,0.289,25.0,0.661,32.0,0.13,39.0,0.438,39.0,5.19,40.0,10.56,46.0,14.31,27.0,29.69,36.0,14.81,33.0,6.88,39.0,0.273,43.0,0.854,,
2014,1,Denver,183,16-3,,3.0,13.21,10.0,8.47,38.0,0.485,20.0,0.405,40.0,0.629,3.0,4.74,3.0,0.842,9.0,7.37,36.0,10.68,4.0,20.58,35.0,29.32,1.0,11.16,58.0,5.95,3.0,0.371,16.0,0.885,,
2014,1,Detroit Mercy,184,6-8,,46.0,9.14,26.0,9.64,55.0,0.407,1.0,0.708,20.0,0.673,36.0,-0.5,40.0,0.429,17.0,6.5,1.0,16.07,33.0,15.64,50.0,27.21,60.0,17.71,19.0,7.79,38.0,0.274,63.0,0.794,,
2014,1,Drexel,191,13-5,,16.0,11.61,33.0,10.33,5.0,0.606,25.0,0.38,55.0,0.578,21.0,1.28,9.0,0.722,18.0,6.44,22.0,11.28,16.0,18.06,14.0,31.78,35.0,14.72,49.0,6.28,28.0,0.286,11.0,0.891,,
2014,1,Duke,193,17-3,,2.0,14.85,27.0,9.65,14.0,0.577,27.0,0.373,24.0,0.663,2.0,5.2,2.0,0.85,2.0,9.0,59.0,9.6,2.0,23.85,4.0,35.05,24.0,13.8,47.0,6.35,5.0,0.358,8.0,0.894,,
2014,1,High Point,19651,9-7,,36.0,9.63,22.0,9.44,10.0,0.581,61.0,0.241,3.0,0.774,30.0,0.19,26.0,0.563,32.0,5.69,2.0,14.0,35.0,15.31,18.0,31.25,54.0,16.31,14.0,8.06,36.0,0.278,47.0,0.843,,
2014,1,Fairfield,220,12-4,,19.0,11.31,8.0,8.44,41.0,0.476,35.0,0.356,14.0,0.707,12.0,2.88,6.0,0.75,32.0,5.69,53.0,9.94,21.0,17.0,40.0,28.69,12.0,12.44,33.0,6.88,4.0,0.369,23.0,0.881,,
2014,1,Furman,244,1-12,,60.0,7.31,67.0,13.85,27.0,0.533,64.0,0.226,17.0,0.692,67.0,-6.54,65.0,0.077,61.0,3.77,15.0,11.54,61.0,11.08,67.0,24.31,62.0,17.85,66.0,4.23,61.0,0.22,58.0,0.822,,
2014,1,Georgetown,251,4-10,,54.0,8.64,40.0,10.79,2.0,0.653,30.0,0.368,38.0,0.633,52.0,-2.14,56.0,0.286,42.0,5.07,39.0,10.57,51.0,13.71,8.0,33.07,51.0,15.93,59.0,5.86,57.0,0.245,54.0,0.829,,
2014,1,Hartford,272,6-9,,34.0,10.0,34.0,10.4,23.0,0.541,53.0,0.286,40.0,0.629,33.0,-0.4,43.0,0.4,41.0,5.13,48.0,10.27,39.0,15.13,7.0,33.8,38.0,14.87,17.0,7.93,54.0,0.246,27.0,0.877,,
2014,1,Harvard,275,10-7,,22.0,10.71,30.0,9.76,37.0,0.49,24.0,0.389,49.0,0.602,24.0,0.94,23.0,0.588,13.0,6.82,49.0,10.24,18.0,17.53,29.0,29.65,43.0,15.24,23.0,7.53,20.0,0.292,17.0,0.885,,
2014,1,Hobart,282,5-10,,53.0,8.67,34.0,10.4,56.0,0.405,41.0,0.333,38.0,0.633,51.0,-1.73,52.0,0.333,57.0,4.0,23.0,11.27,56.0,12.67,64.0,24.87,22.0,13.6,45.0,6.4,40.0,0.273,57.0,0.823,,
2014,1,Hofstra,283,11-5,,37.0,9.56,8.0,8.44,21.0,0.551,26.0,0.377,57.0,0.571,22.0,1.13,11.0,0.688,49.0,4.81,66.0,8.44,44.0,14.38,40.0,28.69,6.0,12.06,57.0,6.0,35.0,0.279,36.0,0.868,,
2014,1,Holy Cross,285,3-12,,49.0,9.07,66.0,13.47,30.0,0.514,45.0,0.308,54.0,0.585,60.0,-4.4,59.0,0.2,43.0,5.07,35.0,10.73,47.0,14.13,51.0,27.2,41.0,15.13,63.0,5.4,51.0,0.252,53.0,0.832,,
2014,1,Jacksonville,316,4-9,,38.0,9.54,57.0,11.77,64.0,0.374,41.0,0.333,60.0,0.544,54.0,-2.23,55.0,0.308,40.0,5.15,8.0,12.62,41.0,14.69,55.0,26.46,56.0,16.46,53.0,6.15,13.0,0.309,12.0,0.89,,
2014,1,Johns Hopkins,322,11-5,,11.0,12.06,17.0,8.94,15.0,0.57,2.0,0.545,26.0,0.659,9.0,3.13,11.0,0.688,7.0,7.44,30.0,10.88,9.0,19.5,22.0,30.63,21.0,13.56,55.0,6.13,15.0,0.303,55.0,0.826,,
2014,1,Lafayette,342,2-11,,65.0,6.15,51.0,11.38,60.0,0.394,65.0,0.204,9.0,0.727,63.0,-5.23,61.0,0.154,64.0,2.85,45.0,10.38,64.0,9.0,63.0,25.69,39.0,14.92,51.0,6.23,66.0,0.198,65.0,0.774,,
2014,1,Lehigh,352,13-5,,25.0,10.56,2.0,7.22,25.0,0.538,33.0,0.365,13.0,0.714,7.0,3.33,9.0,0.722,20.0,6.33,57.0,9.83,22.0,16.89,17.0,31.28,48.0,15.44,8.0,9.39,29.0,0.285,28.0,0.877,,
2014,1,Loyola Maryland,369,15-2,,6.0,12.88,4.0,7.47,28.0,0.525,11.0,0.442,19.0,0.686,1.0,5.41,1.0,0.882,5.0,7.53,26.0,11.06,5.0,20.41,2.0,36.0,3.0,11.94,15.0,8.06,12.0,0.313,4.0,0.918,,
2014,1,Manhattan,381,5-10,,62.0,7.13,43.0,11.0,63.0,0.379,47.0,0.306,52.0,0.59,59.0,-3.87,52.0,0.333,63.0,3.33,5.0,13.07,62.0,10.47,48.0,27.87,52.0,15.93,30.0,7.13,50.0,0.253,67.0,0.73,,
2014,1,Marist,386,6-9,,21.0,11.0,54.0,11.67,24.0,0.54,54.0,0.268,48.0,0.608,42.0,-0.67,43.0,0.4,48.0,4.87,32.0,10.8,31.0,15.87,25.0,30.27,14.0,12.47,54.0,6.13,23.0,0.289,1.0,0.922,,
2014,1,Marquette,387,6-10,,43.0,9.25,52.0,11.56,49.0,0.441,16.0,0.411,65.0,0.467,55.0,-2.31,47.0,0.375,53.0,4.56,67.0,8.19,50.0,13.81,56.0,26.44,16.0,12.56,52.0,6.19,27.0,0.287,21.0,0.883,,
2014,1,UMBC,391,8-7,,9.0,12.2,59.0,11.93,9.0,0.582,18.0,0.41,50.0,0.593,29.0,0.27,31.0,0.533,14.0,6.73,16.0,11.53,13.0,18.93,9.0,33.07,19.0,13.4,60.0,5.8,10.0,0.317,39.0,0.861,,
2014,1,Maryland,392,13-4,,18.0,11.35,3.0,7.24,3.0,0.646,8.0,0.444,53.0,0.587,6.0,4.12,4.0,0.765,37.0,5.29,58.0,9.65,23.0,16.65,3.0,35.06,23.0,13.71,25.0,7.47,33.0,0.283,6.0,0.904,,
2014,1,Massachusetts,400,7-6,,45.0,9.15,28.0,9.69,19.0,0.551,39.0,0.347,11.0,0.717,40.0,-0.54,28.0,0.538,36.0,5.38,41.0,10.54,43.0,14.54,54.0,26.62,13.0,12.46,38.0,6.85,43.0,0.266,14.0,0.886,,
2014,1,Mercer,406,7-7,,40.0,9.5,41.0,10.86,16.0,0.559,28.0,0.371,28.0,0.655,48.0,-1.36,33.0,0.5,35.0,5.43,13.0,12.0,40.0,14.93,42.0,28.64,47.0,15.43,46.0,6.36,34.0,0.281,31.0,0.872,,
2014,1,Michigan,418,5-11,,35.0,9.81,64.0,12.56,36.0,0.491,29.0,0.37,11.0,0.717,57.0,-2.75,54.0,0.313,53.0,4.56,47.0,10.31,44.0,14.38,32.0,29.44,31.0,14.56,26.0,7.44,53.0,0.248,13.0,0.887,,
2014,1,Monmouth,439,0-13,,65.0,6.15,49.0,11.23,67.0,0.296,55.0,0.267,27.0,0.656,61.0,-5.08,67.0,0.0,65.0,2.77,8.0,12.62,65.0,8.92,60.0,26.15,46.0,15.38,13.0,8.46,67.0,0.182,51.0,0.837,,
2014,1,Mount St. Mary's,450,1-15,,67.0,5.69,60.0,12.0,43.0,0.47,44.0,0.311,64.0,0.477,66.0,-6.31,66.0,0.063,66.0,2.69,7.0,12.69,67.0,8.38,58.0,26.38,64.0,18.19,43.0,6.63,65.0,0.205,64.0,0.776,,
2014,1,North Carolina,457,10-5,,4.0,13.0,7.0,8.4,40.0,0.484,8.0,0.444,8.0,0.731,5.0,4.6,15.0,0.667,22.0,6.2,42.0,10.53,11.0,19.2,11.0,32.6,11.0,12.2,35.0,6.87,7.0,0.329,33.0,0.87,,
2014,1,Notre Dame,513,12-6,,13.0,11.83,24.0,9.56,18.0,0.552,4.0,0.522,56.0,0.576,15.0,2.28,15.0,0.667,25.0,6.06,61.0,9.44,17.0,17.89,19.0,30.72,28.0,14.33,39.0,6.83,9.0,0.319,35.0,0.868,,
2014,1,Ohio St.,518,6-8,,44.0,9.21,11.0,8.57,47.0,0.455,60.0,0.255,45.0,0.611,27.0,0.64,40.0,0.429,23.0,6.07,64.0,8.93,37.0,15.29,45.0,28.0,26.0,14.14,41.0,6.64,26.0,0.287,3.0,0.918,,
2014,1,Bellarmine,52,7-5,,42.0,9.42,13.0,8.58,59.0,0.402,55.0,0.267,31.0,0.652,26.0,0.83,24.0,0.583,31.0,5.75,54.0,9.92,38.0,15.17,66.0,24.42,33.0,14.67,10.0,8.92,56.0,0.246,2.0,0.921,,
2014,1,Penn St.,539,7-6,,27.0,10.31,16.0,8.92,6.0,0.6,36.0,0.35,21.0,0.667,18.0,1.38,28.0,0.538,45.0,5.0,38.0,10.62,36.0,15.31,26.0,30.15,25.0,14.0,22.0,7.62,22.0,0.289,19.0,0.884,,
2014,1,Penn,540,11-4,,23.0,10.6,19.0,9.27,39.0,0.484,38.0,0.349,6.0,0.74,19.0,1.33,7.0,0.733,29.0,5.87,27.0,11.0,24.0,16.47,21.0,30.67,61.0,17.73,35.0,6.87,21.0,0.291,30.0,0.873,,
2014,1,Princeton,554,7-6,,12.0,12.0,42.0,10.92,46.0,0.46,5.0,0.512,2.0,0.791,23.0,1.08,28.0,0.538,6.0,7.46,27.0,11.0,10.0,19.46,43.0,28.62,9.0,12.08,48.0,6.31,16.0,0.301,15.0,0.886,,
2014,1,Providence,556,4-11,,56.0,8.53,39.0,10.73,61.0,0.391,23.0,0.396,34.0,0.648,53.0,-2.2,58.0,0.267,57.0,4.0,29.0,10.93,57.0,12.53,46.0,27.93,49.0,15.67,17.0,7.93,55.0,0.246,46.0,0.844,,
2014,1,Quinnipiac,562,6-8,,24.0,10.57,46.0,11.07,32.0,0.501,32.0,0.365,61.0,0.542,36.0,-0.5,40.0,0.429,12.0,6.93,3.0,13.86,19.0,17.5,20.0,30.71,53.0,16.21,44.0,6.57,18.0,0.295,37.0,0.864,,
2014,1,Richmond,575,6-11,,50.0,9.0,36.0,10.47,65.0,0.362,52.0,0.288,36.0,0.639,49.0,-1.47,51.0,0.353,45.0,5.0,46.0,10.35,48.0,14.0,36.0,29.29,58.0,17.18,12.0,8.76,41.0,0.272,25.0,0.878,,
2014,1,Robert Morris,579,5-9,,46.0,9.14,53.0,11.57,62.0,0.387,34.0,0.364,15.0,0.7,56.0,-2.43,50.0,0.357,50.0,4.71,33.0,10.79,49.0,13.86,39.0,29.07,37.0,14.86,3.0,10.14,52.0,0.251,52.0,0.835,,
2014,1,Rutgers,587,8-8,,10.0,12.13,48.0,11.19,13.0,0.577,58.0,0.261,37.0,0.638,25.0,0.94,33.0,0.5,7.0,7.44,17.0,11.5,8.0,19.56,12.0,32.56,40.0,15.0,56.0,6.06,11.0,0.314,26.0,0.878,,
2014,1,Sacred Heart,590,6-9,,32.0,10.13,54.0,11.67,53.0,0.412,50.0,0.294,21.0,0.667,50.0,-1.53,43.0,0.4,21.0,6.27,12.0,12.27,25.0,16.4,57.0,26.4,44.0,15.27,28.0,7.27,37.0,0.277,9.0,0.893,,
2014,1,Saint Joseph's,606,11-4,,20.0,11.13,6.0,8.2,33.0,0.499,61.0,0.241,1.0,0.793,10.0,2.93,7.0,0.733,45.0,5.0,51.0,10.07,28.0,16.13,44.0,28.47,27.0,14.2,11.0,8.87,19.0,0.295,34.0,0.869,,
2014,1,Binghamton,62,7-8,,39.0,9.53,37.0,10.6,45.0,0.463,14.0,0.417,58.0,0.551,46.0,-1.07,36.0,0.467,24.0,6.07,51.0,10.07,34.0,15.6,62.0,26.0,8.0,12.07,35.0,6.87,31.0,0.285,5.0,0.904,,
2014,1,Siena,639,11-6,,29.0,10.18,31.0,9.82,11.0,0.58,16.0,0.411,66.0,0.447,28.0,0.35,18.0,0.647,27.0,6.0,24.0,11.12,27.0,16.18,16.0,31.47,34.0,14.71,62.0,5.65,49.0,0.253,18.0,0.884,,
2014,1,Boston U.,68,2-12,,61.0,7.21,43.0,11.0,22.0,0.548,19.0,0.407,43.0,0.615,58.0,-3.79,63.0,0.143,52.0,4.57,10.0,12.36,60.0,11.79,59.0,26.21,67.0,18.93,24.0,7.5,63.0,0.219,66.0,0.769,,
2014,1,Stony Brook,683,6-10,,15.0,11.63,61.0,12.19,4.0,0.61,6.0,0.491,18.0,0.689,41.0,-0.56,47.0,0.375,10.0,7.31,44.0,10.44,12.0,18.94,10.0,33.06,32.0,14.63,67.0,3.63,2.0,0.373,48.0,0.839,,
2014,1,Syracuse,688,11-5,,4.0,13.0,56.0,11.69,44.0,0.467,12.0,0.431,44.0,0.613,20.0,1.31,11.0,0.688,3.0,8.0,19.0,11.44,3.0,21.0,32.0,29.44,10.0,12.13,40.0,6.81,6.0,0.353,38.0,0.863,,
2014,1,Towson,711,8-7,,57.0,8.47,29.0,9.73,58.0,0.402,45.0,0.308,7.0,0.736,47.0,-1.27,31.0,0.533,55.0,4.53,59.0,9.6,55.0,13.0,65.0,24.47,5.0,12.0,60.0,5.8,47.0,0.257,20.0,0.883,,
2014,1,Air Force,721,11-6,,14.0,11.71,21.0,9.41,34.0,0.494,22.0,0.4,33.0,0.65,14.0,2.29,18.0,0.647,19.0,6.41,62.0,9.06,14.0,18.12,38.0,29.12,3.0,11.94,50.0,6.24,30.0,0.285,45.0,0.848,,
2014,1,Army West Point,725,9-5,,30.0,10.14,1.0,7.21,26.0,0.535,43.0,0.317,32.0,0.651,11.0,2.93,20.0,0.643,34.0,5.57,65.0,8.5,32.0,15.71,52.0,27.14,17.0,12.93,31.0,7.0,42.0,0.272,49.0,0.839,,
2014,1,Navy,726,4-10,,51.0,8.93,20.0,9.36,17.0,0.559,66.0,0.179,21.0,0.667,34.0,-0.43,56.0,0.286,56.0,4.5,37.0,10.64,53.0,13.43,37.0,29.29,30.0,14.5,21.0,7.71,58.0,0.243,50.0,0.839,,
2014,1,Vermont,738,5-8,,33.0,10.08,43.0,11.0,50.0,0.427,36.0,0.35,5.0,0.746,45.0,-0.92,46.0,0.385,30.0,5.85,21.0,11.38,30.0,15.92,13.0,32.46,63.0,18.08,2.0,10.15,48.0,0.254,56.0,0.825,,
2014,1,Villanova,739,6-10,,41.0,9.44,32.0,10.25,35.0,0.493,40.0,0.343,10.0,0.719,43.0,-0.81,47.0,0.375,38.0,5.25,50.0,10.13,42.0,14.69,23.0,30.5,50.0,15.69,4.0,9.75,44.0,0.263,59.0,0.815,,
2014,1,VMI,741,2-12,,64.0,6.21,63.0,12.43,48.0,0.442,59.0,0.256,46.0,0.609,65.0,-6.21,63.0,0.143,67.0,2.64,17.0,11.5,66.0,8.86,30.0,29.5,66.0,18.29,9.0,9.07,64.0,0.215,61.0,0.801,,
2014,1,Virginia,746,10-6,,8.0,12.63,47.0,11.13,42.0,0.472,3.0,0.526,58.0,0.551,17.0,1.5,22.0,0.625,4.0,7.69,55.0,9.88,6.0,20.31,1.0,37.75,6.0,12.06,6.0,9.56,14.0,0.308,44.0,0.851,,
2014,1,Wagner,748,2-11,,63.0,6.92,62.0,12.38,51.0,0.414,67.0,0.141,42.0,0.627,64.0,-5.46,61.0,0.154,62.0,3.38,11.0,12.31,63.0,10.31,47.0,27.92,65.0,18.23,1.0,10.23,59.0,0.233,60.0,0.804,,
2014,1,Brown,80,8-6,,30.0,10.14,38.0,10.64,31.0,0.509,48.0,0.302,50.0,0.593,36.0,-0.5,25.0,0.571,28.0,5.93,6.0,13.0,29.0,16.07,23.0,30.5,57.0,16.64,41.0,6.64,25.0,0.287,40.0,0.86,,
2014,1,Bryant,81,16-5,,28.0,10.29,5.0,7.9,1.0,0.678,13.0,0.422,4.0,0.77,13.0,2.38,5.0,0.762,26.0,6.05,20.0,11.43,26.0,16.33,6.0,34.1,55.0,16.38,64.0,5.24,24.0,0.289,41.0,0.86,,
2014,1,Yale,813,9-5,,26.0,10.5,11.0,8.57,12.0,0.579,30.0,0.368,16.0,0.698,16.0,1.93,20.0,0.643,16.0,6.57,63.0,9.0,20.0,17.07,30.0,29.5,42.0,15.21,27.0,7.29,32.0,0.284,32.0,0.87,,
2014,1,Bucknell,83,7-8,,52.0,8.8,14.0,8.67,66.0,0.342,20.0,0.405,35.0,0.642,31.0,0.13,36.0,0.467,51.0,4.6,31.0,10.87,54.0,13.4,53.0,27.07,14.0,12.47,7.0,9.47,60.0,0.229,22.0,0.882,,
2014,2,Catawba,1001,7-8,,,,,,,,,,,,,,,,,,12.0,13.0,,,27.0,30.13,28.0,16.67,,,,,,,,
2014,2,Coker,1023,6-8,,19.0,11.64,,,,,,,,,,,,,11.0,7.43,9.0,14.0,15.0,19.07,,,16.0,15.36,,,7.0,0.339,,,,
2014,2,Colorado Mesa,11416,9-3,,18.0,11.67,9.0,7.83,,,10.0,0.409,5.0,0.792,14.0,3.83,7.0,0.75,18.0,6.58,23.0,11.92,20.0,18.25,19.0,31.25,30.0,16.92,1.0,11.25,21.0,0.287,,,,
2014,2,Lenoir-Rhyne,1170,10-4,,1.0,15.14,11.0,8.07,,,14.0,0.383,,,2.0,7.07,12.0,0.714,2.0,9.14,,,1.0,24.29,24.0,30.86,3.0,13.0,,,1.0,0.384,6.0,0.898,,
2014,2,Limestone,1174,19-1,,3.0,14.8,2.0,6.45,3.0,0.649,8.0,0.429,8.0,0.765,1.0,8.35,1.0,0.95,7.0,7.8,,,4.0,22.6,1.0,40.85,23.0,15.95,10.0,9.0,2.0,0.37,2.0,0.904,,
2014,2,Mars Hill,1199,7-8,,14.0,11.93,,,,,,,,,,,,,13.0,7.07,16.0,12.73,16.0,19.0,22.0,31.07,10.0,14.8,,,3.0,0.367,5.0,0.898,,
2014,2,Mount Olive,1245,13-3,,6.0,14.0,7.0,7.63,,,1.0,0.529,3.0,0.829,4.0,6.38,4.0,0.813,1.0,9.19,15.0,12.75,2.0,23.19,28.0,30.13,19.0,15.56,21.0,8.0,5.0,0.363,9.0,0.892,,
2014,2,Wheeling,12799,10-3,,11.0,12.69,10.0,7.92,19.0,0.537,,,2.0,0.833,12.0,4.77,6.0,0.769,26.0,5.62,,,19.0,18.31,,,13.0,14.92,18.0,8.15,8.0,0.334,1.0,0.916,,
2014,2,Tusculum,12830,5-8,,,,,,,,,,14.0,0.744,,,,,,,12.0,13.0,,,23.0,31.0,,,,,,,,,,
2014,2,Post,1318,4-11,,,,,,,,,,,,,,,,,,18.0,12.6,,,,,,,,,30.0,0.272,,,,
2014,2,Rockhurst,1328,2-8,,,,,,,,,,,,,,,,,,12.0,13.0,,,,,,,,,,,,,,
2014,2,Lees-McRae,13302,0-14,,,,,,,,,,,,,,,,,,19.0,12.57,,,,,,,,,,,,,,
2014,2,Saint Rose,1347,2-12,,,,,,,,,,,,,,,,,,,,,,,,,,,,,,,,,
2014,2,Wingate,1462,7-6,,10.0,12.85,,,5.0,0.615,15.0,0.373,6.0,0.791,17.0,2.92,,,4.0,8.23,24.0,11.85,8.0,21.08,6.0,36.15,,,,,15.0,0.31,10.0,0.892,,
2014,2,Ohio Valley,15207,2-14,,,,,,,,,,,,,,,,,,10.0,13.94,,,,,,,,,,,,,,
2014,2,Dist. Columbia,186,3-8,,,,,,,,,,,,,,,,,,5.0,16.09,,,,,,,12.0,8.73,,,,,,
2014,2,Lynn,20794,1-10,,,,,,,,,,,,,,,,,,2.0,18.09,,,11.0,33.09,,,,,,,,,,
2014,2,Chestnut Hill,21323,7-6,,17.0,11.77,,,,,6.0,0.431,,,,,,,17.0,6.69,21.0,12.38,18.0,18.46,29.0,30.0,,,,,13.0,0.317,,,,
2014,2,American Int'l,22,2-14,,,,,,,,,,,,,,,,28.0,5.5,7.0,14.75,,,,,,,,,23.0,0.282,,,,
2014,2,Florida Tech,230,3-9,,,,,,,,,,,,,,,,21.0,6.25,30.0,10.92,21.0,17.83,14.0,32.83,24.0,16.0,29.0,7.33,28.0,0.277,,,,
2014,2,Fla. Southern,233,11-4,,4.0,14.53,,,10.0,0.595,11.0,0.406,18.0,0.72,7.0,5.27,11.0,0.733,6.0,7.93,,,5.0,22.47,4.0,36.6,22.0,15.93,23.0,7.8,12.0,0.324,8.0,0.896,,
2014,2,Franklin Pierce,241,6-7,,,,19.0,8.92,,,,,16.0,0.726,,,,,,,11.0,13.46,,,16.0,31.54,18.0,15.54,13.0,8.69,,,,,,
2014,2,Belmont Abbey,2683,6-10,,,,,,,,,,,,,,,,,,,,30.0,15.69,,,19.0,15.56,8.0,9.19,24.0,0.281,,,,
2014,2,Dowling,2692,12-5,,9.0,13.29,16.0,8.29,11.0,0.581,13.0,0.397,,,8.0,5.0,14.0,0.706,16.0,6.71,,,9.0,20.0,10.0,33.53,8.0,14.71,9.0,9.18,9.0,0.333,,,,
2014,2,Lake Erie,2746,10-4,,12.0,12.57,6.0,7.57,13.0,0.564,2.0,0.511,20.0,0.71,8.0,5.0,12.0,0.714,12.0,7.14,,,10.0,19.71,26.0,30.14,5.0,13.86,27.0,7.43,27.0,0.28,4.0,0.902,,
2014,2,Adelphi,3,17-2,,8.0,13.32,17.0,8.47,2.0,0.657,,,,,11.0,4.84,2.0,0.895,20.0,6.26,,,11.0,19.58,3.0,38.21,27.0,16.11,26.0,7.58,29.0,0.275,,,,
2014,2,Notre Dame de Namur,30056,1-8,,,,,,,,,,,,,,,,,,8.0,14.33,,,,,7.0,14.67,,,,,,,,
2014,2,Seton Hill,30063,10-6,,13.0,12.25,,,,,5.0,0.433,,,20.0,2.56,19.0,0.625,14.0,7.06,,,12.0,19.31,,,29.0,16.81,24.0,7.69,6.0,0.345,3.0,0.903,,
2014,2,Brevard,30094,3-10,,,,,,,,,,4.0,0.812,,,,,,,4.0,16.23,,,,,6.0,14.46,,,25.0,0.281,,,,
2014,2,Lindenwood,30136,5-7,,,,,,14.0,0.562,12.0,0.4,18.0,0.72,,,,,,,,,23.0,16.83,2.0,40.58,,,2.0,11.17,20.0,0.287,,,,
2014,2,Walsh,30141,4-7,,,,,,,,,,,,,,,,,,,,,,29.0,30.0,26.0,16.09,11.0,8.82,,,,,,
2014,2,Roberts Wesleyan,30150,6-9,,,,,,,,,,,,,,,,,,,,,,,,,,,,,,,,,
2014,2,Shorter,30151,7-7,,,,,,,,,,,,,,,,,,,,,,,,,,,,,,,,,
2014,2,Young Harris,30154,6-9,,,,,,20.0,0.534,,,,,,,,,,,27.0,11.2,,,,,,,,,,,,,,
2014,2,Le Moyne,349,13-3,,7.0,13.5,3.0,6.81,15.0,0.56,3.0,0.447,,,3.0,6.69,4.0,0.813,3.0,8.56,,,6.0,22.06,19.0,31.25,17.0,15.44,19.0,8.13,10.0,0.333,,,,
2014,2,Assumption,36,5-9,,,,,,12.0,0.566,,,,,,,,,25.0,5.64,,,,,21.0,31.07,,,,,,,,,,
2014,2,LIU Post,362,11-6,,,,5.0,7.24,,,9.0,0.417,,,15.0,3.47,17.0,0.647,24.0,5.76,,,27.0,16.47,,,4.0,13.76,20.0,8.06,,,,,,
2014,2,Mercy,407,10-6,,,,15.0,8.25,4.0,0.616,,,,,19.0,2.69,19.0,0.625,27.0,5.56,,,26.0,16.5,5.0,36.25,,,7.0,9.38,26.0,0.281,,,,
2014,2,Mercyhurst,408,12-4,,,,1.0,6.19,6.0,0.609,7.0,0.431,12.0,0.75,8.0,5.0,7.0,0.75,5.0,8.06,,,13.0,19.25,,,1.0,12.31,22.0,7.94,17.0,0.3,7.0,0.897,,
2014,2,Merrimack,410,12-5,,,,12.0,8.12,,,18.0,0.358,11.0,0.754,18.0,2.82,14.0,0.706,,,,,28.0,16.18,9.0,34.12,15.0,15.35,,,,,,,,
2014,2,Molloy,437,8-6,,15.0,11.86,18.0,8.79,,,,,7.0,0.767,16.0,3.07,,,23.0,5.93,,,22.0,17.79,,,11.0,14.86,17.0,8.21,19.0,0.289,,,,
2014,2,Southern N.H.,468,7-8,,,,,,,,,,,,,,,,,,6.0,15.13,,,,,,,,,,,,,,
2014,2,New York Tech,477,12-4,,20.0,11.63,4.0,7.13,16.0,0.551,4.0,0.444,1.0,0.84,13.0,4.5,7.0,0.75,9.0,7.63,29.0,11.06,13.0,19.25,17.0,31.31,,,3.0,10.5,14.0,0.311,,,,
2014,2,Pace,533,5-7,,,,,,9.0,0.595,,,,,,,,,19.0,6.33,20.0,12.5,25.0,16.75,15.0,31.92,,,,,22.0,0.287,,,,
2014,2,Pfeiffer,542,9-5,,15.0,11.86,,,,,,,,,,,18.0,0.643,15.0,6.71,28.0,11.14,17.0,18.57,13.0,32.93,21.0,15.93,6.0,9.57,16.0,0.303,,,,
2014,2,Bentley,56,8-7,,,,13.0,8.2,,,16.0,0.364,8.0,0.765,,,,,,,26.0,11.4,,,,,,,28.0,7.4,,,,,,
2014,2,Rollins,584,6-9,,,,,,8.0,0.604,,,,,,,,,22.0,5.93,,,29.0,16.07,12.0,33.0,,,5.0,9.73,,,,,,
2014,2,Saint Anselm,593,6-9,,,,,,17.0,0.549,,,,,,,,,29.0,5.47,,,,,8.0,35.73,,,14.0,8.6,,,,,,
2014,2,Saint Leo,608,8-7,,,,13.0,8.2,1.0,0.662,17.0,0.362,15.0,0.737,,,,,,,,,,,25.0,30.67,9.0,14.73,,,,,,,,
2014,2,Saint Michael's,613,4-10,,,,,,,,,,,,,,,,,,22.0,12.21,,,18.0,31.29,,,15.0,8.5,,,,,,
2014,2,Tampa,689,16-3,,5.0,14.11,8.0,7.79,7.0,0.605,,,,,5.0,6.32,3.0,0.842,8.0,7.74,,,7.0,21.84,7.0,35.95,14.0,15.32,25.0,7.63,11.0,0.331,,,,
2014,2,Adams St.,929,4-8,,,,,,,,,,17.0,0.725,,,,,,,,,,,,,24.0,16.0,4.0,10.08,,,,,,
2014,2,Alderson Broaddus,934,0-14,,,,,,,,,,,,,,,,,,3.0,16.29,,,,,,,30.0,7.29,,,,,,
2015,1,Air Force,105982,0-1,ECAC,,7.0,,13.0,,0.417,,0.333,,0.25,,7.0,,,,3.0,,13.0,,10.0,,28.0,,17.0,,9.0,,0.219,,0.824,1.0,
2015,1,Army West Point,105983,2-0,Patriot,,18.0,,5.0,,0.706,,0.333,,0.571,,36.0,,,,10.5,,6.0,,28.5,,37.0,,14.0,,14.0,,0.419,,0.903,2.0,
2015,1,Bellarmine,105924,0-1,SoCon,,9.0,,16.0,,0.393,,,,0.5,,9.0,,,,5.0,,12.0,,14.0,,29.0,,17.0,,6.0,,0.281,,0.813,1.0,
2015,1,Boston U.,105926,1-0,Patriot,,18.0,,6.0,,0.679,,0.714,,0.5,,18.0,,,,9.0,,12.0,,27.0,,37.0,,20.0,,13.0,,0.346,,0.706,1.0,
2015,1,Bryant,105928,0-1,NEC,,5.0,,9.0,,0.722,,1.0,,,,5.0,,,,4.0,,10.0,,9.0,,34.0,,21.0,,9.0,,0.185,,0.571,1.0,
2015,1,Bucknell,105929,0-1,Patriot,,11.0,,12.0,,0.48,,1.0,,0.25,,11.0,,,,4.0,,7.0,,15.0,,26.0,,10.0,,7.0,,0.275,,0.714,1.0,
2015,1,Colgate,105931,1-0,Patriot,,9.0,,5.0,,0.278,,1.0,,,,9.0,,,,3.0,,11.0,,12.0,,22.0,,15.0,,7.0,,0.273,,0.682,1.0,
2015,1,Delaware,105934,1-1,CAA,,11.0,,13.0,,0.434,,0.5,,0.429,,22.0,,,,8.0,,10.0,,19.0,,23.0,,11.5,,4.0,,0.328,,0.84,2.0,
2015,1,Detroit Mercy,105936,1-0,MAAC,,9.0,,8.0,,0.19,,,,0.8,,9.0,,,,6.0,,14.0,,15.0,,30.0,,14.0,,12.0,,0.3,,0.905,1.0,
2015,1,Duke,105938,2-0,ACC,,14.5,,10.0,,0.596,,0.429,,0.375,,29.0,,,,8.0,,9.0,,22.5,,36.5,,15.5,,7.5,,0.33,,0.9,2.0,
2015,1,Furman,105940,0-1,SoCon,,4.0,,19.0,,0.48,,,,0.5,,4.0,,,,3.0,,13.0,,7.0,,27.0,,21.0,,4.0,,0.129,,0.762,1.0,
2015,1,High Point,105991,1-1,SoCon,,14.0,,13.0,,0.508,,0.6,,0.778,,28.0,,,,8.5,,15.5,,22.5,,27.0,,11.0,,6.5,,0.412,,0.871,2.0,
2015,1,Johns Hopkins,105948,1-1,Big Ten,,10.5,,5.5,,0.595,,0.364,,1.0,,21.0,,,,5.5,,8.0,,16.0,,33.5,,13.0,,6.0,,0.269,,0.844,2.0,
2015,1,Lehigh,105950,0-1,Patriot,,9.0,,10.0,,0.478,,0.5,,0.333,,9.0,,,,6.0,,8.0,,15.0,,30.0,,10.0,,7.0,,0.257,,0.944,1.0,
2015,1,Loyola Maryland,105952,0-1,Patriot,,12.0,,13.0,,0.679,,,,1.0,,12.0,,,,6.0,,9.0,,18.0,,38.0,,14.0,,5.0,,0.316,,0.938,1.0,
2015,1,Manhattan,105953,0-1,MAAC,,3.0,,19.0,,0.375,,0.143,,0.625,,3.0,,,,,,9.0,,3.0,,24.0,,12.0,,1.0,,0.115,,0.917,1.0,
2015,1,Marquette,105955,1-0,Big East,,10.0,,9.0,,0.522,,0.667,,0.5,,10.0,,,,8.0,,10.0,,18.0,,27.0,,11.0,,5.0,,0.357,,0.733,1.0,
2015,1,Massachusetts,105958,0-1,CAA,,7.0,,12.0,,0.273,,0.333,,0.8,,7.0,,,,4.0,,12.0,,11.0,,18.0,,14.0,,8.0,,0.412,,0.824,1.0,
2015,1,Mercer,105959,0-1,SoCon,,6.0,,18.0,,0.321,,0.5,,0.286,,6.0,,,,3.0,,15.0,,9.0,,31.0,,20.0,,9.0,,0.207,,0.889,1.0,
2015,1,Michigan,105960,1-0,Big Ten,,16.0,,9.0,,0.607,,0.5,,1.0,,16.0,,,,7.0,,12.0,,23.0,,36.0,,13.0,,13.0,,0.421,,0.938,1.0,
2015,1,Navy,105984,1-0,Patriot,,21.0,,7.0,,0.719,,,,1.0,,21.0,,,,14.0,,7.0,,35.0,,44.0,,16.0,,8.0,,0.438,,0.909,1.0,
2015,1,North Carolina,105963,1-0,ACC,,19.0,,4.0,,0.52,,0.5,,1.0,,19.0,,,,10.0,,7.0,,29.0,,45.0,,11.0,,8.0,,0.365,,0.947,1.0,
2015,1,Ohio St.,105966,1-1,Big Ten,,9.0,,7.5,,0.78,,0.444,,1.0,,18.0,,,,6.5,,10.5,,15.5,,33.0,,17.5,,6.0,,0.254,,0.844,2.0,
2015,1,Penn St.,105967,1-0,Big Ten,,15.0,,8.0,,0.519,,0.5,,1.0,,15.0,,,,9.0,,15.0,,24.0,,33.0,,6.0,,2.0,,0.375,,1.0,1.0,
2015,1,Richmond,105972,1-0,SoCon,,9.0,,5.0,,0.222,,,,0.667,,9.0,,,,3.0,,15.0,,12.0,,24.0,,14.0,,8.0,,0.273,,0.875,1.0,
2015,1,Robert Morris,105973,0-1,NEC,,6.0,,10.0,,0.25,,,,0.25,,6.0,,,,3.0,,9.0,,9.0,,17.0,,11.0,,5.0,,0.231,,0.933,1.0,
2015,1,Rutgers,105974,1-0,Big Ten,,10.0,,8.0,,0.545,,1.0,,0.5,,10.0,,,,8.0,,11.0,,18.0,,26.0,,11.0,,5.0,,0.244,,0.938,1.0,
2015,1,Saint Joseph's,105977,0-1,NEC,,5.0,,9.0,,0.778,,0.333,,1.0,,5.0,,,,2.0,,11.0,,7.0,,27.0,,20.0,,4.0,,0.122,,0.526,1.0,
2015,1,Siena,105978,0-1,MAAC,,7.0,,21.0,,0.167,,,,0.5,,7.0,,,,3.0,,13.0,,10.0,,20.0,,14.0,,3.0,,0.304,,0.727,1.0,
2015,1,St. John's (NY),105976,0-1,Big East,,8.0,,10.0,,0.455,,0.5,,,,8.0,,,,4.0,,13.0,,12.0,,29.0,,11.0,,10.0,,0.195,,0.895,1.0,
2015,1,Stony Brook,105979,1-0,America East,,19.0,,3.0,,0.625,,0.375,,0.857,,19.0,,,,11.0,,13.0,,30.0,,35.0,,10.0,,7.0,,0.422,,0.929,1.0,
2015,1,Syracuse,105980,1-0,ACC,,21.0,,7.0,,0.833,,0.5,,1.0,,21.0,,,,14.0,,8.0,,35.0,,43.0,,16.0,,6.0,,0.42,,0.944,1.0,
2015,1,Towson,105981,1-0,CAA,,7.0,,5.0,,0.533,,,,1.0,,7.0,,,,4.0,,12.0,,11.0,,25.0,,11.0,,5.0,,0.206,,0.882,1.0,
2015,1,UMBC,105956,0-1,America East,,4.0,,16.0,,0.318,,,,0.429,,4.0,,,,2.0,,16.0,,6.0,,23.0,,15.0,,9.0,,0.174,,0.842,1.0,
2015,1,VMI,105987,0-2,SoCon,,5.0,,22.5,,0.295,,0.4,,0.75,,10.0,,,,1.5,,13.0,,6.5,,26.0,,24.0,,7.5,,0.27,,0.66,2.0,
2015,1,Vermont,105985,0-1,America East,,8.0,,15.0,,0.481,,,,0.5,,8.0,,,,1.0,,9.0,,9.0,,26.0,,7.0,,2.0,,0.178,,0.833,1.0,
2015,1,Virginia,105988,1-0,ACC,,13.0,,12.0,,0.321,,,,1.0,,13.0,,,,10.0,,9.0,,23.0,,27.0,,12.0,,5.0,,0.302,,0.81,1.0,
2015,2,Catawba,1001,5-10,,40.0,9.47,40.0,11.33,3.0,0.663,8.0,0.429,53.0,0.594,,,42.0,0.333,35.0,5.2,44.0,10.33,35.0,14.67,22.0,31.6,41.0,17.73,57.0,4.27,46.0,0.263,32.0,0.836,,
2015,2,Coker,1023,9-5,,24.0,10.93,35.0,10.57,43.0,0.436,46.0,0.254,52.0,0.6,,,17.0,0.643,34.0,5.21,30.0,11.0,30.0,16.14,24.0,31.29,25.0,16.36,46.0,6.5,14.0,0.33,16.0,0.866,,
2015,2,Colorado Mesa,11416,9-3,,3.0,14.25,22.0,9.67,22.0,0.54,22.0,0.339,14.0,0.741,9.0,4.58,9.0,0.75,6.0,7.75,40.0,10.5,4.0,22.0,34.0,29.67,5.0,13.75,25.0,7.75,20.0,0.315,14.0,0.869,,
2015,2,Lenoir-Rhyne,1170,9-7,,13.0,12.81,26.0,9.75,27.0,0.502,43.0,0.265,50.0,0.607,20.0,3.06,24.0,0.563,15.0,6.69,58.0,8.19,14.0,19.5,9.0,34.0,16.0,15.44,4.0,10.94,24.0,0.312,7.0,0.884,,
2015,2,Limestone,1174,20-1,,1.0,17.05,4.0,7.48,1.0,0.716,6.0,0.438,15.0,0.737,1.0,9.57,1.0,0.952,1.0,9.24,57.0,8.67,1.0,26.29,1.0,41.24,27.0,16.62,10.0,9.05,2.0,0.371,4.0,0.896,,
2015,2,Lincoln Memorial,1176,4-10,,47.0,8.64,19.0,9.29,39.0,0.458,55.0,0.167,6.0,0.787,,,44.0,0.286,42.0,4.5,20.0,12.0,44.0,13.14,16.0,32.21,47.0,19.07,9.0,9.21,48.0,0.257,44.0,0.812,,
2015,2,Mars Hill,1199,10-6,,6.0,14.06,16.0,9.06,31.0,0.486,25.0,0.327,2.0,0.823,7.0,5.0,19.0,0.625,5.0,7.88,11.0,13.0,5.0,21.94,21.0,31.69,20.0,15.81,44.0,6.63,1.0,0.414,24.0,0.852,,
2015,2,Mount Olive,1245,11-5,,22.0,11.56,14.0,9.0,20.0,0.552,51.0,0.224,21.0,0.709,,,14.0,0.688,27.0,5.69,28.0,11.13,23.0,17.25,17.0,32.13,21.0,15.94,42.0,6.75,15.0,0.324,22.0,0.854,,
2015,2,Wheeling,12799,8-6,,15.0,12.71,13.0,8.93,12.0,0.588,34.0,0.286,3.0,0.815,14.0,3.79,22.0,0.571,29.0,5.57,37.0,10.64,19.0,18.29,28.0,30.43,15.0,15.43,16.0,8.29,12.0,0.332,1.0,0.941,,
2015,2,Tusculum,12830,5-8,,35.0,9.92,36.0,10.69,38.0,0.46,14.0,0.388,12.0,0.757,,,38.0,0.385,26.0,5.77,29.0,11.08,32.0,15.69,25.0,31.08,30.0,17.0,50.0,6.31,38.0,0.276,25.0,0.85,,
2015,2,Post,1318,6-8,,36.0,9.79,37.0,10.71,54.0,0.373,56.0,0.164,42.0,0.629,,,36.0,0.429,48.0,4.14,13.0,12.86,40.0,13.93,32.0,29.93,46.0,19.0,19.0,8.0,39.0,0.276,46.0,0.806,,
2015,2,Rockhurst,1328,7-5,,9.0,13.25,26.0,9.75,13.0,0.584,41.0,0.275,5.0,0.803,16.0,3.5,21.0,0.583,11.0,7.0,53.0,9.08,8.0,20.25,26.0,30.83,34.0,17.17,43.0,6.67,40.0,0.275,5.0,0.895,,
2015,2,Lees-McRae,13302,2-14,,54.0,7.44,58.0,18.19,58.0,0.349,58.0,0.132,32.0,0.674,,,54.0,0.125,43.0,4.44,14.0,12.81,52.0,11.88,51.0,26.44,45.0,18.31,52.0,6.06,42.0,0.272,55.0,0.735,,
2015,2,Saint Rose,1347,4-10,,50.0,8.0,31.0,10.29,44.0,0.428,42.0,0.269,44.0,0.627,,,44.0,0.286,44.0,4.43,5.0,14.36,50.0,12.43,41.0,28.07,42.0,17.79,37.0,7.0,51.0,0.251,27.0,0.848,,
2015,2,Wingate,1462,6-10,,27.0,10.88,44.0,12.0,17.0,0.559,29.0,0.317,28.0,0.685,,,40.0,0.375,18.0,6.5,24.0,11.69,22.0,17.38,4.0,37.5,23.0,16.25,56.0,4.88,22.0,0.313,31.0,0.842,,
2015,2,Ohio Valley,15207,0-15,,56.0,6.8,55.0,15.73,57.0,0.35,54.0,0.169,55.0,0.583,,,58.0,0.0,55.0,3.53,7.0,14.0,55.0,10.33,57.0,22.93,55.0,23.4,41.0,6.8,44.0,0.268,54.0,0.745,,
2015,2,Dist. Columbia,186,2-9,,42.0,8.91,57.0,16.91,15.0,0.563,37.0,0.283,56.0,0.573,,,50.0,0.182,54.0,3.55,11.0,13.0,49.0,12.45,2.0,39.55,56.0,24.18,28.0,7.45,52.0,0.251,56.0,0.727,,
2015,2,Lynn,20794,7-7,,24.0,10.93,31.0,10.29,23.0,0.538,11.0,0.412,49.0,0.609,,,29.0,0.5,22.0,6.29,48.0,10.0,25.0,17.21,14.0,32.29,7.0,14.07,21.0,7.86,23.0,0.313,13.0,0.87,,
2015,2,Chestnut Hill,21323,6-7,,37.0,9.62,29.0,10.23,52.0,0.38,13.0,0.397,40.0,0.645,,,34.0,0.462,39.0,4.77,22.0,11.77,37.0,14.38,53.0,26.0,24.0,16.31,48.0,6.46,41.0,0.275,48.0,0.798,,
2015,2,American Int'l,22,2-13,,58.0,6.47,51.0,14.4,51.0,0.38,40.0,0.278,41.0,0.639,,,52.0,0.133,57.0,3.33,4.0,14.6,57.0,9.8,55.0,25.4,54.0,22.73,45.0,6.6,50.0,0.255,52.0,0.772,,
2015,2,Florida Tech,230,12-4,,18.0,12.44,18.0,9.19,9.0,0.61,17.0,0.372,9.0,0.776,18.0,3.25,9.0,0.75,17.0,6.63,40.0,10.5,15.0,19.06,6.0,37.25,39.0,17.56,14.0,8.63,35.0,0.277,10.0,0.873,,
2015,2,Fla. Southern,233,6-8,,14.0,12.79,47.0,12.57,18.0,0.557,4.0,0.449,58.0,0.484,,,36.0,0.429,7.0,7.43,19.0,12.07,10.0,20.21,4.0,37.5,29.0,16.93,16.0,8.29,43.0,0.27,43.0,0.817,,
2015,2,Franklin Pierce,241,12-4,,31.0,10.44,10.0,8.5,49.0,0.404,47.0,0.25,10.0,0.775,,,9.0,0.75,31.0,5.44,16.0,12.56,31.0,15.88,46.0,27.25,38.0,17.44,18.0,8.25,33.0,0.285,42.0,0.818,,
2015,2,Belmont Abbey,2683,11-5,,16.0,12.63,14.0,9.0,36.0,0.463,8.0,0.429,17.0,0.722,15.0,3.63,14.0,0.688,23.0,6.19,38.0,10.56,17.0,18.81,33.0,29.81,31.0,17.06,24.0,7.81,16.0,0.322,18.0,0.861,,
2015,2,Dowling,2692,5-8,,37.0,9.62,38.0,10.92,21.0,0.542,21.0,0.34,33.0,0.667,,,38.0,0.385,56.0,3.46,35.0,10.77,45.0,13.08,37.0,28.69,33.0,17.15,39.0,6.92,31.0,0.288,41.0,0.824,,
2015,2,CSU Pueblo,2720,0-10,,52.0,7.6,,,46.0,0.421,44.0,0.255,,,,,58.0,0.0,50.0,4.0,34.0,10.8,54.0,11.6,39.0,28.6,,,46.0,6.5,27.0,0.309,58.0,0.672,,
2015,2,Lake Erie,2746,15-3,,23.0,11.17,3.0,7.33,56.0,0.355,33.0,0.302,31.0,0.674,13.0,3.83,3.0,0.833,24.0,6.06,55.0,8.89,24.0,17.22,52.0,26.28,6.0,13.78,2.0,11.17,17.0,0.321,8.0,0.881,,
2015,2,Adelphi,3,15-3,,2.0,15.0,12.0,8.89,2.0,0.688,10.0,0.414,13.0,0.75,3.0,6.11,3.0,0.833,2.0,8.94,32.0,10.89,2.0,23.94,3.0,38.28,28.0,16.83,12.0,8.94,21.0,0.315,30.0,0.843,,
2015,2,Notre Dame de Namur,30056,1-8,,55.0,7.11,49.0,13.78,40.0,0.457,49.0,0.244,19.0,0.71,,,55.0,0.111,,,9.0,13.22,,,42.0,28.0,57.0,24.44,19.0,8.0,57.0,0.223,,,,
2015,2,Seton Hill,30063,9-5,,20.0,11.79,6.0,7.79,4.0,0.646,45.0,0.254,18.0,0.718,11.0,4.0,17.0,0.643,41.0,4.57,50.0,9.5,28.0,16.36,45.0,27.36,3.0,13.64,53.0,6.0,4.0,0.353,3.0,0.897,,
2015,2,Brevard,30094,8-8,,29.0,10.5,44.0,12.0,50.0,0.4,37.0,0.283,47.0,0.622,,,29.0,0.5,25.0,5.88,8.0,13.88,27.0,16.38,7.0,35.63,35.0,17.31,6.0,9.88,5.0,0.341,35.0,0.832,,
2015,2,Lindenwood,30136,14-4,,10.0,13.22,8.0,8.06,5.0,0.643,16.0,0.379,22.0,0.708,6.0,5.17,8.0,0.778,16.0,6.67,,,13.0,19.89,12.0,33.06,36.0,17.33,26.0,7.5,7.0,0.339,34.0,0.834,,
2015,2,Walsh,30141,3-10,,51.0,7.69,39.0,11.15,45.0,0.423,52.0,0.207,37.0,0.653,,,48.0,0.231,30.0,5.54,36.0,10.69,43.0,13.23,48.0,26.62,26.0,16.38,3.0,11.08,36.0,0.277,47.0,0.798,,
2015,2,Roberts Wesleyan,30150,4-11,,44.0,8.8,43.0,11.93,24.0,0.528,32.0,0.306,29.0,0.676,,,46.0,0.267,35.0,5.2,15.0,12.73,39.0,14.0,23.0,31.4,51.0,20.13,13.0,8.67,45.0,0.265,49.0,0.796,,
2015,2,Shorter,30151,7-7,,33.0,10.21,19.0,9.29,35.0,0.465,30.0,0.316,8.0,0.783,,,29.0,0.5,46.0,4.29,43.0,10.36,36.0,14.5,49.0,26.5,37.0,17.36,38.0,6.93,19.0,0.316,20.0,0.856,,
2015,2,Young Harris,30154,9-7,,27.0,10.88,33.0,10.38,30.0,0.491,39.0,0.281,51.0,0.605,,,24.0,0.563,10.0,7.06,38.0,10.56,21.0,17.94,43.0,27.94,10.0,14.5,33.0,7.25,9.0,0.335,2.0,0.902,,
2015,2,Le Moyne,349,16-3,,4.0,14.21,1.0,6.68,29.0,0.491,6.0,0.438,4.0,0.81,2.0,7.53,2.0,0.842,9.0,7.16,10.0,13.11,7.0,21.37,19.0,31.95,13.0,15.16,35.0,7.21,10.0,0.334,29.0,0.844,,
2015,2,Assumption,36,9-8,,46.0,8.65,17.0,9.18,16.0,0.56,57.0,0.145,36.0,0.656,,,27.0,0.529,45.0,4.35,21.0,11.82,46.0,13.0,35.0,29.47,44.0,18.29,55.0,4.88,34.0,0.284,37.0,0.831,,
2015,2,LIU Post,362,14-3,,8.0,13.35,11.0,8.59,11.0,0.591,12.0,0.4,26.0,0.69,8.0,4.76,5.0,0.824,12.0,6.88,49.0,9.94,9.0,20.24,31.0,29.94,19.0,15.71,15.0,8.47,11.0,0.333,40.0,0.827,,
2015,2,Mercy,407,10-7,,21.0,11.65,25.0,9.71,14.0,0.564,5.0,0.447,57.0,0.558,,,20.0,0.588,14.0,6.71,54.0,9.06,18.0,18.35,10.0,33.65,18.0,15.47,23.0,7.82,29.0,0.302,21.0,0.855,,
2015,2,Mercyhurst,408,8-6,,29.0,10.5,2.0,7.14,19.0,0.554,20.0,0.347,7.0,0.784,17.0,3.36,22.0,0.571,20.0,6.43,51.0,9.36,26.0,16.93,54.0,25.5,22.0,16.0,51.0,6.29,28.0,0.308,11.0,0.872,,
2015,2,Merrimack,410,13-3,,11.0,13.06,5.0,7.5,34.0,0.471,26.0,0.326,39.0,0.65,4.0,5.56,6.0,0.813,13.0,6.88,26.0,11.19,12.0,19.94,17.0,32.13,8.0,14.19,29.0,7.44,32.0,0.287,9.0,0.877,,
2015,2,Molloy,437,11-4,,12.0,12.87,22.0,9.67,26.0,0.507,31.0,0.313,46.0,0.625,19.0,3.2,13.0,0.733,8.0,7.27,45.0,10.27,11.0,20.13,27.0,30.6,1.0,13.2,30.0,7.4,26.0,0.311,22.0,0.854,,
2015,2,Southern N.H.,468,2-13,,45.0,8.73,42.0,11.8,47.0,0.42,36.0,0.283,16.0,0.728,,,52.0,0.133,37.0,5.13,31.0,10.93,41.0,13.87,29.0,30.4,40.0,17.67,30.0,7.4,54.0,0.242,26.0,0.848,,
2015,2,New York Tech,477,12-4,,7.0,13.38,7.0,8.0,41.0,0.452,3.0,0.517,1.0,0.831,5.0,5.38,9.0,0.75,3.0,8.56,56.0,8.81,5.0,21.94,38.0,28.69,11.0,15.06,5.0,10.63,3.0,0.36,33.0,0.835,,
2015,2,Pace,533,9-7,,19.0,11.81,34.0,10.5,25.0,0.523,28.0,0.322,23.0,0.704,,,24.0,0.563,19.0,6.44,17.0,12.44,20.0,18.25,8.0,35.38,48.0,19.19,7.0,9.5,18.0,0.317,38.0,0.83,,
2015,2,Pfeiffer,542,10-5,,5.0,14.07,28.0,10.13,32.0,0.484,2.0,0.545,24.0,0.702,12.0,3.93,16.0,0.667,4.0,8.13,42.0,10.47,3.0,22.2,20.0,31.87,12.0,15.13,8.0,9.47,6.0,0.34,12.0,0.871,,
2015,2,Bentley,56,6-7,,41.0,9.08,24.0,9.69,7.0,0.616,34.0,0.286,25.0,0.694,,,34.0,0.462,52.0,3.92,46.0,10.23,46.0,13.0,56.0,24.85,17.0,15.46,48.0,6.46,55.0,0.228,28.0,0.846,,
2015,2,Rollins,584,6-10,,43.0,8.81,30.0,10.25,42.0,0.45,24.0,0.328,38.0,0.652,,,40.0,0.375,40.0,4.63,23.0,11.75,42.0,13.44,36.0,29.06,32.0,17.13,32.0,7.31,49.0,0.255,19.0,0.857,,
2015,2,Saint Anselm,593,2-11,,48.0,8.23,50.0,14.08,28.0,0.502,47.0,0.25,33.0,0.667,,,51.0,0.154,47.0,4.15,33.0,10.85,51.0,12.38,30.0,30.31,43.0,18.15,36.0,7.08,56.0,0.227,39.0,0.828,,
2015,2,Saint Leo,608,7-7,,24.0,10.93,21.0,9.43,8.0,0.611,19.0,0.35,30.0,0.675,,,29.0,0.5,32.0,5.36,18.0,12.36,29.0,16.29,14.0,32.29,2.0,13.43,34.0,7.21,37.0,0.277,15.0,0.867,,
2015,2,Saint Michael's,613,7-7,,39.0,9.5,46.0,12.36,48.0,0.408,23.0,0.333,54.0,0.586,,,29.0,0.5,33.0,5.29,6.0,14.21,34.0,14.79,13.0,32.93,53.0,21.79,1.0,12.14,53.0,0.25,45.0,0.808,,
2015,2,Tampa,689,15-4,,17.0,12.53,9.0,8.26,10.0,0.6,15.0,0.38,11.0,0.759,10.0,4.26,7.0,0.789,21.0,6.37,52.0,9.11,16.0,18.89,44.0,27.47,4.0,13.68,22.0,7.84,25.0,0.311,6.0,0.889,,
2015,2,North Greenville,9223,1-14,,52.0,7.6,56.0,15.93,53.0,0.375,50.0,0.243,45.0,0.627,,,57.0,0.067,49.0,4.07,3.0,14.73,53.0,11.67,50.0,26.47,49.0,19.4,58.0,4.0,13.0,0.331,36.0,0.831,,
2015,2,Adams St.,929,4-11,,32.0,10.27,53.0,14.67,55.0,0.371,18.0,0.368,48.0,0.617,,,46.0,0.267,51.0,3.93,47.0,10.13,38.0,14.2,58.0,22.0,14.0,15.33,,,30.0,0.293,17.0,0.861,,
2015,2,Alderson Broaddus,934,4-9,,49.0,8.15,48.0,13.69,37.0,0.461,27.0,0.324,35.0,0.662,,,43.0,0.308,38.0,4.85,25.0,11.62,46.0,13.0,47.0,26.92,52.0,21.62,27.0,7.46,47.0,0.26,53.0,0.752,,
2016,1,Air Force,23983,5-2,SoCon,,9.86,,7.57,,0.523,,0.4,,0.773,,69.0,,,,5.14,,9.57,,15.0,,26.14,,13.86,,6.29,,0.305,,0.858,7.0,
2016,1,Army West Point,23984,5-2,Patriot,,13.29,,7.29,,0.689,,0.323,,0.75,,93.0,,,,6.57,,8.29,,19.86,,34.86,,14.0,,8.43,,0.309,,0.877,7.0,
2016,1,Bellarmine,23925,3-4,SoCon,,7.57,,9.14,,0.537,,0.429,,0.611,,53.0,,,,4.0,,9.29,,11.57,,24.29,,16.0,,6.0,,0.265,,0.842,7.0,
2016,1,Binghamton,23926,0-4,America East,,7.25,,11.25,,0.517,,0.143,,0.667,,29.0,,,,3.75,,10.5,,11.0,,22.5,,15.0,,5.25,,0.225,,0.863,4.0,
2016,1,Boston U.,23927,6-1,Patriot,,10.14,,8.43,,0.647,,0.556,,0.867,,71.0,,,,6.0,,11.14,,16.14,,31.29,,18.71,,8.57,,0.296,,0.789,7.0,
2016,1,Brown,23928,5-0,Ivy League,,18.6,,8.6,,0.702,,0.261,,0.667,,93.0,,,,12.4,,13.0,,31.0,,39.8,,16.2,,9.0,,0.384,,0.902,5.0,
2016,1,Bryant,23929,4-3,NEC,,10.71,,10.29,,0.526,,0.429,,0.643,,75.0,,,,4.86,,11.14,,15.57,,32.71,,15.57,,6.71,,0.267,,0.911,7.0,
2016,1,Bucknell,23930,4-3,Patriot,,11.29,,10.14,,0.549,,0.636,,0.765,,79.0,,,,5.43,,12.14,,16.71,,31.0,,14.71,,5.71,,0.307,,0.786,7.0,
2016,1,Canisius,23931,1-2,MAAC,,8.67,,8.0,,0.466,,0.231,,0.667,,26.0,,,,5.67,,9.67,,14.33,,22.67,,13.67,,7.33,,0.218,,0.852,3.0,
2016,1,Colgate,23932,3-4,Patriot,,8.14,,8.29,,0.393,,0.118,,0.75,,57.0,,,,4.71,,9.71,,12.86,,24.0,,12.71,,5.86,,0.228,,0.872,7.0,
2016,1,Cornell,23933,3-2,Ivy League,,9.0,,8.6,,0.657,,0.231,,0.7,,45.0,,,,4.4,,11.0,,13.4,,27.6,,13.4,,7.2,,0.237,,0.859,5.0,
2016,1,Dartmouth,23934,0-4,Ivy League,,5.75,,10.5,,0.375,,0.25,,0.5,,23.0,,,,3.5,,10.5,,9.25,,24.0,,19.25,,6.75,,0.247,,0.769,4.0,
2016,1,Delaware,23935,3-5,CAA,,8.63,,10.88,,0.536,,0.182,,0.474,,69.0,,,,4.88,,7.75,,13.5,,28.5,,15.25,,7.63,,0.258,,0.827,8.0,
2016,1,Denver,23936,6-0,Big East,,13.33,,9.0,,0.682,,0.583,,0.667,,80.0,,,,8.83,,10.0,,22.17,,35.5,,13.67,,3.67,,0.386,,0.774,6.0,
2016,1,Detroit Mercy,23937,0-5,MAAC,,6.4,,11.2,,0.287,,0.375,,0.5,,32.0,,,,3.8,,12.6,,10.2,,23.0,,18.6,,7.0,,0.23,,0.777,5.0,
2016,1,Drexel,23938,2-4,CAA,,10.33,,12.33,,0.357,,0.333,,0.682,,62.0,,,,4.0,,12.17,,14.33,,26.5,,12.83,,6.33,,0.29,,0.82,6.0,
2016,1,Duke,23939,5-3,ACC,,14.13,,9.63,,0.583,,0.455,,0.656,,113.0,,,,8.38,,10.25,,22.5,,36.13,,14.88,,6.88,,0.37,,0.843,8.0,
2016,1,Fairfield,23940,2-5,CAA,,8.57,,10.57,,0.532,,0.435,,0.741,,60.0,,,,4.14,,13.29,,12.71,,22.57,,14.14,,3.0,,0.268,,0.797,7.0,
2016,1,Furman,23941,0-6,SoCon,,6.5,,12.83,,0.489,,0.278,,0.632,,39.0,,,,4.0,,9.33,,10.5,,23.83,,13.5,,4.83,,0.247,,0.842,6.0,
2016,1,Georgetown,23942,1-5,Big East,,8.5,,10.33,,0.378,,0.333,,0.55,,51.0,,,,4.83,,11.33,,13.33,,23.0,,12.67,,5.0,,0.249,,0.814,6.0,
2016,1,Hartford,23943,3-3,America East,,11.17,,10.0,,0.671,,0.467,,0.545,,67.0,,,,7.5,,8.83,,18.67,,33.17,,16.0,,6.0,,0.293,,0.88,6.0,
2016,1,Harvard,23944,4-2,Ivy League,,11.5,,10.83,,0.389,,0.389,,0.667,,69.0,,,,7.83,,12.33,,19.33,,28.5,,14.67,,7.17,,0.337,,0.879,6.0,
2016,1,High Point,23992,4-3,SoCon,,11.0,,12.43,,0.549,,0.333,,0.5,,77.0,,,,6.14,,11.29,,17.14,,32.57,,15.0,,8.0,,0.293,,0.831,7.0,
2016,1,Hobart,23945,4-3,NEC,,9.71,,9.29,,0.589,,0.2,,0.81,,68.0,,,,3.0,,9.0,,12.71,,28.14,,14.0,,6.14,,0.26,,0.865,7.0,
2016,1,Hofstra,23946,4-2,CAA,,9.83,,8.0,,0.598,,0.296,,0.8,,59.0,,,,4.33,,11.83,,14.17,,35.17,,12.5,,4.33,,0.265,,0.827,6.0,
2016,1,Holy Cross,23947,0-7,Patriot,,9.29,,13.86,,0.405,,0.414,,0.526,,65.0,,,,4.57,,11.29,,13.86,,25.86,,14.43,,7.86,,0.279,,0.814,7.0,
2016,1,Jacksonville,23948,2-4,SoCon,,8.33,,12.67,,0.568,,0.276,,0.615,,50.0,,,,4.67,,13.67,,13.0,,29.83,,17.17,,3.83,,0.294,,0.74,6.0,
2016,1,Johns Hopkins,23949,3-2,Big Ten,,12.4,,10.0,,0.571,,0.632,,0.636,,62.0,,,,8.8,,10.6,,21.2,,29.4,,13.2,,3.2,,0.308,,0.833,5.0,
2016,1,Lafayette,23950,1-4,Patriot,,7.8,,11.4,,0.464,,0.533,,0.632,,39.0,,,,5.0,,12.4,,12.8,,30.2,,18.0,,9.4,,0.279,,0.729,5.0,
2016,1,Lehigh,23951,4-2,Patriot,,13.5,,9.5,,0.404,,0.5,,0.773,,81.0,,,,8.33,,9.5,,21.83,,29.33,,12.33,,9.17,,0.357,,0.84,6.0,
2016,1,Loyola Maryland,23953,4-2,Patriot,,9.33,,9.0,,0.438,,0.455,,0.556,,56.0,,,,5.5,,9.33,,14.83,,29.0,,10.0,,7.5,,0.237,,0.885,6.0,
2016,1,Manhattan,23954,1-7,MAAC,,5.63,,13.88,,0.27,,0.231,,0.72,,45.0,,,,3.5,,13.88,,9.13,,22.25,,18.5,,4.75,,0.246,,0.765,8.0,
2016,1,Marist,23955,1-4,MAAC,,8.2,,9.2,,0.28,,0.714,,0.6,,41.0,,,,4.6,,14.6,,12.8,,20.6,,13.8,,6.0,,0.273,,0.806,5.0,
2016,1,Marquette,23956,4-1,Big East,,9.4,,6.8,,0.639,,0.5,,0.545,,47.0,,,,3.8,,7.2,,13.2,,28.8,,12.2,,7.2,,0.255,,0.827,5.0,
2016,1,Maryland,23958,4-2,Big Ten,,10.5,,7.83,,0.592,,0.5,,0.813,,63.0,,,,6.17,,8.33,,16.67,,29.0,,13.5,,6.33,,0.27,,0.88,6.0,
2016,1,Massachusetts,23959,3-4,CAA,,9.43,,10.14,,0.432,,0.276,,0.769,,66.0,,,,4.71,,11.14,,14.14,,28.86,,13.14,,7.86,,0.284,,0.894,7.0,
2016,1,Mercer,23960,2-4,SoCon,,8.17,,11.83,,0.46,,0.286,,0.556,,49.0,,,,3.17,,9.83,,11.33,,19.0,,12.33,,5.33,,0.257,,0.882,6.0,
2016,1,Michigan,23961,3-3,Big Ten,,10.33,,13.67,,0.497,,0.357,,0.739,,62.0,,,,4.83,,13.0,,15.17,,26.83,,13.67,,7.17,,0.32,,0.868,6.0,
2016,1,Monmouth,23962,4-2,MAAC,,10.33,,8.17,,0.403,,0.222,,0.765,,62.0,,,,4.83,,9.33,,15.17,,23.17,,11.33,,7.67,,0.323,,0.902,6.0,
2016,1,Mount St. Mary's,23963,4-2,NEC,,10.0,,7.83,,0.5,,0.438,,0.652,,60.0,,,,5.0,,9.83,,15.0,,26.17,,12.0,,9.67,,0.313,,0.83,6.0,
2016,1,NJIT,23965,0-8,Independent,,5.25,,15.88,,0.369,,0.212,,0.524,,42.0,,,,2.25,,11.5,,7.5,,23.5,,17.5,,5.75,,0.208,,0.75,8.0,
2016,1,Navy,23985,3-2,Patriot,,9.6,,7.0,,0.551,,0.167,,0.462,,48.0,,,,6.4,,7.2,,16.0,,29.6,,13.2,,9.4,,0.265,,0.9,5.0,
2016,1,North Carolina,23964,4-3,ACC,,13.29,,9.43,,0.591,,0.32,,0.786,,93.0,,,,6.57,,7.43,,19.86,,33.71,,13.0,,7.71,,0.323,,0.848,7.0,
2016,1,Notre Dame,23966,4-1,ACC,,10.8,,6.2,,0.598,,0.417,,0.615,,54.0,,,,6.0,,9.6,,16.8,,31.2,,15.4,,9.4,,0.293,,0.915,5.0,
2016,1,Ohio St.,23967,5-3,Big Ten,,10.0,,8.25,,0.608,,0.304,,0.684,,80.0,,,,4.63,,9.25,,14.63,,27.88,,11.13,,6.75,,0.292,,0.922,8.0,
2016,1,Penn,23969,3-2,Ivy League,,10.6,,10.8,,0.369,,0.4,,0.778,,53.0,,,,6.8,,14.8,,17.4,,24.8,,12.6,,4.0,,0.306,,0.859,5.0,
2016,1,Penn St.,23968,5-2,Big Ten,,12.86,,10.71,,0.481,,0.429,,0.563,,90.0,,,,8.0,,9.43,,20.86,,29.0,,10.29,,6.0,,0.357,,0.908,7.0,
2016,1,Princeton,23970,2-3,Ivy League,,10.6,,11.2,,0.426,,0.385,,0.571,,53.0,,,,7.0,,11.0,,17.6,,29.8,,12.6,,7.8,,0.338,,0.861,5.0,
2016,1,Providence,23971,3-3,Big East,,10.17,,9.67,,0.407,,0.19,,0.714,,61.0,,,,5.0,,13.17,,15.17,,28.17,,18.33,,8.5,,0.311,,0.84,6.0,
2016,1,Quinnipiac,23972,3-1,MAAC,,9.75,,10.75,,0.484,,0.333,,0.778,,39.0,,,,5.0,,10.75,,14.75,,27.5,,15.5,,9.25,,0.244,,0.843,4.0,
2016,1,Richmond,23973,6-1,SoCon,,9.14,,7.14,,0.537,,0.345,,0.471,,64.0,,,,6.0,,9.29,,15.14,,29.0,,14.0,,8.43,,0.259,,0.896,7.0,
2016,1,Robert Morris,23974,2-5,NEC,,10.29,,12.29,,0.401,,0.444,,0.667,,72.0,,,,5.86,,11.71,,16.14,,23.14,,14.29,,7.71,,0.28,,0.866,7.0,
2016,1,Rutgers,23975,5-2,Big Ten,,12.0,,9.43,,0.54,,0.24,,0.48,,84.0,,,,7.29,,10.14,,19.29,,36.14,,12.14,,8.29,,0.305,,0.927,7.0,
2016,1,Sacred Heart,23976,2-5,NEC,,9.0,,12.0,,0.476,,0.212,,0.5,,63.0,,,,5.43,,9.14,,14.43,,26.14,,14.86,,9.0,,0.248,,0.881,7.0,
2016,1,Saint Joseph's,23978,4-2,NEC,,13.5,,8.17,,0.631,,0.278,,0.667,,81.0,,,,7.67,,8.67,,21.17,,31.83,,12.5,,6.5,,0.367,,0.901,6.0,
2016,1,Siena,23979,1-4,MAAC,,9.0,,11.8,,0.439,,0.286,,0.667,,45.0,,,,5.4,,9.4,,14.4,,26.4,,15.4,,6.8,,0.249,,0.872,5.0,
2016,1,St. John's (NY),23977,1-6,Big East,,7.71,,13.43,,0.424,,0.348,,0.6,,54.0,,,,5.14,,12.0,,12.86,,26.14,,13.71,,4.43,,0.252,,0.836,7.0,
2016,1,Stony Brook,23980,5-1,America East,,13.67,,7.83,,0.476,,0.536,,0.87,,82.0,,,,9.17,,12.83,,22.83,,31.67,,11.5,,6.67,,0.355,,0.887,6.0,
2016,1,Syracuse,23981,5-0,ACC,,14.4,,7.4,,0.718,,0.6,,0.556,,72.0,,,,8.4,,7.6,,22.8,,35.6,,13.4,,9.0,,0.335,,0.947,5.0,
2016,1,Towson,23982,6-1,CAA,,10.29,,7.29,,0.514,,0.455,,0.556,,72.0,,,,5.43,,8.57,,15.71,,25.43,,10.57,,6.71,,0.279,,0.88,7.0,
2016,1,UAlbany,23924,3-2,America East,,12.4,,10.4,,0.379,,0.45,,0.615,,62.0,,,,7.2,,13.8,,19.6,,26.6,,14.2,,8.4,,0.339,,0.857,5.0,
2016,1,UMBC,23957,1-3,America East,,6.75,,10.25,,0.41,,0.333,,0.6,,27.0,,,,4.75,,10.5,,11.5,,22.5,,15.75,,7.0,,0.276,,0.75,4.0,
2016,1,VMI,23988,1-7,SoCon,,5.38,,13.38,,0.42,,0.083,,0.607,,43.0,,,,2.13,,11.63,,7.5,,26.38,,18.5,,7.5,,0.214,,0.715,8.0,
2016,1,Vermont,23986,3-4,America East,,12.14,,10.71,,0.517,,0.351,,0.707,,85.0,,,,7.0,,11.0,,19.14,,29.86,,15.14,,6.71,,0.305,,0.878,7.0,
2016,1,Villanova,23987,5-1,Big East,,16.0,,10.0,,0.636,,0.324,,0.625,,96.0,,,,9.0,,8.33,,25.0,,33.17,,11.5,,6.0,,0.299,,0.866,6.0,
2016,1,Virginia,23989,3-4,ACC,,10.86,,10.71,,0.56,,0.542,,0.524,,76.0,,,,5.14,,8.43,,16.0,,38.57,,12.0,,8.71,,0.252,,0.867,7.0,
2016,1,Wagner,23990,4-4,NEC,,9.5,,8.88,,0.468,,0.5,,0.769,,76.0,,,,5.13,,8.75,,14.63,,30.5,,16.38,,8.25,,0.26,,0.791,8.0,
2016,1,Yale,23991,5-0,Ivy League,,12.4,,5.8,,0.491,,0.211,,0.692,,62.0,,,,7.2,,8.6,,19.6,,29.6,,10.2,,7.8,,0.284,,0.902,5.0,
2016,2,Adams St.,24019,1-3,RMAC,,7.25,,11.25,,,,0.2,,0.692,,,,,,4.5,,13.75,,11.75,,,,20.5,,6.75,,0.236,,0.832,4.0,
2016,2,Adelphi,23993,6-1,NE10,,16.71,,9.43,,0.7,,0.368,,0.595,,,,,,8.86,,9.71,,25.57,,38.57,,16.29,,7.86,,0.349,,0.89,7.0,
2016,2,Alderson Broaddus,24020,2-5,ECAC-II,,11.57,,11.14,,0.401,,0.439,,0.689,,,,,,8.0,,13.0,,19.57,,30.29,,20.29,,11.43,,0.283,,0.794,7.0,
2016,2,American Int'l,23995,0-7,NE10,,,,,,0.443,,,,,,,,,,3.14,,14.14,,9.57,,23.86,,21.0,,,,0.247,,,7.0,
2016,2,Assumption,23996,2-4,NE10,,10.33,,11.5,,0.6,,0.444,,0.864,,,,,,6.83,,12.67,,17.17,,31.17,,17.83,,7.33,,0.337,,0.764,6.0,
2016,2,Belmont Abbey,24033,7-1,Conference Carolinas,,14.13,,8.25,,0.447,,0.45,,0.731,,,,,,7.25,,10.63,,21.38,,25.75,,15.25,,10.63,,0.317,,0.879,8.0,
2016,2,Bentley,23997,2-1,NE10,,8.67,,8.67,,0.639,,0.294,,,,,,,,5.33,,10.0,,14.0,,30.0,,14.33,,7.33,,0.243,,0.811,3.0,
2016,2,Brevard,24050,1-8,SAC,,8.67,,13.67,,0.41,,0.194,,0.6,,,,,,4.0,,13.78,,12.67,,28.78,,18.11,,8.44,,0.312,,0.787,9.0,
2016,2,CSU Pueblo,24035,0-4,RMAC,,9.75,,,,0.477,,,,,,,,,,3.5,,14.5,,13.25,,32.5,,,,6.75,,0.315,,0.757,4.0,
2016,2,Catawba,24021,2-4,SAC,,9.67,,10.67,,0.681,,,,0.615,,,,,,5.33,,11.83,,15.0,,28.67,,19.5,,5.33,,0.27,,0.851,6.0,
2016,2,Chestnut Hill,24047,1-5,ECC,,8.83,,12.5,,,,0.194,,0.625,,,,,,4.67,,12.0,,13.5,,,,13.33,,5.67,,0.29,,0.845,6.0,
2016,2,Coker,24022,2-6,SAC,,9.75,,14.13,,0.391,,0.267,,,,,,,,5.38,,,,15.13,,25.5,,12.0,,9.63,,0.294,,0.937,8.0,
2016,2,Colorado Mesa,24040,2-4,RMAC,,9.5,,9.33,,0.44,,0.45,,0.605,,,,,,4.5,,14.33,,14.0,,25.33,,13.67,,7.83,,,,0.873,6.0,
2016,2,Davis & Elkins,23998,0-4,Independent,,,,,,,,0.25,,,,,,,,,,16.75,,,,24.25,,,,5.75,,,,,4.0,
2016,2,Dist. Columbia,23999,2-3,ECC,,11.4,,13.4,,0.588,,0.394,,0.649,,,,,,4.2,,10.2,,15.6,,37.4,,19.8,,8.8,,0.236,,0.851,5.0,
2016,2,Dominican (NY),24037,3-5,ECC,,8.63,,13.63,,0.475,,0.308,,0.808,,,,,,5.13,,15.0,,13.75,,34.5,,20.63,,7.63,,,,,8.0,
2016,2,Dowling,24034,5-1,ECC,,12.83,,8.0,,0.417,,0.333,,0.774,,,,,,8.17,,10.5,,21.0,,29.33,,11.17,,9.33,,0.341,,0.845,6.0,
2016,2,Fla. Southern,24001,6-5,Sunshine State,,11.0,,11.0,,0.486,,0.316,,0.614,,,,,,6.82,,13.18,,17.82,,33.0,,16.82,,9.27,,0.249,,0.85,11.0,
2016,2,Florida Tech,24000,5-3,Sunshine State,,10.38,,11.38,,0.594,,0.325,,0.686,,,,,,5.13,,,,15.5,,28.5,,14.5,,10.38,,0.278,,0.829,8.0,
2016,2,Franklin Pierce,24002,2-2,NE10,,11.25,,10.0,,0.468,,0.417,,0.765,,,,,,5.25,,11.0,,16.5,,29.25,,13.5,,6.75,,0.288,,0.899,4.0,
2016,2,Georgian Court,24038,0-7,Independent,,,,,,0.364,,0.2,,0.68,,,,,,,,12.71,,,,23.86,,19.57,,8.86,,0.224,,0.789,7.0,
2016,2,LIU Post,24005,4-3,ECC,,12.14,,8.57,,0.575,,0.444,,0.72,,,,,,6.29,,8.29,,18.43,,28.0,,13.86,,7.0,,0.332,,0.852,7.0,
2016,2,Lake Erie,24036,4-2,ECAC-II,,11.33,,9.5,,0.558,,0.333,,0.733,,,,,,6.0,,9.0,,17.33,,31.67,,14.33,,8.67,,0.321,,0.853,6.0,
2016,2,Le Moyne,24004,5-0,NE10,,18.2,,6.6,,0.5,,0.467,,0.938,,,,,,11.4,,10.4,,29.6,,30.2,,14.2,,7.2,,0.435,,0.826,5.0,
2016,2,Lees-McRae,24044,1-5,Conference Carolinas,,,,16.0,,0.357,,,,0.55,,,,,,3.67,,18.5,,9.83,,24.67,,21.0,,5.33,,,,,6.0,
2016,2,Lenoir-Rhyne,24023,5-4,SAC,,11.56,,11.11,,0.511,,0.27,,0.879,,,,,,5.33,,14.89,,16.89,,36.0,,15.67,,7.0,,0.276,,0.83,9.0,
2016,2,Limestone,24024,9-0,Conference Carolinas,,20.44,,7.78,,0.634,,0.273,,0.756,,,,,,11.22,,10.0,,31.67,,37.67,,14.67,,7.78,,0.436,,0.934,9.0,
2016,2,Lincoln Memorial,24025,3-3,SAC,,11.17,,11.33,,0.467,,0.25,,0.793,,,,,,5.5,,12.5,,16.67,,28.5,,15.17,,9.0,,0.294,,0.879,6.0,
2016,2,Lindenwood,24051,5-2,ECAC-II,,14.43,,8.0,,0.554,,0.465,,0.871,,,,,,6.71,,9.0,,21.14,,41.14,,18.57,,10.71,,0.33,,0.861,7.0,
2016,2,Lynn,24046,5-3,Sunshine State,,12.38,,9.38,,0.608,,0.364,,0.704,,,,,,7.63,,10.63,,20.0,,34.38,,15.25,,10.88,,0.288,,0.868,8.0,
2016,2,Mars Hill,24026,0-7,SAC,,6.86,,11.71,,0.435,,0.37,,0.667,,,,,,3.71,,11.71,,10.57,,27.43,,18.71,,7.14,,0.273,,0.807,7.0,
2016,2,Mercy,24006,4-2,ECC,,11.83,,7.0,,0.538,,0.423,,0.769,,,,,,7.33,,10.83,,19.17,,33.0,,16.83,,9.33,,0.359,,0.8,6.0,
2016,2,Mercyhurst,24007,5-1,ECAC-II,,10.33,,7.67,,0.434,,0.345,,0.778,,,,,,4.67,,,,15.0,,26.83,,15.67,,7.5,,0.315,,0.867,6.0,
2016,2,Merrimack,24008,5-1,NE10,,16.83,,8.17,,0.639,,0.467,,0.64,,,,,,7.67,,,,24.5,,33.67,,14.67,,8.17,,0.308,,0.884,6.0,
2016,2,Molloy,24009,6-1,ECC,,12.86,,8.86,,0.509,,0.273,,0.633,,,,,,7.29,,9.57,,20.14,,25.29,,16.57,,9.14,,0.33,,0.833,7.0,
2016,2,Mount Olive,24027,7-2,Conference Carolinas,,10.44,,7.22,,0.598,,0.333,,0.829,,,,,,5.0,,8.78,,15.44,,29.44,,14.0,,7.44,,0.255,,0.91,9.0,
2016,2,New York Tech,24011,6-1,ECC,,14.0,,6.43,,0.467,,0.379,,0.8,,,,,,9.0,,11.14,,23.0,,30.29,,12.71,,8.43,,0.309,,0.865,7.0,
2016,2,North Greenville,24039,3-6,Conference Carolinas,,8.56,,9.56,,0.44,,0.306,,0.593,,,,,,5.67,,10.89,,14.22,,23.44,,17.56,,6.56,,0.294,,0.864,9.0,
2016,2,Notre Dame de Namur,24048,0-5,Independent,,9.2,,,,0.481,,0.381,,0.563,,,,,,4.0,,11.2,,13.2,,27.0,,16.6,,11.0,,0.256,,0.75,5.0,
2016,2,Ohio Valley,24045,2-3,ECAC-II,,10.2,,15.4,,0.472,,0.2,,0.7,,,,,,6.4,,11.8,,16.6,,27.0,,,,,,0.331,,0.829,5.0,
2016,2,Pace,24012,4-2,NE10,,13.83,,9.83,,0.618,,0.25,,0.593,,,,,,8.17,,10.5,,22.0,,37.83,,15.33,,12.5,,0.294,,0.848,6.0,
2016,2,Pfeiffer,24013,5-3,Conference Carolinas,,11.25,,10.75,,0.492,,0.353,,0.596,,,,,,6.0,,11.5,,17.25,,30.88,,18.25,,9.63,,0.323,,0.859,8.0,
2016,2,Post,24028,4-3,Independent,,13.0,,11.86,,0.368,,0.273,,0.694,,,,,,5.71,,16.86,,18.71,,32.29,,19.0,,6.43,,0.345,,0.816,7.0,
2016,2,Queens (NC),24041,7-2,SAC,,14.56,,9.89,,0.638,,0.355,,0.7,,,,,,8.44,,12.44,,23.0,,32.22,,17.22,,5.78,,0.346,,0.888,9.0,
2016,2,Roberts Wesleyan,24053,3-5,ECC,,10.25,,10.75,,0.547,,0.2,,0.609,,,,,,5.5,,10.5,,15.75,,26.38,,20.5,,8.63,,0.309,,0.773,8.0,
2016,2,Rockhurst,24029,5-3,RMAC,,11.25,,10.38,,0.589,,0.37,,0.897,,,,,,6.5,,11.0,,17.75,,30.88,,19.13,,6.25,,0.274,,0.797,8.0,
2016,2,Rollins,24014,6-3,Sunshine State,,10.56,,8.0,,0.58,,0.348,,0.706,,,,,,4.67,,,,15.22,,26.44,,13.33,,6.44,,0.287,,0.836,9.0,
2016,2,Saint Anselm,24015,3-0,NE10,,21.67,,8.0,,0.556,,0.25,,0.714,,,,,,11.67,,12.33,,33.33,,36.33,,21.0,,11.33,,0.422,,0.862,3.0,
2016,2,Saint Leo,24016,7-1,Sunshine State,,14.5,,7.25,,0.704,,0.548,,0.75,,,,,,10.25,,10.13,,24.75,,35.63,,16.38,,9.0,,0.332,,0.892,8.0,
2016,2,Saint Michael's,24017,0-4,NE10,,6.75,,13.5,,0.389,,0.3,,0.783,,,,,,,,15.0,,,,30.75,,19.0,,6.75,,,,0.826,4.0,
2016,2,Saint Rose,24030,2-5,NE10,,7.71,,8.43,,0.555,,0.24,,0.615,,,,,,4.57,,10.14,,12.29,,26.71,,20.57,,7.71,,0.256,,0.847,7.0,
2016,2,Seton Hill,24049,6-1,ECAC-II,,13.0,,9.0,,0.611,,0.372,,0.643,,,,,,7.71,,12.57,,20.71,,31.14,,17.29,,8.0,,0.324,,0.851,7.0,
2016,2,Shorter,24054,2-6,Independent,,10.13,,13.13,,0.476,,0.3,,0.667,,,,,,4.38,,13.0,,14.5,,30.13,,18.5,,11.0,,0.293,,0.849,8.0,
2016,2,Southern N.H.,24010,1-3,NE10,,12.75,,16.0,,,,0.389,,0.679,,,,,,8.0,,12.0,,20.75,,23.0,,15.25,,5.75,,0.364,,0.859,4.0,
2016,2,St. Thomas Aquinas,24031,0-5,Independent,,,,15.8,,0.348,,0.143,,0.667,,,,,,,,15.6,,,,,,,,7.6,,0.262,,,5.0,
2016,2,Tampa,24018,7-1,Sunshine State,,13.25,,10.38,,0.572,,0.308,,0.632,,,,,,5.13,,11.0,,18.38,,30.13,,12.75,,7.0,,0.341,,0.937,8.0,
2016,2,Tusculum,24043,2-5,SAC,,9.0,,11.0,,0.377,,0.333,,0.684,,,,,,4.43,,11.29,,13.43,,,,14.0,,8.71,,0.293,,0.782,7.0,
2016,2,UAH,23994,1-3,,,7.0,,15.0,,,,,,0.857,,,,,,,,14.25,,,,23.25,,,,,,0.239,,0.765,4.0,
2016,2,UIndy,24003,3-3,ECAC-II,,11.83,,9.67,,0.523,,0.765,,0.714,,,,,,5.67,,10.33,,17.5,,,,16.0,,5.5,,0.296,,0.882,6.0,
2016,2,Walsh,24052,4-4,ECAC-II,,9.38,,12.5,,0.438,,0.37,,0.682,,,,,,4.88,,9.25,,14.25,,26.5,,17.38,,8.75,,0.31,,0.793,8.0,
2016,2,Wheeling,24042,2-4,ECAC-II,,10.17,,10.67,,0.514,,0.294,,0.571,,,,,,5.67,,10.67,,15.83,,24.5,,13.83,,6.17,,0.321,,0.908,6.0,
2016,2,Wingate,24032,4-5,SAC,,10.11,,10.22,,0.44,,0.242,,0.846,,,,,,6.0,,12.89,,16.11,,27.67,,16.11,,,,0.307,,0.816,9.0,
2016,2,Young Harris,24055,6-3,Independent,,14.89,,8.33,,0.611,,0.317,,0.595,,,,,,6.67,,10.22,,21.56,,32.44,,17.56,,,,0.342,,0.854,9.0,
2017,1,Air Force,110563,4-3,SoCon,,10.14,,8.86,,0.519,,0.421,,0.563,,71.0,,,,5.71,,,,15.86,,28.71,,12.0,,6.57,,0.266,,0.894,7.0,
2017,1,Army West Point,110564,6-1,Patriot,,13.14,,6.57,,0.665,,0.478,,0.563,,92.0,,,,6.43,,8.14,,19.57,,37.0,,12.29,,8.14,,0.303,,0.896,7.0,
2017,1,Bellarmine,110503,1-5,SoCon,,9.17,,13.5,,0.353,,0.29,,0.559,,55.0,,,,5.17,,11.67,,14.33,,20.67,,12.33,,5.67,,0.261,,0.849,6.0,
2017,1,Binghamton,110504,4-1,America East,,10.8,,7.8,,0.459,,0.4,,0.667,,54.0,,,,5.8,,10.4,,16.6,,22.6,,10.2,,5.2,,0.329,,0.906,5.0,
2017,1,Boston U.,110505,7-0,Patriot,,12.0,,7.0,,0.465,,0.333,,0.455,,84.0,,,,7.57,,14.57,,19.57,,31.0,,14.0,,6.43,,0.349,,0.857,7.0,
2017,1,Brown,110506,1-3,Ivy League,,17.0,,16.0,,0.565,,0.5,,0.696,,68.0,,,,9.5,,13.5,,26.5,,40.25,,,,8.75,,0.374,,0.822,4.0,
2017,1,Bryant,110507,4-4,NEC,,11.13,,9.38,,0.526,,0.593,,0.7,,89.0,,,,7.38,,10.25,,18.5,,27.63,,15.63,,7.25,,0.316,,0.847,8.0,
2017,1,Bucknell,110508,2-4,Patriot,,10.0,,12.0,,0.52,,0.35,,0.65,,60.0,,,,6.67,,10.5,,16.67,,30.0,,11.5,,7.33,,0.244,,0.83,6.0,
2017,1,Canisius,110509,2-3,MAAC,,10.2,,12.0,,0.481,,0.556,,0.615,,51.0,,,,7.2,,10.0,,17.4,,27.2,,13.8,,5.2,,0.329,,0.86,5.0,
2017,1,Cleveland St.,110510,2-6,Independent,,7.25,,13.63,,0.411,,0.258,,0.542,,58.0,,,,4.0,,11.75,,11.25,,25.25,,16.38,,5.75,,0.276,,0.757,8.0,
2017,1,Colgate,110511,2-4,Patriot,,9.33,,11.33,,0.544,,0.4,,0.667,,56.0,,,,5.83,,11.17,,15.17,,26.17,,15.67,,4.17,,0.252,,0.884,6.0,
2017,1,Cornell,110512,0-4,Ivy League,,10.5,,,,0.384,,0.3,,0.579,,42.0,,,,4.75,,12.5,,15.25,,29.5,,15.0,,5.25,,0.294,,0.9,4.0,
2017,1,Dartmouth,110513,1-3,Ivy League,,8.25,,11.0,,0.422,,0.19,,0.667,,33.0,,,,4.0,,13.0,,12.25,,33.75,,18.0,,12.75,,,,0.852,4.0,
2017,1,Delaware,110514,5-3,CAA,,12.0,,10.13,,0.507,,0.375,,0.613,,96.0,,,,5.63,,10.63,,17.63,,29.38,,11.5,,5.75,,0.303,,0.872,8.0,
2017,1,Denver,110515,5-1,Big East,,13.17,,7.33,,0.736,,0.462,,0.412,,79.0,,,,7.67,,7.17,,20.83,,32.83,,10.67,,4.5,,0.303,,0.933,6.0,
2017,1,Detroit Mercy,110516,2-6,MAAC,,8.88,,12.0,,0.48,,0.361,,0.593,,71.0,,,,5.38,,10.88,,14.25,,24.38,,15.5,,5.88,,0.273,,0.875,8.0,
2017,1,Drexel,110517,2-4,CAA,,10.17,,12.67,,0.372,,0.438,,0.583,,61.0,,,,5.17,,11.0,,15.33,,27.0,,13.83,,7.17,,0.316,,0.828,6.0,
2017,1,Duke,110518,6-2,ACC,,13.0,,7.63,,0.513,,0.545,,0.708,,104.0,,,,8.25,,9.63,,21.25,,28.38,,11.13,,6.13,,0.36,,0.878,8.0,
2017,1,Fairfield,110519,2-4,CAA,,7.17,,10.33,,0.46,,0.211,,0.636,,43.0,,,,3.67,,12.17,,10.83,,26.5,,12.33,,5.67,,0.216,,0.888,6.0,
2017,1,Furman,110520,1-6,SoCon,,8.29,,9.57,,0.503,,0.273,,0.417,,58.0,,,,4.57,,9.14,,12.86,,24.71,,12.71,,6.14,,0.253,,0.868,7.0,
2017,1,Georgetown,110521,2-4,Big East,,10.0,,10.0,,0.5,,0.286,,0.667,,60.0,,,,5.33,,11.17,,15.33,,26.33,,14.0,,6.5,,0.27,,0.833,6.0,
2017,1,Hampton,110522,1-3,DI Independent,,8.25,,13.5,,0.357,,0.412,,0.444,,33.0,,,,4.0,,10.75,,12.25,,,,18.0,,10.0,,0.273,,0.89,4.0,
2017,1,Hartford,110523,2-3,America East,,11.0,,11.0,,0.633,,0.3,,0.533,,55.0,,,,6.8,,8.2,,17.8,,30.6,,12.2,,5.8,,0.291,,0.896,5.0,
2017,1,Harvard,110524,4-1,Ivy League,,12.4,,10.0,,0.408,,0.375,,0.7,,62.0,,,,6.8,,13.0,,19.2,,30.2,,14.6,,8.6,,0.335,,0.915,5.0,
2017,1,High Point,110572,2-5,SoCon,,8.71,,11.71,,0.313,,0.31,,0.483,,61.0,,,,5.29,,13.71,,14.0,,25.29,,16.29,,7.0,,0.264,,0.844,7.0,
2017,1,Hobart,110525,3-4,NEC,,11.86,,13.71,,0.465,,0.211,,0.529,,83.0,,,,5.29,,11.0,,17.14,,24.14,,12.14,,4.71,,0.314,,0.838,7.0,
2017,1,Hofstra,110526,5-0,CAA,,12.6,,7.8,,0.491,,0.571,,0.75,,63.0,,,,7.2,,11.6,,19.8,,29.0,,9.6,,,,0.35,,0.931,5.0,
2017,1,Holy Cross,110527,2-4,Patriot,,9.0,,11.33,,0.357,,0.238,,0.684,,54.0,,,,4.5,,9.0,,13.5,,26.67,,15.17,,9.17,,0.276,,0.86,6.0,
2017,1,Jacksonville,110528,0-6,SoCon,,6.83,,14.33,,0.497,,0.333,,0.444,,41.0,,,,4.83,,14.0,,11.67,,24.17,,16.5,,4.33,,0.285,,0.824,6.0,
2017,1,Johns Hopkins,110529,4-2,Big Ten,,12.0,,10.33,,0.4,,0.5,,0.615,,72.0,,,,6.17,,9.5,,18.17,,25.33,,9.5,,6.83,,0.324,,0.912,6.0,
2017,1,Lafayette,110530,1-5,Patriot,,7.0,,13.33,,0.475,,0.345,,0.632,,42.0,,,,3.83,,13.17,,10.83,,29.0,,14.5,,6.83,,0.209,,0.818,6.0,
2017,1,Lehigh,110531,3-3,Patriot,,9.83,,9.5,,0.624,,0.25,,0.792,,59.0,,,,6.17,,9.67,,16.0,,33.67,,15.33,,7.83,,0.263,,0.848,6.0,
2017,1,Loyola Maryland,110533,3-3,Patriot,,13.33,,11.0,,0.577,,0.455,,0.714,,80.0,,,,9.33,,11.17,,22.67,,35.83,,13.5,,7.67,,0.327,,0.924,6.0,
2017,1,Manhattan,110534,2-5,MAAC,,9.57,,14.86,,0.53,,0.242,,0.789,,67.0,,,,5.57,,14.43,,15.14,,30.71,,18.86,,4.14,,0.277,,0.831,7.0,
2017,1,Marist,110535,4-2,MAAC,,9.0,,7.17,,0.561,,0.583,,0.87,,54.0,,,,6.83,,12.17,,15.83,,22.0,,14.33,,5.17,,0.34,,0.848,6.0,
2017,1,Marquette,110536,3-2,Big East,,9.4,,7.0,,0.49,,0.333,,0.813,,47.0,,,,4.4,,13.8,,13.8,,25.8,,12.4,,7.0,,0.276,,0.87,5.0,
2017,1,Maryland,110538,4-1,Big Ten,,13.2,,8.2,,0.52,,0.643,,0.727,,66.0,,,,8.0,,11.6,,21.2,,31.0,,14.0,,7.6,,0.373,,0.918,5.0,
2017,1,Massachusetts,110539,2-4,CAA,,7.5,,10.33,,0.473,,0.533,,0.769,,45.0,,,,4.33,,11.83,,11.83,,20.83,,11.5,,7.0,,0.231,,0.876,6.0,
2017,1,Mercer,110540,3-3,SoCon,,8.0,,9.83,,0.579,,0.409,,0.577,,48.0,,,,4.67,,10.17,,12.67,,25.0,,15.83,,8.83,,0.232,,0.867,6.0,
2017,1,Michigan,110541,7-1,Big Ten,,11.75,,8.5,,0.558,,0.5,,0.674,,94.0,,,,7.13,,12.13,,18.88,,27.38,,15.13,,6.25,,0.328,,0.853,8.0,
2017,1,Monmouth,110542,3-3,MAAC,,8.83,,8.67,,0.456,,0.294,,0.462,,53.0,,,,4.0,,9.67,,12.83,,24.0,,12.17,,9.17,,0.249,,0.866,6.0,
2017,1,Mount St. Mary's,110543,1-4,NEC,,8.4,,12.4,,0.368,,0.385,,0.75,,42.0,,,,4.2,,9.0,,12.6,,22.6,,14.4,,4.8,,0.278,,0.782,5.0,
2017,1,NJIT,110545,0-7,Independent,,,,15.14,,,,0.455,,,,,,,,,,12.29,,,,21.0,,15.43,,5.14,,0.282,,,7.0,
2017,1,Navy,110565,2-5,Patriot,,9.71,,10.0,,0.644,,0.4,,0.7,,68.0,,,,5.29,,9.71,,15.0,,30.71,,15.57,,6.57,,0.311,,0.845,7.0,
2017,1,North Carolina,110544,4-3,ACC,,10.14,,8.0,,0.597,,,,0.609,,71.0,,,,4.57,,10.14,,14.71,,27.57,,14.14,,6.29,,0.266,,0.916,7.0,
2017,1,Notre Dame,110546,3-1,ACC,,11.75,,7.5,,0.495,,0.333,,0.364,,47.0,,,,6.25,,8.5,,18.0,,25.25,,11.25,,8.25,,0.285,,0.905,4.0,
2017,1,Ohio St.,110547,8-0,Big Ten,,11.75,,6.63,,0.63,,0.452,,0.75,,94.0,,,,5.38,,8.63,,17.13,,28.63,,11.13,,4.5,,0.313,,0.899,8.0,
2017,1,Penn,110549,3-2,Ivy League,,11.4,,10.2,,0.379,,0.333,,0.7,,57.0,,,,5.2,,10.4,,16.6,,24.8,,10.6,,6.0,,0.308,,0.863,5.0,
2017,1,Penn St.,110548,7-0,Big Ten,,16.29,,11.86,,0.697,,0.444,,0.462,,114.0,,,,10.14,,10.57,,26.43,,35.14,,13.43,,4.57,,0.407,,0.918,7.0,
2017,1,Princeton,110550,4-2,Ivy League,,14.33,,10.0,,0.503,,0.522,,0.706,,86.0,,,,8.83,,13.0,,23.17,,32.17,,12.83,,6.33,,0.371,,0.782,6.0,
2017,1,Providence,110551,4-2,Big East,,9.5,,7.0,,0.566,,0.35,,0.742,,57.0,,,,5.67,,9.83,,15.17,,30.0,,16.33,,8.33,,0.245,,0.87,6.0,
2017,1,Quinnipiac,110552,1-4,MAAC,,11.0,,15.0,,0.52,,0.474,,0.313,,55.0,,,,6.6,,10.8,,17.6,,29.6,,19.2,,7.2,,0.291,,0.791,5.0,
2017,1,Richmond,110553,6-1,SoCon,,10.14,,5.57,,0.598,,0.269,,0.882,,71.0,,,,7.71,,11.71,,17.86,,30.14,,13.43,,9.43,,0.305,,0.881,7.0,
2017,1,Robert Morris,110554,4-3,NEC,,11.0,,10.0,,0.414,,0.538,,0.682,,77.0,,,,6.71,,12.57,,17.71,,28.29,,14.0,,7.86,,0.289,,0.895,7.0,
2017,1,Rutgers,110555,7-0,Big Ten,,13.43,,7.43,,0.547,,0.231,,0.783,,94.0,,,,7.86,,10.14,,21.29,,35.57,,14.71,,11.57,,0.309,,0.879,7.0,
2017,1,Sacred Heart,110556,4-2,NEC,,11.5,,9.5,,0.427,,0.32,,0.719,,69.0,,,,5.83,,11.33,,17.33,,28.67,,15.67,,10.5,,0.317,,0.884,6.0,
2017,1,Saint Joseph's,110558,3-4,NEC,,8.0,,10.0,,0.537,,0.2,,0.565,,56.0,,,,4.0,,11.86,,12.0,,27.29,,13.86,,5.43,,0.249,,0.824,7.0,
2017,1,Siena,110559,0-7,MAAC,,11.0,,16.29,,0.4,,0.5,,0.462,,77.0,,,,6.14,,9.29,,17.14,,28.43,,12.71,,7.43,,0.271,,0.776,7.0,
2017,1,St. John's (NY),110557,1-5,Big East,,7.5,,12.33,,0.511,,0.412,,0.526,,45.0,,,,4.33,,12.67,,11.83,,26.67,,15.33,,4.83,,0.228,,0.804,6.0,
2017,1,Stony Brook,110560,4-1,America East,,12.8,,11.2,,0.438,,0.379,,0.7,,64.0,,,,7.4,,8.8,,20.2,,30.2,,15.4,,6.4,,0.346,,0.849,5.0,
2017,1,Syracuse,110561,4-1,ACC,,13.0,,10.0,,0.573,,0.467,,0.706,,65.0,,,,9.6,,10.4,,22.6,,32.0,,10.6,,7.0,,0.311,,0.92,5.0,
2017,1,Towson,110562,4-2,CAA,,9.17,,7.67,,0.622,,0.2,,0.667,,55.0,,,,4.0,,8.17,,13.17,,30.5,,14.83,,6.83,,0.263,,0.802,6.0,
2017,1,UAlbany,110502,3-1,America East,,15.5,,8.0,,0.598,,0.222,,0.857,,62.0,,,,10.25,,14.25,,25.75,,33.75,,11.75,,4.5,,0.35,,0.925,4.0,
2017,1,UMBC,110537,2-4,America East,,7.17,,9.67,,0.438,,0.313,,0.625,,43.0,,,,4.17,,9.0,,11.33,,21.83,,13.0,,6.83,,0.261,,0.854,6.0,
2017,1,VMI,110568,1-4,SoCon,,7.8,,13.4,,0.398,,0.222,,0.813,,39.0,,,,4.4,,15.6,,12.2,,30.4,,13.2,,6.6,,0.255,,0.88,5.0,
2017,1,Vermont,110566,4-3,America East,,10.86,,10.57,,0.538,,0.278,,0.7,,76.0,,,,8.0,,10.86,,18.86,,27.14,,20.71,,8.14,,0.358,,0.822,7.0,
2017,1,Villanova,110567,2-4,Big East,,12.5,,14.33,,0.544,,0.441,,0.5,,75.0,,,,8.17,,8.5,,20.67,,30.17,,13.17,,7.0,,0.255,,0.908,6.0,
2017,1,Virginia,110569,5-2,ACC,,16.29,,13.86,,0.564,,0.571,,0.625,,114.0,,,,11.0,,9.86,,27.29,,48.29,,16.29,,9.86,,0.329,,0.891,7.0,
2017,1,Wagner,110570,4-4,NEC,,8.5,,8.38,,0.415,,0.226,,0.708,,68.0,,,,4.63,,13.38,,13.13,,27.0,,16.75,,6.88,,0.242,,0.867,8.0,
2017,1,Yale,110571,2-3,Ivy League,,10.6,,10.6,,0.508,,0.25,,0.421,,53.0,,,,6.8,,9.0,,17.4,,24.8,,12.0,,4.6,,0.301,,0.903,5.0,
2017,2,Adams St.,110600,1-1,RMAC,,8.5,,11.5,,0.354,,,,0.667,,,,,,6.5,,20.5,,15.0,,27.0,,,,7.5,,0.227,,0.857,2.0,
2017,2,Adelphi,110573,4-1,NE10,,12.2,,5.8,,0.654,,0.333,,0.769,,,,,,8.0,,10.0,,20.2,,32.2,,15.6,,7.4,,0.328,,0.889,5.0,
2017,2,Alderson Broaddus,110601,0-4,Independent,,7.75,,17.75,,0.381,,0.211,,0.688,,,,,,5.0,,12.25,,12.75,,25.75,,21.5,,6.0,,0.256,,,4.0,
2017,2,American Int'l,110575,0-9,NE10,,,,,,0.367,,0.148,,,,,,,,,,14.11,,,,,,,,5.89,,,,,9.0,
2017,2,Assumption,110576,0-2,NE10,,,,11.0,,0.425,,0.5,,0.571,,,,,,,,10.5,,,,24.0,,14.5,,,,,,0.917,2.0,
2017,2,Belmont Abbey,110614,5-1,Conference Carolinas,,13.5,,7.33,,0.611,,0.357,,0.765,,,,,,6.33,,12.0,,19.83,,33.83,,15.17,,5.83,,0.36,,0.935,6.0,
2017,2,Bentley,110577,1-1,NE10,,10.0,,9.0,,0.756,,0.167,,0.75,,,,,,3.5,,,,13.5,,36.5,,20.5,,10.5,,0.256,,0.796,2.0,
2017,2,Brevard,110631,2-6,SAC,,11.13,,11.88,,0.386,,0.438,,0.634,,,,,,5.63,,10.63,,16.75,,30.13,,19.5,,10.13,,0.374,,0.765,8.0,
2017,2,CSU Pueblo,110615,1-2,RMAC,,13.67,,10.0,,0.506,,0.353,,0.706,,,,,,10.0,,12.33,,23.67,,32.0,,21.0,,14.33,,0.347,,0.821,3.0,
2017,2,Catawba,110602,4-4,SAC,,10.13,,12.0,,0.368,,0.3,,0.757,,,,,,5.25,,13.88,,15.38,,26.38,,18.88,,7.75,,0.302,,0.886,8.0,
2017,2,Chestnut Hill,110628,2-2,ECC,,9.75,,9.25,,0.462,,0.348,,0.667,,,,,,6.5,,15.25,,16.25,,25.5,,19.0,,,,0.283,,0.75,4.0,
2017,2,Chowan,110617,0-6,Conference Carolinas,,8.83,,,,,,,,0.714,,,,,,3.67,,17.5,,12.5,,24.17,,17.17,,7.17,,0.333,,,6.0,
2017,2,Coker,110603,2-3,SAC,,7.6,,12.8,,0.41,,0.192,,0.742,,,,,,3.2,,11.2,,10.8,,30.8,,17.0,,7.8,,0.215,,0.858,5.0,
2017,2,Colorado Mesa,110621,6-1,RMAC,,18.14,,5.71,,0.665,,0.474,,0.808,,,,,,8.14,,,,26.29,,35.14,,17.29,,11.43,,0.352,,0.885,7.0,
2017,2,Davis & Elkins,110578,1-3,G-MAC,,9.5,,,,0.527,,,,0.789,,,,,,6.75,,13.75,,16.25,,26.0,,21.5,,6.75,,0.325,,0.774,4.0,
2017,2,Dist. Columbia,110579,3-2,ECC,,15.0,,15.6,,0.564,,0.233,,0.657,,,,,,6.8,,9.8,,21.8,,27.0,,21.0,,8.6,,0.35,,0.763,5.0,
2017,2,Dominican (NY),110618,1-2,ECC,,8.67,,7.33,,0.5,,0.188,,0.84,,,,,,5.0,,10.33,,13.67,,,,16.33,,6.33,,0.241,,0.857,3.0,
2017,2,Emmanuel (GA),110637,0-6,Conference Carolinas,,,,,,,,0.211,,,,,,,,,,11.5,,,,,,,,14.67,,0.261,,,6.0,
2017,2,Fla. Southern,110581,4-3,Sunshine State,,9.14,,9.71,,0.519,,0.194,,0.697,,,,,,4.29,,15.57,,13.43,,25.86,,19.14,,7.86,,0.252,,0.796,7.0,
2017,2,Florida Tech,110580,3-4,Sunshine State,,13.14,,9.86,,0.654,,0.296,,0.697,,,,,,6.57,,8.57,,19.71,,41.14,,16.0,,9.29,,0.279,,0.899,7.0,
2017,2,Franklin Pierce,110582,2-0,NE10,,13.0,,6.5,,0.395,,0.333,,0.923,,,,,,5.5,,11.0,,18.5,,34.5,,20.0,,10.5,,0.299,,0.759,2.0,
2017,2,Georgian Court,110619,1-6,Independent,,6.71,,14.57,,0.386,,0.175,,0.576,,,,,,3.43,,14.71,,10.14,,27.29,,,,5.57,,0.236,,0.759,7.0,
2017,2,LIU Post,110585,3-4,ECC,,10.14,,8.57,,0.568,,0.406,,0.794,,,,,,5.14,,,,15.29,,29.57,,15.86,,7.57,,0.257,,0.888,7.0,
2017,2,Lake Erie,110616,1-2,G-MAC,,7.67,,11.0,,0.455,,0.364,,0.571,,,,,,4.67,,10.0,,12.33,,27.0,,15.33,,9.0,,,,0.908,3.0,
2017,2,Le Moyne,110584,5-0,NE10,,13.0,,4.4,,0.64,,0.333,,0.75,,,,,,8.4,,,,21.4,,27.0,,11.6,,6.8,,0.33,,0.859,5.0,
2017,2,Lees-McRae,110625,2-4,Conference Carolinas,,11.0,,16.33,,,,0.25,,0.714,,,,,,7.33,,11.17,,18.33,,32.5,,14.33,,7.33,,0.324,,0.881,6.0,
2017,2,Lenoir-Rhyne,110604,5-1,SAC,,15.67,,11.67,,0.606,,0.571,,0.679,,,,,,9.5,,12.33,,25.17,,44.5,,15.33,,8.5,,0.324,,0.853,6.0,
2017,2,Limestone,110605,6-0,Conference Carolinas,,16.0,,8.33,,0.689,,0.24,,0.905,,,,,,7.0,,10.17,,23.0,,44.83,,17.83,,9.0,,0.36,,0.933,6.0,
2017,2,Lincoln Memorial,110606,4-3,SAC,,12.57,,10.57,,0.459,,0.282,,0.742,,,,,,6.29,,10.0,,18.86,,32.57,,17.86,,12.43,,0.345,,0.835,7.0,
2017,2,Lindenwood,110632,4-1,Independent,,17.0,,5.0,,0.576,,0.333,,0.783,,,,,,9.8,,,,26.8,,33.6,,12.2,,8.8,,0.32,,0.892,5.0,
2017,2,Lynn,110627,3-2,Sunshine State,,10.6,,8.2,,0.67,,0.241,,0.85,,,,,,6.6,,9.8,,17.2,,32.0,,16.0,,7.4,,0.259,,0.867,5.0,
2017,2,Mars Hill,110607,2-3,SAC,,10.4,,10.0,,,,0.294,,0.7,,,,,,7.4,,12.6,,17.8,,36.0,,16.4,,9.4,,0.315,,0.852,5.0,
2017,2,Maryville (MO),110586,0-5,RMAC,,,,17.6,,,,,,,,,,,,,,14.4,,,,,,21.2,,,,,,,5.0,
2017,2,Mercy,110587,4-2,ECC,,11.83,,8.0,,0.511,,0.379,,0.75,,,,,,7.83,,10.17,,19.67,,32.0,,14.83,,8.33,,0.329,,0.836,6.0,
2017,2,Mercyhurst,110588,4-1,ECAC,,12.8,,5.4,,0.606,,0.28,,0.688,,,,,,8.2,,9.4,,21.0,,29.8,,13.4,,6.2,,0.323,,0.892,5.0,
2017,2,Merrimack,110589,3-0,NE10,,13.33,,6.33,,0.571,,0.3,,0.778,,,,,,6.33,,11.33,,19.67,,35.67,,18.0,,7.33,,0.339,,0.815,3.0,
2017,2,Molloy,110590,2-2,ECC,,7.0,,9.75,,0.468,,0.235,,,,,,,,4.0,,11.5,,11.0,,29.25,,14.75,,9.5,,,,0.793,4.0,
2017,2,Mount Olive,110608,4-1,Conference Carolinas,,12.2,,8.0,,0.534,,0.455,,0.762,,,,,,6.4,,13.0,,18.6,,27.0,,15.8,,5.6,,0.355,,0.809,5.0,
2017,2,New York Tech,110592,4-1,ECC,,12.6,,8.0,,0.504,,0.429,,0.8,,,,,,8.4,,10.4,,21.0,,31.6,,15.4,,12.4,,0.35,,0.86,5.0,
2017,2,North Greenville,110620,5-1,Conference Carolinas,,13.17,,7.33,,0.58,,0.324,,0.778,,,,,,6.33,,9.83,,19.5,,34.0,,18.83,,11.17,,0.335,,0.902,6.0,
2017,2,Notre Dame de Namur,110629,1-4,Independent,,,,,,,,0.267,,0.6,,,,,,3.2,,14.2,,,,,,18.0,,,,0.27,,,5.0,
2017,2,Ohio Valley,110626,2-2,G-MAC,,10.0,,,,0.545,,0.174,,0.696,,,,,,5.5,,13.0,,15.5,,27.25,,,,5.75,,0.313,,,4.0,
2017,2,Pace,110593,3-0,NE10,,18.0,,6.33,,0.598,,0.538,,0.733,,,,,,10.67,,10.33,,28.67,,38.33,,18.0,,10.33,,0.432,,0.778,3.0,
2017,2,Pfeiffer,110594,2-5,Conference Carolinas,,8.71,,12.14,,0.524,,0.37,,,,,,,,4.29,,14.71,,13.0,,29.43,,17.86,,,,0.313,,0.789,7.0,
2017,2,Post,110609,1-2,Independent,,8.0,,12.0,,0.371,,,,0.813,,,,,,5.67,,12.67,,13.67,,31.0,,17.0,,10.33,,0.231,,0.8,3.0,
2017,2,Queens (NC),110622,4-2,SAC,,11.5,,9.0,,0.681,,0.143,,0.846,,,,,,6.5,,8.17,,18.0,,33.5,,16.67,,10.83,,0.294,,0.838,6.0,
2017,2,Roberts Wesleyan,110634,4-2,ECC,,11.83,,9.17,,0.65,,0.481,,0.769,,,,,,6.17,,10.67,,18.0,,32.67,,19.67,,9.83,,0.345,,0.792,6.0,
2017,2,Rockhurst,110610,7-2,RMAC,,11.56,,9.33,,0.675,,0.415,,0.722,,,,,,7.22,,8.33,,18.78,,34.11,,19.78,,9.33,,0.267,,0.793,9.0,
2017,2,Rollins,110595,4-2,Sunshine State,,10.67,,9.0,,0.504,,0.28,,0.563,,,,,,5.67,,,,16.33,,26.17,,13.0,,6.67,,0.276,,0.89,6.0,
2017,2,Saint Anselm,110596,1-1,NE10,,14.0,,6.5,,0.458,,0.5,,0.778,,,,,,7.5,,10.0,,21.5,,39.5,,20.0,,12.0,,0.277,,0.816,2.0,
2017,2,Saint Leo,110597,5-1,Sunshine State,,17.5,,8.33,,0.672,,0.25,,0.839,,,,,,9.33,,10.5,,26.83,,36.17,,14.67,,11.33,,0.436,,0.922,6.0,
2017,2,Saint Michael's,110598,1-0,NE10,,20.0,,5.0,,0.731,,0.75,,,,,,,,13.0,,9.0,,33.0,,37.0,,16.0,,13.0,,0.333,,0.905,1.0,
2017,2,Saint Rose,110611,0-3,NE10,,,,11.33,,0.581,,,,0.667,,,,,,,,11.33,,,,24.0,,15.0,,,,,,0.727,3.0,
2017,2,Seton Hill,110630,2-1,ECAC-II,,16.0,,8.0,,0.61,,0.385,,0.563,,,,,,8.0,,9.33,,24.0,,34.33,,15.67,,11.33,,0.387,,0.841,3.0,
2017,2,Shorter,110635,0-6,Independent,,,,,,0.353,,,,,,,,,,,,18.5,,,,,,,,7.5,,,,0.73,6.0,
2017,2,Southern N.H.,110591,2-1,NE10,,11.0,,7.67,,0.523,,0.222,,0.933,,,,,,4.33,,10.33,,15.33,,32.33,,17.67,,5.67,,0.266,,0.745,3.0,
2017,2,St. Thomas Aquinas,110612,2-2,ECC,,9.75,,9.75,,0.352,,0.19,,0.84,,,,,,5.25,,10.75,,15.0,,24.0,,15.5,,6.75,,0.315,,0.776,4.0,
2017,2,Tampa,110599,5-3,Sunshine State,,13.0,,6.75,,0.631,,0.346,,0.833,,,,,,7.25,,,,20.25,,32.88,,14.0,,9.13,,0.328,,0.893,8.0,
2017,2,Tusculum,110624,5-1,SAC,,16.5,,8.5,,0.524,,0.538,,0.765,,,,,,10.0,,9.33,,26.5,,37.33,,15.5,,9.83,,0.363,,0.871,6.0,
2017,2,UAH,110574,2-3,Independent,,12.6,,10.2,,0.611,,0.429,,0.69,,,,,,6.0,,10.4,,18.6,,29.8,,17.4,,,,0.33,,0.795,5.0,
2017,2,UIndy,110583,2-3,Independent,,11.6,,6.2,,0.635,,0.231,,0.895,,,,,,7.8,,10.8,,19.4,,30.0,,16.8,,9.0,,0.283,,0.879,5.0,
2017,2,Walsh,110633,0-4,ECAC-II,,7.0,,10.0,,0.542,,0.25,,0.857,,,,,,,,10.5,,9.5,,30.25,,17.75,,7.0,,0.269,,0.879,4.0,
2017,2,Wheeling,110623,1-5,MEC,,10.67,,12.67,,,,0.467,,0.6,,,,,,5.33,,13.0,,16.0,,27.33,,12.83,,7.67,,0.36,,0.835,6.0,
2017,2,Wingate,110613,4-2,SAC,,9.67,,7.5,,0.458,,0.333,,0.781,,,,,,5.33,,15.0,,15.0,,30.5,,15.5,,8.33,,0.305,,0.809,6.0,
2017,2,Young Harris,110636,4-5,Independent,,11.56,,10.0,,0.556,,0.277,,0.647,,,,,,6.11,,8.67,,17.67,,32.11,,17.0,,9.44,,0.283,,0.851,9.0,
2018,1,Air Force,423561,3-7,SoCon,,7.4,,11.8,,0.538,,0.261,,0.444,,74.0,,,,3.3,,8.5,,10.7,,22.3,,12.9,,5.0,,0.238,,0.821,10.0,
2018,1,Army West Point,423562,5-3,Patriot,,10.25,,6.63,,0.533,,0.357,,0.867,,82.0,,,,6.25,,7.88,,16.5,,30.0,,13.13,,9.38,,0.265,,0.833,8.0,
2018,1,Bellarmine,423501,2-6,SoCon,,7.5,,10.5,,0.485,,0.346,,0.833,,60.0,,,,4.5,,12.25,,12.0,,23.13,,16.38,,7.13,,0.231,,0.784,8.0,
2018,1,Binghamton,423502,2-8,America East,,7.3,,13.9,,0.419,,,,0.724,,,,,,3.5,,10.7,,10.8,,21.6,,12.8,,6.9,,0.221,,0.822,10.0,
2018,1,Boston U.,423503,5-5,Patriot,,11.0,,11.5,,0.45,,0.556,,0.63,,110.0,,,,7.6,,11.9,,18.6,,29.3,,12.9,,6.7,,0.314,,0.851,10.0,
2018,1,Brown,423504,3-4,Ivy League,,12.57,,10.57,,0.524,,0.308,,0.762,,88.0,,,,7.0,,14.29,,19.57,,29.14,,15.0,,7.57,,0.317,,0.878,7.0,
2018,1,Bryant,423505,4-5,NEC,,12.22,,10.33,,0.682,,0.4,,0.75,,110.0,,,,5.11,,9.33,,17.33,,32.44,,14.11,,4.89,,0.31,,0.894,9.0,
2018,1,Bucknell,423506,6-3,Patriot,,11.33,,9.56,,0.458,,0.391,,0.72,,102.0,,,,5.67,,9.33,,17.0,,24.78,,10.78,,6.11,,0.33,,0.902,9.0,
2018,1,Canisius,423507,4-4,MAAC,,11.0,,,,0.354,,0.4,,0.5,,88.0,,,,7.25,,10.25,,18.25,,23.25,,12.25,,5.25,,0.379,,0.891,8.0,
2018,1,Cleveland St.,423508,2-8,Independent,,7.6,,11.8,,0.422,,0.188,,0.583,,76.0,,,,3.4,,10.3,,11.0,,24.4,,15.2,,6.2,,0.235,,0.846,10.0,
2018,1,Colgate,423509,6-3,Patriot,,13.67,,9.44,,0.635,,0.323,,0.724,,123.0,,,,7.56,,7.67,,21.22,,29.33,,11.78,,5.44,,0.359,,0.85,9.0,
2018,1,Cornell,423510,5-3,Ivy League,,14.5,,9.13,,0.456,,0.364,,0.8,,116.0,,,,9.38,,11.75,,23.88,,26.0,,10.38,,5.88,,0.399,,0.845,8.0,
2018,1,Dartmouth,423511,2-5,Ivy League,,8.0,,11.57,,0.39,,0.304,,0.52,,56.0,,,,3.71,,11.29,,11.71,,28.29,,15.0,,5.86,,0.272,,0.798,7.0,
2018,1,Delaware,423512,3-5,CAA,,10.88,,11.13,,0.532,,0.171,,0.667,,87.0,,,,4.75,,12.13,,15.63,,27.38,,11.13,,7.0,,0.283,,0.868,8.0,
2018,1,Denver,423513,6-2,Big East,,11.88,,8.75,,0.738,,0.583,,0.588,,95.0,,,,7.25,,,,19.13,,28.5,,13.5,,4.75,,0.374,,0.852,8.0,
2018,1,Detroit Mercy,423514,4-5,MAAC,,8.56,,9.44,,0.4,,0.267,,0.667,,77.0,,,,4.89,,10.67,,13.44,,24.56,,14.44,,8.67,,0.267,,0.877,9.0,
2018,1,Drexel,423515,4-4,CAA,,10.5,,10.88,,0.419,,0.333,,0.655,,84.0,,,,5.25,,11.13,,15.75,,24.63,,13.25,,6.13,,0.318,,0.905,8.0,
2018,1,Duke,423516,8-2,ACC,,13.9,,7.9,,0.46,,0.6,,0.759,,139.0,,,,7.5,,9.8,,21.4,,30.2,,11.4,,9.2,,0.376,,0.896,10.0,
2018,1,Fairfield,423517,3-7,CAA,,9.2,,10.9,,0.553,,0.533,,0.76,,92.0,,,,6.4,,9.8,,15.6,,29.4,,13.1,,5.5,,0.256,,0.866,10.0,
2018,1,Furman,423518,2-6,SoCon,,10.0,,12.88,,0.349,,0.25,,0.5,,80.0,,,,5.38,,12.5,,15.38,,24.75,,14.63,,6.0,,0.309,,0.854,8.0,
2018,1,Georgetown,423519,6-2,Big East,,12.25,,8.88,,0.442,,0.375,,0.783,,98.0,,,,6.75,,9.25,,19.0,,28.75,,12.38,,8.38,,0.337,,0.921,8.0,
2018,1,Hampton,423520,2-4,DI Independent,,8.5,,11.17,,0.471,,0.333,,,,51.0,,,,4.5,,9.83,,13.0,,36.33,,,,13.0,,0.212,,0.847,6.0,
2018,1,Hartford,423521,3-5,America East,,11.5,,12.38,,0.582,,0.345,,,,92.0,,,,6.75,,11.13,,18.25,,27.75,,14.5,,4.63,,0.354,,0.843,8.0,
2018,1,Harvard,423522,7-1,Ivy League,,12.38,,10.25,,0.51,,0.323,,0.565,,99.0,,,,8.63,,12.5,,21.0,,26.5,,12.88,,5.0,,0.313,,0.917,8.0,
2018,1,High Point,423570,1-7,SoCon,,10.75,,,,0.479,,0.267,,0.605,,86.0,,,,5.0,,12.25,,15.75,,31.63,,15.63,,6.38,,0.315,,0.87,8.0,
2018,1,Hobart,423523,4-5,NEC,,11.11,,10.11,,0.609,,0.36,,0.708,,100.0,,,,5.44,,9.22,,16.56,,30.0,,12.0,,7.56,,0.264,,0.91,9.0,
2018,1,Hofstra,423524,4-4,CAA,,8.75,,7.5,,0.574,,0.367,,0.732,,70.0,,,,5.5,,9.63,,14.25,,23.88,,10.75,,,,0.271,,0.932,8.0,
2018,1,Holy Cross,423525,2-7,Patriot,,,,12.22,,0.569,,0.171,,0.714,,57.0,,,,3.33,,8.67,,,,28.44,,,,7.56,,,,0.849,9.0,
2018,1,Jacksonville,423526,4-4,SoCon,,11.38,,10.13,,0.694,,0.25,,0.815,,91.0,,,,6.13,,8.75,,17.5,,35.0,,16.38,,7.38,,0.329,,0.894,8.0,
2018,1,Johns Hopkins,423527,6-2,Big Ten,,13.25,,9.25,,0.626,,0.357,,0.679,,106.0,,,,7.5,,9.25,,20.75,,30.88,,12.25,,6.38,,0.305,,0.885,8.0,
2018,1,Lafayette,423528,2-8,Patriot,,7.6,,13.4,,0.48,,0.259,,0.606,,76.0,,,,4.3,,10.4,,11.9,,27.9,,17.9,,7.3,,0.218,,,10.0,
2018,1,Lehigh,423529,7-3,Patriot,,11.7,,8.3,,0.622,,0.621,,0.63,,117.0,,,,7.8,,8.4,,19.5,,32.9,,13.5,,8.5,,0.338,,0.876,10.0,
2018,1,Loyola Maryland,423531,5-3,Patriot,,12.88,,8.75,,0.401,,0.333,,0.72,,103.0,,,,7.13,,9.13,,20.0,,28.63,,13.0,,10.63,,0.331,,0.892,8.0,
2018,1,Manhattan,423532,3-6,MAAC,,8.0,,10.44,,0.414,,0.242,,0.769,,72.0,,,,4.33,,12.0,,12.33,,26.89,,11.56,,4.78,,0.25,,0.875,9.0,
2018,1,Marist,423533,2-8,MAAC,,8.0,,11.0,,0.449,,0.265,,0.568,,80.0,,,,4.3,,11.9,,12.3,,,,11.4,,4.2,,0.269,,0.844,10.0,
2018,1,Marquette,423534,4-3,Big East,,8.0,,8.86,,0.552,,0.24,,0.778,,56.0,,,,3.71,,7.57,,11.71,,25.43,,13.71,,5.71,,0.229,,0.863,7.0,
2018,1,Maryland,423536,7-1,Big Ten,,12.25,,8.75,,0.578,,0.625,,0.75,,98.0,,,,6.63,,10.0,,18.88,,26.75,,10.0,,5.25,,0.37,,0.894,8.0,
2018,1,Massachusetts,423537,5-4,CAA,,12.11,,12.11,,0.594,,0.412,,0.697,,109.0,,,,7.78,,11.44,,19.89,,32.11,,13.0,,8.67,,0.299,,0.868,9.0,
2018,1,Mercer,423538,3-6,SoCon,,7.89,,10.89,,0.389,,0.278,,0.575,,71.0,,,,4.0,,10.33,,11.89,,24.0,,14.22,,8.78,,0.247,,0.815,9.0,
2018,1,Michigan,423539,7-2,Big Ten,,11.67,,8.89,,0.509,,0.333,,0.724,,105.0,,,,6.33,,10.33,,18.0,,24.44,,13.33,,7.44,,0.335,,0.881,9.0,
2018,1,Monmouth,423540,3-5,MAAC,,9.5,,8.88,,0.36,,0.276,,0.667,,76.0,,,,5.38,,11.25,,14.88,,27.63,,10.88,,7.63,,0.264,,0.923,8.0,
2018,1,Mount St. Mary's,423541,3-6,NEC,,11.22,,13.33,,0.524,,0.2,,0.6,,101.0,,,,5.89,,10.0,,17.11,,32.11,,16.67,,8.22,,0.271,,0.842,9.0,
2018,1,NJIT,423543,0-11,Independent,,,,12.91,,,,0.229,,0.545,,,,,,3.64,,12.91,,10.09,,23.09,,15.45,,6.27,,0.246,,,11.0,
2018,1,Navy,423563,5-4,Patriot,,8.67,,9.0,,0.547,,0.214,,0.529,,78.0,,,,5.44,,8.89,,14.11,,29.56,,15.33,,6.44,,0.261,,0.828,9.0,
2018,1,North Carolina,423542,6-4,ACC,,10.9,,10.5,,0.461,,0.5,,0.704,,109.0,,,,5.9,,9.2,,16.8,,25.8,,10.7,,5.5,,0.299,,0.892,10.0,
2018,1,Notre Dame,423544,5-2,ACC,,10.29,,9.0,,0.522,,0.353,,0.526,,72.0,,,,4.71,,8.0,,15.0,,26.29,,14.14,,5.71,,0.321,,0.911,7.0,
2018,1,Ohio St.,423545,5-4,Big Ten,,9.44,,8.44,,0.529,,0.269,,0.522,,85.0,,,,4.44,,9.22,,13.89,,29.89,,12.33,,6.22,,0.298,,0.94,9.0,
2018,1,Penn,423547,5-4,Ivy League,,9.78,,9.67,,0.424,,0.417,,0.655,,88.0,,,,5.44,,10.11,,15.22,,20.78,,10.11,,,,0.301,,0.901,9.0,
2018,1,Penn St.,423546,6-3,Big Ten,,13.44,,9.33,,0.674,,0.263,,0.769,,121.0,,,,7.11,,10.67,,20.56,,31.11,,13.11,,6.33,,0.348,,0.889,9.0,
2018,1,Princeton,423548,3-4,Ivy League,,11.14,,13.43,,0.448,,0.467,,0.476,,78.0,,,,7.71,,12.43,,18.86,,32.14,,13.0,,7.29,,0.306,,0.793,7.0,
2018,1,Providence,423549,3-6,Big East,,9.22,,9.44,,0.49,,0.294,,0.697,,83.0,,,,5.33,,11.44,,14.56,,21.33,,11.44,,4.67,,0.256,,0.924,9.0,
2018,1,Quinnipiac,423550,4-5,MAAC,,10.78,,9.89,,0.514,,0.423,,0.6,,97.0,,,,5.78,,10.44,,16.56,,31.22,,12.78,,7.67,,0.267,,0.861,9.0,
2018,1,Richmond,423551,5-4,SoCon,,10.22,,10.67,,0.452,,0.407,,0.76,,92.0,,,,5.78,,9.56,,16.0,,32.11,,14.78,,7.44,,0.284,,0.924,9.0,
2018,1,Robert Morris,423552,6-2,NEC,,12.5,,8.13,,0.429,,0.583,,0.84,,100.0,,,,7.5,,12.5,,20.0,,29.0,,14.25,,10.0,,0.357,,0.901,8.0,
2018,1,Rutgers,423553,7-2,Big Ten,,11.44,,9.0,,0.472,,0.333,,0.688,,103.0,,,,6.56,,8.89,,18.0,,28.89,,12.0,,7.0,,0.325,,0.873,9.0,
2018,1,Sacred Heart,423554,4-5,NEC,,11.44,,12.33,,0.459,,0.485,,0.636,,103.0,,,,6.11,,11.56,,17.56,,30.0,,13.56,,9.56,,0.313,,0.886,9.0,
2018,1,Saint Joseph's,423556,4-3,NEC,,8.14,,7.29,,0.492,,0.238,,0.8,,57.0,,,,5.29,,12.14,,13.43,,24.0,,11.57,,5.57,,0.252,,0.898,7.0,
2018,1,Siena,423557,2-5,MAAC,,10.57,,12.71,,0.426,,0.4,,0.452,,74.0,,,,5.0,,14.14,,15.57,,25.86,,11.86,,5.71,,0.286,,0.861,7.0,
2018,1,St. John's (NY),423555,6-2,Big East,,11.63,,8.88,,0.466,,0.5,,0.667,,93.0,,,,7.0,,10.5,,18.63,,27.88,,11.88,,6.5,,0.344,,0.844,8.0,
2018,1,Stony Brook,423558,3-5,America East,,9.0,,12.0,,,,0.344,,0.433,,72.0,,,,5.75,,8.88,,14.75,,21.38,,12.5,,6.13,,0.295,,0.847,8.0,
2018,1,Syracuse,423559,4-3,ACC,,11.29,,12.29,,0.479,,0.429,,0.542,,79.0,,,,6.43,,9.71,,17.71,,28.71,,12.29,,6.57,,0.331,,0.847,7.0,
2018,1,Towson,423560,3-5,CAA,,9.0,,10.5,,0.582,,0.296,,0.462,,72.0,,,,3.38,,11.25,,12.38,,26.75,,14.88,,4.63,,0.277,,0.873,8.0,
2018,1,UAlbany,423500,8-0,America East,,15.88,,7.13,,0.81,,0.324,,0.636,,127.0,,,,9.38,,11.13,,25.25,,36.38,,12.5,,5.25,,0.333,,0.924,8.0,
2018,1,UMBC,423535,2-6,America East,,6.5,,8.75,,0.4,,0.188,,0.769,,52.0,,,,,,,,,,,,13.38,,6.38,,,,0.836,8.0,
2018,1,UMass Lowell,423530,4-5,America East,,10.22,,11.22,,0.405,,0.529,,0.857,,92.0,,,,6.44,,14.11,,16.67,,33.67,,13.33,,7.44,,0.27,,0.866,9.0,
2018,1,VMI,423566,1-6,Southland,,8.57,,12.29,,0.542,,0.227,,0.56,,60.0,,,,,,11.86,,11.71,,30.14,,16.57,,8.71,,0.249,,0.878,7.0,
2018,1,Vermont,423564,8-1,America East,,11.44,,8.11,,0.46,,0.263,,0.694,,103.0,,,,6.0,,11.33,,17.44,,29.22,,16.67,,7.33,,0.355,,0.853,9.0,
2018,1,Villanova,423565,7-2,Big East,,11.11,,10.11,,0.5,,0.409,,0.652,,100.0,,,,5.89,,10.0,,17.0,,26.67,,11.11,,5.89,,0.27,,0.913,9.0,
2018,1,Virginia,423567,7-3,ACC,,12.8,,10.8,,0.599,,0.344,,0.667,,128.0,,,,7.6,,11.5,,20.4,,38.6,,14.7,,7.9,,0.318,,0.855,10.0,
2018,1,Wagner,423568,4-5,NEC,,7.67,,8.56,,0.416,,0.441,,0.793,,69.0,,,,4.22,,13.44,,11.89,,26.89,,16.22,,9.67,,0.265,,0.824,9.0,
2018,1,Yale,423569,6-1,Ivy League,,12.14,,8.71,,0.565,,0.444,,0.611,,85.0,,,,7.29,,8.29,,19.43,,28.71,,13.0,,6.29,,0.327,,0.888,7.0,
2018,2,Adams St.,423598,2-2,RMAC,,8.0,,9.75,,0.407,,0.25,,0.727,,,,,,3.75,,14.25,,11.75,,30.0,,,,9.0,,0.227,,0.824,4.0,
2018,2,Adelphi,423571,3-1,NE10,,16.5,,6.5,,0.712,,0.5,,0.818,,,,,,10.5,,,,27.0,,42.75,,18.0,,8.5,,0.373,,0.878,4.0,
2018,2,Alderson Broaddus,423599,0-3,G-MAC,,6.67,,,,0.494,,0.455,,,,,,,,3.67,,15.33,,10.33,,26.33,,,,7.0,,0.328,,,3.0,
2018,2,American Int'l,423573,1-5,NE10,,6.67,,,,0.397,,0.233,,0.933,,,,,,3.67,,15.33,,10.33,,23.5,,19.33,,7.17,,0.247,,,6.0,
2018,2,Assumption,423574,3-0,NE10,,9.33,,3.0,,0.488,,0.333,,1.0,,,,,,6.33,,,,15.67,,,,9.67,,6.67,,0.389,,0.913,3.0,
2018,2,Belmont Abbey,423612,5-3,Conference Carolinas,,11.38,,8.13,,0.505,,0.423,,0.765,,,,,,6.0,,9.75,,17.38,,30.0,,13.88,,6.5,,0.289,,0.881,8.0,
2018,2,Bentley,423575,1-2,NE10,,9.33,,12.0,,0.36,,0.5,,0.727,,,,,,5.33,,9.0,,14.67,,,,12.0,,,,0.259,,0.902,3.0,
2018,2,CSU Pueblo,423613,3-2,RMAC,,14.0,,11.6,,0.455,,0.412,,0.818,,,,,,7.8,,12.6,,21.8,,31.2,,,,12.4,,0.422,,0.763,5.0,
2018,2,Catawba,423600,4-3,SAC,,13.57,,11.86,,0.597,,0.324,,0.658,,,,,,6.29,,12.29,,19.86,,36.43,,17.57,,8.57,,0.328,,0.826,7.0,
2018,2,Chestnut Hill,423626,1-3,CACC,,,,12.0,,0.53,,0.364,,,,,,,,,,13.25,,,,25.75,,,,6.75,,0.275,,,4.0,
2018,2,Chowan,423615,3-5,Conference Carolinas,,10.25,,12.75,,0.405,,0.342,,0.737,,,,,,5.88,,15.13,,16.13,,35.75,,18.25,,10.25,,0.315,,0.834,8.0,
2018,2,Coker,423601,3-4,SAC,,8.14,,10.14,,,,0.3,,,,,,,,5.14,,9.86,,13.29,,24.71,,16.71,,9.43,,0.281,,0.802,7.0,
2018,2,Colorado Mesa,423619,7-2,RMAC,,12.78,,8.78,,0.507,,0.41,,0.784,,,,,,6.22,,12.44,,19.0,,35.89,,18.78,,7.67,,0.32,,0.821,9.0,
2018,2,Davis & Elkins,423576,0-4,G-MAC,,,,,,,,0.208,,0.611,,,,,,4.0,,11.75,,,,25.25,,,,9.25,,0.234,,,4.0,
2018,2,Dist. Columbia,423577,6-1,ECC,,15.29,,8.29,,0.721,,0.405,,0.625,,,,,,8.71,,13.14,,24.0,,32.14,,,,10.29,,0.379,,0.768,7.0,
2018,2,Dominican (NY),423616,0-5,CACC,,,,,,,,0.229,,0.611,,,,,,3.6,,13.0,,,,26.0,,16.8,,7.4,,,,,5.0,
2018,2,Embry-Riddle (FL),440581,1-6,Sunshine State,,,,11.71,,0.534,,0.348,,,,,,,,,,10.14,,,,30.14,,,,6.71,,,,0.754,7.0,
2018,2,Felician,440361,0-5,CACC,,,,,,,,,,0.727,,,,,,,,16.4,,,,,,,,,,,,0.761,5.0,
2018,2,Fla. Southern,423579,4-3,Sunshine State,,11.0,,9.86,,0.574,,0.385,,0.722,,,,,,6.86,,12.86,,17.86,,34.29,,15.43,,7.86,,0.264,,0.858,7.0,
2018,2,Florida Tech,423578,2-4,Sunshine State,,11.5,,10.0,,0.545,,0.261,,0.758,,,,,,4.33,,11.17,,15.83,,32.5,,15.83,,7.5,,0.275,,0.911,6.0,
2018,2,Franklin Pierce,423580,3-0,NE10,,12.0,,5.67,,0.633,,0.4,,0.737,,,,,,5.0,,9.67,,17.0,,27.67,,13.33,,,,0.265,,0.872,3.0,
2018,2,Georgian Court,423617,4-3,CACC,,10.86,,10.29,,0.473,,0.4,,0.621,,,,,,6.43,,13.57,,17.29,,32.71,,18.0,,6.86,,0.308,,0.891,7.0,
2018,2,LIU Post,423583,2-2,ECC,,8.5,,10.25,,0.517,,,,0.625,,,,,,4.75,,12.75,,13.25,,31.75,,16.5,,10.5,,0.239,,0.847,4.0,
2018,2,Lake Erie,423614,3-1,G-MAC,,19.75,,8.5,,0.543,,0.529,,0.824,,,,,,8.75,,,,28.5,,39.5,,16.75,,11.5,,0.376,,0.892,4.0,
2018,2,Le Moyne,423582,5-0,NE10,,15.6,,5.0,,0.562,,0.3,,0.643,,,,,,8.4,,11.0,,24.0,,32.4,,13.0,,9.8,,0.318,,0.867,5.0,
2018,2,Lees-McRae,423623,1-2,Conference Carolinas,,8.33,,,,,,0.4,,0.714,,,,,,,,10.33,,11.67,,27.67,,15.67,,,,0.373,,,3.0,
2018,2,Lenoir-Rhyne,423602,8-1,SAC,,13.67,,9.89,,0.514,,0.389,,0.727,,,,,,8.11,,13.22,,21.78,,29.0,,14.67,,8.78,,0.335,,0.85,9.0,
2018,2,Limestone,423603,5-3,Conference Carolinas,,14.63,,9.25,,0.573,,0.429,,0.781,,,,,,7.13,,12.25,,21.75,,37.88,,15.25,,7.25,,0.348,,0.82,8.0,
2018,2,Lincoln Memorial,423604,8-1,SAC,,16.67,,8.11,,0.534,,0.366,,0.758,,,,,,10.89,,10.44,,27.56,,42.44,,17.67,,13.33,,0.354,,0.849,9.0,
2018,2,Lindenwood,423630,3-2,DII Independent,,13.4,,11.0,,0.4,,0.333,,0.609,,,,,,4.8,,,,18.2,,29.8,,12.8,,10.6,,0.312,,0.844,5.0,
2018,2,Lynn,423625,7-1,Sunshine State,,12.38,,8.38,,0.743,,0.514,,,,,,,,5.88,,,,18.25,,42.13,,14.63,,7.0,,0.282,,0.823,8.0,
2018,2,Mars Hill,423605,1-7,SAC,,7.75,,,,,,0.5,,0.686,,,,,,4.63,,17.63,,12.38,,,,13.75,,,,0.304,,0.788,8.0,
2018,2,Maryville (MO),423584,3-8,GLVC,,,,9.45,,0.455,,,,0.63,,,,,,,,9.36,,,,26.73,,19.64,,10.0,,,,0.781,11.0,
2018,2,Mercy,423585,5-1,ECC,,12.0,,6.83,,0.672,,0.357,,0.792,,,,,,8.17,,11.67,,20.17,,33.0,,14.33,,9.67,,0.31,,0.877,6.0,
2018,2,Mercyhurst,423586,5-1,G-MAC,,10.33,,6.67,,0.529,,0.235,,0.842,,,,,,5.5,,,,15.83,,28.67,,14.33,,8.5,,0.291,,0.918,6.0,
2018,2,Merrimack,423587,4-0,NE10,,14.75,,8.5,,0.657,,0.421,,0.857,,,,,,9.0,,,,23.75,,31.25,,13.0,,8.0,,0.33,,0.899,4.0,
2018,2,Molloy,423588,2-3,ECC,,10.4,,9.2,,0.377,,0.304,,0.636,,,,,,5.8,,12.4,,16.2,,29.8,,18.6,,11.2,,0.287,,0.827,5.0,
2018,2,Montevallo,440381,5-3,GLVC,,9.88,,8.63,,0.458,,0.31,,0.8,,,,,,6.25,,14.38,,16.13,,30.13,,,,7.0,,0.353,,0.75,8.0,
2018,2,Mount Olive,423606,8-2,Conference Carolinas,,11.1,,5.4,,0.532,,0.353,,0.824,,,,,,5.7,,11.3,,16.8,,31.8,,14.5,,11.6,,0.299,,0.889,10.0,
2018,2,New York Tech,423590,4-4,ECC,,11.63,,12.13,,0.603,,0.333,,,,,,,,6.63,,8.88,,18.25,,29.5,,14.13,,6.88,,0.27,,0.846,8.0,
2018,2,Newberry,440561,4-4,SAC,,10.0,,10.38,,0.479,,0.289,,,,,,,,5.5,,11.13,,15.5,,33.38,,17.38,,7.5,,0.284,,0.834,8.0,
2018,2,North Greenville,423618,4-4,Conference Carolinas,,10.75,,9.63,,0.543,,0.485,,0.607,,,,,,4.75,,9.75,,15.5,,,,14.25,,6.63,,0.293,,0.828,8.0,
2018,2,Notre Dame de Namur,423627,1-6,DII Independent,,,,,,0.519,,0.25,,0.7,,,,,,3.43,,9.43,,,,27.14,,,,9.71,,,,,7.0,
2018,2,Ohio Valley,423624,1-4,G-MAC,,7.6,,10.6,,0.359,,,,0.688,,,,,,4.6,,,,12.2,,,,13.8,,,,0.279,,0.875,5.0,
2018,2,Pace,423591,3-1,NE10,,13.5,,8.25,,0.49,,0.429,,0.867,,,,,,7.75,,11.75,,21.25,,37.25,,15.0,,15.5,,0.289,,0.896,4.0,
2018,2,Palm Beach Atl.,439401,4-6,Sunshine State,,9.4,,10.9,,0.46,,0.324,,0.606,,,,,,3.8,,11.5,,13.2,,37.2,,18.7,,8.4,,0.246,,0.806,10.0,
2018,2,Post,423607,0-6,CACC,,,,13.0,,,,,,,,,,,,,,13.17,,,,,,17.17,,,,,,,6.0,
2018,2,Queens (NC),423620,2-4,SAC,,7.83,,10.5,,0.534,,0.3,,0.579,,,,,,3.67,,10.33,,11.5,,23.67,,16.0,,,,0.228,,0.885,6.0,
2018,2,Roberts Wesleyan,423632,4-4,ECC,,11.38,,10.63,,0.548,,0.359,,0.861,,,,,,6.38,,11.38,,17.75,,29.38,,18.38,,6.75,,0.389,,0.812,8.0,
2018,2,Rockhurst,423608,8-1,RMAC,,17.44,,7.11,,0.757,,0.5,,0.737,,,,,,7.44,,,,24.89,,38.0,,18.56,,8.56,,0.341,,0.818,9.0,
2018,2,Rollins,423593,2-3,Sunshine State,,7.8,,10.2,,0.561,,,,,,,,,,4.2,,10.2,,12.0,,30.8,,16.6,,8.6,,,,0.835,5.0,
2018,2,Saint Anselm,423594,1-1,NE10,,13.5,,8.5,,0.549,,1.0,,0.667,,,,,,6.5,,11.0,,20.0,,33.5,,17.0,,10.5,,0.276,,0.85,2.0,
2018,2,Saint Leo,423595,6-1,Sunshine State,,15.71,,9.57,,0.487,,0.433,,0.667,,,,,,10.0,,14.29,,25.71,,32.43,,15.0,,7.86,,0.4,,0.92,7.0,
2018,2,Saint Michael's,423596,2-2,NE10,,,,9.0,,0.493,,0.214,,0.875,,,,,,4.25,,10.75,,10.5,,29.5,,17.5,,7.5,,,,0.829,4.0,
2018,2,Saint Rose,423609,1-4,NE10,,7.8,,9.6,,0.529,,0.417,,0.806,,,,,,,,14.6,,11.2,,25.4,,15.6,,,,0.295,,0.798,5.0,
2018,2,Seton Hill,423628,6-1,G-MAC,,15.43,,8.29,,0.599,,0.467,,0.743,,,,,,10.0,,10.14,,25.43,,31.14,,12.86,,9.0,,0.334,,0.956,7.0,
2018,2,Shorter,423633,1-8,GLVC,,7.67,,,,,,,,0.581,,,,,,4.11,,18.78,,11.78,,,,17.56,,9.56,,0.259,,0.863,9.0,
2018,2,Southern N.H.,423589,2-2,NE10,,12.25,,11.75,,0.632,,0.438,,0.63,,,,,,7.0,,10.75,,19.25,,37.0,,18.25,,9.0,,0.271,,0.958,4.0,
2018,2,St. Thomas Aquinas,423610,1-3,ECC,,8.75,,12.75,,,,,,0.677,,,,,,,,15.0,,11.5,,23.0,,15.0,,6.5,,0.285,,0.77,4.0,
2018,2,Tampa,423597,7-1,Sunshine State,,13.88,,8.88,,0.726,,0.242,,0.619,,,,,,6.75,,9.88,,20.63,,34.88,,13.5,,5.63,,0.354,,0.895,8.0,
2018,2,Tusculum,423622,3-4,SAC,,11.57,,11.14,,0.408,,0.556,,0.69,,,,,,7.0,,12.0,,18.57,,29.86,,13.29,,6.0,,0.289,,0.864,7.0,
2018,2,UAH,423572,6-2,GLVC,,12.38,,7.75,,0.605,,0.325,,0.706,,,,,,6.63,,10.0,,19.0,,33.88,,15.88,,5.88,,0.301,,0.858,8.0,
2018,2,UIndy,423581,3-3,GLVC,,10.17,,9.33,,0.604,,0.208,,0.667,,,,,,4.67,,,,14.83,,31.17,,12.33,,10.67,,,,0.838,6.0,
2018,2,Walsh,423631,1-6,G-MAC,,,,,,0.453,,,,,,,,,,,,9.43,,,,,,19.43,,7.0,,0.274,,,7.0,
2018,2,Wheeling,423621,2-4,DII Independent,,7.33,,9.5,,,,0.235,,0.68,,,,,,,,14.5,,,,,,15.0,,5.83,,0.295,,0.861,6.0,
2018,2,Wilmington (DE),440201,1-3,CACC,,7.5,,11.0,,0.455,,0.304,,0.619,,,,,,3.75,,16.0,,11.25,,29.75,,19.0,,10.75,,,,,4.0,
2018,2,Wingate,423611,3-4,SAC,,9.43,,9.29,,0.439,,,,0.811,,,,,,6.29,,9.14,,15.71,,27.43,,13.71,,5.86,,0.276,,0.798,7.0,
2018,2,Young Harris,423634,8-3,GLVC,,12.91,,8.09,,0.669,,0.268,,0.81,,,,,,7.73,,10.55,,20.64,,28.0,,16.09,,,,0.357,,0.823,11.0,
2019,1,Air Force,473285,5-2,SoCon,,12.0,,7.86,,0.558,,0.333,,0.735,,84.0,,,,7.57,,8.29,,19.57,,33.43,,18.86,,8.86,,0.305,,0.839,7.0,
2019,1,Army West Point,473286,6-2,Patriot,,10.25,,7.75,,0.347,,0.214,,0.905,,82.0,,,,6.13,,13.63,,16.38,,32.38,,17.13,,8.63,,0.267,,0.851,8.0,
2019,1,Bellarmine,473225,0-7,SoCon,,8.71,,12.86,,0.39,,0.412,,0.692,,61.0,,,,4.86,,15.14,,13.57,,26.0,,19.71,,7.86,,0.251,,0.816,7.0,
2019,1,Binghamton,473226,0-6,America East,,8.0,,13.5,,0.389,,0.2,,0.72,,48.0,,,,4.67,,14.0,,12.67,,27.0,,20.0,,11.17,,0.23,,0.754,6.0,
2019,1,Boston U.,473227,6-3,Patriot,,11.78,,9.56,,0.554,,0.536,,0.758,,106.0,,,,8.22,,12.0,,20.0,,35.44,,19.11,,11.89,,0.264,,0.794,9.0,
2019,1,Brown,473228,3-3,Ivy League,,14.0,,12.0,,0.526,,0.433,,0.643,,84.0,,,,7.67,,11.33,,21.67,,37.33,,21.0,,6.83,,0.312,,0.762,6.0,
2019,1,Bryant,473229,2-6,NEC,,8.25,,9.5,,0.591,,0.259,,0.727,,66.0,,,,3.5,,13.13,,11.75,,31.5,,20.13,,6.63,,0.252,,0.764,8.0,
2019,1,Bucknell,473230,2-6,Patriot,,9.13,,11.5,,0.472,,0.31,,0.722,,73.0,,,,5.25,,11.5,,14.38,,31.63,,17.25,,9.88,,0.261,,0.845,8.0,
2019,1,Canisius,473231,4-3,MAAC,,11.14,,11.71,,0.476,,0.345,,0.5,,78.0,,,,5.57,,13.86,,16.71,,27.43,,20.43,,6.43,,0.326,,0.778,7.0,
2019,1,Cleveland St.,473232,4-5,DI Independent,,9.78,,10.44,,0.631,,0.371,,0.731,,88.0,,,,6.11,,9.89,,15.89,,30.67,,20.33,,8.0,,0.277,,0.854,9.0,
2019,1,Colgate,473233,3-4,Patriot,,9.0,,9.57,,0.464,,0.304,,0.667,,63.0,,,,4.71,,10.71,,13.71,,25.14,,16.86,,6.86,,0.245,,0.797,7.0,
2019,1,Cornell,473234,5-2,Ivy League,,15.71,,12.86,,0.358,,0.474,,0.718,,110.0,,,,9.71,,11.57,,25.43,,33.57,,16.57,,11.57,,0.42,,0.852,7.0,
2019,1,Dartmouth,473235,2-4,Ivy League,,8.5,,10.0,,0.405,,0.154,,0.591,,51.0,,,,4.83,,11.5,,13.33,,31.83,,21.33,,10.0,,0.248,,0.774,6.0,
2019,1,Delaware,473236,6-2,CAA,,10.5,,8.25,,0.444,,0.32,,0.731,,84.0,,,,5.25,,14.5,,15.75,,28.75,,16.25,,9.13,,0.243,,0.876,8.0,
2019,1,Denver,473237,4-2,Big East,,11.67,,8.0,,0.543,,0.231,,0.739,,70.0,,,,7.5,,8.5,,19.17,,33.0,,15.83,,10.5,,0.29,,0.766,6.0,
2019,1,Detroit Mercy,473238,4-3,MAAC,,11.29,,13.14,,0.609,,0.419,,0.571,,79.0,,,,6.14,,11.29,,17.43,,32.14,,20.29,,7.86,,0.279,,0.839,7.0,
2019,1,Drexel,473239,3-4,CAA,,12.86,,13.29,,0.534,,0.462,,0.708,,90.0,,,,6.14,,8.14,,19.0,,36.71,,19.29,,9.43,,0.324,,0.818,7.0,
2019,1,Duke,473240,8-1,ACC,,13.33,,9.0,,0.585,,0.273,,0.63,,120.0,,,,7.56,,8.56,,20.89,,34.56,,16.22,,7.89,,0.33,,0.811,9.0,
2019,1,Fairfield,473241,5-3,CAA,,11.63,,12.38,,0.564,,0.292,,0.429,,93.0,,,,8.38,,10.75,,20.0,,33.88,,16.5,,7.13,,0.266,,0.752,8.0,
2019,1,Furman,473242,2-6,SoCon,,11.13,,13.0,,0.422,,0.3,,0.515,,89.0,,,,6.38,,12.75,,17.5,,32.0,,17.63,,10.13,,0.307,,0.807,8.0,
2019,1,Georgetown,473243,7-1,Big East,,14.0,,9.25,,0.446,,0.379,,0.708,,112.0,,,,8.88,,11.25,,22.88,,30.63,,14.0,,9.5,,0.336,,0.883,8.0,
2019,1,Hampton,473244,4-2,DI Independent,,10.67,,12.0,,0.606,,0.308,,0.545,,64.0,,,,6.83,,11.17,,17.5,,31.67,,22.33,,12.5,,0.268,,0.719,6.0,
2019,1,Hartford,473245,1-7,America East,,11.5,,14.88,,0.43,,0.467,,0.6,,92.0,,,,6.5,,11.38,,18.0,,30.75,,13.88,,7.38,,0.315,,0.855,8.0,
2019,1,Harvard,473246,3-4,Ivy League,,11.57,,11.86,,0.409,,0.441,,0.6,,81.0,,,,7.0,,16.57,,18.57,,34.57,,21.71,,9.14,,0.306,,0.792,7.0,
2019,1,High Point,473294,7-1,SoCon,,15.0,,10.38,,0.595,,0.231,,0.733,,120.0,,,,6.88,,13.25,,21.88,,41.38,,22.25,,10.38,,0.336,,0.859,8.0,
2019,1,Hobart,473247,6-1,NEC,,16.71,,10.57,,0.657,,0.423,,0.68,,117.0,,,,10.57,,10.57,,27.29,,37.71,,15.86,,7.57,,0.315,,0.856,7.0,
2019,1,Hofstra,473248,3-5,CAA,,8.75,,10.0,,0.543,,0.385,,0.71,,70.0,,,,3.5,,10.75,,12.25,,29.88,,16.38,,6.0,,0.24,,0.86,8.0,
2019,1,Holy Cross,473249,3-5,Patriot,,9.25,,10.5,,0.611,,0.2,,0.625,,74.0,,,,5.38,,11.0,,14.63,,34.75,,20.13,,11.25,,0.214,,0.778,8.0,
2019,1,Jacksonville,473250,2-6,SoCon,,11.5,,13.5,,0.366,,0.333,,0.561,,92.0,,,,6.13,,10.13,,17.63,,27.5,,16.75,,12.13,,0.317,,0.85,8.0,
2019,1,Johns Hopkins,473251,4-3,Big Ten,,11.14,,12.14,,0.538,,0.37,,0.739,,78.0,,,,6.86,,12.43,,18.0,,29.86,,16.14,,7.29,,0.27,,0.845,7.0,
2019,1,Lafayette,473252,4-5,Patriot,,9.89,,11.11,,0.324,,0.205,,0.679,,89.0,,,,4.78,,9.67,,14.67,,29.89,,14.89,,8.56,,0.284,,0.793,9.0,
2019,1,Lehigh,473253,5-3,Patriot,,10.5,,8.75,,0.685,,0.276,,0.793,,84.0,,,,5.38,,10.75,,15.88,,41.5,,17.5,,10.13,,0.275,,0.886,8.0,
2019,1,Loyola Maryland,473255,5-2,Patriot,,14.57,,10.29,,0.469,,0.435,,0.778,,102.0,,,,8.0,,14.43,,22.57,,32.86,,16.86,,6.86,,0.388,,0.801,7.0,
2019,1,Manhattan,473256,4-4,MAAC,,9.13,,10.5,,0.508,,0.273,,0.824,,73.0,,,,6.63,,12.75,,15.75,,30.0,,17.25,,5.13,,0.263,,0.89,8.0,
2019,1,Marist,473257,3-3,MAAC,,8.17,,10.67,,0.664,,0.107,,0.706,,49.0,,,,4.5,,12.67,,12.67,,31.0,,20.83,,5.67,,0.263,,0.728,6.0,
2019,1,Marquette,473258,4-3,Big East,,12.57,,12.0,,0.49,,0.304,,0.731,,88.0,,,,7.14,,9.43,,19.71,,30.14,,14.57,,8.14,,0.312,,0.803,7.0,
2019,1,Maryland,473260,7-1,Big Ten,,12.88,,9.0,,0.592,,0.3,,0.636,,103.0,,,,8.0,,11.25,,20.88,,30.88,,14.88,,4.63,,0.338,,0.863,8.0,
2019,1,Massachusetts,473261,5-3,CAA,,13.0,,8.13,,0.652,,0.438,,0.581,,104.0,,,,8.38,,12.5,,21.38,,35.13,,15.63,,10.88,,0.28,,0.88,8.0,
2019,1,Mercer,473262,0-7,SoCon,,8.71,,13.86,,0.467,,0.35,,0.73,,61.0,,,,5.14,,14.29,,13.86,,29.29,,20.0,,7.14,,0.236,,0.837,7.0,
2019,1,Michigan,473263,3-4,Big Ten,,12.29,,13.0,,0.387,,0.433,,0.81,,86.0,,,,7.71,,13.29,,20.0,,28.57,,15.71,,9.57,,0.331,,0.789,7.0,
2019,1,Monmouth,473264,1-5,MAAC,,6.33,,10.67,,0.529,,,,0.783,,38.0,,,,3.0,,11.83,,9.33,,28.17,,18.33,,9.0,,0.179,,0.823,6.0,
2019,1,Mount St. Mary's,473265,4-5,NEC,,9.22,,10.22,,0.507,,0.216,,0.622,,83.0,,,,4.56,,11.33,,13.78,,30.56,,18.44,,9.22,,0.237,,0.801,9.0,
2019,1,NJIT,473267,1-8,DI Independent,,8.33,,14.33,,0.377,,0.321,,0.632,,75.0,,,,4.33,,16.56,,12.67,,26.67,,19.33,,7.11,,0.253,,0.81,9.0,
2019,1,Navy,473287,4-3,Patriot,,10.71,,11.43,,0.497,,0.353,,0.647,,75.0,,,,7.43,,12.29,,18.14,,34.43,,18.29,,6.71,,0.258,,0.781,7.0,
2019,1,North Carolina,473266,6-2,ACC,,14.25,,9.25,,0.556,,0.438,,0.65,,114.0,,,,7.5,,9.25,,21.75,,36.38,,15.88,,10.13,,0.311,,0.851,8.0,
2019,1,Notre Dame,473268,4-2,ACC,,12.33,,9.5,,0.556,,0.357,,0.579,,74.0,,,,5.67,,8.5,,18.0,,30.33,,18.17,,8.67,,0.339,,0.863,6.0,
2019,1,Ohio St.,473269,6-0,Big Ten,,13.83,,9.33,,0.6,,0.316,,0.655,,83.0,,,,7.33,,12.67,,21.17,,33.33,,16.33,,4.83,,0.392,,0.879,6.0,
2019,1,Penn,473271,3-3,Ivy League,,13.0,,12.0,,0.608,,0.4,,0.556,,78.0,,,,7.5,,13.0,,20.5,,34.0,,16.0,,7.67,,0.28,,0.883,6.0,
2019,1,Penn St.,473270,6-1,Big Ten,,18.86,,10.43,,0.581,,0.652,,0.577,,132.0,,,,11.86,,12.43,,30.71,,36.14,,16.29,,8.0,,0.436,,0.864,7.0,
2019,1,Princeton,473272,2-4,Ivy League,,13.83,,12.0,,0.497,,0.273,,0.667,,83.0,,,,9.17,,11.5,,23.0,,36.17,,14.67,,9.33,,0.279,,0.865,6.0,
2019,1,Providence,473273,4-4,Big East,,11.25,,8.63,,0.465,,0.273,,0.692,,90.0,,,,6.75,,12.25,,18.0,,28.13,,15.38,,7.13,,0.261,,0.822,8.0,
2019,1,Quinnipiac,473274,4-3,MAAC,,11.29,,13.86,,0.503,,0.25,,0.548,,79.0,,,,6.57,,15.29,,17.86,,27.86,,20.71,,5.86,,0.309,,0.771,7.0,
2019,1,Richmond,473275,5-3,SoCon,,12.0,,9.5,,0.398,,0.5,,0.769,,96.0,,,,7.88,,13.0,,19.88,,27.38,,16.5,,8.75,,0.311,,0.842,8.0,
2019,1,Robert Morris,473276,1-6,NEC,,12.86,,15.86,,0.538,,0.45,,0.556,,90.0,,,,8.14,,12.14,,21.0,,33.14,,15.43,,9.0,,0.265,,0.885,7.0,
2019,1,Rutgers,473277,4-4,Big Ten,,11.25,,11.13,,0.455,,0.133,,0.85,,90.0,,,,5.88,,14.63,,17.13,,33.25,,14.63,,7.25,,0.275,,0.878,8.0,
2019,1,Sacred Heart,473278,5-3,NEC,,14.13,,13.38,,0.381,,0.367,,0.5,,113.0,,,,7.25,,11.13,,21.38,,36.63,,17.13,,10.75,,0.295,,0.826,8.0,
2019,1,Saint Joseph's,473280,4-4,NEC,,10.38,,10.63,,0.595,,0.286,,0.609,,83.0,,,,6.13,,11.0,,16.5,,32.13,,19.5,,8.63,,0.268,,0.809,8.0,
2019,1,Siena,473281,4-2,MAAC,,15.33,,14.17,,0.439,,0.4,,0.55,,92.0,,,,9.17,,9.33,,24.5,,32.17,,12.17,,8.0,,0.335,,0.872,6.0,
2019,1,St. Bonaventure,474672,0-6,MAAC,,6.67,,15.67,,0.238,,0.28,,0.75,,40.0,,,,3.5,,15.83,,10.17,,23.33,,21.5,,7.67,,0.26,,0.747,6.0,
2019,1,St. John's (NY),473279,3-4,Big East,,12.29,,12.71,,0.487,,0.52,,0.5,,86.0,,,,7.57,,12.14,,19.86,,31.0,,14.29,,7.14,,0.319,,0.841,7.0,
2019,1,Stony Brook,473282,3-4,America East,,9.14,,11.43,,0.417,,0.333,,0.793,,64.0,,,,6.14,,11.57,,15.29,,26.0,,16.43,,7.43,,0.27,,0.827,7.0,
2019,1,Syracuse,473283,4-2,ACC,,13.0,,10.67,,0.609,,0.435,,0.714,,78.0,,,,6.17,,13.67,,19.17,,37.0,,12.17,,9.33,,0.291,,0.859,6.0,
2019,1,Towson,473284,5-2,CAA,,13.0,,10.86,,0.761,,0.375,,0.643,,91.0,,,,7.0,,12.14,,20.0,,38.14,,19.86,,7.43,,0.304,,0.766,7.0,
2019,1,UAlbany,473224,2-4,America East,,11.33,,13.5,,0.418,,0.318,,0.435,,68.0,,,,7.33,,12.83,,18.67,,29.0,,15.0,,7.17,,0.286,,0.872,6.0,
2019,1,UMBC,473259,1-5,America East,,11.33,,14.33,,0.374,,0.208,,0.636,,68.0,,,,5.5,,9.17,,16.83,,26.67,,17.0,,9.33,,0.28,,0.783,6.0,
2019,1,UMass Lowell,473254,3-5,America East,,9.25,,12.0,,0.621,,0.48,,0.621,,74.0,,,,6.13,,9.5,,15.38,,32.75,,22.38,,9.25,,0.249,,0.792,8.0,
2019,1,Utah,474697,4-6,DI Independent,,8.1,,12.3,,0.303,,0.344,,0.606,,81.0,,,,4.7,,14.4,,12.8,,24.5,,18.5,,7.1,,0.266,,0.818,10.0,
2019,1,VMI,473290,3-3,SoCon,,10.0,,12.5,,0.429,,0.125,,0.714,,60.0,,,,4.83,,14.83,,14.83,,33.0,,18.17,,11.83,,0.214,,0.906,6.0,
2019,1,Vermont,473288,4-3,America East,,12.14,,10.86,,0.479,,0.381,,0.724,,85.0,,,,6.71,,12.0,,18.86,,30.14,,17.86,,6.14,,0.327,,0.785,7.0,
2019,1,Villanova,473289,3-4,Big East,,10.43,,12.86,,0.519,,0.361,,0.619,,73.0,,,,5.86,,9.0,,16.29,,29.14,,13.0,,7.71,,0.237,,0.931,7.0,
2019,1,Virginia,473291,5-2,ACC,,12.43,,12.57,,0.484,,0.276,,0.676,,87.0,,,,7.86,,12.86,,20.29,,40.57,,15.71,,11.29,,0.288,,0.812,7.0,
2019,1,Wagner,473292,1-7,NEC,,7.63,,10.63,,0.451,,0.29,,0.786,,61.0,,,,4.0,,11.88,,11.63,,26.0,,18.5,,10.13,,0.227,,0.775,8.0,
2019,1,Yale,473293,4-1,Ivy League,,13.8,,11.4,,0.783,,0.294,,0.263,,69.0,,,,9.0,,8.8,,22.8,,38.2,,16.4,,7.8,,0.29,,0.83,5.0,
2019,2,Adams St.,473321,1-2,RMAC,,12.67,,9.0,,0.507,,0.412,,0.647,,,,,,6.67,,7.33,,19.33,,38.67,,20.0,,10.67,,0.297,,0.817,3.0,
2019,2,Adelphi,473295,4-0,NE10,,19.75,,8.5,,0.718,,0.1,,0.769,,,,,,9.25,,10.75,,29.0,,38.5,,15.25,,7.5,,0.418,,0.871,4.0,
2019,2,Alderson Broaddus,473322,1-5,G-MAC,,7.83,,13.5,,0.329,,0.282,,0.581,,,,,,5.17,,17.83,,13.0,,21.5,,16.5,,10.0,,0.227,,0.802,6.0,
2019,2,American Int'l,473297,0-7,NE10,,5.29,,19.0,,0.332,,0.154,,0.571,,,,,,1.57,,11.57,,6.86,,23.71,,26.0,,7.57,,0.204,,0.664,7.0,
2019,2,Assumption,473298,2-2,NE10,,16.0,,10.0,,0.434,,0.462,,0.769,,,,,,10.25,,14.0,,26.25,,24.5,,11.75,,7.75,,0.327,,0.875,4.0,
2019,2,Barton,474699,0-7,Conference Carolinas,,10.86,,16.86,,0.346,,0.259,,0.694,,,,,,5.71,,14.57,,16.57,,29.86,,20.0,,7.86,,0.322,,0.829,7.0,
2019,2,Belmont Abbey,473335,6-1,Conference Carolinas,,15.14,,11.29,,0.483,,0.346,,0.571,,,,,,8.14,,11.86,,23.29,,32.29,,15.29,,7.71,,0.342,,0.869,7.0,
2019,2,Bentley,473299,2-0,NE10,,10.0,,6.5,,0.351,,0.286,,1.0,,,,,,5.0,,9.0,,15.0,,28.0,,18.0,,7.5,,0.278,,0.824,2.0,
2019,2,CSU Pueblo,473336,3-0,RMAC,,19.33,,9.33,,0.678,,0.154,,0.714,,,,,,10.67,,10.67,,30.0,,42.0,,21.33,,16.67,,0.379,,0.84,3.0,
2019,2,Catawba,473323,4-2,SAC,,11.67,,9.5,,0.395,,0.316,,0.667,,,,,,6.83,,13.83,,18.5,,33.33,,20.33,,12.0,,0.282,,0.881,6.0,
2019,2,Chestnut Hill,473349,3-2,CACC,,15.8,,11.4,,0.409,,0.435,,0.792,,,,,,9.4,,14.4,,25.2,,30.6,,17.6,,7.6,,0.324,,0.869,5.0,
2019,2,Chowan,473338,1-5,Conference Carolinas,,9.5,,17.33,,0.278,,0.238,,0.486,,,,,,4.5,,16.67,,14.0,,22.5,,20.0,,8.0,,0.306,,0.723,6.0,
2019,2,Coker,473324,4-3,SAC,,13.43,,10.0,,0.533,,0.226,,0.786,,,,,,8.29,,13.0,,21.71,,30.71,,17.57,,9.29,,0.301,,0.868,7.0,
2019,2,Colorado Mesa,473342,3-2,RMAC,,13.2,,8.6,,0.452,,0.435,,0.692,,,,,,8.2,,11.2,,21.4,,33.0,,16.8,,13.8,,0.322,,0.832,5.0,
2019,2,Davis & Elkins,473300,0-4,G-MAC,,7.0,,16.0,,0.465,,0.208,,0.682,,,,,,3.5,,16.5,,10.5,,30.5,,22.75,,7.25,,0.23,,0.775,4.0,
2019,2,Dist. Columbia,473301,1-2,ECC,,12.33,,12.67,,0.482,,0.438,,0.81,,,,,,5.33,,14.67,,17.67,,24.0,,19.33,,8.33,,0.356,,0.708,3.0,
2019,2,Dominican (NY),473339,1-3,CACC,,10.25,,15.5,,0.36,,0.571,,0.684,,,,,,6.0,,13.75,,16.25,,31.25,,22.0,,11.75,,0.291,,0.663,4.0,
2019,2,Embry-Riddle (FL),473361,7-2,Sunshine State,,11.89,,9.67,,0.721,,0.333,,0.818,,,,,,6.22,,7.22,,18.11,,37.44,,21.89,,8.0,,0.307,,0.721,9.0,
2019,2,Emmanuel (GA),473357,1-5,Conference Carolinas,,10.83,,18.17,,0.309,,0.323,,0.659,,,,,,5.67,,12.67,,16.5,,25.17,,21.67,,8.67,,0.279,,0.727,6.0,
2019,2,Felician,473364,0-3,CACC,,8.0,,23.33,,0.37,,0.19,,0.533,,,,,,2.33,,16.67,,10.33,,22.33,,24.0,,10.67,,0.27,,0.618,3.0,
2019,2,Fla. Southern,473303,2-3,Sunshine State,,17.8,,12.0,,0.639,,0.214,,0.708,,,,,,12.4,,10.8,,30.2,,51.2,,22.6,,9.4,,0.325,,0.838,5.0,
2019,2,Florida Tech,473302,3-1,Sunshine State,,10.75,,9.5,,0.585,,0.182,,0.765,,,,,,5.0,,14.75,,15.75,,39.25,,20.25,,9.0,,0.212,,0.846,4.0,
2019,2,Franklin Pierce,473304,2-0,NE10,,14.5,,3.5,,0.8,,0.429,,0.636,,,,,,6.0,,9.5,,20.5,,29.0,,17.5,,10.5,,0.287,,0.846,2.0,
2019,2,Georgian Court,473340,2-5,CACC,,7.86,,11.0,,0.455,,0.333,,0.733,,,,,,3.57,,17.29,,11.43,,30.86,,21.0,,5.86,,0.221,,0.817,7.0,
2019,2,LIU Post,473307,3-1,ECC,,16.75,,11.0,,0.879,,0.375,,0.867,,,,,,8.75,,10.75,,25.5,,45.0,,27.25,,8.25,,0.376,,0.747,4.0,
2019,2,Lake Erie,473337,0-4,G-MAC,,11.25,,15.0,,0.612,,0.333,,0.632,,,,,,8.0,,14.5,,19.25,,38.75,,17.0,,5.25,,0.313,,0.694,4.0,
2019,2,Le Moyne,473306,4-1,NE10,,15.4,,7.8,,0.542,,0.4,,0.667,,,,,,9.0,,9.0,,24.4,,33.8,,15.4,,8.4,,0.329,,0.831,5.0,
2019,2,Lees-McRae,473346,2-4,Conference Carolinas,,12.67,,16.83,,0.352,,0.313,,0.667,,,,,,6.83,,11.67,,19.5,,37.0,,23.0,,9.5,,0.374,,0.755,6.0,
2019,2,Lenoir-Rhyne,473325,0-5,SAC,,10.6,,15.8,,0.365,,0.35,,0.579,,,,,,5.4,,12.4,,16.0,,27.4,,15.6,,8.4,,0.248,,0.833,5.0,
2019,2,Limestone,473326,7-0,Conference Carolinas,,17.57,,6.43,,0.743,,0.25,,0.739,,,,,,10.57,,10.71,,28.14,,45.14,,18.71,,7.71,,0.384,,0.889,7.0,
2019,2,Lincoln Memorial,473327,2-5,SAC,,10.0,,10.57,,0.566,,0.229,,0.737,,,,,,3.71,,10.86,,13.71,,30.57,,23.57,,9.57,,0.294,,0.788,7.0,
2019,2,Lindenwood,473352,6-1,DII Independent,,13.43,,8.57,,0.517,,0.333,,0.629,,,,,,6.57,,10.14,,20.0,,34.29,,15.0,,10.86,,0.296,,0.844,7.0,
2019,2,Lynn,473348,3-1,Sunshine State,,11.75,,8.75,,0.722,,,,0.778,,,,,,5.5,,11.75,,17.25,,40.25,,18.5,,5.0,,0.329,,0.907,4.0,
2019,2,Mars Hill,473328,2-4,SAC,,12.33,,16.83,,0.376,,0.324,,0.654,,,,,,6.17,,14.17,,18.5,,30.5,,17.83,,4.17,,0.292,,0.799,6.0,
2019,2,Maryville (MO),473308,6-1,GLVC,,16.29,,8.86,,0.4,,0.188,,0.811,,,,,,9.43,,10.71,,25.71,,32.86,,17.14,,15.14,,0.361,,0.84,7.0,
2019,2,Mercy,473309,7-0,ECC,,13.0,,6.57,,0.603,,0.417,,0.605,,,,,,9.86,,11.86,,22.86,,39.43,,21.14,,14.0,,0.332,,0.709,7.0,
2019,2,Mercyhurst,473310,2-2,G-MAC,,12.75,,9.25,,0.356,,0.313,,0.632,,,,,,8.5,,10.0,,21.25,,32.0,,18.0,,9.0,,0.327,,0.882,4.0,
2019,2,Merrimack,473311,2-1,NE10,,17.33,,14.33,,0.314,,0.6,,0.6,,,,,,10.33,,7.0,,27.67,,27.33,,10.0,,9.33,,0.394,,0.884,3.0,
2019,2,Molloy,473312,1-3,ECC,,7.0,,14.25,,0.615,,0.281,,0.7,,,,,,4.25,,12.25,,11.25,,29.75,,21.25,,7.5,,0.192,,0.747,4.0,
2019,2,Montevallo,473359,2-6,GLVC,,12.5,,14.75,,0.533,,0.255,,0.674,,,,,,5.75,,14.75,,18.25,,44.75,,25.75,,8.25,,0.271,,0.764,8.0,
2019,2,Mount Olive,473329,6-1,Conference Carolinas,,13.57,,7.29,,0.48,,0.313,,0.958,,,,,,6.71,,11.43,,20.29,,36.86,,19.29,,11.29,,0.316,,0.897,7.0,
2019,2,New York Tech,473314,2-4,ECC,,11.17,,13.67,,0.482,,0.3,,0.652,,,,,,5.33,,12.33,,16.5,,32.5,,16.0,,6.17,,0.31,,0.792,6.0,
2019,2,Newberry,473363,6-1,SAC,,15.86,,9.57,,0.703,,0.308,,0.583,,,,,,8.86,,12.57,,24.71,,45.29,,19.29,,10.71,,0.314,,0.87,7.0,
2019,2,North Greenville,473341,2-6,Conference Carolinas,,11.88,,12.0,,0.463,,0.206,,0.962,,,,,,5.5,,9.88,,17.38,,28.63,,18.38,,9.38,,0.272,,0.861,8.0,
2019,2,Notre Dame de Namur,473350,1-5,DII Independent,,9.17,,22.83,,0.404,,0.313,,0.435,,,,,,6.5,,12.5,,15.67,,30.67,,21.5,,9.67,,0.281,,0.637,6.0,
2019,2,Pace,473315,3-0,NE10,,16.33,,7.67,,0.55,,0.364,,0.533,,,,,,8.33,,12.33,,24.67,,34.0,,16.0,,12.33,,0.32,,0.922,3.0,
2019,2,Palm Beach Atl.,473360,5-3,Sunshine State,,14.25,,11.5,,0.517,,0.373,,0.647,,,,,,7.75,,13.88,,22.0,,46.13,,20.25,,8.88,,0.301,,0.818,8.0,
2019,2,Post,473330,1-4,CACC,,6.6,,12.2,,0.275,,0.25,,0.588,,,,,,4.0,,13.2,,10.6,,21.2,,23.2,,11.0,,0.244,,0.826,5.0,
2019,2,Queens (NC),473343,5-1,SAC,,12.33,,7.5,,0.54,,0.182,,0.789,,,,,,7.17,,13.0,,19.5,,29.17,,16.0,,8.0,,0.312,,0.88,6.0,
2019,2,Roberts Wesleyan,473354,3-2,ECC,,11.8,,10.8,,0.722,,0.214,,0.864,,,,,,6.4,,12.6,,18.2,,33.4,,17.6,,6.2,,0.307,,0.879,5.0,
2019,2,Rockhurst,473331,4-2,RMAC,,17.17,,10.5,,0.683,,0.364,,0.8,,,,,,9.17,,8.0,,26.33,,41.83,,20.67,,12.33,,0.301,,0.839,6.0,
2019,2,Rollins,473316,4-1,Sunshine State,,14.0,,7.6,,0.683,,0.176,,0.75,,,,,,8.0,,9.6,,22.0,,40.2,,17.8,,8.6,,0.34,,0.805,5.0,
2019,2,Saint Anselm,473317,0-1,NE10,,10.0,,15.0,,0.107,,0.25,,0.833,,,,,,2.0,,9.0,,12.0,,28.0,,16.0,,7.0,,0.227,,0.8,1.0,
2019,2,Saint Leo,473318,4-2,Sunshine State,,17.17,,13.17,,0.458,,0.36,,0.793,,,,,,9.5,,14.67,,26.67,,37.5,,15.17,,11.5,,0.356,,0.878,6.0,
2019,2,Saint Michael's,473319,2-0,NE10,,15.0,,7.0,,0.667,,0.125,,0.538,,,,,,9.5,,9.5,,24.5,,40.0,,24.0,,18.0,,0.309,,0.829,2.0,
2019,2,Saint Rose,473332,1-3,NE10,,10.75,,13.75,,0.688,,0.471,,0.529,,,,,,4.25,,14.0,,15.0,,34.25,,18.75,,6.0,,0.265,,0.761,4.0,
2019,2,Seton Hill,473351,4-2,G-MAC,,15.0,,8.83,,0.723,,0.393,,0.778,,,,,,9.17,,10.83,,24.17,,36.0,,16.5,,10.0,,0.333,,0.851,6.0,
2019,2,Shorter,473355,0-7,GLVC,,6.43,,17.86,,0.346,,0.271,,0.721,,,,,,1.86,,18.0,,8.29,,27.43,,26.14,,8.0,,0.251,,0.73,7.0,
2019,2,Southern N.H.,473313,2-2,NE10,,11.25,,12.0,,0.312,,0.524,,0.68,,,,,,7.0,,13.5,,18.25,,31.5,,12.75,,6.75,,0.231,,0.81,4.0,
2019,2,St. Thomas Aquinas,473333,1-0,ECC,,12.0,,4.0,,0.389,,,,1.0,,,,,,8.0,,10.0,,20.0,,33.0,,13.0,,12.0,,0.343,,1.0,1.0,
2019,2,Tampa,473320,3-4,Sunshine State,,12.43,,13.14,,0.744,,0.385,,0.852,,,,,,7.14,,11.14,,19.57,,36.86,,17.43,,6.0,,0.292,,0.809,7.0,
2019,2,Tusculum,473345,5-1,SAC,,15.83,,11.0,,0.565,,0.308,,0.727,,,,,,11.0,,10.17,,26.83,,33.5,,20.0,,6.0,,0.397,,0.759,6.0,
2019,2,UAH,473296,1-4,GLVC,,8.4,,14.0,,0.527,,0.214,,0.643,,,,,,2.8,,11.4,,11.2,,28.4,,16.8,,8.2,,0.25,,0.756,5.0,
2019,2,UIndy,473305,5-0,GLVC,,12.8,,8.2,,0.645,,0.313,,0.818,,,,,,7.0,,10.2,,19.8,,35.8,,16.8,,10.6,,0.263,,0.882,5.0,
2019,2,Walsh,473353,0-6,G-MAC,,6.83,,13.67,,0.57,,0.25,,0.818,,,,,,4.5,,14.67,,11.33,,25.5,,26.17,,6.83,,0.256,,0.794,6.0,
2019,2,Westminster (UT),473358,2-2,RMAC,,10.0,,9.75,,0.473,,0.25,,0.714,,,,,,6.0,,9.75,,16.0,,31.5,,18.0,,8.5,,0.261,,0.823,4.0,
2019,2,Wheeling,473344,1-6,G-MAC,,8.57,,16.43,,0.444,,0.229,,0.517,,,,,,3.57,,13.14,,12.14,,31.71,,22.57,,6.43,,0.275,,0.631,7.0,
2019,2,Wilmington (DE),473362,3-1,CACC,,11.75,,9.75,,0.6,,0.174,,0.846,,,,,,5.75,,10.5,,17.5,,37.0,,24.5,,9.0,,0.251,,0.821,4.0,
2019,2,Wingate,473334,5-1,SAC,,11.83,,9.17,,0.517,,0.5,,0.8,,,,,,7.0,,11.0,,18.83,,34.67,,18.5,,9.5,,0.278,,0.87,6.0,
2019,2,Young Harris,473356,4-4,GLVC,,12.0,,12.88,,0.229,,0.231,,0.85,,,,,,7.63,,15.13,,19.63,,23.13,,16.5,,6.88,,0.397,,0.758,8.0,
2020,1,Air Force,493893,4-3,SoCon,,10.29,,11.0,,0.453,,0.357,,0.741,,72.0,,,,6.71,,12.29,,17.0,,27.71,,16.14,,6.0,,0.312,,0.81,7.0,0.879
2020,1,Army West Point,493894,6-2,Patriot,,13.75,,7.25,,0.451,,0.308,,0.769,,110.0,,,,9.38,,11.63,,23.13,,35.88,,16.88,,10.63,,0.336,,0.847,8.0,0.775
2020,1,Bellarmine,493833,2-6,SoCon,,11.25,,12.0,,0.365,,0.318,,0.579,,90.0,,,,6.13,,11.75,,17.38,,28.63,,18.0,,8.88,,0.285,,0.838,8.0,0.812
2020,1,Binghamton,493834,1-5,America East,,7.0,,14.33,,0.345,,0.211,,0.389,,42.0,,,,4.17,,14.83,,11.17,,29.0,,21.17,,7.5,,0.235,,0.795,6.0,0.92
2020,1,Boston U.,493835,3-3,Patriot,,10.33,,11.0,,0.608,,0.364,,0.722,,62.0,,,,6.33,,12.33,,16.67,,35.17,,21.5,,12.5,,0.277,,0.87,6.0,0.843
2020,1,Brown,493836,3-2,Ivy League,,13.4,,10.2,,0.606,,0.381,,0.619,,67.0,,,,7.4,,13.0,,20.8,,37.2,,14.4,,9.0,,0.254,,0.848,5.0,0.832
2020,1,Bryant,493837,3-4,NEC,,12.57,,11.71,,0.49,,0.346,,0.684,,88.0,,,,6.29,,11.14,,18.86,,28.0,,14.86,,7.0,,0.292,,0.853,7.0,0.857
2020,1,Bucknell,493838,5-1,Patriot,,14.67,,9.83,,0.565,,0.588,,0.579,,88.0,,,,8.67,,10.83,,23.33,,39.83,,15.5,,12.17,,0.293,,0.847,6.0,0.69
2020,1,Canisius,493839,0-5,MAAC,,8.2,,17.0,,0.343,,0.143,,0.529,,41.0,,,,4.2,,17.2,,12.4,,28.4,,16.8,,4.2,,0.281,,0.794,5.0,0.878
2020,1,Cleveland St.,493840,2-5,DI Independent,,9.43,,12.71,,0.569,,0.304,,0.579,,66.0,,,,5.57,,9.14,,15.0,,30.57,,19.29,,5.86,,0.245,,0.804,7.0,0.824
2020,1,Colgate,493841,0-6,Patriot,,11.67,,18.33,,0.51,,0.538,,0.458,,70.0,,,,7.33,,13.67,,19.0,,34.83,,19.67,,6.5,,0.271,,0.766,6.0,0.873
2020,1,Cornell,493842,5-0,Ivy League,,18.4,,12.8,,0.529,,0.571,,0.593,,92.0,,,,10.4,,8.6,,28.8,,40.2,,14.0,,8.0,,0.404,,0.882,5.0,0.792
2020,1,Dartmouth,493843,3-1,Ivy League,,11.5,,8.25,,0.522,,0.308,,0.5,,46.0,,,,6.5,,13.5,,18.0,,30.25,,15.25,,8.5,,0.348,,0.852,4.0,0.857
2020,1,Delaware,493844,4-2,CAA,,11.83,,9.17,,0.407,,0.409,,0.6,,71.0,,,,7.17,,11.83,,19.0,,29.5,,13.67,,9.67,,0.265,,0.898,6.0,0.881
2020,1,Denver,493845,4-2,Big East,,13.17,,9.5,,0.624,,0.36,,0.467,,79.0,,,,6.5,,7.67,,19.67,,31.33,,14.17,,7.83,,0.315,,0.877,6.0,0.829
2020,1,Detroit Mercy,493846,2-3,MAAC,,12.6,,16.8,,0.591,,0.353,,0.737,,63.0,,,,6.0,,10.2,,18.6,,34.8,,18.2,,4.8,,0.342,,0.747,5.0,0.942
2020,1,Drexel,493847,3-3,CAA,,14.83,,12.5,,0.455,,0.4,,0.533,,89.0,,,,8.5,,11.67,,23.33,,37.17,,17.5,,7.67,,0.319,,0.842,6.0,0.824
2020,1,Duke,493848,6-2,ACC,,15.25,,11.0,,0.575,,0.222,,0.654,,122.0,,,,8.88,,9.75,,24.13,,34.88,,16.88,,7.75,,0.375,,0.898,8.0,0.866
2020,1,Fairfield,493849,5-2,CAA,,16.43,,15.57,,0.49,,0.517,,0.556,,115.0,,,,10.29,,13.86,,26.71,,35.86,,16.43,,7.29,,0.354,,0.787,7.0,0.764
2020,1,Furman,493850,1-6,SoCon,,9.14,,16.43,,0.302,,0.556,,0.579,,64.0,,,,5.71,,14.57,,14.86,,26.14,,21.14,,7.86,,0.279,,0.78,7.0,0.8
2020,1,Georgetown,493851,6-0,Big East,,16.5,,6.33,,0.673,,0.692,,0.786,,99.0,,,,9.83,,10.83,,26.33,,41.17,,16.5,,8.33,,0.329,,0.934,6.0,0.768
2020,1,Hampton,493852,0-6,DI Independent,,5.67,,20.83,,0.52,,0.045,,0.5,,34.0,,,,3.5,,13.0,,9.17,,27.67,,26.67,,7.0,,0.227,,0.597,6.0,0.87
2020,1,Hartford,493853,3-3,America East,,11.17,,10.33,,0.559,,0.231,,0.48,,67.0,,,,6.67,,11.83,,17.83,,29.67,,15.67,,9.33,,0.256,,0.851,6.0,0.893
2020,1,Harvard,493854,2-2,Ivy League,,11.75,,11.25,,0.438,,0.3,,0.867,,47.0,,,,6.0,,14.75,,17.75,,26.5,,16.5,,7.25,,0.356,,0.761,4.0,0.918
2020,1,High Point,493902,2-6,SoCon,,12.38,,17.0,,0.461,,0.405,,0.515,,99.0,,,,7.63,,13.38,,20.0,,30.25,,17.88,,7.5,,0.321,,0.856,8.0,0.897
2020,1,Hobart,493855,4-1,NEC,,19.6,,12.0,,0.557,,0.619,,0.619,,98.0,,,,9.6,,15.2,,29.2,,37.0,,16.4,,7.6,,0.367,,0.838,5.0,0.862
2020,1,Hofstra,493856,4-3,CAA,,13.57,,10.14,,0.616,,0.45,,0.708,,95.0,,,,7.86,,9.57,,21.43,,32.71,,14.29,,5.86,,0.302,,0.922,7.0,0.808
2020,1,Holy Cross,493857,4-3,Patriot,,9.14,,10.57,,0.633,,0.16,,0.526,,64.0,,,,4.71,,9.71,,13.86,,31.29,,18.57,,10.43,,0.241,,0.83,7.0,0.806
2020,1,Jacksonville,493858,3-3,SoCon,,12.83,,11.0,,0.439,,0.133,,0.72,,77.0,,,,7.5,,9.67,,20.33,,32.0,,16.17,,10.0,,0.304,,0.935,6.0,0.743
2020,1,Johns Hopkins,493859,2-4,Big Ten,,10.83,,13.17,,0.588,,0.381,,0.533,,65.0,,,,6.0,,11.67,,16.83,,29.17,,15.33,,4.33,,0.255,,0.789,6.0,0.892
2020,1,LIU,497536,1-6,NEC,,11.29,,13.71,,0.348,,0.345,,0.643,,79.0,,,,7.57,,15.29,,18.86,,23.29,,17.43,,5.29,,0.336,,0.83,7.0,0.928
2020,1,Lafayette,493860,0-6,Patriot,,7.0,,16.33,,0.405,,0.214,,0.44,,42.0,,,,3.0,,12.0,,10.0,,26.83,,22.17,,5.67,,0.256,,0.792,6.0,0.912
2020,1,Lehigh,493861,5-1,Patriot,,14.0,,9.67,,0.638,,0.524,,0.375,,84.0,,,,8.83,,10.17,,22.83,,42.33,,18.83,,9.17,,0.349,,0.805,6.0,0.845
2020,1,Loyola Maryland,493863,4-2,Patriot,,11.5,,8.67,,0.681,,0.483,,0.889,,69.0,,,,6.83,,11.0,,18.33,,33.33,,14.5,,9.33,,0.238,,0.903,6.0,0.772
2020,1,Manhattan,493864,3-3,MAAC,,8.5,,9.33,,0.352,,0.2,,0.733,,51.0,,,,5.33,,13.83,,13.83,,23.83,,16.67,,5.67,,0.309,,0.863,6.0,0.871
2020,1,Marist,493865,3-3,MAAC,,13.17,,11.17,,0.622,,0.593,,0.808,,79.0,,,,8.17,,11.17,,21.33,,32.83,,16.0,,9.5,,0.324,,0.81,6.0,0.875
2020,1,Marquette,493866,3-4,Big East,,11.71,,10.57,,0.441,,0.25,,0.815,,82.0,,,,5.43,,9.43,,17.14,,31.86,,16.29,,8.86,,0.322,,0.816,7.0,0.891
2020,1,Maryland,493868,5-1,Big Ten,,15.67,,12.5,,0.574,,0.5,,0.842,,94.0,,,,10.0,,12.83,,25.67,,33.5,,17.5,,6.67,,0.311,,0.887,6.0,0.894
2020,1,Massachusetts,493869,5-2,CAA,,11.0,,10.71,,0.571,,0.269,,0.767,,77.0,,,,7.29,,11.71,,18.29,,29.57,,16.29,,9.71,,0.284,,0.833,7.0,0.78
2020,1,Mercer,493870,6-1,SoCon,,16.43,,8.86,,0.683,,0.45,,0.8,,115.0,,,,10.0,,8.57,,26.43,,32.0,,14.29,,6.71,,0.369,,0.883,7.0,0.872
2020,1,Michigan,493871,4-3,Big Ten,,13.29,,11.86,,0.503,,0.517,,0.68,,93.0,,,,6.71,,11.71,,20.0,,32.86,,13.71,,8.0,,0.305,,0.848,7.0,0.803
2020,1,Monmouth,493872,2-4,MAAC,,6.83,,10.67,,0.448,,0.222,,0.773,,41.0,,,,4.0,,10.67,,10.83,,29.5,,18.0,,8.5,,0.202,,0.844,6.0,0.869
2020,1,Mount St. Mary's,493873,3-5,NEC,,8.75,,11.63,,0.516,,0.387,,0.625,,70.0,,,,4.63,,10.88,,13.38,,30.38,,16.63,,8.0,,0.225,,0.863,8.0,0.885
2020,1,NJIT,493875,1-6,NEC,,7.71,,12.43,,0.439,,0.261,,0.733,,54.0,,,,4.57,,12.14,,12.29,,26.86,,20.71,,8.0,,0.254,,0.858,7.0,0.832
2020,1,Navy,493895,3-2,Patriot,,11.8,,9.4,,0.508,,0.667,,0.786,,59.0,,,,8.2,,10.2,,20.0,,37.2,,17.0,,9.0,,0.324,,0.796,5.0,0.796
2020,1,North Carolina,493874,7-0,ACC,,17.86,,10.0,,0.568,,0.773,,0.5,,125.0,,,,12.29,,9.0,,30.14,,38.29,,14.43,,7.29,,0.391,,0.859,7.0,0.741
2020,1,Notre Dame,493876,2-3,ACC,,12.2,,10.6,,0.427,,0.385,,0.308,,61.0,,,,6.8,,11.0,,19.0,,30.0,,13.8,,7.4,,0.292,,0.843,5.0,0.906
2020,1,Ohio St.,493877,5-2,Big Ten,,13.86,,10.14,,0.547,,0.455,,0.737,,97.0,,,,9.0,,13.86,,22.86,,32.14,,17.71,,6.29,,0.357,,0.889,7.0,0.787
2020,1,Penn,493879,2-3,Ivy League,,13.8,,14.0,,0.654,,0.357,,0.462,,69.0,,,,8.6,,11.4,,22.4,,37.6,,17.0,,7.6,,0.279,,0.864,5.0,0.836
2020,1,Penn St.,493878,5-2,Big Ten,,17.29,,11.0,,0.55,,0.579,,0.471,,121.0,,,,9.71,,12.14,,27.0,,37.43,,17.43,,6.71,,0.401,,0.831,7.0,0.799
2020,1,Princeton,493880,5-0,Ivy League,,18.0,,10.8,,0.497,,0.304,,0.353,,90.0,,,,9.8,,12.0,,27.8,,38.4,,15.6,,10.0,,0.395,,0.824,5.0,0.765
2020,1,Providence,493881,5-1,Big East,,11.5,,8.0,,0.386,,0.579,,0.938,,69.0,,,,6.5,,13.5,,18.0,,32.5,,15.67,,8.17,,0.28,,0.856,6.0,0.893
2020,1,Quinnipiac,493882,0-6,MAAC,,9.33,,14.83,,0.607,,0.32,,0.552,,56.0,,,,4.0,,13.33,,13.33,,31.5,,19.5,,5.83,,0.231,,0.804,6.0,0.874
2020,1,Richmond,493883,4-3,SoCon,,12.71,,10.57,,0.435,,0.476,,0.688,,89.0,,,,7.43,,13.29,,20.14,,30.29,,17.57,,9.29,,0.335,,0.917,7.0,0.834
2020,1,Robert Morris,493884,4-2,Independent,,14.0,,13.83,,0.489,,0.308,,0.667,,84.0,,,,7.17,,10.33,,21.17,,37.5,,17.5,,9.5,,0.301,,0.867,6.0,0.806
2020,1,Rutgers,493885,2-4,Big Ten,,12.5,,12.5,,0.331,,0.467,,0.842,,75.0,,,,6.83,,12.17,,19.33,,26.0,,13.83,,8.17,,0.31,,0.858,6.0,0.809
2020,1,Sacred Heart,493886,1-5,NEC,,9.67,,14.17,,0.407,,0.412,,0.5,,58.0,,,,4.83,,15.17,,14.5,,28.5,,20.5,,7.83,,0.244,,0.8,6.0,0.863
2020,1,Saint Joseph's,493888,5-2,NEC,,10.29,,9.71,,0.646,,0.192,,0.652,,72.0,,,,6.57,,13.57,,16.86,,32.86,,18.71,,7.43,,0.28,,0.866,7.0,0.931
2020,1,Siena,493889,2-4,MAAC,,11.83,,16.0,,0.422,,0.364,,0.593,,71.0,,,,6.5,,14.83,,18.33,,32.67,,18.5,,10.33,,0.273,,0.779,6.0,0.827
2020,1,St. Bonaventure,493830,0-6,MAAC,,6.17,,14.17,,0.214,,0.313,,0.417,,37.0,,,,3.67,,12.83,,9.83,,17.17,,16.0,,6.5,,0.223,,0.843,6.0,0.872
2020,1,St. John's (NY),493887,3-4,Big East,,12.57,,14.29,,0.544,,0.667,,0.667,,88.0,,,,6.71,,10.43,,19.29,,32.86,,17.0,,7.43,,0.289,,0.894,7.0,0.858
2020,1,Stony Brook,493890,5-2,America East,,13.14,,13.0,,0.522,,0.324,,0.542,,92.0,,,,5.71,,13.71,,18.86,,37.0,,16.43,,6.86,,0.285,,0.847,7.0,0.831
2020,1,Syracuse,493891,5-0,ACC,,16.6,,9.4,,0.671,,0.417,,0.6,,83.0,,,,8.6,,12.8,,25.2,,41.2,,13.6,,9.8,,0.323,,0.91,5.0,0.812
2020,1,Towson,493892,0-6,CAA,,7.0,,14.0,,0.331,,0.375,,0.412,,42.0,,,,4.0,,12.5,,11.0,,23.33,,15.83,,5.83,,0.223,,0.843,6.0,0.915
2020,1,UAlbany,493832,2-3,America East,,12.8,,15.4,,0.346,,0.15,,0.615,,64.0,,,,10.0,,11.8,,22.8,,31.6,,15.4,,7.2,,0.34,,0.847,5.0,0.824
2020,1,UMBC,493867,4-1,America East,,11.8,,8.4,,0.553,,0.308,,0.9,,59.0,,,,5.0,,12.4,,16.8,,29.8,,14.2,,8.6,,0.288,,0.9,5.0,0.883
2020,1,UMass Lowell,493862,3-4,America East,,9.29,,11.57,,0.43,,0.24,,0.694,,65.0,,,,6.14,,11.43,,15.43,,29.57,,17.14,,7.86,,0.233,,0.814,7.0,0.843
2020,1,Utah,493831,3-3,DI Independent,,12.83,,11.0,,0.509,,0.318,,0.588,,77.0,,,,7.67,,13.0,,20.5,,32.83,,15.33,,7.17,,0.309,,0.868,6.0,0.903
2020,1,VMI,493898,0-4,SoCon,,8.0,,12.75,,0.448,,0.2,,0.571,,32.0,,,,3.25,,11.75,,11.25,,28.75,,17.0,,9.0,,0.276,,0.833,4.0,0.877
2020,1,Vermont,493896,3-1,America East,,10.75,,8.25,,0.433,,0.385,,0.833,,43.0,,,,5.25,,13.0,,16.0,,25.25,,14.75,,8.25,,0.307,,0.882,4.0,0.792
2020,1,Villanova,493897,4-3,Big East,,12.57,,13.14,,0.412,,0.423,,0.483,,88.0,,,,7.29,,12.29,,19.86,,29.43,,12.86,,7.14,,0.296,,0.851,7.0,0.867
2020,1,Virginia,493899,4-2,ACC,,13.67,,11.17,,0.551,,0.375,,0.64,,82.0,,,,9.33,,13.33,,23.0,,43.33,,16.5,,10.17,,0.282,,0.876,6.0,0.737
2020,1,Wagner,493900,1-5,NEC,,7.83,,15.33,,0.379,,0.333,,0.529,,47.0,,,,2.67,,10.67,,10.5,,20.0,,14.83,,4.67,,0.237,,0.863,6.0,0.903
2020,1,Yale,493901,3-1,Ivy League,,14.25,,11.5,,0.75,,0.533,,0.538,,57.0,,,,7.75,,9.75,,22.0,,34.25,,19.75,,5.0,,0.335,,0.642,4.0,0.798
2020,2,Adams St.,493930,0-4,RMAC,,7.25,,18.25,,0.327,,0.111,,0.696,,,,,,3.25,,13.0,,10.5,,20.75,,16.0,,6.25,,0.238,,0.793,4.0,
2020,2,Adelphi,493904,1-2,NE10,,15.33,,10.67,,0.414,,0.182,,0.733,,,,,,8.33,,9.0,,23.67,,34.67,,15.33,,9.33,,0.315,,0.817,3.0,
2020,2,Alderson Broaddus,493931,0-4,G-MAC,,4.0,,24.25,,0.336,,0.1,,0.286,,,,,,2.0,,13.0,,6.0,,22.25,,25.5,,6.5,,0.213,,0.674,4.0,
2020,2,American Int'l,493906,2-4,NE10,,7.33,,13.83,,0.368,,0.375,,0.565,,,,,,4.0,,16.67,,11.33,,27.17,,23.67,,9.83,,0.229,,0.741,6.0,
2020,2,Assumption,493907,2-0,NE10,,22.0,,6.5,,0.538,,0.444,,0.875,,,,,,15.0,,8.0,,37.0,,40.5,,15.0,,11.5,,0.373,,0.897,2.0,
2020,2,Barton,493903,1-6,Conference Carolinas,,11.43,,13.71,,0.497,,0.244,,0.75,,,,,,5.43,,14.0,,16.86,,28.14,,18.71,,7.29,,0.289,,0.812,7.0,
2020,2,Belmont Abbey,493944,6-0,Conference Carolinas,,13.5,,7.0,,0.5,,0.64,,0.789,,,,,,8.33,,15.5,,21.83,,27.67,,16.17,,6.33,,0.336,,0.863,6.0,
2020,2,Bentley,493908,0-2,NE10,,8.5,,15.5,,0.333,,,,0.5,,,,,,6.0,,13.0,,14.5,,18.0,,17.5,,5.5,,0.243,,0.727,2.0,
2020,2,CSU Pueblo,493945,1-2,RMAC,,11.33,,20.33,,0.327,,0.455,,0.565,,,,,,5.67,,13.67,,17.0,,29.67,,19.33,,5.67,,0.291,,0.732,3.0,
2020,2,Caldwell,497516,1-1,CACC,,8.0,,10.5,,0.833,,0.25,,0.714,,,,,,5.0,,12.0,,13.0,,28.5,,24.0,,7.5,,0.216,,0.625,2.0,
2020,2,Catawba,493932,2-3,SAC,,9.6,,11.8,,0.456,,0.235,,0.563,,,,,,4.2,,13.8,,13.8,,31.4,,22.2,,8.2,,0.262,,0.866,5.0,
2020,2,Chestnut Hill,493958,4-1,CACC,,22.2,,9.0,,0.564,,0.917,,0.818,,,,,,13.8,,15.8,,36.0,,39.2,,18.8,,5.6,,0.451,,0.786,5.0,
2020,2,Chowan,493947,5-3,Conference Carolinas,,14.0,,9.38,,0.395,,0.275,,0.791,,,,,,9.5,,12.25,,23.5,,35.88,,17.25,,13.5,,0.332,,0.827,8.0,
2020,2,Coker,493933,6-2,SAC,,13.88,,11.63,,0.601,,0.222,,0.737,,,,,,7.38,,12.0,,21.25,,39.88,,19.38,,11.38,,0.31,,0.808,8.0,
2020,2,Colorado Mesa,493951,7-0,RMAC,,17.71,,6.86,,0.766,,0.405,,0.833,,,,,,10.71,,9.86,,28.43,,41.86,,17.71,,9.43,,0.297,,0.892,7.0,
2020,2,Davenport,497497,1-5,DII Independent,,9.0,,15.67,,0.395,,0.259,,0.576,,,,,,4.33,,15.0,,13.33,,24.83,,19.83,,7.5,,0.271,,0.752,6.0,
2020,2,Davis & Elkins,493909,0-6,G-MAC,,8.33,,21.0,,0.284,,0.185,,0.556,,,,,,4.33,,13.67,,12.67,,30.33,,20.83,,5.83,,0.276,,0.8,6.0,
2020,2,Dist. Columbia,493910,3-5,ECC,,12.13,,17.38,,0.528,,0.239,,0.488,,,,,,6.5,,12.38,,18.63,,30.13,,11.5,,6.0,,0.303,,0.842,8.0,
2020,2,Dominican (NY),493948,2-3,CACC,,9.2,,14.8,,0.493,,0.296,,0.423,,,,,,5.0,,18.4,,14.2,,34.6,,20.6,,8.6,,0.222,,0.813,5.0,
2020,2,Embry-Riddle (FL),493970,2-5,Sunshine State,,11.14,,12.57,,0.656,,0.214,,0.625,,,,,,6.14,,11.29,,17.29,,34.86,,23.29,,7.29,,0.292,,0.83,7.0,
2020,2,Emmanuel (GA),493966,3-4,Conference Carolinas,,12.71,,12.86,,0.483,,0.405,,0.682,,,,,,8.14,,14.0,,20.86,,41.86,,25.57,,13.86,,0.287,,0.778,7.0,
2020,2,Felician,493973,1-5,CACC,,7.17,,16.67,,0.5,,0.27,,0.652,,,,,,4.17,,18.5,,11.33,,31.33,,22.33,,5.0,,0.232,,0.725,6.0,
2020,2,Fla. Southern,493912,3-3,Sunshine State,,11.83,,11.17,,0.767,,0.419,,0.5,,,,,,7.17,,9.67,,19.0,,40.0,,18.33,,8.0,,0.241,,0.864,6.0,
2020,2,Florida Tech,493911,2-4,Sunshine State,,11.83,,13.5,,0.521,,0.238,,0.6,,,,,,5.0,,12.17,,16.83,,35.67,,21.17,,7.17,,0.341,,0.789,6.0,
2020,2,Franklin Pierce,493913,2-0,NE10,,16.5,,5.0,,0.5,,0.636,,0.714,,,,,,7.5,,11.0,,24.0,,32.0,,19.0,,10.5,,0.292,,0.843,2.0,
2020,2,Frostburg St.,494203,4-0,ECC,,19.0,,8.0,,0.683,,0.267,,0.643,,,,,,10.0,,7.75,,29.0,,42.25,,17.75,,10.25,,0.345,,0.891,4.0,
2020,2,Georgian Court,493949,4-4,CACC,,10.63,,10.75,,0.508,,0.448,,0.714,,,,,,6.13,,15.75,,16.75,,33.88,,18.75,,4.75,,0.276,,0.787,8.0,
2020,2,Lake Erie,493946,0-5,G-MAC,,10.8,,14.8,,0.298,,0.273,,0.688,,,,,,5.4,,13.6,,16.2,,28.0,,16.2,,8.2,,0.318,,0.84,5.0,
2020,2,Lander,497458,4-2,GLVC,,14.33,,10.33,,0.539,,0.4,,0.645,,,,,,8.83,,13.33,,23.17,,47.67,,22.5,,9.0,,0.304,,0.806,6.0,
2020,2,Le Moyne,493915,4-0,NE10,,16.0,,9.5,,0.759,,0.364,,0.75,,,,,,9.0,,9.0,,25.0,,36.5,,15.5,,6.0,,0.29,,0.845,4.0,
2020,2,Lees-McRae,493955,1-6,Conference Carolinas,,8.86,,18.43,,0.284,,0.32,,0.357,,,,,,4.43,,14.14,,13.29,,28.43,,23.29,,8.0,,0.356,,0.576,7.0,
2020,2,Lenoir-Rhyne,493934,5-1,SAC,,15.33,,11.5,,0.635,,0.273,,0.739,,,,,,8.83,,11.83,,24.17,,38.67,,20.67,,9.0,,0.315,,0.865,6.0,
2020,2,Lewis,497496,3-2,GLVC,,10.0,,7.4,,0.562,,0.348,,1.0,,,,,,5.8,,13.6,,15.8,,32.0,,21.6,,8.6,,0.278,,0.743,5.0,
2020,2,Limestone,493935,4-1,Conference Carolinas,,19.6,,11.0,,0.651,,0.6,,0.625,,,,,,11.6,,9.4,,31.2,,42.0,,18.2,,9.0,,0.452,,0.874,5.0,
2020,2,Lincoln Memorial,493936,2-4,SAC,,10.33,,13.83,,0.573,,0.222,,0.607,,,,,,6.17,,15.0,,16.5,,31.17,,22.83,,6.0,,0.337,,0.788,6.0,
2020,2,Lindenwood,493961,5-0,GLVC,,17.6,,8.8,,0.456,,0.297,,0.75,,,,,,11.2,,12.0,,28.8,,43.8,,14.0,,10.4,,0.313,,0.86,5.0,
2020,2,Lynn,493957,2-3,Sunshine State,,11.4,,11.4,,0.823,,0.421,,0.667,,,,,,5.0,,14.6,,16.4,,35.0,,21.2,,4.4,,0.249,,0.753,5.0,
2020,2,Mars Hill,493937,3-4,SAC,,10.71,,15.71,,0.607,,0.344,,0.656,,,,,,5.29,,13.0,,16.0,,41.71,,25.71,,6.43,,0.288,,0.73,7.0,
2020,2,Maryville (MO),493917,2-4,GLVC,,8.83,,10.83,,0.329,,0.474,,0.765,,,,,,5.67,,10.83,,14.5,,28.17,,20.33,,10.5,,0.256,,0.773,6.0,
2020,2,Mercy,493918,4-1,ECC,,15.0,,7.4,,0.69,,0.571,,0.529,,,,,,11.0,,13.0,,26.0,,36.4,,18.4,,9.6,,0.341,,0.858,5.0,
2020,2,Mercyhurst,493919,5-0,G-MAC,,12.8,,7.2,,0.638,,0.6,,0.8,,,,,,8.2,,9.0,,21.0,,35.0,,14.4,,8.2,,0.288,,0.909,5.0,
2020,2,Molloy,493921,1-5,ECC,,8.67,,14.83,,0.354,,0.321,,0.519,,,,,,4.83,,13.17,,13.5,,28.33,,20.0,,7.83,,0.261,,0.784,6.0,
2020,2,Montevallo,493968,3-4,GLVC,,11.57,,13.29,,0.257,,0.31,,0.731,,,,,,6.29,,13.57,,17.86,,29.43,,17.43,,8.29,,0.275,,0.766,7.0,
2020,2,Mount Olive,493938,3-2,Conference Carolinas,,11.4,,9.2,,0.496,,0.357,,0.692,,,,,,7.8,,12.2,,19.2,,26.0,,15.6,,9.8,,0.274,,0.858,5.0,
2020,2,New York Tech,493923,4-2,ECC,,12.67,,9.17,,0.476,,0.471,,0.52,,,,,,8.33,,14.33,,21.0,,27.83,,15.17,,8.33,,0.342,,0.832,6.0,
2020,2,Newberry,493972,3-3,SAC,,13.67,,11.5,,0.59,,0.343,,0.85,,,,,,8.17,,11.83,,21.83,,36.0,,19.83,,7.5,,0.408,,0.838,6.0,
2020,2,North Greenville,493950,4-4,Conference Carolinas,,10.25,,9.88,,0.299,,0.167,,0.742,,,,,,3.88,,16.63,,14.13,,26.88,,16.25,,8.63,,0.242,,0.906,8.0,
2020,2,Pace,493924,1-1,NE10,,12.5,,6.5,,0.545,,0.364,,0.667,,,,,,7.0,,14.0,,19.5,,28.0,,19.5,,12.5,,0.291,,0.887,2.0,
2020,2,Palm Beach Atl.,493969,2-3,Sunshine State,,12.8,,12.4,,0.474,,0.276,,0.794,,,,,,5.2,,11.0,,18.0,,35.4,,19.4,,8.6,,0.288,,0.921,5.0,
2020,2,Post,493939,0-6,CACC,,8.0,,15.0,,0.458,,0.167,,0.8,,,,,,4.33,,13.5,,12.33,,29.17,,17.67,,9.33,,0.246,,0.778,6.0,
2020,2,Queens (NC),493952,5-2,SAC,,13.43,,8.57,,0.587,,0.438,,0.679,,,,,,8.86,,14.71,,22.29,,29.14,,17.86,,6.29,,0.328,,0.821,7.0,
2020,2,Quincy,497495,0-3,GLVC,,4.0,,13.67,,0.219,,0.125,,0.889,,,,,,1.67,,18.67,,5.67,,25.33,,16.33,,4.0,,0.13,,0.857,3.0,
2020,2,Roberts Wesleyan,493963,3-3,ECC,,11.0,,9.17,,0.514,,0.24,,0.815,,,,,,6.33,,11.5,,17.33,,29.0,,18.33,,8.17,,0.283,,0.767,6.0,
2020,2,Rockhurst,493940,5-1,GLVC,,14.0,,8.5,,0.643,,0.32,,0.778,,,,,,8.5,,11.17,,22.5,,36.17,,21.5,,12.67,,0.251,,0.909,6.0,
2020,2,Rollins,493925,2-2,Sunshine State,,10.25,,8.5,,0.416,,0.364,,0.4,,,,,,4.75,,8.0,,15.0,,26.0,,15.75,,12.5,,0.237,,0.936,4.0,
2020,2,Saint Anselm,493926,2-0,NE10,,16.5,,11.5,,0.547,,0.571,,0.667,,,,,,9.0,,12.5,,25.5,,36.0,,18.5,,10.0,,0.344,,0.932,2.0,
2020,2,Saint Leo,493927,3-2,Sunshine State,,13.4,,12.8,,0.399,,0.333,,0.6,,,,,,8.0,,11.8,,21.4,,26.2,,16.0,,9.6,,0.335,,0.84,5.0,
2020,2,Saint Michael's,493928,0-2,NE10,,8.0,,9.0,,0.61,,,,0.692,,,,,,4.0,,11.0,,12.0,,35.5,,19.0,,9.0,,0.193,,0.721,2.0,
2020,2,Saint Rose,493941,3-1,NE10,,11.25,,10.0,,0.309,,0.571,,0.667,,,,,,7.75,,11.75,,19.0,,30.75,,17.5,,8.75,,0.346,,0.78,4.0,
2020,2,Seton Hill,493960,6-0,G-MAC,,15.33,,5.17,,0.732,,0.4,,0.833,,,,,,7.67,,10.0,,23.0,,36.5,,15.5,,7.5,,0.287,,0.831,6.0,
2020,2,Shorter,493964,0-7,DII Independent,,7.57,,14.14,,0.359,,0.2,,0.793,,,,,,3.71,,16.71,,11.29,,25.71,,20.29,,8.86,,0.248,,0.786,7.0,
2020,2,Southern N.H.,493922,1-2,NE10,,10.67,,10.0,,0.611,,0.2,,0.688,,,,,,6.67,,10.0,,17.33,,34.0,,20.0,,7.33,,0.222,,0.86,3.0,
2020,2,St. Thomas Aquinas,493942,2-4,ECC,,9.0,,14.5,,0.206,,0.143,,0.737,,,,,,4.0,,14.67,,13.0,,28.33,,20.0,,8.17,,0.262,,0.796,6.0,
2020,2,Tampa,493929,6-0,Sunshine State,,15.5,,6.17,,0.826,,0.5,,0.793,,,,,,10.0,,7.83,,25.5,,39.5,,17.0,,11.33,,0.324,,0.845,6.0,
2020,2,Tusculum,493954,3-3,SAC,,10.5,,9.67,,0.536,,0.423,,0.652,,,,,,6.0,,8.0,,16.5,,31.83,,17.17,,8.33,,0.27,,0.877,6.0,
2020,2,UAH,493905,3-2,GLVC,,12.0,,9.6,,0.355,,0.296,,0.76,,,,,,7.6,,14.0,,19.6,,29.0,,19.2,,7.0,,0.294,,0.79,5.0,
2020,2,UIndy,493914,2-2,GLVC,,11.5,,12.5,,0.556,,0.188,,0.6,,,,,,5.25,,9.75,,16.75,,29.25,,17.25,,7.0,,0.293,,0.859,4.0,
2020,2,Walsh,493962,1-3,G-MAC,,8.25,,14.5,,0.514,,0.32,,0.571,,,,,,4.25,,15.25,,12.5,,25.0,,23.25,,5.0,,0.26,,0.767,4.0,
2020,2,Westminster (UT),493967,2-4,RMAC,,15.33,,13.83,,0.353,,0.267,,0.611,,,,,,8.0,,11.17,,23.33,,32.5,,17.17,,7.0,,0.357,,0.859,6.0,
2020,2,Wilmington (DE),493971,5-0,CACC,,13.0,,10.0,,0.55,,0.444,,0.793,,,,,,6.6,,14.0,,19.6,,31.2,,20.8,,8.8,,0.294,,0.839,5.0,
2020,2,Wingate,493943,4-2,SAC,,12.33,,8.33,,0.713,,0.368,,0.842,,,,,,6.83,,11.5,,19.17,,37.67,,21.67,,7.67,,0.247,,0.836,6.0,
2020,2,Young Harris,493965,3-3,GLVC,,12.17,,16.67,,0.304,,0.368,,0.593,,,,,,8.67,,15.67,,20.83,,27.83,,19.5,,9.0,,0.344,,0.8,6.0,
2021,1,Air Force,507874,1-3,SoCon,,6.75,,15.25,,0.356,,0.2,,0.083,,27.0,,,,4.75,,11.75,,11.5,,24.5,,19.75,,7.25,,0.208,,0.667,4.0,0.854
2021,1,Army West Point,507875,3-1,Patriot,,13.0,,10.0,,0.438,,0.286,,0.727,,52.0,,,,6.0,,13.25,,19.0,,31.0,,15.0,,7.5,,0.308,,0.76,4.0,0.882
2021,1,Bellarmine,507814,2-5,SoCon,,8.71,,12.71,,0.289,,0.391,,0.655,,61.0,,,,4.57,,11.14,,13.29,,24.43,,18.0,,10.14,,0.293,,0.85,7.0,0.892
2021,1,Binghamton,507815,1-0,America East,,11.0,,5.0,,0.722,,,,0.75,,11.0,,,,7.0,,5.0,,18.0,,38.0,,22.0,,12.0,,0.344,,0.607,1.0,0.913
2021,1,Boston U.,507816,3-1,Patriot,,14.0,,8.0,,0.426,,0.533,,0.75,,56.0,,,,9.0,,13.5,,23.0,,29.25,,15.75,,10.0,,0.315,,0.897,4.0,0.796
2021,1,Bryant,507818,3-1,NEC,,13.0,,10.5,,0.611,,0.273,,0.727,,52.0,,,,7.5,,11.0,,20.5,,35.75,,17.25,,8.5,,0.287,,0.874,4.0,0.878
2021,1,Bucknell,507819,1-0,Patriot,,15.0,,9.0,,0.52,,,,1.0,,15.0,,,,8.0,,8.0,,23.0,,38.0,,17.0,,18.0,,0.366,,0.76,1.0,0.731
2021,1,Canisius,507820,1-0,MAAC,,8.0,,7.0,,0.526,,,,1.0,,8.0,,,,3.0,,12.0,,11.0,,31.0,,27.0,,5.0,,0.267,,0.792,1.0,0.792
2021,1,Cleveland St.,507821,0-2,DI Independent,,9.0,,12.5,,0.435,,0.071,,0.857,,18.0,,,,5.5,,15.5,,14.5,,30.0,,23.5,,11.5,,0.3,,0.756,2.0,0.791
2021,1,Colgate,507822,1-2,Patriot,,11.67,,14.33,,0.544,,0.222,,0.714,,35.0,,,,8.33,,11.0,,20.0,,27.67,,19.33,,4.67,,0.321,,0.8,3.0,0.833
2021,1,Delaware,507825,4-1,CAA,,13.8,,9.4,,0.485,,0.269,,0.6,,69.0,,,,8.4,,12.0,,22.2,,34.2,,15.8,,8.8,,0.325,,0.853,5.0,0.857
2021,1,Denver,507826,5-2,Big East,,14.29,,10.71,,0.612,,0.313,,0.75,,100.0,,,,9.14,,10.57,,23.43,,32.43,,15.29,,6.86,,0.282,,0.872,7.0,0.753
2021,1,Detroit Mercy,507827,0-1,MAAC,,11.0,,15.0,,0.536,,0.375,,0.571,,11.0,,,,5.0,,9.0,,16.0,,28.0,,15.0,,12.0,,0.25,,0.889,1.0,0.905
2021,1,Drexel,507828,1-0,CAA,,12.0,,10.0,,0.231,,0.5,,0.667,,12.0,,,,8.0,,12.0,,20.0,,21.0,,16.0,,11.0,,0.279,,1.0,1.0,1.0
2021,1,Duke,507829,7-0,ACC,,17.29,,8.29,,0.581,,0.478,,0.739,,121.0,,,,9.43,,11.29,,26.71,,33.57,,15.29,,7.29,,0.414,,0.868,7.0,0.861
2021,1,Fairfield,507830,1-2,CAA,,13.0,,15.33,,0.585,,0.625,,0.688,,39.0,,,,7.67,,15.33,,20.67,,33.67,,17.67,,6.67,,0.31,,0.812,3.0,0.857
2021,1,Georgetown,507832,4-0,Big East,,18.0,,5.0,,0.679,,0.556,,0.857,,72.0,,,,13.5,,10.0,,31.5,,38.5,,19.75,,12.0,,0.377,,0.915,4.0,0.793
2021,1,Hartford,507834,0-1,America East,,6.0,,16.0,,0.48,,,,0.5,,6.0,,,,2.0,,13.0,,8.0,,33.0,,21.0,,9.0,,0.176,,0.833,1.0,0.87
2021,1,High Point,507883,1-4,SoCon,,13.4,,19.6,,0.388,,0.4,,0.471,,67.0,,,,6.2,,11.4,,19.6,,29.2,,18.0,,9.0,,0.347,,0.842,5.0,0.757
2021,1,Hobart,507836,1-0,NEC,,13.0,,9.0,,0.68,,,,0.5,,13.0,,,,5.0,,16.0,,18.0,,32.0,,15.0,,6.0,,0.245,,0.737,1.0,0.824
2021,1,Hofstra,507837,3-1,CAA,,17.25,,12.0,,0.674,,0.6,,0.619,,69.0,,,,9.0,,11.0,,26.25,,34.75,,17.5,,7.0,,0.418,,0.871,4.0,0.836
2021,1,Holy Cross,507838,1-2,Patriot,,9.33,,12.67,,0.487,,0.1,,0.667,,28.0,,,,4.67,,13.67,,14.0,,25.67,,18.33,,8.0,,0.252,,0.77,3.0,0.776
2021,1,Jacksonville,507839,3-2,SoCon,,10.4,,10.6,,0.508,,0.235,,0.6,,52.0,,,,7.6,,7.8,,18.0,,30.0,,15.8,,8.6,,0.287,,0.874,5.0,0.84
2021,1,Johns Hopkins,507840,1-2,Big Ten,,10.67,,13.0,,0.481,,0.556,,0.667,,32.0,,,,6.67,,9.33,,17.33,,24.67,,16.33,,5.67,,0.327,,0.82,3.0,0.794
2021,1,LIU,507810,2-1,NEC,,14.0,,10.0,,0.642,,0.286,,0.667,,42.0,,,,9.33,,15.67,,23.33,,32.0,,18.0,,4.0,,0.353,,0.911,3.0,0.94
2021,1,Lafayette,507841,0-2,Patriot,,11.5,,13.0,,0.375,,,,0.6,,23.0,,,,5.5,,14.0,,17.0,,34.0,,17.0,,8.0,,0.324,,0.792,2.0,0.738
2021,1,Lehigh,507842,2-0,Patriot,,17.0,,8.0,,0.679,,0.5,,0.5,,34.0,,,,9.5,,13.5,,26.5,,46.5,,12.0,,9.5,,0.34,,0.875,2.0,0.886
2021,1,Loyola Maryland,507844,2-2,Patriot,,11.5,,10.0,,0.429,,0.231,,0.625,,46.0,,,,6.25,,9.5,,17.75,,29.5,,14.5,,8.75,,0.288,,0.884,4.0,0.908
2021,1,Manhattan,507845,0-1,MAAC,,5.0,,8.0,,0.313,,0.5,,0.5,,5.0,,,,2.0,,15.0,,7.0,,24.0,,20.0,,8.0,,0.2,,0.833,1.0,1.0
2021,1,Marist,507846,1-0,MAAC,,15.0,,11.0,,0.464,,0.429,,0.625,,15.0,,,,9.0,,14.0,,24.0,,32.0,,16.0,,5.0,,0.341,,0.905,1.0,0.889
2021,1,Marquette,507847,0-3,Big East,,12.0,,15.33,,0.319,,0.833,,0.455,,36.0,,,,7.33,,14.33,,19.33,,29.67,,14.0,,8.0,,0.324,,0.774,3.0,0.87
2021,1,Maryland,507849,3-0,Big Ten,,17.0,,8.67,,0.461,,0.5,,0.667,,51.0,,,,11.67,,12.0,,28.67,,35.67,,12.33,,10.67,,0.418,,0.847,3.0,0.778
2021,1,Mercer,507851,2-4,SoCon,,10.17,,11.17,,0.639,,0.2,,0.87,,61.0,,,,4.67,,11.0,,14.83,,31.5,,22.5,,8.33,,0.254,,0.874,6.0,0.869
2021,1,Michigan,507852,0-3,Big Ten,,9.33,,18.67,,0.579,,0.5,,0.2,,28.0,,,,5.0,,9.0,,14.33,,28.67,,19.0,,4.0,,0.255,,0.75,3.0,0.897
2021,1,Monmouth,507853,1-0,MAAC,,8.0,,5.0,,0.688,,0.5,,0.5,,8.0,,,,6.0,,9.0,,14.0,,27.0,,18.0,,10.0,,0.235,,1.0,1.0,0.833
2021,1,Mount St. Mary's,507854,1-5,NEC,,6.83,,10.67,,0.519,,0.333,,0.722,,41.0,,,,3.0,,8.83,,9.83,,26.67,,18.67,,7.67,,0.21,,0.779,6.0,0.84
2021,1,NJIT,507856,0-3,America East,,6.33,,16.67,,0.41,,0.5,,0.667,,19.0,,,,3.33,,15.67,,9.67,,27.67,,17.33,,7.0,,0.174,,0.962,3.0,0.8
2021,1,Navy,507876,2-0,Patriot,,10.5,,5.5,,0.585,,0.571,,0.5,,21.0,,,,4.0,,10.5,,14.5,,35.0,,18.5,,8.5,,0.333,,0.787,2.0,0.714
2021,1,North Carolina,507855,7-0,ACC,,18.86,,11.0,,0.601,,0.333,,0.744,,132.0,,,,10.29,,11.14,,29.14,,34.29,,12.57,,8.14,,0.361,,0.845,7.0,0.864
2021,1,Notre Dame,507857,2-0,ACC,,15.5,,6.5,,0.784,,0.8,,0.625,,31.0,,,,13.0,,11.0,,28.5,,40.0,,17.0,,8.0,,0.316,,0.861,2.0,0.8
2021,1,Ohio St.,507858,1-2,Big Ten,,13.0,,15.0,,0.505,,0.333,,1.0,,39.0,,,,6.33,,9.0,,19.33,,30.67,,19.67,,6.33,,0.379,,0.821,3.0,0.833
2021,1,Penn St.,507859,1-2,Big Ten,,10.33,,12.33,,0.538,,0.2,,0.571,,31.0,,,,5.0,,7.33,,15.33,,35.0,,17.67,,6.33,,0.261,,0.883,3.0,0.864
2021,1,Providence,507862,2-3,Big East,,12.0,,13.6,,0.483,,0.375,,0.75,,60.0,,,,5.8,,9.8,,17.8,,30.2,,16.2,,7.2,,0.24,,0.859,5.0,0.757
2021,1,Quinnipiac,507863,0-1,MAAC,,6.0,,13.0,,0.545,,,,0.667,,6.0,,,,6.0,,11.0,,12.0,,26.0,,13.0,,5.0,,0.158,,0.929,1.0,0.929
2021,1,Richmond,507864,1-3,SoCon,,8.25,,11.25,,0.44,,0.5,,0.714,,33.0,,,,4.25,,13.0,,12.5,,25.5,,16.5,,8.25,,0.237,,0.906,4.0,0.868
2021,1,Robert Morris,507865,2-3,DI Independent,,13.6,,15.6,,0.396,,0.346,,0.565,,68.0,,,,8.8,,14.0,,22.4,,31.2,,16.2,,8.6,,0.342,,0.889,5.0,0.845
2021,1,Rutgers,507866,3-0,Big Ten,,18.33,,11.0,,0.44,,0.5,,0.588,,55.0,,,,11.0,,15.33,,29.33,,31.67,,12.0,,9.0,,0.39,,0.912,3.0,0.894
2021,1,Sacred Heart,507867,1-4,NEC,,9.2,,13.4,,0.338,,0.227,,0.739,,46.0,,,,4.8,,15.8,,14.0,,27.4,,12.8,,5.8,,0.215,,0.903,5.0,0.902
2021,1,Saint Joseph's,507869,1-3,NEC,,10.5,,10.5,,0.684,,0.143,,0.867,,42.0,,,,6.0,,8.75,,16.5,,36.25,,19.25,,7.25,,0.237,,0.738,4.0,0.824
2021,1,Siena,507870,0-1,MAAC,,7.0,,8.0,,0.474,,,,1.0,,7.0,,,,6.0,,7.0,,13.0,,33.0,,23.0,,6.0,,0.226,,0.792,1.0,0.792
2021,1,St. Bonaventure,507811,1-0,MAAC,,13.0,,6.0,,0.455,,0.333,,1.0,,13.0,,,,11.0,,14.0,,24.0,,22.0,,13.0,,5.0,,0.419,,0.929,1.0,0.929
2021,1,St. John's (NY),507868,1-3,Big East,,8.5,,18.25,,0.264,,0.286,,0.25,,34.0,,,,3.5,,14.0,,12.0,,28.5,,17.75,,9.75,,0.26,,0.726,4.0,0.859
2021,1,Stony Brook,507871,2-3,America East,,14.4,,13.2,,0.449,,0.381,,0.778,,72.0,,,,8.6,,12.8,,23.0,,34.6,,12.8,,5.8,,0.303,,0.815,5.0,0.875
2021,1,Syracuse,507872,3-1,ACC,,16.25,,12.5,,0.528,,0.273,,0.643,,65.0,,,,9.0,,15.75,,25.25,,34.75,,12.25,,7.75,,0.387,,0.824,4.0,0.844
2021,1,Towson,507873,2-4,CAA,,9.5,,12.33,,0.395,,0.389,,0.769,,57.0,,,,5.33,,11.83,,14.83,,27.67,,19.5,,8.33,,0.292,,0.826,6.0,0.812
2021,1,UAlbany,507813,2-0,America East,,15.5,,7.5,,0.519,,0.5,,0.833,,31.0,,,,11.5,,10.0,,27.0,,34.5,,17.5,,7.5,,0.413,,0.86,2.0,0.872
2021,1,UMBC,507848,2-0,America East,,10.5,,9.5,,0.551,,0.5,,0.667,,21.0,,,,5.0,,12.0,,15.5,,25.5,,21.0,,7.0,,0.269,,0.872,2.0,0.731
2021,1,UMass Lowell,507843,0-2,America East,,7.5,,18.5,,0.362,,0.1,,0.5,,15.0,,,,3.5,,15.0,,11.0,,33.0,,19.0,,10.0,,0.211,,0.692,2.0,0.756
2021,1,Utah,507812,1-4,DI Independent,,8.0,,10.8,,0.532,,0.474,,0.75,,40.0,,,,4.8,,11.6,,12.8,,23.6,,16.6,,4.8,,0.267,,0.885,5.0,0.91
2021,1,VMI,507879,1-1,SoCon,,10.5,,12.0,,0.462,,0.2,,0.75,,21.0,,,,6.5,,10.5,,17.0,,35.0,,18.5,,12.5,,0.28,,0.737,2.0,0.822
2021,1,Vermont,507877,1-2,America East,,15.33,,13.0,,0.617,,0.273,,0.8,,46.0,,,,8.0,,12.67,,23.33,,41.0,,16.33,,7.0,,0.319,,0.866,3.0,0.826
2021,1,Villanova,507878,2-1,Big East,,9.33,,12.67,,0.514,,0.231,,0.625,,28.0,,,,4.67,,11.0,,14.0,,17.0,,16.67,,5.67,,0.243,,0.776,3.0,0.911
2021,1,Virginia,507880,5-2,ACC,,14.86,,11.86,,0.611,,0.353,,0.692,,104.0,,,,8.43,,13.43,,23.29,,45.29,,17.57,,9.86,,0.311,,0.804,7.0,0.699
2021,1,Wagner,507881,0-3,NEC,,6.33,,18.0,,0.366,,0.2,,0.429,,19.0,,,,4.0,,16.33,,10.33,,24.0,,22.33,,3.0,,0.268,,0.783,3.0,0.903
2021,2,Adams St.,507955,0-1,RMAC,,8.0,,22.0,,0.194,,0.333,,0.4,,,,,,3.0,,22.0,,11.0,,17.0,,22.0,,4.0,,0.286,,0.6,1.0,
2021,2,Adelphi,507931,0-1,NE10,,7.0,,12.0,,0.304,,,,0.571,,,,,,3.0,,13.0,,10.0,,19.0,,12.0,,7.0,,0.212,,1.0,1.0,
2021,2,Alderson Broaddus,507956,0-3,G-MAC,,3.0,,23.0,,0.093,,0.133,,0.556,,,,,,1.0,,14.33,,4.0,,12.33,,21.33,,5.33,,0.161,,0.689,3.0,
2021,2,American Int'l,507933,0-1,NE10,,3.0,,14.0,,0.368,,0.286,,0.333,,,,,,3.0,,10.0,,6.0,,23.0,,25.0,,8.0,,0.094,,0.542,1.0,
2021,2,Anderson (SC),515530,4-4,SAC,,13.63,,14.0,,0.731,,0.129,,0.76,,,,,,6.13,,11.88,,19.75,,39.88,,15.0,,7.88,,0.311,,0.752,8.0,
2021,2,Barton,507930,4-3,Conference Carolinas,,12.29,,13.57,,0.586,,0.243,,0.724,,,,,,7.14,,14.0,,19.43,,42.29,,20.71,,8.29,,0.273,,0.807,7.0,
2021,2,Belmont Abbey,507900,5-2,Conference Carolinas,,14.29,,9.14,,0.585,,0.632,,0.679,,,,,,8.43,,11.57,,22.71,,34.71,,18.43,,10.43,,0.351,,0.906,7.0,
2021,2,CSU Pueblo,507901,1-2,RMAC,,10.0,,14.0,,0.329,,0.167,,0.706,,,,,,5.0,,16.67,,15.0,,33.0,,23.0,,13.33,,0.233,,0.738,3.0,
2021,2,Caldwell,507885,1-0,CACC,,15.0,,9.0,,0.423,,0.429,,0.786,,,,,,7.0,,12.0,,22.0,,32.0,,24.0,,6.0,,0.319,,0.857,1.0,
2021,2,Catawba,507888,4-3,SAC,,12.29,,11.71,,0.354,,0.259,,0.788,,,,,,4.57,,10.0,,16.86,,32.71,,16.14,,8.43,,0.299,,0.892,7.0,
2021,2,Chestnut Hill,507912,3-2,CACC,,12.0,,12.0,,0.669,,0.455,,0.4,,,,,,9.2,,13.6,,21.2,,38.4,,20.6,,8.0,,0.305,,0.873,5.0,
2021,2,Chowan,507903,1-7,Conference Carolinas,,7.0,,16.75,,0.371,,0.244,,0.682,,,,,,3.63,,14.13,,10.63,,37.88,,23.88,,9.13,,0.264,,0.789,8.0,
2021,2,Coker,507889,2-3,SAC,,13.4,,13.2,,0.44,,0.211,,0.588,,,,,,8.4,,12.6,,21.8,,29.8,,16.6,,10.0,,0.291,,0.842,5.0,
2021,2,Colorado Mesa,507907,2-0,RMAC,,16.0,,5.5,,0.6,,0.364,,0.833,,,,,,13.0,,12.5,,29.0,,34.5,,18.5,,11.5,,0.262,,0.883,2.0,
2021,2,Davenport,507887,1-5,GLVC,,7.33,,13.17,,0.26,,0.458,,0.741,,,,,,5.0,,14.67,,12.33,,22.33,,23.67,,9.67,,0.267,,0.784,6.0,
2021,2,Davis & Elkins,507936,1-1,G-MAC,,10.0,,21.5,,0.162,,0.417,,0.5,,,,,,5.5,,12.0,,15.5,,18.0,,20.5,,9.0,,0.392,,0.708,2.0,
2021,2,Dominican (NY),507904,1-1,CACC,,9.5,,13.5,,0.315,,0.2,,0.778,,,,,,5.0,,10.0,,14.5,,32.0,,17.0,,7.5,,0.322,,0.889,2.0,
2021,2,Emmanuel (GA),507920,3-3,Conference Carolinas,,11.83,,11.17,,0.553,,0.182,,0.771,,,,,,5.33,,13.5,,17.17,,27.33,,18.67,,6.33,,0.284,,0.725,6.0,
2021,2,Felician,507927,0-3,CACC,,7.67,,14.0,,0.507,,0.4,,0.583,,,,,,2.0,,16.33,,9.67,,35.0,,29.0,,5.67,,0.261,,0.746,3.0,
2021,2,Franklin Pierce,507940,0-1,NE10,,15.0,,16.0,,0.375,,0.333,,0.889,,,,,,8.0,,12.0,,23.0,,30.0,,20.0,,11.0,,0.405,,0.679,1.0,
2021,2,Frostburg St.,507928,3-0,ECC,,13.33,,7.33,,0.486,,0.182,,0.636,,,,,,7.33,,12.67,,20.67,,36.67,,17.67,,13.33,,0.284,,0.831,3.0,
2021,2,Georgian Court,507905,2-1,CACC,,9.33,,10.67,,0.414,,0.4,,0.5,,,,,,5.33,,17.0,,14.67,,28.0,,21.0,,6.0,,0.341,,0.914,3.0,
2021,2,Lake Erie,507902,1-3,G-MAC,,10.25,,11.0,,0.684,,0.368,,0.692,,,,,,6.5,,11.25,,16.75,,37.25,,23.5,,11.5,,0.259,,0.76,4.0,
2021,2,Lander,507929,4-2,Peach Belt,,11.83,,11.83,,0.473,,0.313,,0.905,,,,,,6.17,,11.83,,18.0,,41.0,,23.0,,8.5,,0.296,,0.865,6.0,
2021,2,Le Moyne,507942,1-0,NE10,,12.0,,7.0,,0.696,,0.429,,1.0,,,,,,9.0,,14.0,,21.0,,31.0,,13.0,,5.0,,0.308,,0.933,1.0,
2021,2,Lees-McRae,507910,0-7,Conference Carolinas,,9.57,,15.71,,0.345,,0.175,,0.514,,,,,,6.0,,12.86,,15.57,,29.14,,21.57,,12.57,,0.266,,0.822,7.0,
2021,2,Lenoir-Rhyne,507890,6-1,SAC,,14.43,,9.86,,0.495,,0.35,,0.679,,,,,,8.14,,10.71,,22.57,,32.86,,17.0,,11.0,,0.342,,0.836,7.0,
2021,2,Lewis,507886,2-4,GLVC,,11.17,,11.17,,0.621,,0.152,,0.647,,,,,,7.33,,13.0,,18.5,,32.83,,22.5,,8.0,,0.309,,0.857,6.0,
2021,2,Limestone,507891,5-2,SAC,,14.43,,8.29,,0.674,,0.48,,0.72,,,,,,7.43,,10.86,,21.86,,43.14,,21.57,,7.86,,0.338,,0.829,7.0,
2021,2,Lincoln Memorial,507892,0-4,SAC,,6.0,,19.25,,0.152,,0.125,,0.571,,,,,,2.5,,16.25,,8.5,,23.25,,22.0,,5.75,,0.296,,0.538,4.0,
2021,2,Lindenwood,507915,5-1,GLVC,,12.33,,6.5,,0.537,,0.269,,0.824,,,,,,7.33,,9.17,,19.67,,34.67,,15.67,,11.83,,0.235,,0.863,6.0,
2021,2,Lynn,507911,1-0,Sunshine State,,19.0,,5.0,,0.889,,0.5,,0.857,,,,,,15.0,,9.0,,34.0,,43.0,,13.0,,16.0,,0.317,,0.957,1.0,
2021,2,Mars Hill,507893,3-6,SAC,,11.0,,16.56,,0.421,,0.292,,0.781,,,,,,5.89,,12.67,,16.89,,27.78,,20.78,,3.56,,0.308,,0.783,9.0,
2021,2,Maryville (MO),507943,5-0,GLVC,,13.4,,6.2,,0.434,,0.583,,0.75,,,,,,8.8,,11.0,,22.2,,32.2,,18.6,,13.6,,0.374,,0.742,5.0,
2021,2,Mercy,507944,4-0,ECC,,15.5,,6.5,,0.777,,0.421,,0.5,,,,,,10.0,,9.0,,25.5,,47.25,,20.75,,10.25,,0.32,,0.848,4.0,
2021,2,Mercyhurst,507945,4-0,G-MAC,,18.75,,5.75,,0.67,,0.348,,0.706,,,,,,13.5,,9.5,,32.25,,36.5,,16.5,,9.25,,0.408,,0.875,4.0,
2021,2,Molloy,507946,1-5,ECC,,8.83,,13.33,,0.213,,0.611,,0.5,,,,,,5.0,,11.0,,13.83,,26.33,,17.83,,11.17,,0.254,,0.814,6.0,
2021,2,Montevallo,507922,4-4,Peach Belt,,13.88,,12.25,,0.372,,0.233,,0.667,,,,,,8.63,,16.13,,22.5,,35.25,,21.63,,11.75,,0.342,,0.833,8.0,
2021,2,Mount Olive,507894,5-0,Conference Carolinas,,12.2,,5.6,,0.574,,0.308,,0.941,,,,,,7.4,,9.8,,19.6,,30.2,,18.2,,10.2,,0.313,,0.883,5.0,
2021,2,Newberry,507926,3-3,SAC,,12.67,,10.5,,0.595,,0.4,,0.895,,,,,,7.5,,11.0,,20.17,,38.17,,17.0,,9.33,,0.326,,0.896,6.0,
2021,2,North Greenville,507906,3-5,Conference Carolinas,,12.25,,11.25,,0.587,,0.324,,0.591,,,,,,7.13,,9.5,,19.38,,37.75,,20.5,,10.25,,0.262,,0.802,8.0,
2021,2,Pace,507949,1-1,NE10,,11.5,,11.0,,0.6,,0.2,,0.4,,,,,,6.5,,11.0,,18.0,,28.5,,20.0,,9.5,,0.303,,0.829,2.0,
2021,2,Palm Beach Atl.,507923,0-1,Sunshine State,,5.0,,19.0,,0.111,,0.143,,0.5,,,,,,1.0,,12.0,,6.0,,20.0,,22.0,,9.0,,0.156,,0.808,1.0,
2021,2,Queens (NC),507908,3-3,SAC,,10.67,,11.83,,0.497,,0.217,,0.742,,,,,,5.0,,14.17,,15.67,,24.5,,17.33,,5.67,,0.32,,0.811,6.0,
2021,2,Quincy,507957,0-6,GLVC,,3.83,,14.83,,0.489,,0.037,,0.75,,,,,,1.5,,15.33,,5.33,,17.83,,24.33,,5.17,,0.187,,0.76,6.0,
2021,2,Roberts Wesleyan,507917,4-2,ECC,,15.17,,7.83,,0.564,,0.467,,0.848,,,,,,7.33,,11.0,,22.5,,33.33,,18.17,,9.5,,0.371,,0.878,6.0,
2021,2,Rockhurst,507896,3-3,GLVC,,10.0,,8.83,,0.649,,0.316,,0.633,,,,,,7.17,,11.0,,17.17,,30.33,,23.83,,11.17,,0.245,,0.834,6.0,
2021,2,Saint Leo,507952,0-1,Sunshine State,,8.0,,24.0,,0.294,,0.25,,0.5,,,,,,3.0,,15.0,,11.0,,19.0,,18.0,,9.0,,0.195,,0.778,1.0,
2021,2,Saint Michael's,507953,1-0,NE10,,14.0,,3.0,,0.632,,0.667,,0.714,,,,,,7.0,,18.0,,21.0,,44.0,,22.0,,18.0,,0.378,,0.8,1.0,
2021,2,Saint Rose,507897,0-1,NE10,,7.0,,21.0,,0.29,,0.25,,0.5,,,,,,2.0,,17.0,,9.0,,19.0,,18.0,,9.0,,0.389,,0.737,1.0,
2021,2,Seton Hill,507914,3-1,G-MAC,,22.75,,8.5,,0.662,,0.667,,0.769,,,,,,14.5,,11.25,,37.25,,37.5,,19.25,,12.75,,0.404,,0.814,4.0,
2021,2,Shorter,507918,2-5,Peach Belt,,7.0,,14.29,,0.467,,0.184,,0.727,,,,,,2.71,,16.43,,9.71,,27.86,,21.57,,7.29,,0.213,,0.743,7.0,
2021,2,Southern N.H.,507947,1-0,NE10,,16.0,,15.0,,0.625,,0.111,,0.667,,,,,,7.0,,8.0,,23.0,,36.0,,25.0,,7.0,,0.4,,0.789,1.0,
2021,2,St. Thomas Aquinas,507898,0-2,ECC,,8.5,,16.5,,0.418,,0.3,,0.444,,,,,,4.5,,14.5,,13.0,,32.0,,24.5,,7.0,,0.236,,0.733,2.0,
2021,2,Tampa,507954,1-0,Sunshine State,,24.0,,8.0,,0.706,,0.5,,0.75,,,,,,13.0,,13.0,,37.0,,44.0,,16.0,,16.0,,0.421,,0.722,1.0,
2021,2,Tusculum,507909,4-3,SAC,,11.14,,10.43,,0.576,,0.36,,0.609,,,,,,5.0,,11.0,,16.14,,35.43,,18.43,,7.86,,0.289,,0.762,7.0,
2021,2,UAH,507932,2-5,Peach Belt,,10.0,,11.14,,0.453,,0.205,,0.808,,,,,,5.14,,14.0,,15.14,,30.29,,21.29,,10.29,,0.25,,0.836,7.0,
2021,2,UIndy,507941,4-1,GLVC,,13.6,,9.0,,0.504,,0.833,,0.7,,,,,,9.4,,9.6,,23.0,,34.8,,13.8,,10.4,,0.313,,0.862,5.0,
2021,2,Walsh,507916,1-4,G-MAC,,9.8,,14.6,,0.51,,0.143,,0.722,,,,,,4.2,,13.8,,14.0,,28.6,,22.6,,10.0,,0.343,,0.776,5.0,
2021,2,Westminster (UT),507921,2-1,RMAC,,10.33,,12.0,,0.436,,,,0.667,,,,,,6.33,,8.67,,16.67,,30.67,,21.67,,9.67,,0.304,,0.9,3.0,
2021,2,Wheeling,515870,1-5,G-MAC,,6.5,,16.67,,0.431,,0.323,,0.37,,,,,,4.5,,9.83,,11.0,,28.17,,23.83,,6.33,,0.241,,0.625,6.0,
2021,2,Wilmington (DE),507925,0-1,CACC,,7.0,,16.0,,,,0.333,,0.25,,,,,,6.0,,19.0,,13.0,,16.0,,22.0,,14.0,,0.2,,0.862,1.0,
2021,2,Wingate,507899,6-1,SAC,,18.57,,8.14,,0.59,,0.429,,0.917,,,,,,12.0,,9.14,,30.57,,42.29,,13.86,,10.29,,0.314,,0.947,7.0,
2022,1,Air Force,530081,6-5,ASUN,,11.73,,10.82,,0.475,,0.48,,0.708,,129.0,,,,6.09,,13.09,,17.82,,28.91,,16.27,,8.91,,0.269,,0.807,11.0,0.879
2022,1,Army West Point,530082,9-2,Patriot,,14.36,,10.55,,0.514,,0.472,,0.7,,158.0,,,,8.27,,14.0,,22.64,,30.0,,14.45,,7.64,,0.308,,0.884,11.0,0.813
2022,1,Bellarmine,530022,3-10,ASUN,,10.62,,12.46,,0.419,,0.273,,0.774,,138.0,,,,6.62,,11.46,,17.23,,25.92,,18.92,,10.15,,0.307,,0.785,13.0,0.822
2022,1,Binghamton,530023,4-5,America East,,11.67,,12.67,,0.522,,0.2,,0.5,,105.0,,,,5.67,,12.56,,17.33,,30.78,,18.44,,7.56,,0.296,,0.792,9.0,0.878
2022,1,Boston U.,530024,8-3,Patriot,,14.27,,10.45,,0.596,,0.364,,0.628,,157.0,,,,8.73,,12.18,,23.0,,37.82,,19.0,,12.55,,0.307,,0.836,11.0,0.764
2022,1,Brown,530025,6-4,Ivy League,,12.8,,11.8,,0.496,,0.5,,0.743,,128.0,,,,7.3,,12.6,,20.1,,27.9,,16.1,,7.1,,0.289,,0.872,10.0,0.808
2022,1,Bryant,530026,5-5,NEC,,11.6,,10.5,,0.53,,0.206,,0.744,,116.0,,,,6.1,,13.0,,17.7,,33.0,,18.4,,9.2,,0.261,,0.81,10.0,0.818
2022,1,Bucknell,530027,7-4,Patriot,,13.45,,10.55,,0.475,,0.238,,0.647,,148.0,,,,8.09,,10.91,,21.55,,36.36,,16.55,,10.45,,0.306,,0.824,11.0,0.793
2022,1,Canisius,530028,2-9,MAAC,,9.55,,15.64,,0.457,,0.286,,0.519,,105.0,,,,4.82,,13.36,,14.36,,28.09,,18.09,,5.36,,0.252,,0.768,11.0,0.881
2022,1,Cleveland St.,530029,3-7,ASUN,,11.3,,12.0,,0.445,,0.278,,0.594,,113.0,,,,6.9,,14.0,,18.2,,28.3,,16.8,,6.0,,0.269,,0.873,10.0,0.858
2022,1,Colgate,530030,2-8,Patriot,,9.2,,12.0,,0.549,,0.133,,0.625,,92.0,,,,4.5,,13.7,,13.7,,26.7,,18.6,,5.9,,0.254,,0.792,10.0,0.871
2022,1,Cornell,530031,9-1,Ivy League,,13.5,,10.3,,0.452,,0.406,,0.613,,135.0,,,,8.1,,11.8,,21.6,,33.5,,16.1,,9.2,,0.316,,0.822,10.0,0.732
2022,1,Dartmouth,530032,4-6,Ivy League,,9.5,,11.9,,0.523,,0.258,,0.639,,95.0,,,,5.4,,13.7,,14.9,,32.7,,18.8,,7.9,,0.228,,0.783,10.0,0.835
2022,1,Delaware,530033,6-5,CAA,,13.27,,11.73,,0.422,,0.474,,0.571,,146.0,,,,7.55,,11.09,,20.82,,29.91,,13.36,,6.45,,0.307,,0.894,11.0,0.858
2022,1,Denver,530034,6-5,Big East,,12.91,,12.91,,0.55,,0.486,,0.559,,142.0,,,,8.09,,12.0,,21.0,,26.82,,14.09,,6.45,,0.289,,0.886,11.0,0.852
2022,1,Detroit Mercy,530035,1-7,ASUN,,6.75,,16.25,,0.405,,0.182,,0.552,,54.0,,,,2.38,,15.13,,9.13,,31.75,,21.75,,7.0,,0.189,,0.711,8.0,0.886
2022,1,Drexel,530036,5-5,CAA,,12.9,,13.3,,0.361,,0.333,,0.706,,129.0,,,,8.5,,13.0,,21.4,,30.9,,16.6,,7.8,,0.338,,0.883,10.0,0.883
2022,1,Duke,530037,9-5,ACC,,15.14,,11.07,,0.555,,0.6,,0.633,,212.0,,,,8.0,,12.86,,23.14,,34.36,,15.14,,7.21,,0.332,,0.861,14.0,0.85
2022,1,Fairfield,530038,6-5,CAA,,14.27,,13.45,,0.529,,0.545,,0.705,,157.0,,,,7.73,,13.0,,22.0,,35.18,,17.91,,8.55,,0.326,,0.908,11.0,0.845
2022,1,Georgetown,530039,9-1,Big East,,14.8,,8.2,,0.62,,0.444,,0.652,,148.0,,,,8.6,,12.3,,23.4,,37.1,,15.8,,9.1,,0.319,,0.864,10.0,0.855
2022,1,Hampton,530040,0-7,SoCon,,4.43,,19.57,,0.422,,0.087,,0.667,,31.0,,,,1.86,,18.57,,6.29,,23.71,,27.0,,6.71,,0.2,,0.678,7.0,0.94
2022,1,Harvard,530042,7-2,Ivy League,,13.22,,10.67,,0.417,,0.333,,0.615,,119.0,,,,6.22,,11.67,,19.44,,33.22,,18.67,,10.0,,0.322,,0.794,9.0,0.759
2022,1,High Point,530090,6-5,SoCon,,13.55,,11.73,,0.468,,0.326,,0.657,,149.0,,,,7.55,,12.0,,21.09,,31.64,,15.55,,8.64,,0.316,,0.81,11.0,0.745
2022,1,Hobart,530043,3-5,NEC,,13.38,,12.63,,0.515,,0.387,,0.667,,107.0,,,,7.0,,10.38,,20.38,,30.5,,14.63,,8.75,,0.277,,0.847,8.0,0.82
2022,1,Hofstra,530044,5-7,CAA,,9.92,,10.67,,0.464,,0.167,,0.629,,119.0,,,,4.83,,12.33,,14.75,,29.5,,18.67,,8.08,,0.295,,0.85,12.0,0.912
2022,1,Holy Cross,530045,0-10,Patriot,,7.8,,17.3,,0.439,,0.348,,0.633,,78.0,,,,5.1,,13.0,,12.9,,26.0,,20.0,,7.6,,0.225,,0.789,10.0,0.906
2022,1,Jacksonville,530046,10-2,SoCon,,15.25,,9.75,,0.461,,0.366,,0.707,,183.0,,,,8.92,,12.67,,24.17,,32.58,,17.83,,9.0,,0.392,,0.881,12.0,0.796
2022,1,Johns Hopkins,530047,5-7,Big Ten,,10.67,,12.17,,0.471,,0.4,,0.609,,128.0,,,,6.5,,11.08,,17.17,,30.5,,17.08,,7.33,,0.27,,0.819,12.0,0.877
2022,1,LIU,530018,6-5,NEC,,10.27,,9.45,,0.539,,0.293,,0.688,,113.0,,,,5.73,,14.09,,16.0,,36.64,,19.64,,7.27,,0.297,,0.861,11.0,0.882
2022,1,Lafayette,530048,4-8,Patriot,,12.5,,14.33,,0.439,,0.432,,0.676,,150.0,,,,6.92,,8.83,,19.42,,29.5,,13.42,,7.25,,0.319,,0.903,12.0,0.89
2022,1,Lehigh,530049,7-3,Patriot,,11.7,,9.5,,0.664,,0.419,,0.6,,117.0,,,,6.7,,10.5,,18.4,,35.0,,16.9,,8.1,,0.267,,0.809,10.0,0.845
2022,1,Loyola Maryland,530051,5-5,Patriot,,12.3,,11.5,,0.538,,0.429,,0.563,,123.0,,,,8.2,,9.4,,20.5,,34.9,,15.2,,10.1,,0.276,,0.889,10.0,0.798
2022,1,Manhattan,530052,5-5,MAAC,,8.9,,9.8,,0.303,,0.444,,0.7,,89.0,,,,4.9,,11.2,,13.8,,23.5,,13.8,,7.1,,0.267,,0.895,10.0,0.899
2022,1,Marist,530053,3-7,MAAC,,9.0,,13.5,,0.398,,0.231,,0.593,,90.0,,,,5.4,,14.8,,14.4,,28.1,,16.9,,8.2,,0.235,,0.888,10.0,0.902
2022,1,Marquette,530054,4-6,Big East,,11.8,,11.4,,0.602,,0.311,,0.645,,118.0,,,,6.3,,10.9,,18.1,,30.8,,19.0,,8.5,,0.282,,0.843,10.0,0.849
2022,1,Maryland,530056,10-0,Big Ten,,18.3,,9.6,,0.647,,0.484,,0.56,,183.0,,,,10.7,,11.0,,29.0,,36.3,,14.4,,8.9,,0.4,,0.867,10.0,0.895
2022,1,Massachusetts,530057,6-4,CAA,,11.7,,10.7,,0.545,,0.341,,0.611,,117.0,,,,6.2,,12.2,,17.9,,32.4,,14.9,,6.3,,0.281,,0.874,10.0,0.813
2022,1,Mercer,530058,4-8,SoCon,,10.75,,13.08,,0.486,,0.306,,0.667,,129.0,,,,6.5,,12.75,,17.25,,25.33,,17.17,,6.33,,0.291,,0.889,12.0,0.916
2022,1,Michigan,530059,7-5,Big Ten,,14.75,,10.33,,0.591,,0.5,,0.657,,177.0,,,,9.42,,12.17,,24.17,,32.92,,16.08,,8.83,,0.306,,0.838,12.0,0.781
2022,1,Monmouth,530060,4-5,MAAC,,7.78,,10.89,,0.497,,0.321,,0.742,,70.0,,,,4.56,,14.67,,12.33,,29.89,,16.89,,7.22,,0.216,,0.816,9.0,0.841
2022,1,Mount St. Mary's,530061,4-8,NEC,,9.33,,12.33,,0.466,,0.235,,0.661,,112.0,,,,5.0,,12.08,,14.33,,32.75,,19.67,,8.5,,0.225,,0.837,12.0,0.79
2022,1,NJIT,530063,0-9,America East,,6.22,,14.22,,0.469,,0.159,,0.654,,56.0,,,,3.56,,14.78,,9.78,,25.89,,21.44,,6.44,,0.185,,0.762,9.0,0.916
2022,1,Navy,530083,6-5,Patriot,,10.73,,10.55,,0.467,,0.324,,0.586,,118.0,,,,6.36,,11.0,,17.09,,35.55,,17.27,,8.09,,0.27,,0.854,11.0,0.815
2022,1,North Carolina,530062,7-4,ACC,,12.0,,12.36,,0.549,,0.345,,0.543,,132.0,,,,7.91,,12.82,,19.91,,31.0,,15.0,,6.55,,0.265,,0.885,11.0,0.835
2022,1,Notre Dame,530064,4-4,ACC,,14.13,,10.38,,0.432,,0.682,,0.588,,113.0,,,,7.13,,13.25,,21.25,,32.75,,15.25,,10.13,,0.32,,0.905,8.0,0.794
2022,1,Ohio St.,530065,8-3,Big Ten,,14.36,,10.73,,0.619,,0.611,,0.733,,158.0,,,,7.82,,10.0,,22.18,,34.45,,15.73,,5.55,,0.335,,0.849,11.0,0.888
2022,1,Penn,530067,4-4,Ivy League,,12.0,,11.88,,0.478,,0.458,,0.455,,96.0,,,,7.75,,13.75,,19.75,,32.75,,18.0,,6.13,,0.31,,0.849,8.0,0.851
2022,1,Penn St.,530066,3-8,Big Ten,,11.36,,13.36,,0.443,,0.405,,0.636,,125.0,,,,6.45,,14.0,,17.82,,31.18,,17.73,,7.64,,0.296,,0.845,11.0,0.838
2022,1,Princeton,530068,8-2,Ivy League,,16.0,,10.6,,0.497,,0.5,,0.6,,160.0,,,,8.2,,14.2,,24.2,,38.5,,15.6,,10.2,,0.349,,0.865,10.0,0.794
2022,1,Providence,530069,5-6,Big East,,10.82,,13.64,,0.42,,0.455,,0.655,,119.0,,,,5.27,,12.45,,16.09,,27.09,,15.64,,6.64,,0.262,,0.876,11.0,0.843
2022,1,Quinnipiac,530070,2-7,MAAC,,10.56,,13.0,,0.584,,0.375,,0.459,,95.0,,,,5.67,,12.67,,16.22,,31.44,,15.67,,6.67,,0.251,,0.87,9.0,0.845
2022,1,Richmond,530071,6-4,SoCon,,14.0,,10.4,,0.522,,0.308,,0.517,,140.0,,,,9.6,,13.2,,23.6,,31.6,,15.1,,9.3,,0.315,,0.847,10.0,0.898
2022,1,Robert Morris,530072,6-4,ASUN,,13.4,,11.8,,0.53,,0.385,,0.686,,134.0,,,,8.4,,11.6,,21.8,,31.7,,18.2,,10.4,,0.326,,0.882,10.0,0.835
2022,1,Rutgers,530073,10-2,Big Ten,,15.67,,10.58,,0.49,,0.393,,0.515,,188.0,,,,8.5,,12.5,,24.17,,33.33,,13.83,,9.67,,0.32,,0.924,12.0,0.888
2022,1,Sacred Heart,530074,3-7,NEC,,11.0,,13.9,,0.423,,0.31,,0.541,,110.0,,,,7.0,,14.7,,18.0,,27.8,,15.9,,7.1,,0.286,,0.844,10.0,0.873
2022,1,Saint Joseph's,530076,9-2,NEC,,14.0,,10.36,,0.701,,0.4,,0.609,,154.0,,,,7.36,,10.91,,21.36,,29.55,,15.55,,5.82,,0.31,,0.869,11.0,0.828
2022,1,Siena,530077,3-8,MAAC,,9.36,,10.73,,0.473,,0.393,,0.641,,103.0,,,,6.0,,15.18,,15.36,,28.91,,17.0,,7.18,,0.238,,0.835,11.0,0.876
2022,1,St. Bonaventure,530019,8-2,MAAC,,10.8,,8.2,,0.518,,0.348,,0.694,,108.0,,,,6.8,,17.2,,17.6,,27.9,,17.0,,8.1,,0.307,,0.847,10.0,0.846
2022,1,St. John's (NY),530075,2-9,Big East,,9.18,,17.82,,0.386,,0.271,,0.457,,101.0,,,,6.36,,12.73,,15.55,,23.0,,17.18,,6.55,,0.264,,0.847,11.0,0.897
2022,1,Stony Brook,530078,7-4,America East,,13.73,,11.73,,0.522,,0.422,,0.543,,151.0,,,,6.64,,12.09,,20.36,,36.36,,16.91,,7.82,,0.301,,0.853,11.0,0.879
2022,1,Syracuse,530079,4-6,ACC,,13.3,,13.7,,0.589,,0.379,,0.5,,133.0,,,,6.8,,10.4,,20.1,,36.8,,15.4,,10.0,,0.281,,0.862,10.0,0.826
2022,1,Towson,530080,5-6,CAA,,10.91,,12.36,,0.414,,0.412,,0.628,,120.0,,,,6.64,,13.82,,17.55,,30.27,,16.27,,6.91,,0.266,,0.886,11.0,0.864
2022,1,UAlbany,530021,4-6,America East,,10.2,,14.1,,0.455,,0.472,,0.714,,102.0,,,,7.1,,11.6,,17.3,,29.2,,19.0,,6.0,,0.306,,0.87,10.0,0.882
2022,1,UMBC,530055,3-5,America East,,9.88,,10.38,,0.547,,0.28,,0.826,,79.0,,,,5.13,,9.75,,15.0,,30.63,,18.38,,5.25,,0.288,,0.786,8.0,0.906
2022,1,UMass Lowell,530050,1-9,America East,,9.9,,16.0,,0.485,,0.469,,0.545,,99.0,,,,5.2,,10.7,,15.1,,30.1,,17.2,,6.4,,0.229,,0.75,10.0,0.88
2022,1,Utah,530020,6-3,ASUN,,12.89,,11.33,,0.518,,0.4,,0.733,,116.0,,,,7.89,,10.44,,20.78,,32.0,,15.67,,6.56,,0.32,,0.923,9.0,0.888
2022,1,VMI,530086,3-8,SoCon,,9.09,,12.91,,0.406,,0.333,,0.591,,100.0,,,,5.0,,11.55,,14.09,,28.91,,17.55,,8.91,,0.232,,0.833,11.0,0.805
2022,1,Vermont,530084,6-6,America East,,12.58,,8.92,,0.628,,0.256,,0.771,,151.0,,,,7.83,,11.17,,20.42,,31.5,,16.17,,10.17,,0.278,,0.858,12.0,0.805
2022,1,Villanova,530085,6-4,Big East,,13.7,,11.3,,0.602,,0.5,,0.793,,137.0,,,,8.6,,10.3,,22.3,,31.5,,15.0,,10.2,,0.284,,0.841,10.0,0.799
2022,1,Virginia,530087,8-2,ACC,,15.2,,11.2,,0.535,,0.35,,0.714,,152.0,,,,8.6,,12.0,,23.8,,37.4,,14.8,,9.4,,0.33,,0.862,10.0,0.753
2022,1,Wagner,530088,3-6,NEC,,7.89,,9.89,,0.372,,0.161,,0.818,,71.0,,,,2.44,,13.11,,10.33,,25.0,,17.22,,8.11,,0.208,,0.845,9.0,0.891
2022,1,Yale,530089,7-2,Ivy League,,15.0,,11.78,,0.543,,0.48,,0.658,,135.0,,,,8.78,,14.89,,23.78,,35.56,,16.22,,8.89,,0.316,,0.835,9.0,0.773
2022,2,Alderson Broaddus,530164,1-5,G-MAC,,9.17,,12.5,,0.336,,0.276,,0.783,,55.0,,,,4.33,,14.0,,13.5,,18.67,,20.83,,12.0,,0.261,,0.802,6.0,0.958
2022,2,Bentley,530143,5-1,NE10,,14.17,,6.67,,0.719,,0.2,,0.8,,85.0,,,,9.17,,9.67,,23.33,,37.17,,15.33,,10.17,,0.266,,0.934,6.0,0.785
2022,2,Limestone,530100,9-1,SAC,,16.0,,7.9,,0.594,,0.303,,0.789,,160.0,,,,7.2,,13.7,,23.2,,47.1,,22.7,,10.8,,0.316,,0.829,10.0,0.737
2022,2,Lynn,530120,2-7,Sunshine State,,11.67,,13.67,,0.444,,0.325,,0.646,,105.0,,,,6.22,,12.44,,17.89,,28.22,,16.67,,10.56,,0.313,,0.813,9.0,0.832
2022,2,Molloy,530154,4-7,ECC,,9.73,,12.09,,0.263,,0.289,,0.744,,107.0,,,,5.91,,15.73,,15.64,,26.09,,22.45,,8.18,,0.289,,0.786,11.0,0.886
2022,2,Montevallo,530130,5-5,Peach Belt,,12.7,,10.0,,0.516,,0.315,,0.744,,127.0,,,,7.4,,13.0,,20.1,,30.5,,20.0,,10.5,,0.341,,0.841,10.0,0.768
2022,2,Palm Beach Atl.,530131,4-4,Sunshine State,,10.38,,11.0,,0.451,,0.3,,0.627,,83.0,,,,5.25,,11.38,,15.63,,34.0,,20.13,,14.5,,0.273,,0.833,8.0,0.73
2022,2,Queens (NC),530117,6-3,SAC,,15.22,,10.0,,0.608,,0.523,,0.816,,137.0,,,,10.33,,10.78,,25.56,,37.11,,18.44,,8.11,,0.342,,0.812,9.0,0.756
2022,2,Roberts Wesleyan,530125,7-1,ECC,,16.88,,10.13,,0.701,,0.486,,0.811,,135.0,,,,10.63,,9.25,,27.5,,38.5,,21.38,,7.75,,0.374,,0.799,8.0,0.75
2022,2,Rockhurst,530105,5-3,GLVC,,13.5,,10.75,,0.447,,0.341,,0.707,,108.0,,,,6.88,,13.0,,20.38,,28.5,,20.88,,11.13,,0.278,,0.834,8.0,0.788
2022,2,Saint Anselm,530159,3-3,NE10,,14.0,,10.33,,0.445,,0.323,,0.6,,84.0,,,,7.83,,10.83,,21.83,,35.83,,17.33,,10.67,,0.261,,0.823,6.0,0.711
2022,2,Saint Michael's,530161,1-7,NE10,,9.0,,13.75,,0.364,,0.382,,0.667,,72.0,,,,5.0,,16.25,,14.0,,26.88,,19.38,,10.5,,0.255,,0.765,8.0,0.879
2022,2,Seton Hill,530122,6-4,G-MAC,,13.0,,9.1,,0.726,,0.269,,0.686,,130.0,,,,6.9,,11.0,,19.9,,31.5,,15.6,,6.7,,0.261,,0.881,10.0,0.842
2022,2,Shorter,530126,2-8,Peach Belt,,8.3,,17.7,,0.313,,0.25,,0.305,,83.0,,,,4.4,,14.4,,12.7,,23.5,,18.2,,7.2,,0.24,,0.76,10.0,0.924
2022,2,Wilmington (DE),530133,5-3,CACC,,14.75,,10.63,,0.538,,0.341,,0.719,,118.0,,,,8.63,,11.75,,23.38,,35.5,,20.63,,9.0,,0.306,,0.841,8.0,0.769
2022,2,Wingate,530108,8-2,SAC,,16.3,,9.5,,0.491,,0.333,,0.681,,163.0,,,,9.4,,10.1,,25.7,,38.3,,13.1,,8.6,,0.329,,0.869,10.0,0.734
2023,1,Air Force,546929,7-4,ASUN,,11.36,,11.0,,0.396,,0.444,,0.75,,125.0,,,,5.82,,11.36,,17.18,,27.36,,17.45,,7.82,,0.308,,0.898,11.0,0.829
2023,1,Army West Point,546930,8-1,Patriot,,13.56,,7.89,,0.633,,0.462,,0.704,,122.0,,,,7.56,,9.44,,21.11,,36.11,,16.67,,8.78,,0.304,,0.876,9.0,0.783
2023,1,Bellarmine,546870,7-3,ASUN,,13.8,,10.8,,0.478,,0.387,,0.732,,138.0,,,,7.8,,10.8,,21.6,,31.6,,16.2,,8.6,,0.318,,0.897,10.0,0.831
2023,1,Binghamton,546871,7-2,America East,,14.0,,11.11,,0.588,,0.485,,0.576,,126.0,,,,7.56,,13.67,,21.56,,33.56,,16.78,,7.44,,0.321,,0.869,9.0,0.829
2023,1,Boston U.,546872,7-2,Patriot,,14.0,,10.56,,0.538,,0.545,,0.667,,126.0,,,,9.11,,10.11,,23.11,,37.11,,17.56,,11.44,,0.312,,0.817,9.0,0.778
2023,1,Brown,546873,4-5,Ivy League,,13.0,,12.67,,0.569,,0.265,,0.607,,117.0,,,,7.11,,14.11,,20.11,,31.22,,17.67,,6.67,,0.295,,0.888,9.0,0.855
2023,1,Bryant,546874,7-2,America East,,15.22,,11.33,,0.59,,0.5,,0.636,,137.0,,,,7.89,,11.22,,23.11,,37.78,,16.0,,9.89,,0.338,,0.892,9.0,0.84
2023,1,Bucknell,546875,2-7,Patriot,,11.0,,12.56,,0.425,,0.541,,0.581,,99.0,,,,7.0,,11.0,,18.0,,30.22,,19.11,,12.22,,0.276,,0.806,9.0,0.819
2023,1,Canisius,546876,2-9,MAAC,,10.64,,13.91,,0.485,,0.405,,0.595,,117.0,,,,4.55,,13.0,,15.18,,32.09,,15.91,,4.82,,0.285,,0.839,11.0,0.859
2023,1,Cleveland St.,546877,3-5,ASUN,,11.5,,13.0,,0.505,,0.478,,0.68,,92.0,,,,6.5,,13.0,,18.0,,29.13,,18.38,,6.25,,0.332,,0.842,8.0,0.833
2023,1,Colgate,546878,1-6,Patriot,,10.29,,11.57,,0.517,,0.278,,0.529,,72.0,,,,5.43,,12.57,,15.71,,29.86,,17.0,,8.43,,0.256,,0.822,7.0,0.858
2023,1,Cornell,546879,7-1,Ivy League,,15.38,,9.88,,0.502,,0.444,,0.667,,123.0,,,,7.63,,13.0,,23.0,,38.25,,16.88,,9.63,,0.347,,0.895,8.0,0.826
2023,1,Dartmouth,546880,6-2,Ivy League,,13.13,,13.13,,0.608,,0.345,,0.636,,105.0,,,,7.0,,9.38,,20.13,,35.38,,21.88,,9.13,,0.316,,0.813,8.0,0.808
2023,1,Delaware,546881,7-3,CAA,,14.8,,8.6,,0.508,,0.5,,0.88,,148.0,,,,9.2,,10.2,,24.0,,31.6,,15.1,,9.2,,0.344,,0.907,10.0,0.824
2023,1,Denver,546882,4-4,Big East,,11.13,,10.38,,0.61,,0.345,,0.474,,89.0,,,,5.88,,8.88,,17.0,,26.25,,16.5,,4.88,,0.308,,0.863,8.0,0.831
2023,1,Detroit Mercy,546883,1-7,ASUN,,8.25,,14.63,,0.348,,0.261,,0.676,,66.0,,,,3.38,,14.5,,11.63,,24.75,,16.5,,8.38,,0.219,,0.834,8.0,0.909
2023,1,Drexel,546884,6-3,CAA,,12.44,,11.56,,0.531,,0.321,,0.714,,112.0,,,,6.33,,12.33,,18.78,,31.22,,18.56,,7.22,,0.329,,0.828,9.0,0.94
2023,1,Duke,546885,10-1,ACC,,15.55,,10.18,,0.604,,0.429,,0.682,,171.0,,,,8.27,,11.73,,23.82,,35.91,,15.55,,7.73,,0.329,,0.888,11.0,0.863
2023,1,Fairfield,546886,3-7,CAA,,11.0,,12.4,,0.456,,0.206,,0.688,,110.0,,,,5.3,,10.9,,16.3,,31.1,,17.3,,8.8,,0.289,,0.841,10.0,0.824
2023,1,Georgetown,546887,5-3,Big East,,13.13,,11.25,,0.52,,0.733,,0.636,,105.0,,,,6.75,,10.88,,19.88,,38.5,,15.13,,10.13,,0.3,,0.912,8.0,0.836
2023,1,Hampton,546888,2-8,CAA,,8.7,,16.4,,0.459,,0.379,,0.605,,87.0,,,,4.6,,12.0,,13.3,,31.4,,24.4,,10.7,,0.275,,0.741,10.0,0.848
2023,1,Harvard,546890,4-4,Ivy League,,13.63,,13.38,,0.451,,0.5,,0.7,,109.0,,,,8.88,,10.75,,22.5,,35.25,,16.13,,10.25,,0.292,,0.881,8.0,0.762
2023,1,High Point,546938,6-5,Atlantic 10,,15.0,,12.91,,0.556,,0.205,,0.619,,165.0,,,,8.82,,10.27,,23.82,,37.45,,17.73,,10.55,,0.304,,0.836,11.0,0.748
2023,1,Hobart,546891,5-4,Atlantic 10,,13.89,,14.33,,0.521,,0.483,,0.571,,125.0,,,,6.0,,12.0,,19.89,,29.56,,14.78,,6.0,,0.306,,0.833,9.0,0.795
2023,1,Hofstra,546892,3-7,CAA,,10.4,,11.7,,0.582,,0.279,,0.657,,104.0,,,,6.2,,11.4,,16.6,,30.5,,17.1,,6.7,,0.246,,0.845,10.0,0.894
2023,1,Holy Cross,546893,0-10,Patriot,,7.8,,15.5,,0.413,,0.258,,0.444,,78.0,,,,3.8,,16.8,,11.6,,28.1,,22.0,,5.6,,0.258,,0.782,10.0,0.896
2023,1,Jacksonville,546894,8-2,ASUN,,14.2,,11.1,,0.47,,0.269,,0.667,,142.0,,,,7.9,,12.2,,22.1,,33.8,,16.0,,12.5,,0.329,,0.868,10.0,0.832
2023,1,Johns Hopkins,546895,9-3,Big Ten,,12.17,,11.17,,0.48,,0.367,,0.636,,146.0,,,,7.0,,13.08,,19.17,,31.92,,16.33,,7.58,,0.319,,0.869,12.0,0.85
2023,1,LIU,546866,4-6,MAAC,,10.4,,11.1,,0.456,,0.297,,0.667,,104.0,,,,4.4,,11.8,,14.8,,30.2,,17.5,,6.7,,0.272,,0.874,10.0,0.837
2023,1,Lafayette,546896,4-7,Patriot,,11.09,,12.73,,0.421,,0.448,,0.75,,122.0,,,,5.64,,11.82,,16.73,,29.0,,15.18,,7.64,,0.296,,0.855,11.0,0.853
2023,1,Lehigh,546897,6-3,Patriot,,14.33,,11.89,,0.617,,0.467,,0.488,,129.0,,,,8.78,,12.33,,23.11,,37.56,,19.11,,9.33,,0.357,,0.792,9.0,0.877
2023,1,Loyola Maryland,546899,6-3,Patriot,,11.22,,10.56,,0.425,,0.423,,0.471,,101.0,,,,7.22,,13.67,,18.44,,31.22,,15.0,,9.33,,0.294,,0.893,9.0,0.867
2023,1,Manhattan,546900,7-3,MAAC,,10.0,,8.1,,0.509,,0.342,,0.815,,100.0,,,,5.7,,11.1,,15.7,,27.5,,16.2,,7.1,,0.279,,0.905,10.0,0.9
2023,1,Marist,546901,4-6,MAAC,,11.5,,13.2,,0.471,,0.333,,0.706,,115.0,,,,6.0,,10.9,,17.5,,31.7,,15.4,,7.7,,0.296,,0.828,10.0,0.919
2023,1,Marquette,546902,5-4,Big East,,12.44,,10.89,,0.542,,0.409,,0.667,,112.0,,,,5.89,,10.44,,18.33,,30.0,,16.22,,7.11,,0.313,,0.841,9.0,0.862
2023,1,Maryland,546904,6-3,Big Ten,,12.67,,10.44,,0.605,,0.448,,0.684,,114.0,,,,7.89,,11.67,,20.56,,37.78,,15.78,,8.78,,0.277,,0.922,9.0,0.876
2023,1,Massachusetts,546905,6-3,Atlantic 10,,9.33,,9.0,,0.543,,0.409,,0.769,,84.0,,,,5.11,,14.44,,14.44,,27.78,,17.33,,9.0,,0.265,,0.804,9.0,0.906
2023,1,Mercer,546906,4-7,ASUN,,9.64,,14.09,,0.578,,0.327,,0.564,,106.0,,,,5.73,,11.45,,15.36,,30.45,,17.64,,6.82,,0.247,,0.819,11.0,0.908
2023,1,Michigan,546907,5-4,Big Ten,,13.56,,13.11,,0.6,,0.231,,0.522,,122.0,,,,8.22,,10.44,,21.78,,30.44,,15.56,,7.0,,0.347,,0.826,9.0,0.918
2023,1,Monmouth,546908,4-5,CAA,,8.89,,11.44,,0.535,,0.184,,0.719,,80.0,,,,4.67,,10.11,,13.56,,30.56,,14.0,,6.22,,0.251,,0.897,9.0,0.907
2023,1,Mount St. Mary's,546909,5-6,MAAC,,10.27,,11.55,,0.584,,0.22,,0.6,,113.0,,,,6.27,,9.55,,16.55,,33.64,,18.55,,9.64,,0.26,,0.864,11.0,0.875
2023,1,NJIT,546911,2-7,America East,,10.67,,13.33,,0.481,,0.441,,0.667,,96.0,,,,6.11,,15.22,,16.78,,27.89,,20.0,,7.44,,0.292,,0.85,9.0,0.914
2023,1,Navy,546931,5-6,Patriot,,10.82,,10.82,,0.553,,0.296,,0.429,,119.0,,,,6.18,,10.09,,17.0,,32.55,,16.0,,7.27,,0.235,,0.863,11.0,0.838
2023,1,North Carolina,546910,7-3,ACC,,16.1,,8.5,,0.457,,0.556,,0.721,,161.0,,,,9.8,,10.8,,25.9,,35.2,,15.1,,10.3,,0.368,,0.884,10.0,0.78
2023,1,Notre Dame,546912,7-1,ACC,,16.38,,9.5,,0.471,,0.619,,0.625,,131.0,,,,8.88,,11.88,,25.25,,34.13,,13.75,,10.13,,0.358,,0.86,8.0,0.864
2023,1,Ohio St.,546913,5-5,Big Ten,,11.5,,12.0,,0.522,,0.464,,0.568,,115.0,,,,6.2,,10.9,,17.7,,30.2,,17.3,,6.1,,0.311,,0.89,10.0,0.91
2023,1,Penn,546915,4-4,Ivy League,,11.13,,12.38,,0.419,,0.2,,0.548,,89.0,,,,6.5,,13.63,,17.63,,25.75,,14.0,,5.5,,0.276,,0.919,8.0,0.894
2023,1,Penn St.,546914,6-3,Big Ten,,14.0,,10.78,,0.488,,0.485,,0.735,,126.0,,,,8.22,,13.11,,22.22,,33.44,,16.67,,8.44,,0.322,,0.856,9.0,0.822
2023,1,Princeton,546916,4-4,Ivy League,,13.88,,10.88,,0.462,,0.467,,0.533,,111.0,,,,8.88,,14.5,,22.75,,31.13,,14.38,,8.88,,0.301,,0.892,8.0,0.869
2023,1,Providence,546917,5-5,Big East,,11.9,,13.8,,0.386,,0.323,,0.692,,119.0,,,,6.7,,14.8,,18.6,,23.7,,17.1,,5.0,,0.331,,0.821,10.0,0.854
2023,1,Quinnipiac,546918,4-5,MAAC,,11.78,,13.67,,0.548,,0.5,,0.625,,106.0,,,,7.44,,14.0,,19.22,,26.56,,16.89,,5.44,,0.296,,0.83,9.0,0.917
2023,1,Richmond,546919,5-4,Atlantic 10,,10.67,,11.22,,0.524,,0.351,,0.759,,96.0,,,,7.11,,10.56,,17.78,,29.78,,17.11,,9.11,,0.29,,0.9,9.0,0.869
2023,1,Robert Morris,546920,4-5,ASUN,,11.0,,10.44,,0.498,,0.536,,0.614,,99.0,,,,7.44,,13.22,,18.44,,30.33,,17.11,,7.0,,0.296,,0.871,9.0,0.866
2023,1,Rutgers,546921,7-3,Big Ten,,13.6,,10.0,,0.571,,0.346,,0.679,,136.0,,,,7.0,,11.1,,20.6,,34.4,,12.4,,7.8,,0.283,,0.879,10.0,0.871
2023,1,Sacred Heart,546922,2-8,MAAC,,9.1,,12.2,,0.46,,0.211,,0.655,,91.0,,,,4.7,,14.1,,13.8,,26.9,,18.0,,5.5,,0.273,,0.816,10.0,0.9
2023,1,Saint Joseph's,546924,5-4,Atlantic 10,,14.78,,11.56,,0.649,,0.419,,0.69,,133.0,,,,6.11,,7.89,,20.89,,32.56,,15.56,,7.0,,0.328,,0.887,9.0,0.864
2023,1,Siena,546925,5-4,MAAC,,11.33,,11.33,,0.436,,0.429,,0.565,,102.0,,,,6.89,,11.89,,18.22,,30.67,,14.33,,9.89,,0.254,,0.913,9.0,0.871
2023,1,St. Bonaventure,546867,1-9,Atlantic 10,,7.8,,14.4,,0.502,,0.12,,0.529,,78.0,,,,4.0,,11.0,,11.8,,28.0,,18.1,,6.8,,0.228,,0.723,10.0,0.858
2023,1,St. John's (NY),546923,0-10,Big East,,8.7,,15.4,,0.268,,0.238,,0.64,,87.0,,,,5.0,,14.3,,13.7,,25.2,,19.3,,9.5,,0.233,,0.841,10.0,0.847
2023,1,Stony Brook,546926,6-4,CAA,,13.5,,11.0,,0.489,,0.433,,0.87,,135.0,,,,6.8,,12.2,,20.3,,33.5,,15.0,,6.6,,0.315,,0.837,10.0,0.867
2023,1,Syracuse,546927,6-5,ACC,,14.27,,10.73,,0.413,,0.592,,0.729,,157.0,,,,8.64,,14.55,,22.91,,26.27,,11.73,,8.27,,0.333,,0.894,11.0,0.848
2023,1,Towson,546928,2-7,CAA,,11.22,,11.56,,0.557,,0.259,,0.52,,101.0,,,,6.56,,11.78,,17.78,,34.78,,19.0,,8.44,,0.274,,0.88,9.0,0.837
2023,1,UAlbany,546869,3-5,America East,,9.63,,11.38,,0.476,,0.37,,0.565,,77.0,,,,4.88,,8.5,,14.5,,28.75,,14.63,,9.63,,0.238,,0.908,8.0,0.887
2023,1,UMBC,546903,6-3,America East,,11.89,,8.89,,0.451,,0.36,,0.588,,107.0,,,,5.22,,10.33,,17.11,,27.33,,15.56,,8.44,,0.29,,0.859,9.0,0.807
2023,1,UMass Lowell,546898,0-8,America East,,7.88,,16.5,,0.373,,0.237,,0.471,,63.0,,,,3.75,,14.75,,11.63,,24.5,,18.38,,4.88,,0.286,,0.805,8.0,0.927
2023,1,Utah,546868,5-4,ASUN,,14.67,,13.0,,0.5,,0.179,,0.485,,132.0,,,,7.78,,13.11,,22.44,,35.0,,14.22,,6.33,,0.295,,0.896,9.0,0.887
2023,1,VMI,546934,5-6,MAAC,,10.64,,13.55,,0.477,,0.278,,0.655,,117.0,,,,5.64,,13.91,,16.27,,29.27,,18.45,,8.18,,0.279,,0.857,11.0,0.83
2023,1,Vermont,546932,5-4,America East,,10.78,,11.44,,0.599,,0.211,,0.588,,97.0,,,,7.11,,11.56,,17.89,,30.33,,18.22,,7.89,,0.271,,0.847,9.0,0.865
2023,1,Villanova,546933,8-2,Big East,,13.5,,10.0,,0.541,,0.455,,0.769,,135.0,,,,8.0,,11.0,,21.5,,34.3,,14.9,,10.3,,0.285,,0.867,10.0,0.81
2023,1,Virginia,546935,7-2,ACC,,18.11,,12.56,,0.565,,0.625,,0.531,,163.0,,,,12.22,,12.11,,30.33,,41.33,,14.56,,9.11,,0.376,,0.919,9.0,0.841
2023,1,Wagner,546936,2-8,MAAC,,7.6,,12.5,,0.414,,0.172,,0.704,,76.0,,,,3.3,,13.8,,10.9,,22.9,,17.0,,6.3,,0.205,,0.809,10.0,0.884
2023,1,Yale,546937,3-4,Ivy League,,13.71,,15.0,,0.468,,0.24,,0.517,,96.0,,,,6.71,,14.71,,20.43,,32.14,,15.29,,8.71,,0.299,,0.833,7.0,0.809
2023,2,Adelphi,547003,6-0,NE10,,17.67,,5.17,,0.551,,0.333,,0.929,,106.0,,,,9.5,,9.0,,27.17,,37.33,,16.67,,12.0,,0.362,,0.929,6.0,0.639
2023,2,Alderson Broaddus,547012,0-7,G-MAC,,4.14,,19.43,,0.332,,0.077,,0.615,,29.0,,,,2.0,,18.71,,6.14,,15.57,,14.71,,4.29,,0.173,,0.805,7.0,0.897
2023,2,American Int'l,547005,2-4,NE10,,8.33,,9.67,,0.367,,0.259,,0.692,,50.0,,,,5.67,,10.83,,14.0,,29.17,,21.0,,13.17,,0.202,,0.792,6.0,0.85
2023,2,Anderson (SC),546956,9-1,SAC,,18.2,,10.4,,0.679,,0.482,,0.724,,182.0,,,,11.0,,10.9,,29.2,,43.7,,19.7,,11.9,,0.335,,0.836,10.0,0.707
2023,2,Assumption,547006,2-2,NE10,,16.0,,9.0,,0.561,,0.267,,0.824,,64.0,,,,5.75,,15.25,,21.75,,34.25,,14.25,,9.75,,0.282,,0.938,4.0,0.779
2023,2,Barton,547002,6-4,Conference Carolinas,,13.7,,12.0,,0.545,,0.42,,0.86,,137.0,,,,9.0,,13.4,,22.7,,33.0,,20.8,,9.0,,0.358,,0.79,10.0,0.802
2023,2,Belmont Abbey,546973,5-3,Conference Carolinas,,11.25,,10.38,,0.549,,0.4,,0.625,,90.0,,,,6.38,,14.0,,17.63,,28.75,,19.88,,7.5,,0.28,,0.847,8.0,0.867
2023,2,Bentley,546940,2-1,NE10,,13.33,,11.33,,0.5,,0.667,,0.583,,40.0,,,,8.33,,11.0,,21.67,,31.0,,15.0,,7.67,,0.325,,0.836,3.0,0.817
2023,2,Bridgeport,551553,1-5,CACC,,8.33,,15.5,,0.358,,0.357,,0.652,,50.0,,,,4.83,,14.33,,13.17,,28.33,,28.17,,10.17,,0.307,,0.64,6.0,0.806
2023,2,CSU Pueblo,546974,0-7,RMAC,,4.57,,13.57,,0.413,,0.192,,0.5,,32.0,,,,3.0,,13.86,,7.57,,17.57,,19.29,,3.86,,0.242,,0.753,7.0,0.851
2023,2,Caldwell,546958,1-4,CACC,,9.0,,12.4,,0.415,,0.167,,0.778,,45.0,,,,5.2,,16.2,,14.2,,25.2,,23.2,,7.6,,0.227,,0.65,5.0,0.79
2023,2,Catawba,546961,1-6,SAC,,7.14,,12.71,,0.364,,0.269,,0.588,,50.0,,,,3.71,,12.57,,10.86,,27.0,,19.0,,7.29,,0.183,,0.813,7.0,0.888
2023,2,Chestnut Hill,546985,3-2,CACC,,8.6,,7.6,,0.49,,0.313,,0.588,,43.0,,,,7.2,,13.6,,15.8,,27.2,,23.2,,9.0,,0.247,,0.868,5.0,0.709
2023,2,Chowan,546976,2-6,Conference Carolinas,,15.63,,17.0,,0.442,,0.432,,0.571,,125.0,,,,10.88,,15.75,,26.5,,30.63,,20.13,,10.0,,0.424,,0.756,8.0,0.827
2023,2,Coker,546962,5-3,SAC,,12.25,,10.5,,0.376,,0.143,,0.792,,98.0,,,,6.75,,14.0,,19.0,,21.5,,14.38,,5.88,,0.313,,0.781,8.0,0.92
2023,2,Colorado Mesa,546980,7-2,RMAC,,17.0,,9.67,,0.634,,0.29,,0.727,,153.0,,,,9.67,,8.89,,26.67,,36.33,,16.67,,8.67,,0.328,,0.933,9.0,0.809
2023,2,Davenport,546960,2-5,GLVC,,11.29,,11.0,,0.428,,0.226,,0.714,,79.0,,,,8.14,,12.29,,19.43,,36.43,,24.0,,10.57,,0.317,,0.803,7.0,0.858
2023,2,Davis & Elkins,546941,2-7,G-MAC,,9.0,,16.78,,0.345,,0.208,,0.667,,81.0,,,,6.33,,17.44,,15.33,,27.89,,20.89,,6.56,,0.291,,0.809,9.0,0.881
2023,2,Dist. Columbia,546942,0-4,ECC,,5.5,,19.5,,0.77,,0.25,,0.643,,22.0,,,,2.25,,24.0,,7.75,,36.0,,28.5,,5.5,,0.19,,0.6,4.0,0.947
2023,2,Dominican (NY),546977,2-4,CACC,,8.33,,16.17,,0.347,,0.438,,0.615,,50.0,,,,6.17,,12.5,,14.5,,28.83,,23.67,,9.17,,0.273,,0.701,6.0,0.881
2023,2,Embry-Riddle (FL),546996,4-4,Sunshine State,,12.0,,14.25,,0.411,,0.333,,0.563,,96.0,,,,4.75,,12.75,,16.75,,33.25,,18.5,,8.88,,0.276,,0.767,8.0,0.839
2023,2,Emmanuel (GA),546992,1-7,Conference Carolinas,,7.38,,18.38,,0.451,,0.12,,0.732,,59.0,,,,4.38,,16.0,,11.75,,25.13,,20.88,,5.5,,0.233,,0.728,8.0,0.913
2023,2,Felician,546999,1-4,CACC,,9.8,,13.6,,0.586,,0.182,,0.609,,49.0,,,,4.2,,12.2,,14.0,,36.4,,18.6,,7.2,,0.216,,0.802,5.0,0.847
2023,2,Fla. Southern,546944,6-2,Sunshine State,,21.0,,9.25,,0.53,,0.571,,0.486,,168.0,,,,11.5,,10.88,,32.5,,47.5,,17.88,,16.0,,0.364,,0.895,8.0,0.742
2023,2,Flagler,547015,2-8,Peach Belt,,9.9,,14.7,,0.446,,0.324,,0.6,,99.0,,,,5.6,,11.6,,15.5,,29.5,,18.9,,9.3,,0.25,,0.86,10.0,0.902
2023,2,Florida Tech,546943,4-3,Sunshine State,,14.57,,11.29,,0.547,,0.353,,0.675,,102.0,,,,8.14,,11.86,,22.71,,38.14,,17.29,,10.29,,0.333,,0.854,7.0,0.768
2023,2,Franklin Pierce,546945,3-2,NE10,,13.6,,13.2,,0.409,,0.333,,0.667,,68.0,,,,8.2,,13.2,,21.8,,31.8,,18.8,,8.8,,0.352,,0.838,5.0,0.775
2023,2,Frostburg St.,547000,7-0,ECC,,17.29,,8.86,,0.564,,0.242,,0.878,,121.0,,,,11.14,,8.71,,28.43,,40.86,,15.86,,8.14,,0.307,,0.897,7.0,0.798
2023,2,Georgian Court,546978,3-5,CACC,,9.5,,13.63,,0.456,,0.417,,0.765,,76.0,,,,6.13,,18.13,,15.63,,30.75,,20.25,,5.63,,0.277,,0.801,8.0,0.911
2023,2,Lake Erie,546975,1-6,G-MAC,,11.57,,15.71,,0.681,,0.133,,0.769,,81.0,,,,6.29,,12.0,,17.86,,32.14,,19.29,,4.14,,0.26,,0.815,7.0,0.861
2023,2,Lander,547001,6-3,Peach Belt,,14.67,,10.89,,0.479,,0.464,,0.556,,132.0,,,,10.33,,14.56,,25.0,,36.44,,15.89,,13.0,,0.333,,0.887,9.0,0.793
2023,2,Le Moyne,546947,5-0,NE10,,12.2,,7.2,,0.522,,0.222,,0.875,,61.0,,,,6.8,,10.6,,19.0,,24.6,,18.8,,6.2,,0.353,,0.862,5.0,0.837
2023,2,Lees-McRae,546983,0-8,Conference Carolinas,,6.25,,17.5,,0.406,,0.208,,0.581,,50.0,,,,2.5,,14.75,,8.75,,26.38,,28.13,,6.5,,0.244,,0.683,8.0,0.876
2023,2,Lenoir-Rhyne,546963,8-1,SAC,,17.67,,7.11,,0.558,,0.575,,0.625,,159.0,,,,11.78,,8.67,,29.44,,33.11,,14.44,,11.11,,0.333,,0.902,9.0,0.763
2023,2,Lewis,546959,5-2,GLVC,,12.29,,8.57,,0.464,,0.355,,0.613,,86.0,,,,6.71,,13.71,,19.0,,28.14,,18.57,,8.14,,0.354,,0.811,7.0,0.862
2023,2,Limestone,546964,6-3,SAC,,16.0,,12.44,,0.547,,0.412,,0.772,,144.0,,,,10.0,,12.67,,26.0,,45.22,,19.33,,9.33,,0.306,,0.896,9.0,0.759
2023,2,Lincoln Memorial,546965,4-4,SAC,,11.38,,11.13,,0.514,,0.273,,0.737,,91.0,,,,5.25,,9.88,,16.63,,29.38,,20.13,,11.38,,0.263,,0.829,8.0,0.727
2023,2,Lynn,546984,5-4,Sunshine State,,14.11,,10.0,,0.602,,0.256,,0.75,,127.0,,,,8.33,,11.11,,22.44,,35.67,,17.78,,7.67,,0.357,,0.919,9.0,0.804
2023,2,Malone,550213,5-3,G-MAC,,14.5,,14.0,,0.459,,0.465,,0.679,,116.0,,,,8.0,,19.5,,22.5,,36.5,,20.38,,7.38,,0.326,,0.791,8.0,0.858
2023,2,Mars Hill,546966,2-8,SAC,,8.2,,12.5,,0.467,,0.3,,0.558,,82.0,,,,4.8,,14.4,,13.0,,29.9,,18.9,,8.3,,0.24,,0.852,10.0,0.863
2023,2,Maryville (MO),546948,5-3,GLVC,,12.0,,10.25,,0.58,,0.219,,0.636,,96.0,,,,6.25,,8.5,,18.25,,31.25,,18.0,,9.88,,0.257,,0.834,8.0,0.747
2023,2,Mercy,546949,6-1,ECC,,18.29,,9.86,,0.662,,0.607,,0.769,,128.0,,,,10.14,,10.0,,28.43,,42.43,,20.0,,11.14,,0.39,,0.873,7.0,0.814
2023,2,Mercyhurst,546950,4-1,G-MAC,,12.2,,8.2,,0.656,,0.381,,0.563,,61.0,,,,6.6,,13.4,,18.8,,33.8,,18.2,,7.0,,0.298,,0.874,5.0,0.857
2023,2,Molloy,546951,6-3,ECC,,12.11,,8.33,,0.519,,0.263,,0.65,,109.0,,,,7.89,,11.11,,20.0,,39.11,,20.89,,12.67,,0.271,,0.854,9.0,0.721
2023,2,Montevallo,546994,7-4,Peach Belt,,10.73,,11.73,,0.56,,0.417,,0.656,,118.0,,,,5.82,,14.64,,16.55,,35.09,,24.91,,8.64,,0.262,,0.83,11.0,0.842
2023,2,Mount Olive,546967,2-5,Conference Carolinas,,9.29,,13.29,,0.61,,0.303,,0.531,,65.0,,,,4.86,,14.29,,14.14,,28.0,,18.86,,6.29,,0.261,,0.849,7.0,0.912
2023,2,Newberry,546998,5-4,SAC,,14.0,,14.11,,0.495,,0.591,,0.615,,126.0,,,,8.67,,10.22,,22.67,,36.0,,19.11,,8.22,,0.356,,0.811,9.0,0.912
2023,2,North Greenville,546979,3-6,Conference Carolinas,,10.78,,13.78,,0.444,,0.233,,0.69,,97.0,,,,7.89,,12.33,,18.67,,24.44,,17.44,,8.0,,0.287,,0.888,9.0,0.862
2023,2,Pace,546954,5-0,NE10,,15.0,,7.2,,0.667,,0.444,,0.75,,75.0,,,,7.4,,10.0,,22.4,,38.0,,19.4,,13.8,,0.352,,0.865,5.0,0.748
2023,2,Palm Beach Atl.,546995,2-5,Sunshine State,,12.71,,16.43,,0.48,,0.258,,0.615,,89.0,,,,6.0,,10.0,,18.71,,33.86,,18.14,,10.0,,0.298,,0.873,7.0,0.784
2023,2,Post,546968,4-3,CACC,,14.57,,10.43,,0.528,,0.522,,0.636,,102.0,,,,8.43,,11.0,,23.0,,38.71,,18.71,,11.43,,0.348,,0.843,7.0,0.802
2023,2,Quincy,547013,7-4,GLVC,,13.18,,10.55,,0.521,,0.439,,0.778,,145.0,,,,7.91,,12.18,,21.09,,34.91,,17.73,,8.18,,0.309,,0.866,11.0,0.778
2023,2,Roberts Wesleyan,546989,4-3,ECC,,13.57,,12.71,,0.444,,0.242,,0.694,,95.0,,,,7.14,,11.29,,20.71,,29.43,,16.71,,8.71,,0.329,,0.899,7.0,0.89
2023,2,Rockhurst,546969,5-3,GLVC,,11.63,,8.25,,0.581,,0.483,,0.81,,93.0,,,,7.0,,10.25,,18.63,,34.25,,20.38,,11.5,,0.26,,0.826,8.0,0.801
2023,2,Rollins,546955,6-1,Sunshine State,,15.86,,10.71,,0.558,,0.313,,0.571,,111.0,,,,8.29,,12.57,,24.14,,32.86,,16.86,,8.14,,0.362,,0.857,7.0,0.837
2023,2,Saint Anselm,547007,2-1,NE10,,13.67,,7.67,,0.575,,0.364,,0.714,,41.0,,,,7.33,,9.0,,21.0,,35.33,,17.0,,9.0,,0.299,,0.949,3.0,0.738
2023,2,Saint Leo,547008,5-3,Sunshine State,,14.0,,9.75,,0.623,,0.353,,0.875,,112.0,,,,7.63,,10.75,,21.63,,31.63,,19.13,,9.13,,0.356,,0.815,8.0,0.793
2023,2,Saint Michael's,547009,3-1,NE10,,17.25,,10.25,,0.413,,0.182,,0.619,,69.0,,,,12.5,,15.25,,29.75,,34.0,,17.25,,12.5,,0.401,,0.813,4.0,0.652
2023,2,Saint Rose,546970,1-7,NE10,,10.75,,14.5,,0.509,,0.313,,0.472,,86.0,,,,5.5,,11.88,,16.25,,29.63,,20.25,,6.75,,0.283,,0.832,8.0,0.861
2023,2,Seton Hill,546986,3-3,G-MAC,,15.17,,9.17,,0.556,,0.296,,0.85,,91.0,,,,9.17,,10.17,,24.33,,26.67,,16.83,,6.5,,0.294,,0.865,6.0,0.811
2023,2,Shorter,546990,2-5,Peach Belt,,10.71,,11.29,,0.48,,0.265,,0.875,,75.0,,,,5.29,,10.57,,16.0,,22.43,,14.0,,7.86,,0.264,,0.824,7.0,0.76
2023,2,Southern N.H.,546952,1-1,NE10,,9.0,,13.5,,0.6,,0.3,,0.857,,18.0,,,,8.5,,10.5,,17.5,,31.5,,18.0,,4.0,,0.231,,0.806,2.0,0.935
2023,2,St. Thomas Aquinas,546971,3-3,ECC,,9.0,,12.0,,0.545,,0.2,,0.7,,54.0,,,,4.5,,12.83,,13.5,,31.0,,23.67,,6.5,,0.277,,0.784,6.0,0.872
2023,2,Tampa,547010,7-1,Sunshine State,,17.88,,7.5,,0.649,,0.276,,0.857,,143.0,,,,10.0,,15.75,,27.88,,36.63,,14.25,,9.38,,0.358,,0.917,8.0,0.859
2023,2,Tusculum,546982,4-5,SAC,,10.11,,13.33,,0.436,,0.455,,0.583,,91.0,,,,7.0,,13.78,,17.11,,32.67,,23.67,,7.89,,0.326,,0.736,9.0,0.871
2023,2,UAH,547004,7-3,Peach Belt,,11.7,,10.6,,0.506,,0.25,,0.659,,117.0,,,,5.3,,9.0,,17.0,,39.5,,20.7,,12.9,,0.271,,0.838,10.0,0.768
2023,2,UIndy,546946,6-1,GLVC,,15.29,,9.43,,0.485,,0.48,,0.81,,107.0,,,,7.0,,8.0,,22.29,,32.43,,11.57,,12.29,,0.282,,0.932,7.0,0.862
2023,2,Walsh,546988,2-4,G-MAC,,9.0,,13.0,,0.399,,0.222,,0.778,,54.0,,,,3.83,,16.17,,12.83,,29.83,,20.83,,8.67,,0.278,,0.792,6.0,0.824
2023,2,Westminster (UT),546993,3-3,RMAC,,13.17,,11.33,,0.506,,0.3,,0.889,,79.0,,,,5.33,,12.33,,18.5,,31.17,,12.83,,4.5,,0.329,,0.835,6.0,0.86
2023,2,Wheeling,546957,2-5,G-MAC,,12.14,,13.43,,0.281,,0.143,,0.886,,85.0,,,,8.43,,16.57,,20.57,,24.0,,19.71,,8.86,,0.292,,0.759,7.0,0.831
2023,2,Wilmington (DE),546997,1-4,CACC,,8.4,,17.6,,0.299,,0.444,,0.444,,42.0,,,,6.4,,15.0,,14.8,,25.8,,16.6,,9.8,,0.244,,0.752,5.0,0.847
2023,2,Wingate,546972,7-1,SAC,,17.25,,10.0,,0.547,,0.25,,0.714,,138.0,,,,11.38,,11.38,,28.63,,40.88,,16.25,,10.75,,0.337,,0.891,8.0,0.761
2023,2,Young Harris,546991,1-8,Peach Belt,,9.56,,18.78,,0.417,,0.5,,0.468,,86.0,,,,4.56,,13.22,,14.11,,34.89,,24.67,,9.78,,0.288,,0.775,9.0,0.873
2024,1,Air Force,571437,4-4,ASUN,,10.38,,10.63,,0.444,,0.222,,0.773,,83.0,,,,6.88,,10.25,,17.25,,30.13,,16.88,,9.0,,0.293,,0.875,8.0,0.802
2024,1,Army West Point,571438,7-1,Patriot,,14.88,,10.5,,0.621,,0.467,,0.667,,119.0,,,,8.75,,9.63,,23.63,,35.13,,13.75,,5.75,,0.323,,0.91,8.0,0.857
2024,1,Bellarmine,571378,6-4,ASUN,,12.5,,9.7,,0.496,,0.214,,0.745,,125.0,,,,7.4,,14.1,,19.9,,28.3,,18.8,,9.0,,0.291,,0.949,10.0,0.893
2024,1,Binghamton,571379,3-5,America East,,11.0,,13.25,,0.511,,0.286,,0.692,,88.0,,,,4.88,,13.13,,15.88,,28.25,,16.13,,6.63,,0.263,,0.809,8.0,0.826
2024,1,Boston U.,571380,6-2,Patriot,,12.75,,10.63,,0.441,,0.348,,0.654,,102.0,,,,8.5,,15.0,,21.25,,34.13,,18.13,,12.88,,0.309,,0.825,8.0,0.794
2024,1,Brown,571381,1-6,Ivy League,,9.0,,12.43,,0.514,,0.292,,0.75,,63.0,,,,4.57,,11.86,,13.57,,28.29,,16.43,,7.43,,0.232,,0.873,7.0,0.816
2024,1,Bryant,571382,5-3,America East,,13.38,,9.13,,0.648,,0.188,,0.786,,107.0,,,,6.88,,10.5,,20.25,,39.25,,16.25,,7.13,,0.297,,0.902,8.0,0.911
2024,1,Bucknell,571383,2-7,Patriot,,9.56,,13.56,,0.464,,0.321,,0.657,,86.0,,,,4.89,,9.0,,14.44,,31.11,,20.0,,10.11,,0.249,,0.773,9.0,0.807
2024,1,Canisius,571384,2-7,MAAC,,8.44,,13.0,,0.452,,0.25,,0.409,,76.0,,,,4.67,,11.56,,13.11,,27.89,,15.44,,5.33,,0.232,,0.838,9.0,0.876
2024,1,Cleveland St.,571385,4-3,ASUN,,8.86,,13.0,,0.435,,0.389,,0.583,,62.0,,,,3.71,,10.0,,12.57,,28.43,,19.86,,7.57,,0.247,,0.8,7.0,0.812
2024,1,Colgate,571386,6-3,Patriot,,13.0,,12.44,,0.412,,0.467,,0.683,,117.0,,,,7.11,,14.22,,20.11,,33.44,,21.89,,11.22,,0.32,,0.811,9.0,0.719
2024,1,Cornell,571387,5-2,Ivy League,,16.14,,13.86,,0.479,,0.348,,0.667,,113.0,,,,9.43,,12.71,,25.57,,35.29,,14.57,,7.71,,0.375,,0.853,7.0,0.799
2024,1,Dartmouth,571388,3-5,Ivy League,,10.63,,12.75,,0.519,,0.476,,0.654,,85.0,,,,7.13,,10.5,,17.75,,34.75,,19.25,,9.13,,0.307,,0.856,8.0,0.856
2024,1,Delaware,571389,3-3,CAA,,11.83,,9.5,,0.507,,0.529,,0.526,,71.0,,,,6.17,,13.0,,18.0,,32.5,,13.33,,6.5,,0.252,,0.868,6.0,0.879
2024,1,Denver,571390,6-1,Big East,,13.43,,10.29,,0.596,,0.5,,0.889,,94.0,,,,7.86,,10.43,,21.29,,28.71,,14.71,,8.14,,0.321,,0.858,7.0,0.852
2024,1,Detroit Mercy,571391,0-7,ASUN,,9.29,,17.29,,0.276,,0.294,,0.516,,65.0,,,,3.71,,15.14,,13.0,,24.0,,18.29,,7.43,,0.286,,0.802,7.0,0.882
2024,1,Drexel,571392,3-5,CAA,,9.5,,11.75,,0.508,,0.353,,0.652,,76.0,,,,5.25,,14.25,,14.75,,28.13,,17.0,,6.13,,0.269,,0.882,8.0,0.935
2024,1,Duke,571393,8-2,ACC,,16.5,,8.9,,0.579,,0.333,,0.647,,165.0,,,,8.8,,12.7,,25.3,,35.0,,15.7,,10.1,,0.369,,0.872,10.0,0.888
2024,1,Fairfield,571394,4-5,CAA,,10.33,,11.78,,0.444,,0.435,,0.639,,93.0,,,,6.56,,9.56,,16.89,,31.22,,14.78,,10.67,,0.256,,0.91,9.0,0.886
2024,1,Georgetown,571395,6-2,Big East,,12.75,,9.75,,0.563,,0.316,,0.563,,102.0,,,,7.75,,11.25,,20.5,,31.75,,15.88,,6.75,,0.322,,0.869,8.0,0.863
2024,1,Hampton,571396,0-7,CAA,,4.86,,22.0,,0.288,,0.143,,0.667,,34.0,,,,2.14,,14.29,,7.0,,27.86,,24.57,,8.71,,0.163,,0.727,7.0,0.949
2024,1,Harvard,571398,6-2,Ivy League,,15.88,,11.75,,0.437,,0.64,,0.656,,127.0,,,,8.38,,12.0,,24.25,,33.13,,14.0,,9.13,,0.377,,0.919,8.0,0.817
2024,1,High Point,571446,6-4,Atlantic 10,,14.6,,11.5,,0.552,,0.469,,0.481,,146.0,,,,8.9,,11.6,,23.5,,36.8,,15.9,,9.5,,0.309,,0.872,10.0,0.811
2024,1,Hobart,571399,3-5,Atlantic 10,,11.38,,14.0,,0.599,,0.438,,0.759,,91.0,,,,7.13,,11.38,,18.5,,29.5,,17.13,,5.75,,0.261,,0.851,8.0,0.868
2024,1,Hofstra,571400,3-5,CAA,,12.25,,13.5,,0.559,,0.29,,0.421,,98.0,,,,7.25,,11.25,,19.5,,31.0,,16.88,,6.13,,0.279,,0.851,8.0,0.843
2024,1,Holy Cross,571401,2-6,Patriot,,9.0,,13.5,,0.38,,0.364,,0.571,,72.0,,,,4.13,,10.63,,13.13,,30.25,,18.25,,10.13,,0.263,,0.87,8.0,0.892
2024,1,Jacksonville,571402,5-3,ASUN,,9.5,,9.5,,0.474,,0.481,,0.769,,76.0,,,,5.88,,11.5,,15.38,,27.88,,15.88,,7.75,,0.27,,0.851,8.0,0.851
2024,1,Johns Hopkins,571403,5-3,Big Ten,,12.5,,10.13,,0.495,,0.381,,0.606,,100.0,,,,7.63,,12.13,,20.13,,32.38,,14.25,,8.5,,0.308,,0.892,8.0,0.845
2024,1,LIU,571374,6-1,MAAC,,12.14,,8.57,,0.526,,0.6,,0.556,,85.0,,,,7.29,,8.57,,19.43,,34.0,,20.0,,10.43,,0.297,,0.821,7.0,0.821
2024,1,Lafayette,571404,4-4,Patriot,,12.88,,11.63,,0.511,,0.393,,0.368,,103.0,,,,7.25,,12.75,,20.13,,29.0,,17.75,,6.0,,0.31,,0.846,8.0,0.847
2024,1,Lehigh,571405,4-4,Patriot,,10.63,,11.75,,0.452,,0.136,,0.759,,85.0,,,,3.0,,13.5,,13.63,,28.63,,17.13,,7.75,,0.297,,0.818,8.0,0.862
2024,1,Loyola Maryland,571407,3-6,Patriot,,10.44,,12.11,,0.422,,0.261,,0.692,,94.0,,,,6.22,,14.33,,16.67,,26.89,,14.44,,7.56,,0.276,,0.841,9.0,0.902
2024,1,Manhattan,571408,2-6,MAAC,,8.88,,11.38,,0.349,,0.32,,0.556,,71.0,,,,4.0,,14.25,,12.88,,26.88,,16.13,,7.88,,0.277,,0.857,8.0,0.924
2024,1,Marist,571409,4-4,MAAC,,12.13,,11.88,,0.47,,0.382,,0.852,,97.0,,,,6.5,,12.5,,18.63,,30.88,,14.5,,8.88,,0.263,,0.84,8.0,0.864
2024,1,Marquette,571410,4-5,Big East,,10.89,,10.67,,0.564,,0.478,,0.667,,98.0,,,,6.11,,11.33,,17.0,,26.78,,16.33,,7.78,,0.275,,0.87,9.0,0.893
2024,1,Maryland,571412,5-3,Big Ten,,11.63,,10.88,,0.573,,0.364,,0.3,,93.0,,,,7.25,,10.88,,18.88,,29.63,,15.75,,7.63,,0.309,,0.862,8.0,0.923
2024,1,Massachusetts,571413,4-4,Atlantic 10,,12.5,,10.25,,0.474,,0.176,,0.76,,100.0,,,,6.5,,12.5,,19.0,,30.13,,14.5,,7.0,,0.331,,0.857,8.0,0.864
2024,1,Mercer,571414,2-6,ASUN,,9.75,,11.63,,0.544,,0.289,,0.739,,78.0,,,,5.63,,14.75,,15.38,,31.88,,18.63,,6.25,,0.235,,0.881,8.0,0.863
2024,1,Merrimack,571447,3-6,America East,,9.78,,14.0,,0.389,,0.464,,0.5,,88.0,,,,5.22,,12.89,,15.0,,28.11,,16.33,,8.78,,0.251,,0.83,9.0,0.903
2024,1,Michigan,571415,6-3,Big Ten,,14.22,,11.67,,0.588,,0.478,,0.542,,128.0,,,,8.89,,10.78,,23.11,,33.22,,15.44,,9.56,,0.327,,0.861,9.0,0.803
2024,1,Monmouth,571416,4-4,CAA,,10.75,,11.38,,0.447,,0.231,,0.538,,86.0,,,,5.75,,12.38,,16.5,,29.0,,15.75,,7.88,,0.304,,0.874,8.0,0.904
2024,1,Mount St. Mary's,571417,1-8,MAAC,,7.56,,13.44,,0.38,,0.345,,0.5,,68.0,,,,4.78,,12.78,,12.33,,30.67,,16.89,,8.78,,0.24,,0.883,9.0,0.887
2024,1,NJIT,571419,7-2,America East,,12.89,,10.22,,0.613,,0.304,,0.829,,116.0,,,,8.22,,12.44,,21.11,,32.11,,19.89,,8.44,,0.317,,0.825,9.0,0.868
2024,1,Navy,571439,5-4,Patriot,,11.44,,10.56,,0.572,,0.259,,0.682,,103.0,,,,6.33,,12.0,,17.78,,34.44,,17.56,,7.11,,0.282,,0.86,9.0,0.895
2024,1,North Carolina,571418,6-3,ACC,,13.89,,9.22,,0.651,,0.471,,0.711,,125.0,,,,8.78,,9.78,,22.67,,35.22,,14.89,,9.11,,0.277,,0.915,9.0,0.81
2024,1,Notre Dame,571420,5-1,ACC,,17.0,,8.33,,0.55,,0.778,,0.647,,102.0,,,,10.83,,11.5,,27.83,,34.0,,13.5,,9.33,,0.403,,0.884,6.0,0.805
2024,1,Ohio St.,571421,5-4,Big Ten,,10.78,,9.44,,0.579,,0.296,,0.556,,97.0,,,,4.56,,10.67,,15.33,,34.56,,17.22,,9.56,,0.261,,0.871,9.0,0.915
2024,1,Penn,571423,6-3,Ivy League,,10.44,,9.78,,0.428,,0.474,,0.6,,94.0,,,,6.78,,14.44,,17.22,,29.44,,16.78,,6.67,,0.299,,0.858,9.0,0.797
2024,1,Penn St.,571422,6-1,Big Ten,,15.0,,9.43,,0.472,,0.261,,0.773,,105.0,,,,9.29,,12.86,,24.29,,34.57,,16.29,,8.43,,0.341,,0.865,7.0,0.765
2024,1,Princeton,571424,5-3,Ivy League,,12.75,,10.5,,0.486,,0.333,,0.625,,102.0,,,,6.75,,12.88,,19.5,,33.25,,15.13,,9.38,,0.287,,0.837,8.0,0.863
2024,1,Providence,571425,4-5,Big East,,11.56,,13.89,,0.444,,0.343,,0.588,,104.0,,,,6.89,,11.11,,18.44,,28.22,,16.0,,6.44,,0.29,,0.893,9.0,0.863
2024,1,Quinnipiac,571426,7-0,MAAC,,14.14,,9.29,,0.453,,0.387,,0.727,,99.0,,,,8.14,,15.57,,22.29,,31.14,,15.43,,7.43,,0.368,,0.887,7.0,0.84
2024,1,Richmond,571427,5-4,Atlantic 10,,13.56,,8.89,,0.515,,0.357,,0.741,,122.0,,,,8.0,,12.11,,21.56,,28.67,,15.22,,7.78,,0.318,,0.898,9.0,0.864
2024,1,Robert Morris,571428,2-5,ASUN,,8.71,,12.29,,0.512,,0.227,,0.792,,61.0,,,,4.29,,10.57,,13.0,,25.29,,16.14,,6.43,,0.274,,0.867,7.0,0.872
2024,1,Rutgers,571429,6-2,Big Ten,,12.25,,10.13,,0.56,,0.5,,0.765,,98.0,,,,5.63,,12.88,,17.88,,31.25,,13.63,,6.13,,0.287,,0.868,8.0,0.855
2024,1,Sacred Heart,571430,5-4,MAAC,,13.0,,10.44,,0.544,,0.32,,0.519,,117.0,,,,6.89,,12.89,,19.89,,30.11,,16.78,,5.89,,0.297,,0.889,9.0,0.923
2024,1,Saint Joseph's,571432,5-3,Atlantic 10,,12.13,,11.5,,0.465,,0.269,,0.778,,97.0,,,,5.25,,8.0,,17.38,,29.25,,14.88,,7.88,,0.279,,0.859,8.0,0.789
2024,1,Siena,571433,3-5,MAAC,,11.5,,12.13,,0.41,,0.368,,0.63,,92.0,,,,6.75,,11.25,,18.25,,28.38,,18.5,,9.25,,0.296,,0.851,8.0,0.865
2024,1,St. Bonaventure,571375,1-6,Atlantic 10,,9.14,,12.14,,0.407,,0.269,,0.645,,64.0,,,,5.71,,13.14,,14.86,,25.71,,18.43,,7.71,,0.295,,0.766,7.0,0.883
2024,1,St. John's (NY),571431,3-7,Big East,,8.8,,13.9,,0.481,,0.205,,0.48,,88.0,,,,4.4,,12.2,,13.2,,27.3,,16.2,,6.3,,0.224,,0.833,10.0,0.842
2024,1,Stony Brook,571434,3-6,CAA,,12.67,,11.78,,0.466,,0.457,,0.7,,114.0,,,,8.0,,12.44,,20.67,,31.67,,15.33,,6.89,,0.303,,0.842,9.0,0.893
2024,1,Syracuse,571435,9-2,ACC,,15.18,,8.82,,0.616,,0.419,,0.727,,167.0,,,,9.55,,12.18,,24.73,,36.55,,13.82,,7.45,,0.313,,0.887,11.0,0.882
2024,1,Towson,571436,6-3,CAA,,13.56,,9.78,,0.553,,0.419,,0.657,,122.0,,,,8.22,,10.11,,21.78,,33.0,,15.67,,9.11,,0.332,,0.894,9.0,0.85
2024,1,UAlbany,571377,3-5,America East,,12.0,,11.5,,0.571,,0.381,,0.786,,96.0,,,,7.75,,10.63,,19.75,,34.25,,16.13,,7.38,,0.273,,0.847,8.0,0.86
2024,1,UMBC,571411,3-3,America East,,11.17,,11.33,,0.516,,0.4,,0.684,,67.0,,,,7.67,,10.5,,18.83,,28.33,,15.83,,6.67,,0.28,,0.905,6.0,0.891
2024,1,UMass Lowell,571406,0-7,America East,,6.57,,14.57,,0.532,,0.136,,0.5,,46.0,,,,2.86,,12.57,,9.43,,29.0,,22.0,,4.71,,0.206,,0.855,7.0,0.906
2024,1,Utah,571376,4-4,ASUN,,12.5,,12.38,,0.436,,0.24,,0.667,,100.0,,,,7.0,,11.88,,19.5,,31.75,,15.0,,8.38,,0.269,,0.856,8.0,0.93
2024,1,VMI,571442,4-5,MAAC,,12.78,,12.44,,0.538,,0.464,,0.579,,115.0,,,,6.89,,12.11,,19.67,,34.0,,18.78,,8.67,,0.311,,0.902,9.0,0.773
2024,1,Vermont,571440,3-6,America East,,10.78,,14.33,,0.506,,0.371,,0.469,,97.0,,,,5.78,,13.11,,16.56,,30.78,,18.33,,7.11,,0.329,,0.864,9.0,0.877
2024,1,Villanova,571441,5-3,Big East,,12.13,,11.13,,0.619,,0.138,,0.75,,97.0,,,,6.75,,10.13,,18.88,,34.25,,19.5,,10.75,,0.295,,0.828,8.0,0.793
2024,1,Virginia,571443,8-1,ACC,,15.56,,10.11,,0.533,,0.556,,0.522,,140.0,,,,10.56,,13.78,,26.11,,39.56,,14.78,,11.44,,0.333,,0.94,9.0,0.821
2024,1,Wagner,571444,1-8,MAAC,,7.0,,14.11,,0.413,,0.35,,0.7,,63.0,,,,4.0,,11.89,,11.0,,20.11,,17.78,,6.33,,0.249,,0.792,9.0,0.921
2024,1,Yale,571445,4-2,Ivy League,,15.83,,13.83,,0.618,,0.167,,0.577,,95.0,,,,9.0,,12.33,,24.83,,39.33,,16.5,,9.0,,0.308,,0.805,6.0,0.857
2024,2,Adams St.,571518,1-4,RMAC,,8.2,,18.8,,0.275,,0.206,,0.8,,41.0,,,,4.4,,12.4,,12.6,,26.2,,19.4,,9.6,,0.259,,0.849,5.0,0.875
2024,2,Adelphi,571510,3-2,NE10,,11.8,,10.0,,0.31,,0.25,,0.818,,59.0,,,,7.4,,12.6,,19.2,,25.6,,14.6,,8.4,,0.324,,0.864,5.0,0.767
2024,2,American Int'l,571512,4-3,NE10,,14.14,,9.57,,0.428,,0.239,,0.86,,99.0,,,,9.71,,15.0,,23.86,,28.0,,20.57,,15.57,,0.32,,0.891,7.0,0.874
2024,2,Anderson (SC),571465,4-5,SAC,,14.0,,11.22,,0.676,,0.222,,0.69,,126.0,,,,6.56,,11.89,,20.56,,40.78,,18.44,,9.67,,0.263,,0.894,9.0,0.862
2024,2,Assumption,571513,4-1,NE10,,14.2,,11.2,,0.552,,0.333,,0.737,,71.0,,,,6.6,,11.6,,20.8,,35.2,,15.8,,10.0,,0.259,,0.943,5.0,0.88
2024,2,Barton,571509,3-6,Conference Carolinas,,11.22,,12.89,,0.467,,0.111,,0.625,,101.0,,,,6.89,,11.22,,18.11,,31.89,,17.11,,8.44,,0.274,,0.849,9.0,0.855
2024,2,Belmont Abbey,571482,3-5,Conference Carolinas,,9.75,,12.88,,0.667,,0.325,,0.585,,78.0,,,,5.25,,11.75,,15.0,,35.5,,17.75,,5.75,,0.252,,0.885,8.0,0.936
2024,2,Bentley,571450,2-2,NE10,,11.25,,10.5,,0.584,,0.3,,0.538,,45.0,,,,5.75,,9.0,,17.0,,34.75,,16.5,,9.5,,0.266,,0.844,4.0,0.877
2024,2,Bridgeport,571524,3-4,CACC,,7.86,,13.0,,0.45,,0.297,,0.463,,55.0,,,,5.57,,12.57,,13.43,,31.29,,23.14,,11.43,,0.209,,0.734,7.0,0.817
2024,2,CSU Pueblo,571483,0-6,RMAC,,8.5,,16.67,,0.422,,0.206,,0.581,,51.0,,,,5.33,,11.33,,13.83,,28.67,,20.83,,11.67,,0.255,,0.748,6.0,0.871
2024,2,CUI,584259,1-5,RMAC,,11.83,,13.83,,0.612,,0.351,,0.867,,71.0,,,,6.0,,11.0,,17.83,,31.33,,19.5,,5.5,,0.317,,0.744,6.0,0.902
2024,2,Caldwell,571467,1-3,CACC,,10.0,,16.75,,0.395,,0.438,,0.706,,40.0,,,,7.75,,13.5,,17.75,,29.5,,25.75,,7.5,,0.31,,0.769,4.0,0.887
2024,2,Catawba,571470,5-4,SAC,,12.11,,10.33,,0.354,,0.233,,0.784,,109.0,,,,6.33,,11.78,,18.44,,25.67,,15.78,,8.56,,0.289,,0.874,9.0,0.889
2024,2,Chestnut Hill,571493,3-3,CACC,,9.67,,8.0,,0.408,,0.333,,0.818,,58.0,,,,7.17,,10.33,,16.83,,28.67,,19.5,,9.83,,0.309,,0.827,6.0,0.827
2024,2,Chowan,571485,3-4,Conference Carolinas,,12.71,,15.43,,0.482,,0.24,,0.522,,89.0,,,,8.0,,15.0,,20.71,,35.0,,18.14,,9.57,,0.377,,0.797,7.0,0.779
2024,2,Coker,571471,5-4,SAC,,9.0,,11.22,,0.362,,0.297,,0.738,,81.0,,,,5.89,,13.78,,14.89,,24.56,,20.22,,15.67,,0.273,,0.845,9.0,0.906
2024,2,Colorado Mesa,571489,3-3,RMAC,,15.17,,10.33,,0.632,,0.5,,0.769,,91.0,,,,9.17,,10.17,,24.33,,37.67,,16.33,,10.67,,0.331,,0.862,6.0,0.806
2024,2,D'Youville,571521,1-8,ECC,,7.56,,16.89,,0.5,,0.5,,0.737,,68.0,,,,4.22,,14.0,,11.78,,30.67,,25.89,,8.89,,0.237,,0.782,9.0,0.896
2024,2,Davenport,571469,7-0,GLVC,,14.43,,8.43,,0.475,,0.615,,0.694,,101.0,,,,7.86,,11.14,,22.29,,37.0,,18.57,,12.14,,0.358,,0.883,7.0,0.901
2024,2,Davis & Elkins,571451,3-4,G-MAC,,8.86,,14.29,,0.441,,0.206,,0.733,,62.0,,,,5.0,,14.57,,13.86,,28.71,,24.29,,13.14,,0.301,,0.823,7.0,0.895
2024,2,Dist. Columbia,571452,1-5,ECC,,7.33,,16.67,,0.315,,0.217,,0.75,,44.0,,,,3.83,,16.0,,11.17,,27.83,,27.0,,9.67,,0.278,,0.706,6.0,0.879
2024,2,Dominican (CA),584134,2-8,DII Independent,,9.9,,17.9,,0.436,,0.188,,0.615,,99.0,,,,4.5,,12.6,,14.4,,26.6,,20.0,,8.7,,0.286,,0.845,10.0,0.87
2024,2,Dominican (NY),571486,2-4,CACC,,8.67,,12.67,,0.579,,0.344,,0.565,,52.0,,,,4.67,,10.83,,13.33,,37.0,,21.67,,8.17,,0.203,,0.824,6.0,0.818
2024,2,Embry-Riddle (FL),571503,4-3,Sunshine State,,13.0,,9.86,,0.302,,0.333,,0.848,,91.0,,,,6.86,,13.57,,19.86,,24.29,,13.86,,8.57,,0.345,,0.878,7.0,0.877
2024,2,Emmanuel (GA),571499,0-8,Conference Carolinas,,6.13,,17.63,,0.202,,0.25,,0.556,,49.0,,,,4.63,,16.38,,10.75,,20.75,,27.88,,11.0,,0.234,,0.707,8.0,0.872
2024,2,Felician,571506,3-3,CACC,,8.33,,10.5,,0.595,,0.296,,0.741,,50.0,,,,4.0,,13.0,,12.33,,41.83,,20.17,,9.5,,0.207,,0.83,6.0,0.876
2024,2,Fla. Southern,571454,6-2,Sunshine State,,13.5,,12.63,,0.53,,0.367,,0.739,,108.0,,,,8.0,,14.13,,21.5,,39.0,,18.13,,10.75,,0.293,,0.896,8.0,0.845
2024,2,Flagler,571522,4-5,Peach Belt,,10.67,,13.22,,0.5,,0.321,,0.744,,96.0,,,,5.56,,12.0,,16.22,,29.44,,16.89,,6.11,,0.284,,0.808,9.0,0.898
2024,2,Florida Tech,571453,2-5,Sunshine State,,12.86,,13.57,,0.457,,0.25,,0.625,,90.0,,,,6.29,,13.57,,19.14,,32.14,,14.86,,8.0,,0.335,,0.874,7.0,0.861
2024,2,Franklin Pierce,571455,3-2,NE10,,10.4,,9.6,,0.449,,0.333,,0.5,,52.0,,,,5.2,,10.6,,15.6,,29.2,,20.6,,11.6,,0.271,,0.873,5.0,0.831
2024,2,Frostburg St.,571507,4-2,ECC,,15.5,,8.83,,0.675,,0.364,,0.727,,93.0,,,,8.83,,10.17,,24.33,,41.67,,15.83,,11.67,,0.282,,0.91,6.0,0.811
2024,2,Georgian Court,571487,4-4,CACC,,12.88,,13.0,,0.532,,0.56,,0.583,,103.0,,,,7.25,,12.25,,20.13,,35.63,,17.38,,8.0,,0.291,,0.845,8.0,0.791
2024,2,Holy Family,571799,1-6,CACC,,7.86,,14.71,,0.497,,0.081,,0.771,,55.0,,,,4.14,,14.86,,12.0,,37.14,,26.71,,10.29,,0.266,,0.713,7.0,0.779
2024,2,Lake Erie,571484,4-4,G-MAC,,11.25,,11.75,,0.303,,0.262,,0.706,,90.0,,,,5.88,,10.38,,17.13,,28.25,,18.75,,11.5,,0.277,,0.872,8.0,0.849
2024,2,Lander,571508,7-2,Peach Belt,,14.22,,11.22,,0.432,,0.313,,0.739,,128.0,,,,9.22,,12.22,,23.44,,31.44,,16.89,,12.22,,0.333,,0.836,9.0,0.737
2024,2,Lees-McRae,571491,3-2,Conference Carolinas,,13.0,,7.4,,0.583,,0.182,,0.967,,65.0,,,,6.2,,8.6,,19.2,,41.8,,22.0,,9.8,,0.263,,0.819,5.0,0.672
2024,2,Lenoir-Rhyne,571472,7-1,SAC,,13.25,,6.63,,0.532,,0.526,,0.773,,106.0,,,,7.13,,10.5,,20.38,,31.63,,14.88,,11.75,,0.294,,0.872,8.0,0.822
2024,2,Lewis,571468,5-3,GLVC,,15.38,,7.13,,0.696,,0.486,,0.621,,123.0,,,,11.0,,13.25,,26.38,,32.88,,17.63,,8.38,,0.331,,0.928,8.0,0.872
2024,2,Limestone,571473,10-0,SAC,,18.3,,8.6,,0.625,,0.345,,0.733,,183.0,,,,10.5,,10.6,,28.8,,48.8,,18.9,,11.5,,0.372,,0.877,10.0,0.749
2024,2,Lincoln Memorial,571474,3-7,SAC,,11.3,,12.8,,0.513,,0.243,,0.688,,113.0,,,,6.0,,10.7,,17.3,,26.1,,17.4,,9.1,,0.296,,0.853,10.0,0.772
2024,2,Lynn,571492,2-4,Sunshine State,,11.17,,12.33,,0.456,,0.406,,0.5,,67.0,,,,7.5,,13.33,,18.67,,31.17,,18.5,,9.5,,0.283,,0.895,6.0,0.784
2024,2,Malone,571523,5-4,G-MAC,,15.0,,13.78,,0.512,,0.395,,0.702,,135.0,,,,9.44,,15.11,,24.44,,33.33,,20.0,,9.56,,0.335,,0.861,9.0,0.859
2024,2,Mars Hill,571475,2-6,SAC,,9.63,,12.88,,0.578,,0.341,,0.732,,77.0,,,,5.25,,15.0,,14.88,,33.63,,24.88,,5.38,,0.306,,0.782,8.0,0.922
2024,2,Maryville (MO),571458,6-2,GLVC,,14.25,,9.0,,0.554,,0.313,,0.618,,114.0,,,,8.63,,11.25,,22.88,,32.5,,16.5,,8.0,,0.312,,0.838,8.0,0.847
2024,2,Mercy,571459,6-1,ECC,,15.43,,10.57,,0.659,,0.35,,0.559,,108.0,,,,10.0,,12.43,,25.43,,36.43,,18.0,,8.71,,0.374,,0.821,7.0,0.835
2024,2,Mercyhurst,571460,4-3,G-MAC,,12.43,,10.29,,0.481,,0.364,,0.69,,87.0,,,,7.29,,12.43,,19.71,,27.14,,16.71,,7.86,,0.323,,0.871,7.0,0.814
2024,2,Molloy,571461,4-4,ECC,,11.63,,10.5,,0.45,,0.313,,0.654,,93.0,,,,7.75,,13.5,,19.38,,25.0,,19.13,,9.0,,0.311,,0.828,8.0,0.844
2024,2,Montevallo,571501,6-3,Peach Belt,,16.67,,12.0,,0.656,,0.381,,0.618,,150.0,,,,10.56,,15.67,,27.22,,44.33,,25.33,,11.0,,0.349,,0.862,9.0,0.778
2024,2,Mount Olive,571476,4-3,Conference Carolinas,,11.43,,12.71,,0.442,,0.321,,0.69,,80.0,,,,7.86,,12.86,,19.29,,31.71,,21.86,,9.14,,0.327,,0.812,7.0,0.867
2024,2,Newberry,571505,7-1,SAC,,18.25,,7.5,,0.648,,0.829,,0.765,,146.0,,,,12.88,,11.38,,31.13,,39.88,,17.25,,10.88,,0.378,,0.904,8.0,0.881
2024,2,North Greenville,571488,4-5,Conference Carolinas,,11.67,,13.44,,0.625,,0.289,,0.675,,105.0,,,,7.78,,13.22,,19.44,,29.33,,20.78,,8.0,,0.276,,0.811,9.0,0.892
2024,2,Pace,571463,5-0,NE10,,19.0,,8.0,,0.577,,0.25,,0.68,,95.0,,,,12.2,,9.4,,31.2,,43.4,,14.6,,11.4,,0.358,,0.9,5.0,0.748
2024,2,Palm Beach Atl.,571502,4-1,Sunshine State,,12.8,,10.2,,0.374,,0.389,,0.75,,64.0,,,,6.2,,11.6,,19.0,,24.0,,13.6,,10.8,,0.276,,0.888,5.0,0.78
2024,2,Post,571477,4-4,CACC,,12.25,,9.25,,0.477,,0.538,,0.694,,98.0,,,,8.25,,13.75,,20.5,,31.63,,16.0,,9.0,,0.318,,0.878,8.0,0.787
2024,2,Quincy,571520,5-3,,,13.38,,12.25,,0.537,,0.606,,0.771,,107.0,,,,8.5,,14.88,,21.88,,40.13,,20.13,,10.0,,0.307,,0.866,8.0,0.833
2024,2,Roberts Wesleyan,571496,6-4,ECC,,12.4,,11.1,,0.529,,0.297,,0.722,,124.0,,,,6.8,,11.8,,19.2,,30.4,,17.7,,8.6,,0.281,,0.844,10.0,0.822
2024,2,Rockhurst,571478,6-2,GLVC,,16.5,,10.88,,0.61,,0.667,,0.784,,132.0,,,,9.13,,8.88,,25.63,,37.0,,16.0,,10.63,,0.334,,0.866,8.0,0.856
2024,2,Rollins,571464,6-1,Sunshine State,,13.86,,9.43,,0.524,,0.381,,0.733,,97.0,,,,8.0,,13.43,,21.86,,32.0,,16.86,,12.43,,0.332,,0.907,7.0,0.837
2024,2,Saint Anselm,571514,3-1,NE10,,16.25,,9.25,,0.643,,0.222,,0.857,,65.0,,,,7.25,,8.5,,23.5,,32.25,,12.5,,11.0,,0.348,,1.0,4.0,0.914
2024,2,Saint Leo,571515,6-1,Sunshine State,,15.57,,9.86,,0.645,,0.261,,0.619,,109.0,,,,9.86,,12.86,,25.43,,39.57,,16.57,,8.0,,0.34,,0.903,7.0,0.801
2024,2,Saint Michael's,571516,4-1,NE10,,13.6,,6.8,,0.496,,0.45,,0.789,,68.0,,,,9.0,,7.6,,22.6,,42.4,,16.6,,15.4,,0.271,,0.824,5.0,0.737
2024,2,Saint Rose,571479,4-4,NE10,,14.13,,13.13,,0.59,,0.465,,0.417,,113.0,,,,8.75,,10.63,,22.88,,37.13,,22.13,,10.0,,0.382,,0.773,8.0,0.745
2024,2,Seton Hill,571494,5-2,G-MAC,,14.57,,6.57,,0.552,,0.345,,0.739,,102.0,,,,8.29,,9.71,,22.86,,31.29,,15.71,,9.86,,0.308,,0.899,7.0,0.874
2024,2,Shorter,571497,8-3,Peach Belt,,12.45,,10.09,,0.484,,0.4,,0.711,,137.0,,,,5.82,,15.36,,18.27,,32.82,,21.0,,7.0,,0.295,,0.845,11.0,0.793
2024,2,Southern N.H.,571462,1-4,NE10,,11.2,,9.8,,0.689,,0.368,,0.476,,56.0,,,,4.6,,14.0,,15.8,,36.4,,18.6,,8.2,,0.246,,0.92,5.0,0.869
2024,2,St. Thomas Aquinas,571480,3-7,ECC,,8.3,,13.2,,0.492,,0.182,,0.638,,83.0,,,,5.4,,14.6,,13.7,,32.3,,22.2,,10.2,,0.217,,0.777,10.0,0.803
2024,2,Tampa,571517,7-1,Sunshine State,,15.38,,9.0,,0.575,,0.281,,0.652,,123.0,,,,8.75,,9.88,,24.13,,38.0,,13.5,,8.25,,0.334,,0.918,8.0,0.886
2024,2,Tiffin,571809,3-5,G-MAC,,10.38,,14.0,,0.36,,0.22,,0.559,,83.0,,,,6.0,,10.63,,16.38,,32.88,,18.13,,9.13,,0.278,,0.841,8.0,0.782
2024,2,Tusculum,571490,1-9,SAC,,9.2,,20.0,,0.37,,0.382,,0.545,,92.0,,,,6.0,,18.1,,15.2,,33.3,,25.3,,6.7,,0.31,,0.725,10.0,0.87
2024,2,UAH,571511,4-5,Peach Belt,,12.11,,12.22,,0.407,,0.317,,0.653,,109.0,,,,5.22,,10.89,,17.33,,27.67,,17.67,,12.44,,0.291,,0.843,9.0,0.79
2024,2,UIndy,571456,7-2,GLVC,,11.33,,8.11,,0.579,,0.25,,0.625,,102.0,,,,6.44,,8.67,,17.78,,36.56,,17.22,,9.89,,0.233,,0.878,9.0,0.89
2024,2,Virginia St.,583242,1-7,DII Independent,,8.5,,15.38,,0.394,,0.216,,0.563,,68.0,,,,5.0,,16.13,,13.5,,29.25,,23.38,,8.88,,0.258,,0.807,8.0,0.857
2024,2,Walsh,571495,2-6,G-MAC,,8.25,,11.5,,0.551,,0.414,,0.6,,66.0,,,,5.0,,12.75,,13.25,,30.63,,21.75,,5.5,,0.251,,0.871,8.0,0.844
2024,2,Westminster (UT),571500,5-1,RMAC,,16.5,,12.0,,0.468,,0.579,,0.667,,99.0,,,,11.5,,14.83,,28.0,,30.17,,15.17,,9.0,,0.363,,0.887,6.0,0.9
2024,2,Wheeling,571466,2-6,G-MAC,,10.88,,13.38,,0.413,,0.348,,0.622,,87.0,,,,7.38,,14.25,,18.25,,29.13,,20.13,,10.25,,0.288,,0.73,8.0,0.8
2024,2,William Jewell,583174,5-3,GLVC,,13.0,,10.0,,0.552,,0.263,,0.64,,104.0,,,,7.25,,14.25,,20.25,,34.5,,20.38,,8.38,,0.346,,0.89,8.0,0.834
2024,2,Wilmington (DE),571504,2-2,CACC,,15.25,,16.25,,0.554,,0.563,,0.667,,61.0,,,,8.0,,12.75,,23.25,,35.0,,20.75,,7.25,,0.412,,0.713,4.0,0.726
2024,2,Wingate,571481,6-2,SAC,,15.25,,7.88,,0.519,,0.4,,0.633,,122.0,,,,11.13,,11.88,,26.38,,41.88,,14.38,,13.0,,0.315,,0.921,8.0,0.754
2024,2,Young Harris,571498,3-5,Conference Carolinas,,10.5,,15.25,,0.443,,0.233,,0.583,,84.0,,,,4.75,,10.5,,15.25,,31.88,,21.63,,9.13,,0.323,,0.839,8.0,0.818
