academic_year,division,org_id,schedule_difficulty_score,schedule_difficulty_rank,wins,losses,ties,games_played,wp,opp_wp,opp_opp_wp,rpi,team_name,conference,record,assists_per_game,caused_turnovers_per_game,clearing_percentage,face_off_winning_percentage,ground_balls_per_game,man_down_defense,man_up_offense,opponent_clear_percentage,points_per_game,saves_per_game,scoring_defense,scoring_margin,scoring_offense,shot_percentage,turnovers_per_game,winning_percentage,sos_avg_opp_win_pct,sos_avg_opp_offense,sos_avg_opp_defense,sos_std_opp_win_pct,sos_stats_rank
2014,1,103551,0.46206839231268465,47,22,12,0,34,0.6470588235294118,0.4757294070283508,0.490212526313458,0.5221825409748928,Air Force,ECAC,11-6,6.41,6.24,0.848,0.494,29.12,0.65,0.4,,18.12,9.06,9.41,2.29,11.71,0.285,11.94,0.647,0.46073333333333333,15.498,10.564,0.2172256788585446,48
2014,1,103552,0.4103465547488527,60,18,10,0,28,0.6428571428571429,0.4330921471152563,0.4873208049894409,0.4990905605192741,Army West Point,Patriot,9-5,5.57,7.0,0.839,0.535,27.14,0.651,0.317,,15.71,8.5,7.21,2.93,10.14,0.272,12.93,0.643,0.4109230769230769,14.104615384615386,10.32076923076923,0.2505051700797538,60
2014,1,103495,0.44917503195337216,52,14,10,0,24,0.5833333333333334,0.4475799935358759,0.4830473129750744,0.4903851583450399,Bellarmine,ECAC,7-5,5.75,8.92,0.921,0.402,24.42,0.652,0.267,,15.17,9.92,8.58,0.83,9.42,0.246,14.67,0.583,0.44775000000000004,15.368333333333332,10.733333333333334,0.17508575279940208,52
2014,1,103496,0.5153816409450079,26,14,16,0,30,0.4666666666666667,0.5174710910005028,0.4902678675104838,0.497969179044539,Binghamton,America East,7-8,6.07,6.87,0.904,0.463,26.0,0.551,0.417,,15.6,10.07,10.6,-1.07,9.53,0.285,12.07,0.467,0.5165,17.061428571428568,10.48214285714286,0.1266924002681861,26
2014,1,103497,0.4983625824671155,32,4,24,0,28,0.1428571428571428,0.4980245303249505,0.4660370175592815,0.4012358052665813,Boston U.,Patriot,2-12,4.57,7.5,0.769,0.548,26.21,0.615,0.407,,11.79,12.36,11.0,-3.79,7.21,0.219,18.93,0.143,0.4981428571428571,15.27,9.652142857142858,0.2195816988024721,32
2014,1,103498,0.495748529574715,33,16,12,0,28,0.5714285714285714,0.4966184550743374,0.5207490256861272,0.5213536268158434,Brown,Ivy League,8-6,5.93,6.64,0.86,0.509,30.5,0.593,0.302,,16.07,13.0,10.64,-0.5,10.14,0.287,16.64,0.571,0.4966428571428571,15.759285714285713,10.13857142857143,0.17079587112057695,33
2014,1,103499,0.4626376369612048,45,32,10,0,42,0.7619047619047619,0.4535572776118995,0.4926929594408578,0.5404280691423546,Bryant,NEC,16-5,6.05,5.24,0.86,0.678,34.1,0.77,0.422,,16.33,11.43,7.9,2.38,10.29,0.289,16.38,0.762,0.4627894736842106,14.972105263157893,10.32736842105263,0.22569205357542257,45
2014,1,103500,0.48838978651853954,37,14,16,0,30,0.4666666666666667,0.4936566592448945,0.483022387692519,0.4842505932122437,Bucknell,Patriot,7-8,4.6,9.47,0.882,0.342,27.07,0.642,0.405,,13.4,10.87,8.67,0.13,8.8,0.229,12.47,0.467,0.48885714285714277,14.645,9.455,0.2618254208827099,37
2014,1,103501,0.4406064582250466,54,14,16,0,30,0.4666666666666667,0.4542425917735516,0.4843949551102042,0.4648867013309935,Canisius,MAAC,7-8,5.07,4.87,0.879,0.551,26.07,0.483,0.298,,13.67,10.53,9.47,-0.87,8.6,0.257,13.53,0.467,0.44057142857142856,15.529285714285717,10.544999999999998,0.23235093970903903,55
2014,1,103502,0.48731575717712705,38,18,14,0,32,0.5625,0.5104410193564606,0.4879312526832109,0.517828322849033,Colgate,Patriot,9-7,3.94,6.94,0.858,0.598,29.69,0.653,0.266,,12.38,9.88,8.88,-0.44,8.44,0.258,15.31,0.563,0.4871428571428571,15.44,9.780714285714286,0.23587643773287534,39
2014,1,103503,0.5425068913613497,16,22,10,0,32,0.6875,0.5550430268261151,0.549925704083787,0.5868779394340042,Cornell,Ivy League,11-5,7.13,7.94,0.875,0.517,34.94,0.653,0.443,,19.88,10.75,9.56,3.19,12.75,0.32,14.38,0.688,0.5432666666666666,15.992666666666667,10.193333333333333,0.16275112561481375,16
2014,1,103504,0.5290259313522562,18,4,20,0,24,0.1666666666666666,0.5292966224951519,0.5087228920813137,0.433495700934571,Dartmouth,Ivy League,2-10,4.0,9.58,0.8,0.405,31.58,0.432,0.238,,12.25,11.08,13.33,-5.08,8.25,0.22,17.25,0.167,0.52925,16.88083333333333,10.215,0.14905319240682724,18
2014,1,103505,0.4903292114365498,36,14,18,0,32,0.4375,0.5024935134310134,0.503934937770947,0.4866054911582435,Delaware,CAA,7-9,5.19,6.88,0.854,0.596,29.69,0.661,0.289,,14.31,10.56,9.0,0.13,9.13,0.273,14.81,0.438,0.4902,14.037333333333331,9.710666666666667,0.19482306502739005,36
2014,1,103506,0.5262057227056925,21,32,6,0,38,0.8421052631578947,0.5340541209736256,0.5355555771443338,0.6114422705623699,Denver,Big East,16-3,7.37,5.95,0.885,0.485,29.32,0.629,0.405,,20.58,10.68,8.47,4.74,13.21,0.371,11.16,0.842,0.5264375,16.63125,10.10625,0.1660545726372809,21
2014,1,103507,0.36059723243991854,65,12,16,0,28,0.4285714285714285,0.3643078385200234,0.4606772336099616,0.4044660848053592,Detroit Mercy,MAAC,6-8,6.5,7.79,0.794,0.407,27.21,0.673,0.708,,15.64,16.07,9.64,-0.5,9.14,0.274,17.71,0.429,0.36161538461538467,13.37923076923077,11.092307692307692,0.17359791671097477,65
2014,1,103508,0.5595428853863725,10,26,10,0,36,0.7222222222222222,0.565309775507144,0.5238531471460367,0.5941737300956367,Drexel,CAA,13-5,6.44,6.28,0.891,0.606,31.78,0.578,0.38,,18.06,11.28,10.33,1.28,11.61,0.286,14.72,0.722,0.5596874999999999,16.0625,9.829375,0.18622490393003294,11
2014,1,103509,0.5646094496985398,9,34,6,0,40,0.85,0.5882434664149061,0.5492110728653745,0.6439245014237966,Duke,ACC,17-3,9.0,6.35,0.894,0.577,35.05,0.663,0.373,,23.85,9.6,9.65,5.2,14.85,0.358,13.8,0.85,0.5629411764705883,17.50176470588235,10.170588235294119,0.22570034027137822,9
2014,1,103510,0.4535502512738834,50,24,8,0,32,0.75,0.4567236990950226,0.5067037887809133,0.5425377967427396,Fairfield,ECAC,12-4,5.69,6.88,0.881,0.476,28.69,0.707,0.356,,17.0,9.94,8.44,2.88,11.31,0.369,12.44,0.75,0.4535714285714286,15.016428571428571,10.139285714285714,0.14475186368684972,50
2014,1,103511,0.5064227373065731,28,2,24,0,26,0.0769230769230769,0.5058725462571616,0.4695678954409157,0.3895590162195789,Furman,ASUN,1-12,3.77,4.23,0.822,0.533,24.31,0.692,0.226,,11.08,11.54,13.85,-6.54,7.31,0.22,17.85,0.077,0.506,15.755384615384616,9.906923076923077,0.19977063771312262,28
2014,1,103512,0.478124070406951,41,8,20,0,28,0.2857142857142857,0.4783966488079713,0.5102529047481578,0.4381901220195965,Georgetown,Big East,4-10,5.07,5.86,0.829,0.653,33.07,0.633,0.368,,13.71,10.57,10.79,-2.14,8.64,0.245,15.93,0.286,0.4784285714285715,15.310000000000002,10.139999999999999,0.24655735765181472,41
2014,1,103513,0.45505569069669444,49,12,18,0,30,0.4,0.4551098901098901,0.4736516114833948,0.4459678479257938,Hartford,America East,6-9,5.13,7.93,0.877,0.541,33.8,0.629,0.286,,15.13,10.27,10.4,-0.4,10.0,0.246,14.87,0.4,0.45513333333333333,16.172666666666668,11.074000000000002,0.161428566933558,49
2014,1,103514,0.5194278609136118,25,20,14,0,34,0.5882352941176471,0.5389436543848308,0.5448284675556698,0.5527377676107446,Harvard,Ivy League,10-7,6.82,7.53,0.885,0.49,29.65,0.602,0.389,,17.53,10.24,9.76,0.94,10.71,0.292,15.24,0.588,0.5191333333333332,17.276,10.483333333333333,0.21569449588609246,25
2014,1,103560,0.45023466226437636,51,18,14,0,32,0.5625,0.4352043381455146,0.4715575204380059,0.4761165491822587,High Point,ASUN,9-7,5.69,8.06,0.843,0.581,31.25,0.774,0.241,,15.31,14.0,9.44,0.19,9.63,0.278,16.31,0.563,0.4502142857142856,14.938571428571427,10.698571428571428,0.1926307268811897,51
2014,1,103515,0.5042812408410572,29,10,20,0,30,0.3333333333333333,0.5368857286504344,0.4722791891502266,0.4698459949461072,Hobart,NEC,5-10,4.0,6.4,0.823,0.405,24.87,0.633,0.333,,12.67,11.27,10.4,-1.73,8.67,0.273,13.6,0.333,0.5046153846153846,15.09153846153846,10.336923076923076,0.20889361976541604,29
2014,1,103516,0.5272554767244328,20,22,10,0,32,0.6875,0.533875433186095,0.5255281077175271,0.5701947435224293,Hofstra,CAA,11-5,4.81,6.0,0.868,0.551,28.69,0.571,0.377,,14.38,8.44,8.44,1.13,9.56,0.279,12.06,0.688,0.5272857142857144,16.035,10.066428571428572,0.1320283673909451,20
2014,1,103517,0.4680277562767098,43,6,24,0,30,0.2,0.4677906461729991,0.4751924734735612,0.4026934414548899,Holy Cross,Patriot,3-12,5.07,5.4,0.832,0.514,27.2,0.585,0.308,,14.13,10.73,13.47,-4.4,9.07,0.252,15.13,0.2,0.4678666666666667,14.892666666666665,9.812666666666669,0.2192304317886142,43
2014,1,103518,0.46233725805555054,46,8,18,0,26,0.3076923076923077,0.4696534234995773,0.4866107557732612,0.4334024776161809,Jacksonville,ASUN,4-9,5.15,6.15,0.89,0.374,26.46,0.544,0.333,,14.69,12.62,11.77,-2.23,9.54,0.309,16.46,0.308,0.46199999999999997,15.180833333333338,10.495833333333334,0.21107463135109344,46
2014,1,103519,0.5462046138910223,15,22,10,0,32,0.6875,0.5523316297672914,0.5568368005495233,0.5872500150210266,Johns Hopkins,Independent,11-5,7.44,6.13,0.826,0.57,30.63,0.659,0.545,,19.5,10.88,8.94,3.13,12.06,0.303,13.56,0.688,0.5475999999999999,17.62066666666667,10.148666666666667,0.21716838321143037,15
2014,1,103520,0.4283620237737425,58,4,22,0,26,0.1538461538461538,0.4270002872944048,0.4670527958566221,0.3687248810728964,Lafayette,Patriot,2-11,2.85,6.23,0.774,0.394,25.69,0.727,0.204,,9.0,10.38,11.38,-5.23,6.15,0.198,14.92,0.154,0.427076923076923,14.285384615384613,9.812307692307693,0.23405898715378484,58
2014,1,103521,0.37622472200505547,63,26,10,0,36,0.7222222222222222,0.4134263748234336,0.4960170008889389,0.5112729931895071,Lehigh,Patriot,13-5,6.33,9.39,0.877,0.538,31.28,0.714,0.365,,16.89,9.83,7.22,3.33,10.56,0.285,15.44,0.722,0.37546666666666667,13.932666666666668,10.30733333333333,0.23799604105017283,63
2014,1,103522,0.4909328592300994,34,30,4,0,34,0.8823529411764706,0.5087095094448035,0.5027804115937174,0.6006380929149487,Loyola Maryland,Patriot,15-2,7.53,8.06,0.918,0.525,36.0,0.686,0.442,,20.41,11.06,7.47,5.41,12.88,0.313,11.94,0.882,0.4909999999999999,15.849333333333334,9.845333333333334,0.21698294863882736,35
2014,1,103523,0.41571828213875284,59,10,20,0,30,0.3333333333333333,0.4169895137542196,0.4780791259737224,0.4113478717038737,Manhattan,MAAC,5-10,3.33,7.13,0.73,0.379,27.87,0.59,0.306,,10.47,13.07,11.0,-3.87,7.13,0.253,15.93,0.333,0.41713333333333336,15.250666666666666,10.454666666666666,0.2035949792002631,59
2014,1,103524,0.48731575717712705,38,12,18,0,30,0.4,0.4940838616148213,0.471193303031869,0.4648402565653778,Marist,MAAC,6-9,4.87,6.13,0.922,0.54,30.27,0.608,0.268,,15.87,10.8,11.67,-0.67,11.0,0.289,12.47,0.4,0.4873846153846154,15.175384615384614,10.205384615384617,0.1999802061210976,38
2014,1,103525,0.5228492886271014,23,12,20,0,32,0.375,0.5136902251622646,0.5097327843798587,0.4780283086760969,Marquette,Big East,6-10,4.56,6.19,0.883,0.441,26.44,0.467,0.411,,13.81,8.19,11.56,-2.31,9.25,0.287,12.56,0.375,0.5230666666666666,16.587333333333333,9.897333333333332,0.18682343417129327,24
2014,1,103527,0.5290259313522562,18,26,8,0,34,0.7647058823529411,0.5451330532212885,0.5572426921140239,0.6030536702273854,Maryland,ACC,13-4,5.29,7.47,0.904,0.646,35.06,0.587,0.444,,16.65,9.65,7.24,4.12,11.35,0.283,13.71,0.765,0.5291333333333333,17.371333333333332,10.445999999999998,0.2129741351014771,19
2014,1,103528,0.5562628414099327,14,14,12,0,26,0.5384615384615384,0.5564186818711706,0.5170579543597037,0.5420892141408958,Massachusetts,CAA,7-6,5.38,6.85,0.886,0.551,26.62,0.717,0.347,,14.54,10.54,9.69,-0.54,9.15,0.266,12.46,0.538,0.5564615384615385,16.126923076923074,9.5,0.13658337289538316,14
2014,1,103529,0.33896063825323636,67,14,14,0,28,0.5,0.3393715178379044,0.4549173712559393,0.408415101732937,Mercer,ASUN,7-7,5.43,6.36,0.872,0.559,28.64,0.655,0.371,,14.93,12.0,10.86,-1.36,9.5,0.281,15.43,0.5,0.3384615384615385,13.636923076923077,11.141538461538461,0.18934446240592034,67
2014,1,103530,0.5595428853863725,10,10,22,0,32,0.3125,0.5711536778172808,0.4798959058099461,0.4836758153611269,Michigan,ECAC,5-11,4.56,7.44,0.887,0.491,29.44,0.717,0.37,,14.38,10.31,12.56,-2.75,9.81,0.248,14.56,0.313,0.5593333333333332,16.062666666666665,9.452666666666664,0.1767701583664191,12
2014,1,103531,0.4812349406027838,40,0,26,0,26,0.0,0.4817452030121713,0.4327120909984439,0.3490506242556966,Monmouth,MAAC,0-13,2.77,8.46,0.837,0.296,26.15,0.656,0.267,,8.92,12.62,11.23,-5.08,6.15,0.182,15.38,0.0,0.48176923076923084,15.113846153846156,10.220769230769232,0.19197081262371182,40
2014,1,103532,0.507877915470054,27,2,30,0,32,0.0625,0.5080543435322846,0.4870474435262162,0.3914140326476963,Mount St. Mary's,NEC,1-15,2.69,6.63,0.776,0.47,26.38,0.477,0.311,,8.38,12.69,12.0,-6.31,5.69,0.205,18.19,0.063,0.5080625,15.252500000000001,10.055,0.18561063707058922,27
2014,1,103553,0.47604882346125055,42,8,20,0,28,0.2857142857142857,0.4935453668646946,0.4800429528556652,0.438211993074835,Navy,Patriot,4-10,4.5,7.71,0.839,0.559,29.29,0.667,0.179,,13.43,10.64,9.36,-0.43,8.93,0.243,14.5,0.286,0.476076923076923,14.263846153846155,9.57153846153846,0.25273015756806444,42
2014,1,103533,0.5595428853863725,10,20,10,0,30,0.6666666666666666,0.565417625889762,0.5460896191160987,0.5858978843905723,North Carolina,ACC,10-5,6.2,6.87,0.87,0.484,32.6,0.731,0.444,,19.2,10.53,8.4,4.6,13.0,0.329,12.2,0.667,0.5612857142857142,17.091428571428573,10.260714285714286,0.22412701391699066,10
2014,1,103534,0.594650699613747,2,24,12,0,36,0.6666666666666666,0.6337509340218319,0.5533389236127485,0.6218768645807697,Notre Dame,ACC,12-6,6.06,6.83,0.868,0.552,30.72,0.576,0.522,,17.89,9.44,9.56,2.28,11.83,0.319,14.33,0.667,0.5958571428571428,18.080000000000002,9.805000000000001,0.16805860250981208,3
2014,1,103535,0.5652411997844625,6,12,16,0,28,0.4285714285714285,0.572917021059436,0.5201150584085364,0.5236301322747092,Ohio St.,ECAC,6-8,6.07,6.64,0.918,0.455,28.0,0.611,0.255,,15.29,8.93,8.57,0.64,9.21,0.287,14.14,0.429,0.5673076923076923,16.12923076923077,9.641538461538461,0.1621572762737482,6
2014,1,103537,0.594650699613747,2,22,8,0,30,0.7333333333333333,0.6017919106463998,0.534874757974115,0.617947978150062,Penn,Ivy League,11-4,5.87,6.87,0.873,0.484,30.67,0.74,0.349,,16.47,11.0,9.27,1.33,10.6,0.291,17.73,0.733,0.5961538461538461,17.433846153846154,10.103076923076923,0.17984388364692053,2
2014,1,103536,0.5575638630231748,13,14,12,0,26,0.5384615384615384,0.5584266713017606,0.5528468300050343,0.5520404277675235,Penn St.,CAA,7-6,5.0,7.62,0.884,0.6,30.15,0.667,0.35,,15.31,10.62,8.92,1.38,10.31,0.289,14.0,0.538,0.5585384615384615,16.546923076923076,9.902307692307694,0.20222744825666558,13
2014,1,103538,0.5652411997844625,6,14,12,0,26,0.5384615384615384,0.5663264023558141,0.5214060749606946,0.5481301045334652,Princeton,Ivy League,7-6,7.46,6.31,0.886,0.46,28.62,0.791,0.512,,19.46,11.0,10.92,1.08,12.0,0.301,12.08,0.538,0.5663846153846154,16.45846153846154,9.736153846153847,0.16821256628332287,7
2014,1,103539,0.5006439737748386,31,8,22,0,30,0.2666666666666666,0.4999010346378768,0.487135217874103,0.4384009884541308,Providence,Big East,4-11,4.0,7.93,0.844,0.391,27.93,0.648,0.396,,12.53,10.93,10.73,-2.2,8.53,0.246,15.67,0.267,0.49993333333333323,16.20266666666667,10.277999999999999,0.18399328490162048,31
2014,1,103540,0.46514023595275833,44,12,16,0,28,0.4285714285714285,0.4654911964785914,0.4749063622644556,0.4586150459482667,Quinnipiac,MAAC,6-8,6.93,6.57,0.864,0.501,30.71,0.542,0.365,,17.5,13.86,11.07,-0.5,10.57,0.295,16.21,0.429,0.4655,15.224285714285713,10.212142857142856,0.1882668129467933,44
2014,1,103541,0.4352352277357464,56,12,22,0,34,0.3529411764705882,0.4465626069432297,0.4383822003221762,0.421112147669806,Richmond,ASUN,6-11,5.0,8.76,0.878,0.362,29.29,0.639,0.288,,14.0,10.35,10.47,-1.47,9.0,0.272,17.18,0.353,0.4353333333333333,15.316,11.024000000000001,0.21270971351168289,56
2014,1,103542,0.4909328592300994,34,10,18,0,28,0.3571428571428571,0.4912620176275638,0.479387278813582,0.4547635428028916,Robert Morris,NEC,5-9,4.71,10.14,0.835,0.387,29.07,0.7,0.364,,13.86,10.79,11.57,-2.43,9.14,0.251,14.86,0.357,0.49135714285714277,14.92,10.14642857142857,0.22728698257704857,34
2014,1,103543,0.4349258478078456,57,16,16,0,32,0.5,0.4598769264790937,0.5051519371715782,0.4812264475324413,Rutgers,Big East,8-8,7.44,6.06,0.878,0.577,32.56,0.638,0.261,,19.56,11.5,11.19,0.94,12.13,0.314,15.0,0.5,0.4344,15.690666666666665,10.660666666666666,0.22783116555906044,57
2014,1,103544,0.3738853110854813,64,12,18,0,30,0.4,0.3990720390720391,0.4650463490631727,0.4157976068018127,Sacred Heart,NEC,6-9,6.27,7.27,0.893,0.412,26.4,0.667,0.294,,16.4,12.27,11.67,-1.53,10.13,0.277,15.27,0.4,0.3732857142857142,14.10642857142857,10.972142857142856,0.19932938589589005,64
2014,1,103546,0.38260860155517346,61,22,8,0,30,0.7333333333333333,0.3777276209629152,0.4901235070461132,0.4947280205763192,Saint Joseph's,NEC,11-4,5.0,8.87,0.869,0.499,28.47,0.793,0.241,,16.13,10.07,8.2,2.93,11.13,0.295,14.2,0.733,0.38100000000000006,13.447142857142856,10.760714285714284,0.2367678187592224,62
2014,1,103547,0.46206839231268465,47,22,12,0,34,0.6470588235294118,0.4579131652661065,0.4916193597488267,0.5136261284526129,Siena,MAAC,11-6,6.0,5.65,0.884,0.58,31.47,0.447,0.411,,16.18,11.12,9.82,0.35,10.18,0.253,14.71,0.647,0.4613333333333333,15.629333333333333,10.556000000000003,0.1831722929072213,47
2014,1,103545,0.5228492886271014,23,14,14,0,28,0.5,0.5242826955343541,0.5278460922256089,0.5191028708235793,St. John's (NY),Big East,7-7,6.64,7.21,0.9,0.412,27.57,0.538,0.414,,18.07,11.71,11.93,-0.5,11.43,0.301,11.93,0.5,0.5243571428571429,16.50785714285714,10.483571428571429,0.20034563246794174,23
2014,1,103548,0.5018850486912354,30,12,20,0,32,0.375,0.5124003447532859,0.4815244573056704,0.4703312867030605,Stony Brook,America East,6-10,7.31,3.63,0.839,0.61,33.06,0.689,0.491,,18.94,10.44,12.19,-0.56,11.63,0.373,14.63,0.375,0.5022,17.018666666666668,10.7,0.17908850698281376,30
2014,1,103549,0.6339295861055502,1,22,10,0,32,0.6875,0.6501772584033614,0.5520542639195429,0.6349771951815664,Syracuse,ACC,11-5,8.0,6.81,0.863,0.467,29.44,0.613,0.431,,21.0,11.44,11.69,1.31,13.0,0.353,12.13,0.688,0.6349285714285715,18.131428571428568,9.667142857142858,0.12845925662343255,1
2014,1,103550,0.5262057227056925,21,16,14,0,30,0.5333333333333333,0.538621046709282,0.520884597057158,0.5328650059522638,Towson,CAA,8-7,4.53,5.8,0.883,0.402,24.47,0.736,0.308,,13.0,9.6,9.73,-1.27,8.47,0.257,12.0,0.533,0.5255714285714286,15.614999999999998,9.803571428571429,0.20965642448189037,22
2014,1,103494,0.5850739331288695,5,24,12,0,36,0.6666666666666666,0.5697210650642024,0.5112195434940646,0.579332085072284,UAlbany,America East,12-6,9.39,7.72,0.892,0.41,29.33,0.609,0.471,,25.33,13.56,11.33,4.61,15.94,0.378,13.39,0.667,0.5841875,17.18375,9.979375,0.1421676909278265,5
2014,1,103526,0.4435649689272657,53,16,14,0,30,0.5333333333333333,0.4593174962292609,0.4896714837750319,0.4854099523917218,UMBC,America East,8-7,6.73,5.8,0.861,0.582,33.07,0.593,0.41,,18.93,11.53,11.93,0.27,12.2,0.317,13.4,0.533,0.44299999999999995,15.508461538461537,10.417692307692308,0.21461880339157324,53
2014,1,103556,0.4406064582250466,54,4,24,0,28,0.1428571428571428,0.4405514128728415,0.438104889373882,0.3655162144941769,VMI,ASUN,2-12,2.64,9.07,0.801,0.442,29.5,0.609,0.256,,8.86,11.5,12.43,-6.21,6.21,0.215,18.29,0.143,0.44071428571428567,14.946428571428571,10.299285714285713,0.186892416941416,54
2014,1,103554,0.3566911296380928,66,10,16,0,26,0.3846153846153846,0.3561539704639252,0.4783993988485493,0.3938306810979461,Vermont,America East,5-8,5.85,10.15,0.825,0.427,32.46,0.746,0.35,,15.92,11.38,11.0,-0.92,10.08,0.254,18.08,0.385,0.3563076923076923,14.803846153846155,11.333846153846155,0.16702021278662635,66
2014,1,103555,0.5652411997844625,6,12,20,0,32,0.375,0.5706873884844086,0.5226990830490763,0.5097684650044734,Villanova,Big East,6-10,5.25,9.75,0.815,0.493,30.5,0.719,0.343,,14.69,10.13,10.25,-0.81,9.44,0.263,15.69,0.375,0.5652857142857143,16.779285714285713,9.750714285714285,0.17691015822058564,8
2014,1,103557,0.5895350278460437,4,20,12,0,32,0.625,0.6006820436507936,0.5365306761573052,0.5907236908647231,Virginia,ACC,10-6,7.69,9.56,0.851,0.472,37.75,0.551,0.526,,20.31,9.88,11.13,1.5,12.63,0.308,12.06,0.625,0.5899285714285714,17.315,9.82214285714286,0.23655849904281132,4
2014,1,103558,0.38260860155517346,61,4,22,0,26,0.1538461538461538,0.3813230321714485,0.4350098848912558,0.3378755257700767,Wagner,NEC,2-11,3.38,10.23,0.804,0.414,27.92,0.627,0.141,,10.31,12.31,12.38,-5.46,6.92,0.233,18.23,0.154,0.3813846153846154,13.969230769230771,10.658461538461541,0.21602333864709314,61
2014,1,103559,0.5400159615061642,17,18,10,0,28,0.6428571428571429,0.5439804126778917,0.5151071201547099,0.5614812720919091,Yale,Ivy League,9-5,6.57,7.29,0.87,0.579,29.5,0.698,0.368,,17.07,9.0,8.57,1.93,10.5,0.284,15.21,0.643,0.5406153846153846,16.48923076923077,10.256153846153845,0.18974336451823084,17
2014,2,103584,0.4456211152470233,43,4,8,0,12,0.3333333333333333,0.4487654320987654,0.4759964550552317,0.4267151631465239,Adams St.,Independent,4-8,,10.08,,,,0.725,,,,,,,,,16.0,0.3333333333333333,0.4455555555555556,19.25,8.5,0.2677155298787719,43
2014,2,103561,0.5228492886271014,23,17,2,0,19,0.8947368421052632,0.5408118161794632,0.541528468408243,0.6294722357181081,Adelphi,NE10,17-2,6.26,7.58,,0.657,38.21,,,,19.58,,8.47,4.84,13.32,0.275,16.11,0.895,0.5232485958485957,19.25,7.8475,0.18856424903232688,23
2014,2,103585,0.5099073395758945,29,0,14,0,14,0.0,0.5098155050078128,0.4607687413742615,0.3700999378474717,Alderson Broaddus,ECAC-II,0-14,,7.29,,,,,,,,16.29,,,,,,0.0,0.5098142370450064,18.598750000000003,7.511999999999999,0.20905858388436632,29
2014,2,103562,0.4908883718320607,33,2,14,0,16,0.125,0.4906218054023228,0.4932444297747473,0.3998720101448482,American Int'l,NE10,2-14,5.5,,,,,,,,,14.75,,,,0.282,,0.125,0.4906847200418629,18.143333333333334,8.222857142857142,0.21398140768675736,33
2014,2,103563,0.47277059904905977,38,5,9,0,14,0.3571428571428571,0.4727704769232514,0.512828308291308,0.453878029820167,Assumption,NE10,5-9,5.64,,,0.566,31.07,,,,,,,,,,,0.3571428571428571,0.472847280924204,18.913999999999998,8.135,0.24409782493514848,39
2014,2,103596,0.5039431521836563,31,6,10,0,16,0.375,0.5332767722473605,0.5351153348674357,0.4941672198405391,Belmont Abbey,Conference Carolinas,6-10,,9.19,,,,,,,15.69,,,,,0.281,15.56,0.375,0.5035005232862375,19.96,7.43,0.28788164826913365,31
2014,2,103564,0.5315766561307629,20,8,7,0,15,0.5333333333333333,0.5530809996063202,0.5252232642792565,0.5411796492063075,Bentley,NE10,8-7,,7.4,,,,0.765,0.364,,,11.4,8.2,,,,,0.5333333333333333,0.5318940781440782,18.970000000000002,7.956666666666666,0.2265034196689427,20
2014,2,103610,0.43049682575160225,47,3,10,0,13,0.2307692307692307,0.4300136138371432,0.4955893552246194,0.3965964534170341,Brevard,SAC,3-10,,,,,,0.812,,,,16.23,,,,0.281,14.46,0.2307692307692307,0.42999833499833495,19.10285714285714,8.07,0.1893941532921547,47
2014,2,103586,0.5686020742692987,4,7,8,0,15,0.4666666666666667,0.5683365370439675,0.5247549617025472,0.5320236756142872,Catawba,SAC,7-8,,,,,30.13,,,,,13.0,,,,,16.67,0.4666666666666667,0.568361172161172,19.967499999999998,7.628,0.20635610348112365,4
2014,2,103607,0.5353142358592355,16,7,6,0,13,0.5384615384615384,0.5503249646966224,0.5118277497216868,0.5377348043941175,Chestnut Hill,ECC,7-6,6.69,,,,30.0,,0.431,,18.46,12.38,,,11.77,0.317,,0.5384615384615384,0.5348251082251082,18.768571428571427,7.751666666666666,0.23205795948029978,17
2014,2,103587,0.4843109711046171,34,6,8,0,14,0.4285714285714285,0.5019792236421196,0.5015497171187188,0.4835198982435966,Coker,SAC,6-8,7.43,,,,,,,,19.07,14.0,,,11.64,0.339,15.36,0.4285714285714285,0.4850149572649573,20.06375,8.290000000000001,0.21491407404314042,34
2014,2,103600,0.4330344735988592,46,9,3,0,12,0.75,0.4232033251172007,0.5098982432855216,0.5265762233799808,Colorado Mesa,Independent,9-3,6.58,11.25,,,31.25,0.792,0.409,,18.25,11.92,7.83,3.83,11.67,0.287,16.92,0.75,0.4325441919191919,20.7625,8.48,0.28366318699056636,46
2014,2,103565,0.5219127667482446,24,3,8,0,11,0.2727272727272727,0.5219908155569921,0.4991436955343389,0.4539631498438989,Dist. Columbia,ECC,3-8,,8.73,,,,,,,,16.09,,,,,,0.2727272727272727,0.5219981684981685,18.078333333333333,7.94,0.21880296194612062,24
2014,2,103611,0.4841678046141792,35,9,3,0,12,0.75,0.4582866479925304,0.505266613517064,0.5429599773755311,Dominican (CA),Independent,9-3,7.58,8.25,,,,0.746,0.348,,22.67,11.67,9.17,5.92,15.08,0.366,12.58,0.75,0.48409750566893417,17.895999999999997,7.83,0.21202210318001427,35
2014,2,103599,0.478124070406951,36,1,13,0,14,0.0714285714285714,0.4781311009252185,0.492495863132828,0.3800466591029591,Dominican (NY),ECC,1-13,,,,,,,,,,20.21,,,,,,0.0714285714285714,0.47813600288600283,17.888571428571428,8.103333333333333,0.18676392250123133,36
2014,2,103597,0.5570833265979726,5,12,5,0,17,0.7058823529411765,0.5613679494847258,0.5253594336202682,0.588494421382724,Dowling,ECC,12-5,6.71,9.18,,0.581,33.53,,0.397,,20.0,,8.29,5.0,13.29,0.333,14.71,0.706,0.5569420579420579,18.393333333333334,7.688888888888889,0.2285266224019615,5
2014,2,103567,0.528544669610379,22,11,4,0,15,0.7333333333333333,0.5531227544385439,0.5438009585602086,0.5958449501926574,Fla. Southern,Sunshine State,11-4,7.93,7.8,0.896,0.595,36.6,0.72,0.406,,22.47,,,5.27,14.53,0.324,15.93,0.733,0.5286280991735537,18.467777777777776,7.703999999999999,0.2250043121683448,22
2014,2,103566,0.5322590200440349,18,3,9,0,12,0.25,0.5323584557427438,0.5192532800298496,0.4584925478788343,Florida Tech,Sunshine State,3-9,6.25,7.33,,,32.83,,,,17.83,10.92,,,,0.277,16.0,0.25,0.5323541458541458,19.174999999999997,7.884999999999999,0.23170515621376642,19
2014,2,103568,0.4449337796292005,44,6,7,0,13,0.4615384615384615,0.4446448535554572,0.5111271401391727,0.4654888271971372,Franklin Pierce,NE10,6-7,,8.69,,,31.54,0.726,,,,13.46,8.92,,,,15.54,0.4615384615384615,0.44471825396825393,18.6425,7.8999999999999995,0.2456273013088613,44
2014,2,103570,0.6203764422184483,1,11,6,0,17,0.6470588235294118,0.6499166685675006,0.5312267369719363,0.6195297244090874,LIU Post,ECC,11-6,5.76,8.06,,,,,0.417,,16.47,,7.24,3.47,,,13.76,0.647,0.6191573810804579,19.166999999999998,7.611111111111111,0.2400830679400358,1
2014,2,103598,0.5133011137511152,26,10,4,0,14,0.7142857142857143,0.541312331393303,0.5187688613046555,0.578919809594244,Lake Erie,ECAC-II,10-4,7.14,7.43,0.902,0.564,30.14,0.71,0.511,,19.71,,7.57,5.0,12.57,0.28,13.86,0.714,0.5129366391184573,19.033749999999998,7.300000000000001,0.26494194266570675,26
2014,2,103569,0.5353142358592355,16,13,3,0,16,0.8125,0.5462644355988009,0.5400206997738982,0.611262392742875,Le Moyne,NE10,13-3,8.56,8.13,,0.56,31.25,,0.447,,22.06,,6.81,6.69,13.5,0.333,15.44,0.813,0.5348945578231292,18.57714285714286,7.9557142857142855,0.21990841516432055,16
2014,2,103604,0.5053974483054562,30,0,14,0,14,0.0,0.5056284639786665,0.4920661535633665,0.3758307703801749,Lees-McRae,Conference Carolinas,0-14,,,,,,,,,,12.57,,,,,,0.0,0.5056478393401471,20.7825,7.484999999999999,0.2638848691790033,30
2014,2,103588,0.46206839231268465,42,10,4,0,14,0.7142857142857143,0.4789163015224493,0.5245867604298183,0.5491762694401078,Lenoir-Rhyne,SAC,10-4,9.14,,0.898,,30.86,,0.383,,24.29,,8.07,7.07,15.14,0.384,13.0,0.714,0.46105500055500054,19.111428571428572,7.460000000000001,0.2754304488231404,42
2014,2,103589,0.5767381873326238,3,19,1,0,20,0.95,0.5970818094444253,0.5373801419495209,0.6703859402095929,Limestone,Conference Carolinas,19-1,7.8,9.0,0.904,0.649,40.85,0.765,0.429,,22.6,,6.45,8.35,14.8,0.37,15.95,0.95,0.5754423076923076,19.292499999999997,7.694285714285714,0.2095871616105476,3
2014,2,103612,0.4626376369612048,41,5,7,0,12,0.4166666666666667,0.4636516261516261,0.5062378939256391,0.4625519532238895,Lindenwood,ECAC-II,5-7,,11.17,,0.562,40.58,0.72,0.4,,16.83,,,,,0.287,,0.4166666666666667,0.46360858585858594,19.22,7.81,0.25511417540855763,41
2014,2,103606,0.5102349975958456,28,1,10,0,11,0.0909090909090909,0.5103399524452157,0.5170374611930189,0.4071566142481352,Lynn,Sunshine State,1-10,,,,,33.09,,,,,18.09,,,,,,0.0909090909090909,0.5102444444444444,19.865714285714283,7.961999999999999,0.28735103838207937,28
2014,2,103590,0.5449280208023384,10,7,8,0,15,0.4666666666666667,0.5565797412082243,0.5106422437294258,0.5226170982031353,Mars Hill,SAC,7-8,7.07,,0.898,,31.07,,,,19.0,12.73,,,11.93,0.367,14.8,0.4666666666666667,0.5452917320774464,19.506999999999998,7.6625,0.2366814442168842,10
2014,2,103571,0.3738853110854813,52,10,6,0,16,0.625,0.3732881963974401,0.5174725498424341,0.4722622356593285,Mercy,ECC,10-6,5.56,9.38,,0.616,36.25,,,,16.5,,8.25,2.69,,0.281,,0.625,0.3732923980781124,18.394,7.8625,0.2370065077801889,52
2014,2,103572,0.5400159615061642,13,12,4,0,16,0.75,0.5660918252713919,0.541368337377431,0.6058879969800537,Mercyhurst,ECAC-II,12-4,8.06,7.94,0.897,0.609,,0.75,0.431,,19.25,,6.19,5.0,,0.3,12.31,0.75,0.5403053613053613,18.68,7.7620000000000005,0.24397868900132136,14
2014,2,103573,0.5425068913613497,12,12,5,0,17,0.7058823529411765,0.5727173207339615,0.5363349701049187,0.5969129911285046,Merrimack,NE10,12-5,,,,,34.12,0.754,0.358,,16.18,,8.12,2.82,,,15.35,0.706,0.5428509439278669,19.576666666666664,7.768571428571428,0.23603549978733157,12
2014,2,103574,0.4449337796292005,44,8,6,0,14,0.5714285714285714,0.4445850906258146,0.519091162292477,0.4949224787431694,Molloy,ECC,8-6,5.93,8.21,,,,0.767,,,17.79,,8.79,3.07,11.86,0.289,14.86,0.5714285714285714,0.4445896155126924,18.331666666666667,7.7275,0.21604585260748826,45
2014,2,103591,0.39414164665644896,49,13,3,0,16,0.8125,0.4458156426906426,0.5282885488336537,0.5581049585537348,Mount Olive,Conference Carolinas,13-3,9.19,8.0,0.892,,30.13,0.829,0.529,,23.19,12.75,7.63,6.38,14.0,0.363,15.56,0.813,0.39573828552399976,19.14,7.324999999999999,0.24319622205949437,49
2014,2,103576,0.543626057938671,11,12,4,0,16,0.75,0.5506623785571153,0.5282977425662968,0.5949056249201319,New York Tech,ECC,12-4,7.63,10.5,,0.551,31.31,0.84,0.444,,19.25,11.06,7.13,4.5,11.63,0.311,,0.75,0.5437685885543028,19.157777777777774,8.147142857142857,0.229772397445958,11
2014,2,103608,0.5488566642383986,8,1,8,0,9,0.1111111111111111,0.570334928229665,0.4759833967081784,0.4319410910696549,Notre Dame de Namur,Independent,1-8,,,,,,,,,,14.33,,,,,14.67,0.1111111111111111,0.5499292929292929,20.92,8.247499999999999,0.2655970177528356,8
2014,2,103605,0.47277059904905977,38,2,14,0,16,0.125,0.4729756354756355,0.4649940584320461,0.3839863323458292,Ohio Valley,ECAC-II,2-14,,,,,,,,,,13.94,,,,,,0.125,0.47297453657453653,19.25,7.511999999999999,0.24614348597723748,38
2014,2,103577,0.46514023595275833,40,5,7,0,12,0.4166666666666667,0.4649039428064196,0.5207630343089853,0.4668093966471228,Pace,NE10,5-7,6.33,,,0.595,31.92,,,,16.75,12.5,,,,0.287,,0.4166666666666667,0.464984015984016,19.273333333333333,8.104000000000001,0.24995803314308704,40
2014,2,103578,0.6055073235244592,2,9,5,0,14,0.6428571428571429,0.6210834333733494,0.533259695759786,0.6045709263409069,Pfeiffer,Conference Carolinas,9-5,6.71,9.57,,,32.93,,,,18.57,11.14,,,11.86,0.303,15.93,0.643,0.6063589743589743,20.065,7.535,0.23295993792038822,2
2014,2,103592,0.3857129558059131,51,4,11,0,15,0.2666666666666666,0.3848732150202738,0.4707496607051227,0.3767906893530842,Post,Independent,4-11,,,,,,,,,,12.6,,,,0.272,,0.2666666666666666,0.38488161838161833,18.4,8.276,0.23197727265069815,51
2014,2,103601,0.5562628414099327,6,12,5,0,17,0.7058823529411765,0.581344481112283,0.5212114042117117,0.5974456798443636,Queens (NC),SAC,12-5,5.35,,,0.54,,0.763,0.354,,16.76,12.71,,,,0.298,14.88,0.706,0.556410779696494,20.17181818181818,7.534000000000001,0.21362281590021084,6
2014,2,103593,0.5006439737748386,32,2,8,0,10,0.2,0.4583333333333333,0.4460964538665894,0.390690780133314,Rockhurst,Independent,2-8,,,,,,,,,,13.0,,,,,,0.2,0.5,17.54,7.83,0.18002057495577392,32
2014,2,103579,0.5522102123590636,7,6,9,0,15,0.4,0.5745964561754034,0.5100801205426989,0.5148182582233765,Rollins,Sunshine State,6-9,5.93,9.73,,0.604,33.0,,,,16.07,,,,,,,0.4,0.553967365967366,19.236666666666665,7.638,0.240356120868209,7
2014,2,103581,0.5400159615061642,13,8,7,0,15,0.5333333333333333,0.5552856444050777,0.5359055871149666,0.5449525523146138,Saint Leo,Sunshine State,8-7,,,,0.662,30.67,0.737,0.362,,,,8.2,,,,14.73,0.5333333333333333,0.5404461279461279,19.745555555555555,7.4475,0.280482742215334,13
2014,2,103582,0.5483239020480607,9,4,10,0,14,0.2857142857142857,0.547684288601769,0.5027705843275877,0.4709633618113528,Saint Michael's,NE10,4-10,,8.5,,,31.29,,,,,12.21,,,,,,0.2857142857142857,0.547752042828966,18.30142857142857,8.08625,0.2022361171355281,9
2014,2,103609,0.5322590200440349,18,10,6,0,16,0.625,0.5576574467199467,0.531228513694727,0.5678858517836551,Seton Hill,ECAC-II,10-6,7.06,7.69,0.903,,,,0.433,,19.31,,,2.56,12.25,0.345,16.81,0.625,0.5327042719185576,18.683999999999997,7.341666666666666,0.2514229441755896,18
2014,2,103575,0.5393807189796257,15,7,8,0,15,0.4666666666666667,0.5381983360145678,0.4995527008989777,0.5106540098986949,Southern N.H.,NE10,7-8,,,,,,,,,,15.13,,,,,,0.4666666666666667,0.5386787827557058,18.864285714285717,8.14875,0.21876643496308237,15
2014,2,103580,0.5311345476985015,21,6,9,0,15,0.4,0.5434679438577051,0.5151575394105035,0.5005233567814784,St. Anselm,NE10,6-9,5.47,8.6,,0.549,35.73,,,,,,,,,,,0.4,0.5310377571146802,17.904285714285717,8.1,0.20453325425857508,21
2014,2,103583,0.5148545386828186,25,16,3,0,19,0.8421052631578947,0.5577141631063198,0.5511440104824872,0.6271693999632554,Tampa,Sunshine State,16-3,7.74,7.63,,0.605,35.95,,,,21.84,,7.79,6.32,14.11,0.331,15.32,0.842,0.5146443001443002,19.13222222222222,7.228333333333332,0.28943674175027984,25
2014,2,103603,0.40759745907041905,48,5,8,0,13,0.3846153846153846,0.4071515588483914,0.490265838416739,0.4222960851822266,Tusculum,SAC,5-8,,,,,31.0,0.744,,,,13.0,,,,,,0.3846153846153846,0.4071386306001691,20.46666666666667,7.26,0.27245157134601417,48
2014,2,103613,0.5133011137511152,26,4,7,0,11,0.3636363636363636,0.51252035002035,0.4765221167043773,0.4662997950953602,Walsh,ECAC-II,4-7,,8.82,,,30.0,,,,,,,,,,16.09,0.3636363636363636,0.5125185185185185,19.433333333333334,7.3275,0.27896834242762664,27
2014,2,103602,0.39414164665644896,49,10,3,0,13,0.7692307692307693,0.4192141192141193,0.5303459462623104,0.5345012384803296,Wheeling,ECAC-II,10-3,5.62,8.15,0.916,0.537,,0.833,,,18.31,,7.92,4.77,12.69,0.334,14.92,0.769,0.39460101010101006,18.285714285714285,7.32,0.23253238395061568,50
2014,2,103595,0.47347090591462715,37,7,6,0,13,0.5384615384615384,0.4737464537096891,0.4881656606015723,0.4935300266206222,Wingate,SAC,7-6,8.23,,0.892,0.615,36.15,0.791,0.373,,21.08,11.85,,2.92,12.85,0.31,,0.5384615384615384,0.4737741147741148,20.81833333333334,7.383333333333333,0.2699066991474431,37
2014,2,103616,0.31366461417566505,53,6,9,0,15,0.4,0.3121649184149184,0.4717136894764008,0.3740108815765594,Young Harris,Independent,6-9,,,,0.534,,,,,,11.2,,,,,,0.4,0.3122149184149184,20.113333333333333,7.63,0.23585572361434792,53
2015,1,105982,0.45505569069669444,52,16,14,0,30,0.5333333333333333,0.4548863801030984,0.4800337902660014,0.4807849709513829,Air Force,ECAC,8-7,5.53,7.67,0.866,0.505,26.27,0.591,0.25,,15.2,9.47,8.73,0.93,9.67,0.271,13.73,0.533,0.4549333333333333,15.576666666666664,10.861999999999998,0.22298474287617875,52
2015,1,105983,0.47347090591462715,42,20,14,0,34,0.5882352941176471,0.4918552036199095,0.5235457695488559,0.5238728677265805,Army West Point,Patriot,10-7,6.59,6.71,0.872,0.57,28.53,0.615,0.413,,17.82,8.82,8.0,3.24,11.24,0.308,13.59,0.588,0.4735,15.909285714285716,10.715714285714286,0.19867085126625178,42
2015,1,105924,0.4437253700491716,57,8,16,0,24,0.3333333333333333,0.4440237447880637,0.4744667120965296,0.4239618837514975,Bellarmine,SoCon,4-8,5.42,7.25,0.859,0.478,26.67,0.74,0.217,,15.33,10.83,9.67,0.25,9.92,0.293,14.08,0.333,0.44408333333333333,14.300833333333335,10.536666666666667,0.18376500316678604,57
2015,1,105925,0.5290259313522562,19,8,18,0,26,0.3076923076923077,0.5300044984255511,0.4845993429188664,0.4630751618655691,Binghamton,America East,4-9,6.0,5.15,0.89,0.53,25.85,0.516,0.344,,16.77,9.92,10.77,0.0,10.77,0.308,13.23,0.308,0.5300833333333332,16.6375,10.2825,0.18821594793097515,19
2015,1,105926,0.4713110198074569,43,12,16,0,28,0.4285714285714285,0.4707811970942223,0.5130438926525083,0.4707944288530953,Boston U.,Patriot,6-8,6.64,7.29,0.784,0.637,30.86,0.682,0.375,,17.36,11.64,10.0,0.71,10.71,0.263,15.5,0.429,0.47092857142857136,15.915714285714285,10.795714285714286,0.1366295639863571,43
2015,1,105927,0.5039431521836563,31,24,10,0,34,0.7058823529411765,0.5140120285631121,0.5274688771974466,0.5653438218162118,Brown,Ivy League,12-5,8.18,9.41,0.87,0.587,38.65,0.683,0.489,,22.12,11.94,10.41,3.53,13.94,0.293,16.41,0.706,0.5033125,15.8675,10.682500000000001,0.1892646027226169,31
2015,1,105928,0.5462046138910223,11,16,20,0,36,0.4444444444444444,0.5502452739230346,0.4831332656600379,0.5070170644876378,Bryant,NEC,8-10,4.78,5.67,0.779,0.67,30.61,0.568,0.264,,13.06,11.22,8.22,0.06,8.28,0.269,16.06,0.444,0.5474375,16.253125,9.716249999999999,0.1809872125144481,11
2015,1,105929,0.48838978651853954,37,18,12,0,30,0.6,0.4943717829011947,0.5051809449475797,0.5234811276874922,Bucknell,Patriot,9-6,4.47,7.33,0.832,0.431,26.6,0.579,0.333,,14.07,9.8,9.93,-0.33,9.6,0.277,12.47,0.6,0.48876923076923073,15.629999999999999,9.695384615384615,0.12732221622938444,37
2015,1,105930,0.4449337796292005,56,6,24,0,30,0.2,0.4442620439988861,0.4760219020415338,0.3911364975098265,Canisius,MAAC,3-12,4.13,6.33,0.821,0.452,25.27,0.514,0.34,,12.0,10.13,11.0,-3.13,7.87,0.241,14.53,0.2,0.4444,14.740666666666668,10.617333333333335,0.21026706827270883,56
2015,1,105931,0.5393807189796257,16,20,12,0,32,0.625,0.5450605562737916,0.5179266817224291,0.5582619485675031,Colgate,Patriot,10-6,6.06,6.19,0.841,0.378,25.69,0.711,0.56,,16.63,9.75,9.38,1.19,10.56,0.353,12.38,0.625,0.5382142857142856,16.976428571428574,10.045714285714286,0.14331343201500119,16
2015,1,105932,0.5462046138910223,11,20,12,0,32,0.625,0.5682967848070403,0.530472265301678,0.5730164587289397,Cornell,Ivy League,10-6,5.63,7.25,0.831,0.657,35.81,0.656,0.382,,17.13,9.06,9.94,1.56,11.5,0.263,14.5,0.625,0.5466428571428572,17.98071428571428,10.345714285714285,0.1847297667802725,13
2015,1,105933,0.5133011137511152,28,10,16,0,26,0.3846153846153846,0.512977544256569,0.5184957476565694,0.482266555196273,Dartmouth,Ivy League,5-8,4.92,8.85,0.797,0.556,31.85,0.696,0.325,,13.69,10.15,12.38,-3.62,8.77,0.277,18.77,0.385,0.5131666666666667,16.576666666666664,10.764166666666668,0.20698745265246285,29
2015,1,105934,0.45505569069669444,52,10,20,0,30,0.3333333333333333,0.4547878746640357,0.4974888884444455,0.4350994927764625,Delaware,CAA,5-10,5.0,6.07,0.827,0.462,26.27,0.653,0.302,,14.07,11.53,10.67,-1.6,9.07,0.285,13.73,0.333,0.45486666666666664,14.319333333333331,9.791333333333334,0.16333069385622395,53
2015,1,105935,0.5488566642383986,10,34,4,0,38,0.8947368421052632,0.5646908635604252,0.5574872859675354,0.6454014637984122,Denver,Big East,17-2,8.21,5.26,0.856,0.665,30.16,0.571,0.603,,21.95,10.0,8.47,5.26,13.74,0.357,11.63,0.895,0.5496666666666667,16.596,10.030000000000001,0.18170953622624092,10
2015,1,105936,0.41571828213875284,64,16,12,0,28,0.5714285714285714,0.4193038686459739,0.4727905791426555,0.4707067219657936,Detroit Mercy,MAAC,8-6,5.21,7.29,0.883,0.447,28.21,0.592,0.451,,15.14,15.14,10.21,-0.29,9.93,0.286,15.64,0.571,0.41576923076923084,14.052307692307693,10.524615384615384,0.1879836956293955,64
2015,1,105937,0.5009949749966803,32,14,16,0,30,0.4666666666666667,0.5121371049544424,0.5132035789863204,0.501036113890468,Drexel,CAA,7-8,4.8,6.33,0.875,0.54,27.73,0.672,0.364,,13.47,9.47,9.8,-1.13,8.67,0.225,14.0,0.467,0.5010714285714285,16.110714285714284,9.512857142857143,0.1897639376720886,32
2015,1,105938,0.6118740802147533,3,24,12,0,36,0.6666666666666666,0.6340819736201574,0.55417043347517,0.6222502618455379,Duke,ACC,12-6,8.11,6.61,0.876,0.562,37.0,0.569,0.375,,22.39,11.0,11.56,2.72,14.28,0.322,14.78,0.667,0.6126874999999999,18.153750000000002,10.17875,0.15522713952060702,3
2015,1,105939,0.4699189528863625,44,18,12,0,30,0.6,0.459936987615559,0.5130801401685166,0.5082385288499087,Fairfield,CAA,9-6,5.27,6.07,0.839,0.562,28.47,0.64,0.302,,14.87,10.47,7.47,2.13,9.6,0.28,14.67,0.6,0.4697692307692307,14.713846153846152,10.219230769230771,0.17931500166602127,44
2015,1,105940,0.4626376369612048,47,8,18,0,26,0.3076923076923077,0.4803687233224028,0.4760361771803252,0.4361164828793596,Furman,SoCon,4-9,3.69,6.69,0.879,0.42,21.69,0.756,0.184,,10.92,12.23,9.23,-2.0,7.23,0.211,14.62,0.308,0.46316666666666667,15.384166666666665,10.230000000000002,0.22955966302660596,47
2015,1,105941,0.5262057227056925,21,20,12,0,32,0.625,0.5544760338345864,0.5380597101526228,0.5680029444554489,Georgetown,Big East,10-6,6.13,7.13,0.842,0.449,30.25,0.547,0.442,,17.75,13.19,10.88,0.75,11.63,0.299,12.31,0.625,0.5252142857142857,16.287857142857142,10.186428571428573,0.19062947552457757,22
2015,1,105942,0.4560060709633308,50,14,16,0,30,0.4666666666666667,0.4836395489369836,0.4971611297797202,0.4827767235800885,Hartford,America East,7-8,6.0,7.33,0.814,0.534,31.93,0.517,0.25,,15.8,11.93,11.07,-1.27,9.8,0.287,16.4,0.467,0.45615384615384613,16.803076923076926,11.286153846153844,0.194609212428729,51
2015,1,105943,0.5562628414099327,8,14,14,0,28,0.5,0.5560904827518052,0.5379360540701404,0.5375292548934377,Harvard,Ivy League,7-7,6.71,8.93,0.836,0.425,30.93,0.629,0.365,,19.0,13.21,12.29,0.0,12.29,0.316,15.86,0.5,0.5562857142857142,18.468571428571426,10.68142857142857,0.1569146394752021,8
2015,1,105991,0.478124070406951,40,20,14,0,34,0.5882352941176471,0.4853307688082774,0.4698306069644419,0.507181859674661,High Point,SoCon,10-7,5.82,7.65,0.913,0.55,29.71,0.727,0.421,,16.65,12.94,9.76,1.06,10.82,0.304,13.35,0.588,0.47866666666666663,15.432666666666664,10.201333333333332,0.2096007845617208,40
2015,1,105944,0.46206839231268465,48,14,14,0,28,0.5,0.4604856686264248,0.4936526574730595,0.4786559986814773,Hobart,NEC,7-7,3.71,5.21,0.852,0.387,22.29,0.706,0.394,,12.14,12.07,9.36,-0.93,8.43,0.268,12.79,0.5,0.46176923076923077,14.940769230769233,9.804615384615385,0.1877310489651675,48
2015,1,105945,0.49414640775339724,35,10,18,0,28,0.3571428571428571,0.4944608545172455,0.5137293341185608,0.4649484750739772,Hofstra,CAA,5-9,5.29,5.29,0.841,0.606,27.86,0.578,0.369,,14.79,8.14,8.0,1.5,9.5,0.255,11.43,0.357,0.4945,15.05,10.262142857142859,0.19560337055232094,35
2015,1,105946,0.47604882346125055,41,12,14,0,26,0.4615384615384615,0.4760638870932989,0.5042896824289077,0.4794889795384918,Holy Cross,Patriot,6-7,4.85,5.23,0.806,0.468,25.69,0.622,0.367,,14.08,9.46,11.85,-2.62,9.23,0.305,13.69,0.462,0.4761538461538462,16.002307692307696,10.152307692307694,0.13096379191554972,41
2015,1,105947,0.4103465547488527,66,8,16,0,24,0.3333333333333333,0.4106498689219277,0.4811383878873801,0.4089428647661422,Jacksonville,SoCon,4-8,5.83,5.83,0.87,0.524,26.58,0.613,0.315,,14.92,13.25,12.33,-3.25,9.08,0.274,14.75,0.333,0.4106666666666667,14.5475,10.367500000000001,0.18575626204488743,66
2015,1,105948,0.5724462288019275,5,22,14,0,36,0.6111111111111112,0.5955605296549569,0.5529021303933457,0.5887835752035926,Johns Hopkins,Big Ten,11-7,7.78,5.78,0.872,0.522,29.06,0.62,0.463,,20.78,9.83,10.5,2.5,13.0,0.331,11.61,0.611,0.5742307692307691,16.576153846153847,9.73076923076923,0.1672313707440884,5
2015,1,105949,0.45023466226437636,54,8,20,0,28,0.2857142857142857,0.4495946455505279,0.4832891691807247,0.4170481864990165,Lafayette,Patriot,4-10,4.79,7.43,0.815,0.39,26.79,0.689,0.346,,13.86,11.07,12.21,-3.14,9.07,0.262,15.14,0.286,0.44985714285714284,14.262142857142857,10.049999999999999,0.15539206504050013,54
2015,1,105950,0.5400159615061642,15,14,18,0,32,0.4375,0.5440860942892676,0.4999577326511146,0.5064074803074124,Lehigh,Patriot,7-9,5.88,7.69,0.858,0.457,29.44,0.645,0.484,,16.06,10.0,10.06,0.13,10.19,0.294,12.44,0.438,0.5405333333333334,16.128,9.877333333333333,0.1550104799324513,15
2015,1,105952,0.5595428853863725,7,14,16,0,30,0.4666666666666667,0.5619512298846664,0.52199118736899,0.5281400784512473,Loyola Maryland,Patriot,7-8,6.93,6.87,0.874,0.552,31.0,0.515,0.324,,18.13,10.47,10.33,0.87,11.2,0.273,11.6,0.467,0.5602142857142857,16.115000000000002,9.882142857142858,0.13691612582235915,7
2015,1,105953,0.49014544276585775,36,2,28,0,30,0.0666666666666666,0.4901027077497666,0.4713780220658261,0.3795625260580065,Manhattan,MAAC,1-14,2.87,4.0,0.756,0.401,22.47,0.687,0.203,,7.8,11.67,14.53,-9.6,4.93,0.176,16.13,0.067,0.49013333333333337,16.083333333333332,10.233333333333333,0.21273077403662644,36
2015,1,105954,0.4330344735988592,61,28,8,0,36,0.7777777777777778,0.4341283308195073,0.4803076731940426,0.5315855281527088,Marist,MAAC,14-4,7.06,6.44,0.859,0.528,29.11,0.711,0.56,,18.83,11.28,8.61,3.17,11.78,0.32,12.89,0.778,0.4324375,15.113125,10.405000000000001,0.21873127598436853,61
2015,1,105955,0.5148545386828186,27,20,12,0,32,0.625,0.5217397459996145,0.5214997496996181,0.5474948104247117,Marquette,Big East,10-6,5.25,6.06,0.869,0.432,24.88,0.633,0.385,,15.44,10.63,10.5,-0.31,10.19,0.302,11.31,0.625,0.5149333333333334,16.488,10.078666666666667,0.19054044773281661,27
2015,1,105957,0.5290259313522562,19,30,8,0,38,0.7894736842105263,0.5600108620762035,0.5531011350951276,0.6156491358645153,Maryland,Big Ten,15-4,4.68,6.05,0.866,0.523,26.68,0.702,0.419,,14.89,9.68,7.05,3.16,10.21,0.262,10.74,0.789,0.5298666666666666,17.011999999999997,10.081999999999999,0.17520078640107628,20
2015,1,105958,0.5462046138910223,11,10,20,0,30,0.3333333333333333,0.5587920782348027,0.5027236607611153,0.4884102876410134,Massachusetts,CAA,5-10,6.6,6.6,0.859,0.429,26.33,0.636,0.37,,16.33,10.73,10.73,-1.0,9.73,0.296,11.87,0.333,0.5473846153846152,17.40076923076923,9.806153846153846,0.15643211280667332,12
2015,1,105959,0.4596968339555525,49,10,16,0,26,0.3846153846153846,0.4682414681849071,0.4729627427185576,0.4485152659259391,Mercer,SoCon,5-8,4.62,6.54,0.873,0.514,27.08,0.636,0.298,,12.92,12.77,10.85,-2.54,8.31,0.205,13.77,0.385,0.45825000000000005,15.344166666666665,10.533333333333333,0.17734999530119344,49
2015,1,105960,0.5219127667482446,23,10,16,0,26,0.3846153846153846,0.5215648472614417,0.5063878266053747,0.4835332264359107,Michigan,Big Ten,5-8,4.31,8.92,0.843,0.446,27.62,0.675,0.375,,14.15,13.62,11.54,-1.69,9.85,0.267,13.77,0.385,0.5214615384615384,16.198461538461537,9.80923076923077,0.18842856854465298,23
2015,1,105961,0.37167461061403584,67,12,16,0,28,0.4285714285714285,0.4009553180246458,0.4531796584300019,0.4209154307626805,Monmouth,MAAC,6-8,2.86,7.0,0.814,0.402,23.0,0.717,0.241,,9.5,11.86,7.64,-1.0,6.64,0.213,13.21,0.429,0.3720769230769231,13.765384615384617,10.723076923076924,0.2089981455708902,67
2015,1,105962,0.4456211152470233,55,10,20,0,30,0.3333333333333333,0.4595701955996072,0.4653788759138292,0.4294631501115943,Mount St. Mary's,NEC,5-10,2.93,8.07,0.808,0.48,26.2,0.647,0.227,,10.27,11.07,8.87,-1.53,7.33,0.227,15.0,0.333,0.44628571428571434,13.57642857142857,9.842142857142859,0.18102502927631248,55
2015,1,105964,0.44006072106561706,58,0,24,0,24,0.0,0.4396145521145522,0.4489996724930107,0.3320571941805287,NJIT,Independent,0-12,2.42,3.67,0.725,0.433,22.5,0.627,0.156,,6.92,11.33,13.25,-8.75,4.5,0.172,17.67,0.0,0.43981818181818183,15.37090909090909,10.743636363636362,0.20340055340132912,58
2015,1,105984,0.5042812408410572,30,18,10,0,28,0.6428571428571429,0.5106223494796029,0.5065769374895442,0.5426696948264732,Navy,Patriot,9-5,5.07,8.07,0.834,0.6,32.0,0.583,0.302,,14.86,9.14,8.57,1.21,9.79,0.29,14.43,0.643,0.5047692307692307,15.286923076923074,10.089230769230769,0.1759799612045705,30
2015,1,105963,0.5850739331288695,4,26,8,0,34,0.7647058823529411,0.6115294530132447,0.5592761031920835,0.6367602228928785,North Carolina,ACC,13-4,8.88,7.82,0.891,0.492,37.59,0.652,0.421,,23.24,11.12,10.18,4.18,14.35,0.325,12.53,0.765,0.5863333333333333,17.468666666666664,9.941333333333334,0.21570092463614726,4
2015,1,105965,0.6580151548209168,1,24,6,0,30,0.8,0.6742997671403245,0.5587553537865194,0.6768387220167921,Notre Dame,ACC,12-3,6.53,7.8,0.852,0.5,33.07,0.553,0.524,,19.8,10.87,9.33,3.93,13.27,0.333,13.6,0.8,0.6581538461538461,18.88153846153846,10.07846153846154,0.14742760734775567,1
2015,1,105966,0.5194278609136118,25,24,14,0,38,0.631578947368421,0.5588530198641003,0.5328716362839991,0.5705391558451551,Ohio St.,Big Ten,12-7,5.63,5.05,0.881,0.574,28.05,0.613,0.271,,15.63,9.53,9.16,0.84,10.0,0.3,13.89,0.632,0.520125,16.2225,9.95625,0.20072396313096252,25
2015,1,105968,0.5425068913613497,14,12,14,0,26,0.4615384615384615,0.5432492975390094,0.5290051399784339,0.5192605491487285,Penn,Ivy League,6-7,6.23,7.54,0.838,0.476,28.92,0.652,0.4,,16.31,10.85,11.69,-1.62,10.08,0.281,15.15,0.462,0.5433846153846154,16.603076923076923,10.187692307692307,0.15434503727863874,14
2015,1,105967,0.5368534379052887,17,10,18,0,28,0.3571428571428571,0.5427748629816299,0.5405354160821924,0.4958069997970773,Penn St.,Big Ten,5-9,4.64,5.29,0.874,0.517,27.57,0.674,0.306,,13.86,12.57,10.14,-0.93,9.21,0.279,13.57,0.357,0.5376153846153846,17.39,10.403846153846152,0.1798253590662719,17
2015,1,105969,0.5133011137511152,28,18,12,0,30,0.6,0.532965738252116,0.5369851983720672,0.5507291687190748,Princeton,Ivy League,9-6,7.6,6.67,0.889,0.441,27.27,0.484,0.464,,19.6,11.0,10.8,1.2,12.0,0.344,12.13,0.6,0.514076923076923,16.893846153846155,10.472307692307691,0.19420348627880044,28
2015,1,105970,0.5262057227056925,21,10,18,0,28,0.3571428571428571,0.5251415535590339,0.5197249717429936,0.4817877340009796,Providence,Big East,5-9,3.43,7.43,0.797,0.383,26.64,0.767,0.14,,11.5,13.93,10.86,-2.79,8.07,0.254,16.93,0.357,0.5252307692307692,17.146923076923073,10.293076923076923,0.17361679901267701,21
2015,1,105971,0.4362456956568849,59,14,16,0,30,0.4666666666666667,0.4674821039526922,0.4641874111518301,0.4664545714309703,Quinnipiac,MAAC,7-8,6.73,7.2,0.867,0.424,29.0,0.667,0.396,,16.6,12.2,11.73,-1.87,9.87,0.285,13.33,0.467,0.4356153846153846,15.108461538461539,10.84076923076923,0.2325777085890743,60
2015,1,105972,0.4134599796538414,65,22,10,0,32,0.6875,0.4165323340874811,0.4846313739123431,0.5012990105218263,Richmond,SoCon,11-5,7.25,8.25,0.92,0.495,32.19,0.789,0.279,,19.0,10.75,7.44,4.31,11.75,0.303,14.06,0.688,0.4120714285714286,14.185714285714285,10.645714285714286,0.2150101207869442,65
2015,1,105973,0.48827227150394964,38,6,22,0,28,0.2142857142857142,0.4879947660575701,0.4608188129129355,0.4127735148284475,Robert Morris,NEC,3-11,5.07,6.14,0.872,0.456,26.64,0.6,0.366,,14.57,10.79,11.29,-1.79,9.5,0.262,11.71,0.214,0.4878571428571429,14.25,9.464285714285714,0.1414020898728451,39
2015,1,105974,0.48827227150394964,38,10,20,0,30,0.3333333333333333,0.4881619300891747,0.4948467784926352,0.4511259930010795,Rutgers,Big Ten,5-10,5.6,5.53,0.861,0.647,32.47,0.585,0.3,,15.93,9.0,10.27,0.07,10.33,0.278,13.67,0.333,0.4881999999999999,15.685999999999998,9.887333333333336,0.21239937225268193,38
2015,1,105975,0.43049682575160225,62,12,14,0,26,0.4615384615384615,0.4301299316570809,0.4798776498999073,0.4504189936881327,Sacred Heart,NEC,6-7,4.92,7.15,0.81,0.516,28.15,0.537,0.236,,13.54,11.15,11.69,-3.08,8.62,0.267,17.85,0.462,0.4301538461538461,14.393846153846157,10.175384615384615,0.13788113395454693,62
2015,1,105977,0.42465677695923454,63,22,12,0,34,0.6470588235294118,0.4189921141910761,0.4775842423689899,0.4906568235701385,Saint Joseph's,NEC,11-6,6.0,8.0,0.886,0.512,30.59,0.8,0.458,,16.71,9.53,7.65,3.06,10.71,0.27,12.88,0.647,0.4231333333333333,13.620666666666665,10.173333333333336,0.1569831696569908,63
2015,1,105978,0.4560060709633308,50,10,18,0,28,0.3571428571428571,0.4573515272401912,0.4797030284614003,0.4378872350211599,Siena,MAAC,5-9,5.43,6.29,0.849,0.485,29.36,0.655,0.362,,14.71,11.57,11.57,-2.29,9.29,0.248,14.5,0.357,0.4574615384615384,15.555384615384618,10.60923076923077,0.23782010505183093,50
2015,1,105976,0.5322590200440349,18,6,22,0,28,0.2142857142857142,0.5329879185142343,0.5157495614995622,0.4490027782034362,St. John's (NY),Big East,3-11,5.64,7.0,0.845,0.45,30.21,0.529,0.34,,15.5,10.43,12.0,-2.14,9.86,0.274,13.21,0.214,0.5330714285714286,16.709285714285716,10.252857142857142,0.1850210274867289,18
2015,1,105979,0.4362456956568849,59,26,10,0,36,0.7222222222222222,0.4562401006286455,0.5028361935150316,0.5343846542486362,Stony Brook,America East,13-5,9.17,5.94,0.869,0.531,34.11,0.593,0.485,,23.06,8.33,10.89,3.0,13.89,0.402,12.0,0.722,0.43606666666666655,16.496000000000002,11.096666666666666,0.2309018454283599,59
2015,1,105980,0.6203764422184483,2,26,6,0,32,0.8125,0.6300738058381248,0.5587287405985102,0.65784408806869,Syracuse,ACC,13-3,8.75,6.19,0.905,0.662,34.56,0.688,0.508,,23.63,10.38,9.63,5.25,14.88,0.343,12.38,0.813,0.6183846153846153,18.919999999999998,10.110000000000001,0.17133347531441018,2
2015,1,105981,0.4983625824671155,33,24,12,0,36,0.6666666666666666,0.4878647987910114,0.5254374975953496,0.5419584404610097,Towson,CAA,12-6,4.22,5.78,0.869,0.51,27.11,0.729,0.367,,12.78,9.94,7.72,0.83,8.56,0.244,10.61,0.667,0.498875,15.586875,9.6425,0.14359790867209732,34
2015,1,105923,0.4983625824671155,33,32,6,0,38,0.8421052631578947,0.5164818206484872,0.5282274153516122,0.6008240799516203,UAlbany,America East,16-3,10.68,9.89,0.888,0.458,38.63,0.612,0.467,,27.79,12.21,10.0,7.11,17.11,0.366,15.63,0.842,0.49893333333333334,17.02666666666667,10.513333333333334,0.18213016102654594,33
2015,1,105956,0.5153816409450079,26,10,16,0,26,0.3846153846153846,0.5156768122228649,0.4850736928179146,0.4752606754697572,UMBC,America East,5-8,4.54,7.08,0.788,0.437,24.54,0.622,0.368,,13.08,11.31,10.08,-1.54,8.54,0.276,15.46,0.385,0.5158333333333333,17.118333333333332,10.254166666666665,0.17619630781854906,26
2015,1,105987,0.46806895742065724,45,2,28,0,30,0.0666666666666666,0.4681347539015607,0.4573809793393439,0.365079288452283,VMI,SoCon,1-14,1.87,6.87,0.748,0.466,26.73,0.535,0.209,,7.07,11.4,15.4,-10.2,5.2,0.185,18.87,0.067,0.46814285714285714,14.793571428571427,9.380714285714287,0.16219030142875687,45
2015,1,105985,0.46514023595275833,46,12,20,0,32,0.375,0.481191225928068,0.4956083662243829,0.4582477045201297,Vermont,America East,6-10,7.38,6.5,0.831,0.511,35.13,0.629,0.435,,19.5,13.44,14.25,-2.13,12.13,0.293,16.56,0.375,0.4640714285714284,15.925,10.722857142857142,0.19681407625534536,46
2015,1,105986,0.5219127667482446,23,12,16,0,28,0.4285714285714285,0.5476905978315753,0.5340193280573874,0.5144929880729916,Villanova,Big East,6-8,5.29,5.29,0.857,0.477,22.5,0.625,0.292,,14.64,10.93,10.36,-1.0,9.36,0.243,12.86,0.429,0.521,15.88076923076923,10.006923076923075,0.18487917052039068,24
2015,1,105988,0.5724462288019275,5,20,10,0,30,0.6666666666666666,0.5763683593095357,0.5515358428140533,0.5927348070249479,Virginia,ACC,10-5,7.13,7.4,0.903,0.462,32.13,0.62,0.276,,19.2,13.0,11.0,1.07,12.07,0.328,12.93,0.667,0.5740714285714285,17.95285714285714,10.328571428571427,0.19434779732873383,6
2015,1,105989,0.33896063825323636,68,8,18,0,26,0.3076923076923077,0.3416301563360386,0.4639047244993186,0.3637143362159259,Wagner,NEC,4-9,4.15,8.08,0.806,0.429,22.31,0.639,0.348,,11.31,9.31,8.23,-1.08,7.15,0.227,13.08,0.308,0.34166666666666673,12.271666666666667,10.685833333333333,0.17427962843915204,68
2015,1,105990,0.5521028764078837,9,22,10,0,32,0.6875,0.5816159869255845,0.5256248866330455,0.5940892151210536,Yale,Ivy League,11-5,6.69,6.75,0.891,0.523,27.38,0.712,0.436,,18.06,8.44,8.13,3.25,11.38,0.324,13.56,0.688,0.5524166666666666,17.291666666666668,10.328333333333333,0.16995610135822983,9
2015,2,106015,0.5153816409450079,19,4,11,0,15,0.2666666666666666,0.4996786838892102,0.493477949306275,0.4398754959378405,Adams St.,Independent,4-11,3.93,,0.861,0.371,22.0,0.617,0.368,,14.2,10.13,14.67,,10.27,0.293,15.33,0.267,0.5162000000000001,17.918,9.82,0.23275515031895644,19
2015,2,105992,0.5083978221798221,21,15,3,0,18,0.8333333333333334,0.5640018141759627,0.5326875291848278,0.6235061227175216,Adelphi,NE10,15-3,8.94,8.94,0.843,0.688,38.28,0.75,0.414,,23.94,10.89,8.89,6.11,15.0,0.315,16.83,0.833,0.5088571428571428,15.712142857142856,10.177857142857144,0.253289742937907,21
2015,2,106016,0.4283620237737425,51,4,9,0,13,0.3076923076923077,0.4278608143992759,0.4885383864125311,0.4129880807258477,Alderson Broaddus,ECAC-II,4-9,4.85,7.46,0.752,0.461,26.92,0.662,0.324,,13.0,11.62,13.69,,8.15,0.26,21.62,0.308,0.42792307692307685,15.610833333333334,11.255384615384616,0.2717749242801028,51
2015,2,105993,0.4812349406027838,36,2,13,0,15,0.1333333333333333,0.4809481030378863,0.4972921850562601,0.3981304311163415,American Int'l,NE10,2-13,3.33,6.6,0.772,0.38,25.4,0.639,0.278,,9.8,14.6,14.4,,6.47,0.255,22.73,0.133,0.4809999999999999,15.944285714285714,10.539333333333333,0.2681966939890696,36
2015,2,105994,0.49408698287455854,30,9,8,0,17,0.5294117647058824,0.5074020836404738,0.4994692178976071,0.5109212874711092,Assumption,NE10,9-8,4.35,4.88,0.831,0.56,29.47,0.656,0.145,,13.0,11.82,9.18,,8.65,0.284,18.29,0.529,0.4923125,16.315333333333335,10.485625,0.26387206150661346,31
2015,2,106028,0.478124070406951,40,11,5,0,16,0.6875,0.5082227362098686,0.5182658328170562,0.5555528263091983,Belmont Abbey,Conference Carolinas,11-5,6.19,7.81,0.861,0.463,29.81,0.722,0.429,,18.81,10.56,9.0,3.63,12.63,0.322,17.06,0.688,0.47866666666666663,16.012666666666668,11.616666666666667,0.24204453217446484,40
2015,2,105995,0.4983625824671155,29,6,7,0,13,0.4615384615384615,0.4975304345571075,0.5244449959875843,0.4952610816600652,Bentley,NE10,6-7,3.92,6.46,0.846,0.616,24.85,0.694,0.286,,13.0,10.23,9.69,,9.08,0.228,15.46,0.462,0.4975384615384615,16.156923076923075,10.69923076923077,0.2761782076248303,29
2015,2,106044,0.39414164665644896,54,8,8,0,16,0.5,0.4045854880413704,0.4890897196701858,0.4495651739382316,Brevard,SAC,8-8,5.88,9.88,0.832,0.4,35.63,0.622,0.283,,16.38,13.88,12.0,,10.5,0.341,17.31,0.5,0.3941999999999999,15.346666666666666,11.569285714285712,0.2106026907077242,54
2015,2,106030,0.5272554767244328,16,0,10,0,10,0.0,0.5292768959435626,0.435509876857271,0.3735159171860991,CSU Pueblo,RMAC,0-10,4.0,6.5,0.672,0.421,28.6,,0.255,,11.6,10.8,,,7.6,0.309,,0.0,0.5273333333333333,17.643333333333334,10.573333333333334,0.20094581912103127,16
2015,2,106017,0.5073168293282724,23,5,10,0,15,0.3333333333333333,0.5071653020182433,0.5036678944090713,0.4628329579447228,Catawba,SAC,5-10,5.2,4.27,0.836,0.663,31.6,0.594,0.429,,14.67,10.33,11.33,,9.47,0.263,17.73,0.333,0.5073333333333333,17.312,10.748666666666663,0.21213318667499642,23
2015,2,106041,0.47008276292432105,41,6,7,0,13,0.4615384615384615,0.4698994444469557,0.487309655135179,0.472161751391888,Chestnut Hill,ECC,6-7,4.77,6.46,0.798,0.38,26.0,0.645,0.397,,14.38,11.77,10.23,,9.62,0.275,16.31,0.462,0.4700000000000001,16.06846153846154,10.762307692307694,0.2248637194117635,41
2015,2,106018,0.4626376369612048,44,9,5,0,14,0.6428571428571429,0.4699220072644442,0.5014897597061286,0.52104772927304,Coker,SAC,9-5,5.21,6.5,0.866,0.436,31.29,0.6,0.254,,16.14,11.0,10.57,,10.93,0.33,16.36,0.643,0.4629230769230769,16.963846153846152,10.793076923076923,0.16544134983941106,45
2015,2,106034,0.5311345476985015,14,9,3,0,12,0.75,0.463148401306296,0.4955504944485376,0.5429618242652825,Colorado Mesa,RMAC,9-3,7.75,7.75,0.869,0.54,29.67,0.741,0.339,,22.0,10.5,9.67,4.58,14.25,0.315,13.75,0.75,0.5305,17.3825,9.679999999999998,0.2925042734730554,14
2015,2,105996,0.4805208851241903,37,2,9,0,11,0.1818181818181818,0.4802403478874067,0.4728754033691021,0.4037935702405243,Dist. Columbia,ECC,2-9,3.55,7.45,0.727,0.563,39.55,0.573,0.283,,12.45,13.0,16.91,,8.91,0.251,24.18,0.182,0.4804545454545454,15.66909090909091,10.690909090909093,0.21669893805015775,37
2015,2,106032,0.4680277562767098,42,1,12,0,13,0.0769230769230769,0.4677293839058545,0.4667039275117218,0.3697714430616269,Dominican (NY),ECC,1-12,3.92,9.0,0.701,0.475,33.31,0.627,0.203,,10.31,14.92,14.46,,,,24.85,0.077,0.4678333333333333,15.834545454545456,11.112500000000002,0.24844946948804075,42
2015,2,106029,0.5421054183508555,11,5,8,0,13,0.3846153846153846,0.5421816117517474,0.4890930407297059,0.4895179122121463,Dowling,ECC,5-8,3.46,6.92,0.824,0.542,28.69,0.667,0.34,,13.08,10.77,10.92,,9.62,0.288,17.15,0.385,0.5423076923076924,16.98923076923077,10.483076923076924,0.24190506231081155,11
2015,2,106050,0.5272554767244328,16,3,10,0,13,0.2307692307692307,0.5269501879699248,0.4765302864948127,0.4402999733009732,Emmanuel (GA),Independent,3-10,3.15,6.92,0.793,,,0.686,,,9.69,15.31,15.08,,6.54,0.203,14.46,0.231,0.5270833333333332,17.18,10.770000000000001,0.25091149114556094,17
2015,2,105998,0.5462046138910223,10,6,8,0,14,0.4285714285714285,0.5465020218613761,0.5316507465431873,0.5133065547093421,Fla. Southern,Sunshine State,6-8,7.43,8.29,0.817,0.557,37.5,0.484,0.449,,20.21,12.07,12.57,,12.79,0.27,16.93,0.429,0.5465000000000001,17.695,10.51357142857143,0.2103231357425317,10
2015,2,105997,0.46206839231268465,46,12,4,0,16,0.75,0.4781665702718335,0.5278859843744276,0.5585547812295236,Florida Tech,Sunshine State,12-4,6.63,8.63,0.873,0.61,37.25,0.776,0.372,,19.06,10.5,9.19,3.25,12.44,0.277,17.56,0.75,0.46091666666666664,16.26,10.70083333333333,0.19701880550399808,46
2015,2,105999,0.42073141271095843,52,12,4,0,16,0.75,0.4522336608395044,0.5103252196711477,0.5411981353375391,Franklin Pierce,NE10,12-4,5.44,8.25,0.818,0.404,27.25,0.775,0.25,,15.88,12.56,8.5,,10.44,0.285,17.44,0.75,0.4189285714285714,15.154615384615385,11.022857142857143,0.2686262577011611,52
2015,2,106001,0.5262057227056925,18,14,3,0,17,0.8235294117647058,0.5513167954185072,0.5010985154088841,0.6068153795026511,LIU Post,ECC,14-3,6.88,8.47,0.827,0.591,29.94,0.69,0.4,,20.24,9.94,8.59,4.76,13.35,0.333,15.71,0.824,0.526,16.86466666666667,10.449333333333334,0.23023292553412075,18
2015,2,106031,0.5595428853863725,5,15,3,0,18,0.8333333333333334,0.6082251621596306,0.5324645128817862,0.6455620426335953,Lake Erie,ECAC-II,15-3,6.06,11.17,0.881,0.355,26.28,0.674,0.302,,17.22,8.89,7.33,3.83,11.17,0.321,13.78,0.833,0.5612142857142857,17.163571428571426,9.732142857142858,0.25983323733596864,5
2015,2,106000,0.5562628414099327,8,16,3,0,19,0.8421052631578947,0.5949181494460133,0.5283077350509626,0.6400623242752209,Le Moyne,NE10,16-3,7.16,7.21,0.844,0.491,31.95,0.81,0.438,,21.37,13.11,6.68,7.53,14.21,0.334,15.16,0.842,0.5566875,16.640625,9.79125,0.26116774273204185,8
2015,2,106038,0.4680277562767098,42,2,14,0,16,0.125,0.4667307692307692,0.4804373981334588,0.3847247341487493,Lees-McRae,Conference Carolinas,2-14,4.44,6.06,0.735,0.349,26.44,0.674,0.132,,11.88,12.81,18.19,,7.44,0.272,18.31,0.125,0.4669333333333333,16.642666666666667,11.203999999999999,0.24544176951411958,43
2015,2,106019,0.5574777757598258,7,9,7,0,16,0.5625,0.5636991174674998,0.4866273867655433,0.5441314054251357,Lenoir-Rhyne,SAC,9-7,6.69,10.94,0.884,0.502,34.0,0.607,0.265,,19.5,8.19,9.75,3.06,12.81,0.312,15.44,0.563,0.5578461538461539,18.356923076923074,10.29076923076923,0.19074100287435525,7
2015,2,106020,0.5595428853863725,5,20,1,0,21,0.9523809523809524,0.5850856964468198,0.5397376375544766,0.6655724957072671,Limestone,Conference Carolinas,20-1,9.24,9.05,0.896,0.716,41.24,0.737,0.438,,26.29,8.67,7.48,9.57,17.05,0.371,16.62,0.952,0.56,17.36888888888889,10.468333333333334,0.2382487029229004,6
2015,2,106021,0.36725862176145546,56,4,10,0,14,0.2857142857142857,0.3645961269123034,0.5012891041992414,0.3790489109345335,Lincoln Memorial,SAC,4-10,4.5,9.21,0.812,0.458,32.21,0.787,0.167,,13.14,12.0,9.29,,8.64,0.257,19.07,0.286,0.36466666666666664,15.182499999999997,12.364545454545457,0.20982466225133994,57
2015,2,106045,0.49408698287455854,30,14,4,0,18,0.7777777777777778,0.5219753285929756,0.5153680700281312,0.584274126247965,Lindenwood,ECAC-II,14-4,6.67,7.5,0.834,0.643,33.06,0.708,0.379,,19.89,,8.06,5.17,13.22,0.339,17.33,0.778,0.4931333333333333,17.042666666666666,10.102142857142855,0.27049506875768037,30
2015,2,106040,0.48827227150394964,35,7,7,0,14,0.5,0.5112570191577098,0.5123067142748083,0.508705188147557,Lynn,Sunshine State,7-7,6.29,7.86,0.87,0.538,32.29,0.609,0.412,,17.21,10.0,10.29,,10.93,0.313,14.07,0.5,0.48825,15.929166666666667,11.248333333333333,0.2645150043003232,35
2015,2,106022,0.4805208851241903,37,10,6,0,16,0.625,0.4816205294533468,0.5051308698844952,0.5233429821977973,Mars Hill,SAC,10-6,7.88,6.63,0.852,0.486,31.69,0.823,0.327,,21.94,13.0,9.06,5.0,14.06,0.414,15.81,0.625,0.48000000000000004,16.585384615384612,11.257692307692308,0.1973286988367769,39
2015,2,106002,0.4456211152470233,50,10,7,0,17,0.5882352941176471,0.4700193693273278,0.5151131821381247,0.5108468037276068,Mercy,ECC,10-7,6.71,7.82,0.855,0.564,33.65,0.558,0.447,,18.35,9.06,9.71,,11.65,0.302,15.47,0.588,0.4453333333333333,15.464,10.875333333333332,0.22308105153857322,50
2015,2,106003,0.5312387480409371,13,8,6,0,14,0.5714285714285714,0.5529228931788639,0.5346368655373032,0.5529778058309006,Mercyhurst,ECAC-II,8-6,6.43,6.29,0.872,0.554,25.5,0.784,0.347,,16.93,9.36,7.14,3.36,10.5,0.308,16.0,0.571,0.5313846153846155,16.591538461538462,10.194615384615386,0.25661750598643546,13
2015,2,106004,0.4909328592300994,32,13,3,0,16,0.8125,0.5563770409479583,0.5352347598872452,0.6151222104457904,Merrimack,NE10,13-3,6.88,7.44,0.877,0.471,32.13,0.65,0.326,,19.94,11.19,7.5,5.56,13.06,0.287,14.19,0.813,0.49184615384615377,15.54076923076923,10.452307692307695,0.25552866650981454,33
2015,2,106005,0.39862728722015,53,11,4,0,15,0.7333333333333333,0.425213936390407,0.5050218666097012,0.5221957681809621,Molloy,ECC,11-4,7.27,7.4,0.854,0.507,30.6,0.625,0.313,,20.13,10.27,9.67,3.2,12.87,0.311,13.2,0.733,0.3968571428571429,14.577857142857143,11.336428571428572,0.23765486894800594,53
2015,2,106023,0.4805208851241903,37,11,5,0,16,0.6875,0.5215287316849817,0.5285080021208838,0.5647663663727118,Mount Olive,Conference Carolinas,11-5,5.69,6.75,0.854,0.552,32.13,0.709,0.224,,17.25,11.13,9.0,,11.56,0.324,15.94,0.688,0.4803571428571428,16.654999999999998,11.022857142857143,0.2698204713039652,38
2015,2,106007,0.5064227373065731,24,12,4,0,16,0.75,0.5313620203326086,0.5116405803956668,0.581091155265221,New York Tech,ECC,12-4,8.56,10.63,0.835,0.452,28.69,0.831,0.517,,21.94,8.81,8.0,5.38,13.38,0.36,15.06,0.75,0.5065,16.279285714285717,10.680714285714286,0.26363821259987547,24
2015,2,106033,0.5083978221798221,21,1,14,0,15,0.0666666666666666,0.5086843711843713,0.4719792866169293,0.3890036739130846,North Greenville,Conference Carolinas,1-14,4.07,4.0,0.831,0.375,26.47,0.627,0.243,,11.67,14.73,15.93,,7.6,0.331,19.4,0.067,0.5087999999999998,16.672,10.776666666666667,0.20511369205069335,22
2015,2,106042,0.37959349771234807,55,1,8,0,9,0.1111111111111111,0.3785162141779788,0.4580520579645012,0.3315488993578925,Notre Dame de Namur,Independent,1-8,,8.0,,0.457,28.0,0.71,0.244,,,13.22,13.78,,7.11,0.223,24.44,0.111,0.3785,13.43,11.3775,0.21741895041601134,55
2015,2,106039,0.5018850486912354,26,0,15,0,15,0.0,0.5023982498982498,0.4719146007861253,0.3691777751456562,Ohio Valley,Independent,0-15,3.53,6.8,0.745,0.35,22.93,0.583,0.169,,10.33,14.0,15.73,,6.8,0.268,23.4,0.0,0.5024666666666666,16.32533333333333,10.348,0.2023817734437126,26
2015,2,106008,0.48838978651853954,34,9,7,0,16,0.5625,0.5161316664823825,0.5124351151567207,0.5267996120303714,Pace,NE10,9-7,6.44,9.5,0.83,0.523,35.38,0.704,0.322,,18.25,12.44,10.5,,11.81,0.317,19.19,0.563,0.4883571428571428,15.411428571428573,10.33642857142857,0.24634604208101168,34
2015,2,106009,0.5009949749966803,28,10,5,0,15,0.6666666666666666,0.513456510809452,0.5283556556471697,0.5554838359831851,Pfeiffer,Conference Carolinas,10-5,8.13,9.47,0.871,0.484,31.87,0.702,0.545,,22.2,10.47,10.13,3.93,14.07,0.34,15.13,0.667,0.5011428571428571,16.882142857142856,11.185,0.23447688193778357,28
2015,2,106024,0.36725862176145546,56,6,8,0,14,0.4285714285714285,0.3651583302318597,0.4879905755412328,0.4117196661440951,Post,Independent,6-8,4.14,8.0,0.806,0.373,29.93,0.629,0.164,,13.93,12.86,10.71,,9.79,0.276,19.0,0.429,0.36521428571428566,14.226923076923075,11.844285714285714,0.2685963989151829,56
2015,2,106035,0.5912860006887398,1,9,8,0,17,0.5294117647058824,0.5933473055809606,0.5093300240828125,0.556359099987654,Queens (NC),SAC,9-8,5.59,5.53,0.789,0.617,28.18,0.71,0.587,,15.65,11.18,11.41,,10.06,0.336,19.65,0.529,0.5914375000000001,18.476875,9.699375,0.19134555415203666,1
2015,2,106047,0.4535502512738834,48,4,11,0,15,0.2666666666666666,0.4533572962984727,0.4996319033342049,0.4182532906494542,Roberts Wesleyan,ECC,4-11,5.2,8.67,0.796,0.528,31.4,0.676,0.306,,14.0,12.73,11.93,,8.8,0.265,20.13,0.267,0.45339999999999997,15.487333333333332,10.85,0.26046747717645413,48
2015,2,106025,0.36011336281716294,58,7,5,0,12,0.5833333333333334,0.3513888888888888,0.5010726925961704,0.4467959509268203,Rockhurst,Independent,7-5,7.0,6.67,0.895,0.584,30.83,0.803,0.275,,20.25,9.08,9.75,3.5,13.25,0.275,17.17,0.583,0.359,15.604,12.0325,0.34486751079218814,58
2015,2,106010,0.5652411997844625,3,6,10,0,16,0.375,0.5771038349550347,0.4958716411624678,0.5062698277681343,Rollins,Sunshine State,6-10,4.63,7.31,0.857,0.45,29.06,0.652,0.328,,13.44,11.75,10.25,,8.81,0.255,17.13,0.375,0.5656000000000001,18.03933333333333,10.375333333333334,0.18224079309163102,3
2015,2,106012,0.5368534379052887,12,7,7,0,14,0.5,0.5370357353467703,0.5080075227107073,0.520519748351062,Saint Leo,Sunshine State,7-7,5.36,7.21,0.867,0.611,32.29,0.675,0.35,,16.29,12.36,9.43,,10.93,0.277,13.43,0.5,0.5371428571428571,17.210714285714285,10.907857142857143,0.1989820010319875,12
2015,2,106013,0.5149155437178434,20,7,7,0,14,0.5,0.5150608016485946,0.5224244276486637,0.5131365077364632,Saint Michael's,NE10,7-7,5.29,12.14,0.808,0.408,32.93,0.586,0.333,,14.79,14.21,12.36,,9.5,0.25,21.79,0.5,0.5150714285714285,16.050714285714285,10.047142857142857,0.2552526659398247,20
2015,2,106026,0.5018850486912354,26,4,10,0,14,0.2857142857142857,0.5020244332550835,0.5139260493566687,0.4509223003952803,Saint Rose,NE10,4-10,4.43,7.0,0.848,0.428,28.07,0.627,0.269,,12.43,14.36,10.29,,8.0,0.251,17.79,0.286,0.5020714285714285,15.925,10.389285714285714,0.2459800991618498,27
2015,2,106043,0.5724462288019275,2,9,5,0,14,0.6428571428571429,0.587311591303188,0.5066770601597641,0.5810393464058208,Seton Hill,ECAC-II,9-5,4.57,6.0,0.897,0.646,27.36,0.718,0.254,,16.36,9.5,7.79,4.0,11.79,0.353,13.64,0.643,0.5726153846153845,17.859999999999996,9.788461538461538,0.25526774434263166,2
2015,2,106048,0.45023466226437636,49,7,7,0,14,0.5,0.4500194250194251,0.485697505653202,0.4714340889230131,Shorter,Independent,7-7,4.29,6.93,0.856,0.465,26.5,0.783,0.316,,14.5,10.36,9.29,,10.21,0.316,17.36,0.5,0.45018181818181807,15.94272727272727,11.817272727272728,0.23032025852626012,49
2015,2,106006,0.5522102123590636,9,2,13,0,15,0.1333333333333333,0.5534615101101169,0.5021447914466765,0.4356002862500608,Southern N.H.,NE10,2-13,5.13,7.4,0.848,0.42,30.4,0.728,0.283,,13.87,10.93,11.8,,8.73,0.242,17.67,0.133,0.5535333333333333,16.296000000000003,10.077333333333334,0.22423317229071071,9
2015,2,106011,0.5646094496985398,4,2,11,0,13,0.1538461538461538,0.5636233160346045,0.5151281272972384,0.4490552283031502,St. Anselm,NE10,2-11,4.15,7.08,0.828,0.502,30.31,0.667,0.25,,12.38,10.85,14.08,,8.23,0.227,18.15,0.154,0.5636153846153845,16.795384615384616,9.804615384615385,0.24399386450720387,4
2015,2,106014,0.528544669610379,15,15,4,0,19,0.7894736842105263,0.5561822164763341,0.5292307642449805,0.6077672203520438,Tampa,Sunshine State,15-4,6.37,7.84,0.889,0.6,27.47,0.759,0.38,,18.89,9.11,8.26,4.26,12.53,0.311,13.68,0.789,0.5285333333333333,17.269999999999996,10.360666666666667,0.2132900581107542,15
2015,2,106037,0.4626376369612048,44,5,8,0,13,0.3846153846153846,0.4632659136529106,0.4814309995320613,0.4481445528633168,Tusculum,SAC,5-8,5.77,6.31,0.85,0.46,31.08,0.757,0.388,,15.69,11.08,10.69,,9.92,0.276,17.0,0.385,0.4633076923076923,16.36076923076923,11.146153846153847,0.23207604344444605,44
2015,2,106046,0.5040439092515427,25,3,10,0,13,0.2307692307692307,0.5041950495897863,0.490913642088336,0.4325182430092849,Walsh,ECAC-II,3-10,5.54,11.08,0.798,0.423,26.62,0.653,0.207,,13.23,10.69,11.15,,7.69,0.277,16.38,0.231,0.5041666666666668,16.172727272727272,10.211666666666668,0.2680223353047694,25
2015,2,106036,0.4596968339555525,47,8,6,0,14,0.5714285714285714,0.4588890380713688,0.4940318201222816,0.4958096169233976,Wheeling,ECAC-II,8-6,5.57,8.29,0.941,0.588,30.43,0.815,0.286,,18.29,10.64,8.93,3.79,12.71,0.332,15.43,0.571,0.45899999999999996,15.79846153846154,10.643571428571429,0.2837667553265735,47
2015,2,106027,0.4909328592300994,32,6,10,0,16,0.375,0.500221362583495,0.4849953662452072,0.4651095228530493,Wingate,SAC,6-10,6.5,4.88,0.842,0.559,37.5,0.685,0.317,,17.38,11.69,12.0,,10.88,0.313,16.25,0.375,0.4920666666666666,16.474666666666664,10.349999999999998,0.11203360606929015,32
2015,2,106049,0.32905653542986624,59,9,7,0,16,0.5625,0.3280143467643467,0.483163872846992,0.4254231415939214,Young Harris,,9-7,7.06,7.25,0.902,0.491,27.94,0.605,0.281,,17.94,10.56,10.38,,10.88,0.335,14.5,0.563,0.32808333333333334,14.121666666666664,12.6725,0.17846356226287638,59
2016,1,23983,0.42465677695923454,63,30,6,0,36,0.8333333333333334,0.4374318542081699,0.5032470073211731,0.5528610122677116,Air Force,SoCon,15-3,5.17,6.94,0.871,0.512,24.39,0.706,0.325,,15.22,9.44,7.72,2.33,10.06,0.308,14.11,0.833,0.4243125,14.582500000000001,10.26875,0.24290808929253466,63
2016,1,23984,0.46206839231268465,47,20,14,0,34,0.5882352941176471,0.4896056989915122,0.5056979290549976,0.5182861552889173,Army West Point,Patriot,10-7,6.29,8.24,0.892,0.613,33.59,0.686,0.414,,17.65,9.41,8.0,3.35,11.35,0.291,13.59,0.588,0.4614285714285714,14.655714285714286,10.259285714285713,0.24049137622961933,47
2016,1,23925,0.4805208851241903,43,12,18,0,30,0.4,0.5037820512820513,0.4885819281670128,0.4740365076827789,Bellarmine,SoCon,6-9,4.67,5.33,0.872,0.545,24.93,0.634,0.342,,13.27,9.13,9.13,-0.53,8.6,0.273,14.07,0.4,0.48042857142857137,14.075714285714284,9.959999999999999,0.23388663746283897,43
2016,1,23926,0.5368534379052887,15,8,20,0,28,0.2857142857142857,0.5367185403176115,0.4914679945425908,0.4626548402230249,Binghamton,America East,4-10,5.07,5.0,0.893,0.483,25.43,0.558,0.227,,14.5,9.57,12.07,-2.64,9.43,0.254,12.5,0.286,0.5366923076923077,16.413846153846155,9.834615384615386,0.18587480675708112,16
2016,1,23927,0.495748529574715,35,16,14,0,30,0.5333333333333333,0.4962670155781611,0.5080240478120099,0.5084728530754163,Boston U.,Patriot,8-7,5.53,8.8,0.802,0.621,32.33,0.692,0.391,,14.87,10.87,9.87,-0.53,9.33,0.281,18.07,0.533,0.49635714285714283,16.154285714285713,10.06642857142857,0.16908392132009356,35
2016,1,23928,0.5194278609136118,22,32,6,0,38,0.8421052631578947,0.5185825139772509,0.5382918115013273,0.604390525653431,Brown,Ivy League,16-3,10.58,8.63,0.876,0.668,39.79,0.64,0.443,,26.89,12.79,9.0,7.32,16.32,0.361,16.74,0.842,0.5197777777777778,16.420555555555556,10.161111111111111,0.20968827539828297,22
2016,1,23929,0.5153816409450079,25,20,10,0,30,0.6666666666666666,0.5211061149606041,0.4909824013432651,0.549965324482785,Bryant,NEC,10-5,5.87,7.6,0.873,0.55,31.2,0.63,0.372,,17.07,11.13,8.53,2.67,11.2,0.275,15.73,0.667,0.5164285714285715,16.291428571428572,10.15,0.2039270577877276,25
2016,1,23930,0.48838978651853954,41,20,10,0,30,0.6666666666666666,0.4932531901649549,0.5073612857602358,0.540133583189203,Bucknell,Patriot,10-5,5.93,5.73,0.771,0.57,30.07,0.761,0.462,,17.0,12.07,9.07,2.0,11.07,0.305,14.73,0.667,0.48884615384615393,15.25153846153846,9.804615384615385,0.17405430017176832,41
2016,1,23931,0.439010545283447,58,8,16,0,24,0.3333333333333333,0.4636081034978094,0.4685675129310266,0.4322792633149947,Canisius,MAAC,4-8,6.0,5.75,0.83,0.507,25.33,0.633,0.371,,15.17,10.0,10.92,-1.75,9.17,0.262,11.92,0.333,0.43763636363636355,14.623636363636365,10.360909090909091,0.179265305027986,58
2016,1,23932,0.4954670850461141,36,8,20,0,28,0.2857142857142857,0.4954297744738921,0.5128217222243548,0.4473488892216062,Colgate,Patriot,4-10,4.14,5.43,0.876,0.409,24.36,0.634,0.194,,11.79,9.93,10.57,-2.93,7.64,0.231,12.14,0.286,0.49549999999999994,15.27142857142857,10.009285714285713,0.1823993851806681,36
2016,1,23933,0.528544669610379,18,12,14,0,26,0.4615384615384615,0.5287549604083303,0.5217398521494112,0.5101970586261333,Cornell,Ivy League,6-7,5.31,6.77,0.839,0.633,31.92,0.722,0.364,,14.62,10.54,10.23,-0.92,9.31,0.251,15.77,0.462,0.5287692307692308,17.23076923076923,10.284615384615385,0.20997844352590608,18
2016,1,23934,0.5018850486912354,33,2,26,0,28,0.0714285714285714,0.5024441106246299,0.494624107795017,0.392735225118212,Dartmouth,Ivy League,1-13,3.57,7.14,0.749,0.389,28.14,0.52,0.277,,9.93,11.14,12.57,-6.21,6.36,0.207,17.5,0.071,0.5025384615384616,16.798461538461538,10.513846153846155,0.25582163719898987,33
2016,1,23935,0.49408698287455854,38,10,20,0,30,0.3333333333333333,0.4922525393423226,0.4996630356858593,0.4543753619259594,Delaware,CAA,5-10,4.13,7.53,0.844,0.491,26.53,0.592,0.22,,12.33,9.0,10.47,-2.27,8.2,0.256,14.27,0.333,0.49239999999999995,15.152666666666669,10.033333333333331,0.21743222698885584,39
2016,1,23936,0.49408698287455854,38,26,6,0,32,0.8125,0.5018366228070175,0.5356684466746302,0.5879604230721662,Denver,Big East,13-3,8.88,3.81,0.871,0.673,32.44,0.706,0.52,,22.44,9.69,9.13,4.44,13.56,0.377,12.5,0.813,0.4932142857142856,15.689285714285713,10.188571428571427,0.2614528579663559,38
2016,1,23937,0.5064227373065731,28,4,20,0,24,0.1666666666666666,0.5068376068376068,0.4751885976307443,0.4138826194931562,Detroit Mercy,MAAC,2-10,3.5,6.75,0.831,0.447,24.92,0.533,0.385,,9.58,11.83,9.83,-3.75,6.08,0.201,16.08,0.167,0.5069166666666667,14.307499999999997,9.493333333333334,0.2002042533403213,29
2016,1,23938,0.5393807189796257,14,12,18,0,30,0.4,0.5596016814283068,0.5145295575003305,0.508433230089236,Drexel,CAA,6-9,3.87,7.2,0.862,0.399,23.73,0.686,0.314,,12.8,11.67,9.47,-0.53,8.93,0.27,13.13,0.4,0.5395,16.093571428571426,9.833571428571428,0.21615330207979705,14
2016,1,23939,0.5724462288019275,5,22,16,0,38,0.5789473684210527,0.5989330887550702,0.5206369254867278,0.5743626178544803,Duke,ACC,11-8,8.11,6.26,0.839,0.597,34.95,0.623,0.429,,21.47,10.68,9.95,3.42,13.37,0.346,15.0,0.579,0.5728125,16.166249999999998,9.6425,0.19871940605725952,5
2016,1,23940,0.5646094496985398,9,18,16,0,34,0.5294117647058824,0.5844269628397918,0.497168499010181,0.5488585473489117,Fairfield,CAA,9-8,5.0,3.65,0.837,0.53,24.59,0.667,0.365,,14.0,12.0,9.35,-0.35,9.0,0.272,13.29,0.529,0.5650714285714286,15.842142857142859,9.3,0.21674160530315295,9
2016,1,23941,0.5073168293282724,27,4,22,0,26,0.1538461538461538,0.5075816390087644,0.4825132461915494,0.412880669513808,Furman,SoCon,2-11,4.92,6.15,0.877,0.451,23.23,0.625,0.394,,12.92,9.54,11.31,-3.31,8.0,0.277,13.15,0.154,0.5076923076923077,14.977692307692307,10.007692307692308,0.20638775478560686,27
2016,1,23942,0.5897404455906057,3,4,24,0,28,0.1428571428571428,0.5905902273189978,0.5221773540816329,0.4615537378941928,Georgetown,Big East,2-12,3.86,5.0,0.857,0.377,23.43,0.571,0.295,,11.0,12.0,11.07,-3.93,7.14,0.221,12.86,0.143,0.5907142857142856,16.484285714285715,9.602142857142857,0.17915293888240874,3
2016,1,23943,0.4456211152470233,53,22,14,0,36,0.6111111111111112,0.4866400179981495,0.4983014698562868,0.5206731542409243,Hartford,America East,11-7,7.22,4.94,0.843,0.692,32.44,0.518,0.396,,18.06,10.56,10.17,0.67,10.83,0.307,15.89,0.611,0.4460714285714285,15.724285714285712,10.540000000000001,0.2181583514938876,53
2016,1,23944,0.5272554767244328,19,16,16,0,32,0.5,0.5649764435126277,0.5299910895640481,0.5399859941473258,Harvard,Ivy League,8-8,7.31,7.25,0.865,0.383,29.06,0.683,0.351,,18.75,12.25,10.75,0.69,11.44,0.328,12.81,0.5,0.5275714285714285,17.470714285714287,10.207142857142857,0.20950612479479114,19
2016,1,23992,0.4805208851241903,43,18,12,0,30,0.6,0.4932118758434548,0.5001863232463822,0.521652518733323,High Point,SoCon,9-6,6.4,8.0,0.85,0.534,29.47,0.673,0.359,,17.2,11.93,10.8,0.0,10.8,0.307,15.27,0.6,0.4795,14.913571428571428,10.079285714285716,0.2131561299007976,44
2016,1,23945,0.4437253700491716,55,20,14,0,34,0.5882352941176471,0.4749893598782689,0.4925321860093981,0.5076865499708958,Hobart,NEC,10-7,4.18,6.12,0.906,0.551,26.0,0.776,0.295,,13.41,10.88,10.12,-0.88,9.24,0.257,13.18,0.588,0.44399999999999995,15.359999999999998,10.315333333333333,0.21312406402531522,55
2016,1,23946,0.42897433564254933,62,18,12,0,30,0.6,0.4352797245753902,0.5277920800037857,0.4995878822886415,Hofstra,CAA,9-6,4.93,4.8,0.84,0.541,29.93,0.673,0.377,,14.93,11.13,8.53,1.47,10.0,0.278,10.93,0.6,0.42864285714285716,14.947142857142856,10.457142857142856,0.21925966573998096,62
2016,1,23947,0.5219127667482446,20,8,22,0,30,0.2666666666666666,0.5314051405537473,0.4911438352759448,0.4551551957625265,Holy Cross,Patriot,4-11,4.13,8.8,0.858,0.366,25.67,0.522,0.288,,13.07,9.53,11.53,-2.6,8.93,0.25,12.33,0.267,0.5217857142857143,16.735714285714288,9.902142857142858,0.18643810867777794,20
2016,1,23948,0.4330344735988592,60,6,20,0,26,0.2307692307692307,0.433514817870468,0.482983665949929,0.3951956331150239,Jacksonville,SoCon,3-10,4.77,3.85,0.814,0.543,27.77,0.633,0.255,,13.0,13.77,11.38,-3.15,8.23,0.27,16.85,0.231,0.4335833333333334,14.801666666666664,10.437499999999998,0.21902909180187813,60
2016,1,23949,0.6018076164641893,2,16,14,0,30,0.5333333333333333,0.6076535260977985,0.5340198419773005,0.5706650568765578,Johns Hopkins,Big Ten,8-7,7.27,4.8,0.843,0.531,29.07,0.667,0.481,,19.6,10.27,11.6,0.73,12.33,0.313,12.67,0.533,0.6021428571428571,17.695,9.720714285714283,0.2005901497164437,2
2016,1,23950,0.436561771544163,59,6,22,0,28,0.2142857142857142,0.4369005935707616,0.490742215051887,0.3947072791197811,Lafayette,Patriot,3-11,4.71,7.64,0.746,0.49,28.36,0.7,0.375,,12.43,9.79,11.5,-3.79,7.71,0.254,17.0,0.214,0.43699999999999994,14.588571428571427,10.200000000000001,0.20509022404785657,59
2016,1,23951,0.4596968339555525,48,12,18,0,30,0.4,0.4669352711844972,0.5066364145619557,0.4601267392327375,Lehigh,Patriot,6-9,6.07,9.67,0.863,0.329,27.8,0.672,0.465,,16.33,10.33,10.87,-0.6,10.27,0.319,11.53,0.4,0.45842857142857135,15.381428571428572,10.17785714285714,0.223231370774717,49
2016,1,23953,0.4909328592300994,40,28,8,0,36,0.7777777777777778,0.5304962774583518,0.5226718937490529,0.5903605566108836,Loyola Maryland,Patriot,14-4,6.17,7.33,0.898,0.511,29.83,0.644,0.432,,17.11,9.83,8.61,2.33,10.94,0.272,11.44,0.778,0.49100000000000005,15.87142857142857,9.964285714285714,0.19703770487614075,40
2016,1,23954,0.46514023595275833,46,6,24,0,30,0.2,0.4645985958485958,0.4673478516575873,0.3991362608386947,Manhattan,MAAC,3-12,3.67,4.47,0.791,0.368,23.4,0.614,0.25,,10.53,13.53,12.27,-5.4,6.87,0.261,18.53,0.2,0.46471428571428575,15.08642857142857,10.11357142857143,0.20997327332354487,46
2016,1,23955,0.41571828213875284,64,18,14,0,32,0.5625,0.443379884004884,0.4719686062074087,0.4803070935542942,Marist,MAAC,9-7,5.75,6.56,0.861,0.308,21.06,0.691,0.607,,15.38,11.88,8.56,1.06,9.63,0.298,12.06,0.563,0.4175,14.658571428571431,10.742142857142857,0.24135088564163173,64
2016,1,23956,0.5064227373065731,28,22,10,0,32,0.6875,0.5343984962406014,0.5297791587664736,0.5715190378119192,Marquette,Big East,11-5,4.31,6.44,0.869,0.556,26.25,0.632,0.371,,13.63,8.38,8.13,1.19,9.31,0.297,12.0,0.688,0.5069999999999999,16.169285714285714,9.935,0.22132781117609235,28
2016,1,23958,0.6055073235244592,1,34,6,0,40,0.85,0.6102519449075177,0.5341912482767877,0.6511737845229557,Maryland,Big Ten,17-3,6.55,6.35,0.91,0.524,27.8,0.731,0.476,,18.15,9.7,8.35,3.25,11.6,0.305,10.65,0.85,0.6070000000000001,17.843529411764703,9.802941176470588,0.16279615546840814,1
2016,1,23959,0.5895350278460437,4,8,18,0,26,0.3076923076923077,0.5894591304808023,0.5213889267884843,0.5019998738605992,Massachusetts,CAA,4-9,4.77,7.23,0.87,0.491,27.31,0.724,0.295,,13.38,10.69,9.85,-1.23,8.62,0.262,13.08,0.308,0.5893846153846154,17.35846153846154,9.504615384615384,0.1497241250081878,4
2016,1,23960,0.44006072106561706,56,10,16,0,26,0.3846153846153846,0.4396618395100176,0.4946212459164633,0.4396400773879708,Mercer,SoCon,5-8,3.69,5.62,0.872,0.487,22.15,0.659,0.255,,12.92,11.62,10.92,-1.69,9.23,0.271,13.85,0.385,0.43976923076923075,14.341538461538459,10.131538461538462,0.243265968357571,56
2016,1,23961,0.5311345476985015,17,6,20,0,26,0.2307692307692307,0.5304097347441,0.5173356830365358,0.4522310958234916,Michigan,Big Ten,3-10,4.77,7.31,0.849,0.533,28.31,0.614,0.333,,14.15,12.54,12.77,-3.38,9.38,0.277,14.23,0.231,0.5303846153846153,17.182307692307692,10.170769230769231,0.20710218156617147,17
2016,1,23962,0.36059723243991854,67,14,14,0,28,0.5,0.3771422030350601,0.4484321907724114,0.4256791492106329,Monmouth,MAAC,7-7,5.0,7.57,0.892,0.436,24.86,0.711,0.27,,14.64,9.36,8.43,1.21,9.64,0.274,10.57,0.5,0.36299999999999993,13.595384615384615,10.850769230769231,0.23431175813432836,67
2016,1,23963,0.4456211152470233,53,12,16,0,28,0.4285714285714285,0.445256533787604,0.4922942539574844,0.4528446875260302,Mount St. Mary's,NEC,6-8,5.07,8.0,0.867,0.511,28.43,0.655,0.262,,14.64,8.29,10.14,-0.57,9.57,0.274,12.29,0.429,0.4453571428571429,14.382142857142858,10.220714285714289,0.24636169900107013,54
2016,1,23965,0.43049682575160225,61,2,28,0,30,0.0666666666666666,0.4294983377966571,0.4530877682238399,0.3446877776209552,NJIT,Independent,1-14,3.07,6.53,0.786,0.387,25.13,0.662,0.192,,8.93,12.53,13.8,-7.93,5.87,0.222,16.93,0.067,0.42950000000000005,14.790000000000001,10.411428571428571,0.20362807482550843,61
2016,1,23985,0.5368534379052887,15,22,10,0,32,0.6875,0.5406575184898521,0.5104680589816667,0.5698207739903427,Navy,Patriot,11-5,5.31,7.81,0.869,0.566,29.63,0.59,0.364,,15.19,9.75,7.38,2.5,9.88,0.279,13.38,0.688,0.5374666666666666,16.212666666666667,9.856666666666666,0.245323695462863,15
2016,1,23964,0.5562628414099327,11,24,12,0,36,0.6666666666666666,0.5897202339475301,0.5446508365078393,0.5976894927673916,North Carolina,ACC,12-6,6.56,6.56,0.829,0.56,30.17,0.691,0.5,,19.61,9.67,10.5,2.56,13.06,0.326,12.44,0.667,0.5551999999999999,16.326000000000004,9.668666666666665,0.22462122191220785,11
2016,1,23966,0.5652411997844625,7,22,8,0,30,0.7333333333333333,0.5741024128949825,0.5454375282915656,0.6067439218537161,Notre Dame,ACC,11-4,5.8,8.47,0.891,0.493,29.67,0.556,0.447,,16.8,10.13,8.0,3.0,11.0,0.293,13.2,0.733,0.5667692307692307,16.263076923076923,9.228461538461538,0.22249845421974845,7
2016,1,23967,0.5219127667482446,20,14,16,0,30,0.4666666666666667,0.5216195938564359,0.528977691257882,0.5097208864093551,Ohio St.,Big Ten,7-8,4.6,5.13,0.917,0.599,26.07,0.647,0.342,,14.0,9.4,9.07,0.33,9.4,0.277,10.93,0.467,0.5217333333333333,15.969333333333335,9.760666666666667,0.2398789880103901,21
2016,1,23969,0.5039431521836563,31,16,14,0,30,0.5333333333333333,0.5238876036244456,0.5220575354451156,0.5257915190068351,Penn,Ivy League,8-7,6.13,5.33,0.858,0.46,25.8,0.68,0.417,,16.33,11.47,10.07,0.13,10.2,0.281,13.73,0.533,0.5033571428571427,17.226428571428574,10.452142857142857,0.24217249081207068,32
2016,1,23968,0.5183941918695314,23,16,14,0,30,0.5333333333333333,0.5389959060547296,0.5388183267150191,0.5375358680394529,Penn St.,Big Ten,8-7,7.2,5.27,0.9,0.47,27.07,0.452,0.516,,19.07,9.47,10.93,0.93,11.87,0.343,10.47,0.533,0.5169285714285714,16.93357142857143,10.369285714285713,0.19174665736915703,24
2016,1,23970,0.5462046138910223,13,10,16,0,26,0.3846153846153846,0.5468004330352508,0.5121993846438989,0.4976039088324463,Princeton,Ivy League,5-8,6.54,6.92,0.863,0.469,29.85,0.563,0.444,,16.54,9.92,11.54,-1.54,10.0,0.327,12.15,0.385,0.5468461538461539,17.266153846153845,10.223846153846154,0.24836382932298398,13
2016,1,23971,0.4983625824671155,34,14,18,0,32,0.4375,0.5202836748734581,0.5117523377490898,0.4974549218740015,Providence,Big East,7-9,5.19,7.19,0.84,0.401,26.13,0.627,0.269,,14.94,11.75,10.81,-1.06,9.75,0.297,14.63,0.438,0.4994999999999999,16.598571428571425,10.214285714285714,0.23609221866526164,34
2016,1,23972,0.4596968339555525,48,24,8,0,32,0.75,0.4679380300534518,0.4869609269314807,0.5432092467595961,Quinnipiac,MAAC,12-4,5.81,6.88,0.881,0.515,27.63,0.679,0.276,,16.13,12.0,8.69,1.63,10.31,0.285,13.63,0.75,0.46007692307692305,14.786923076923078,10.001538461538463,0.24334953068136422,48
2016,1,23973,0.45505569069669444,50,22,10,0,32,0.6875,0.4877734760402136,0.5047568478827368,0.5419509499907911,Richmond,SoCon,11-5,5.75,10.25,0.917,0.523,27.81,0.559,0.323,,14.38,9.56,7.44,1.19,8.63,0.254,14.31,0.688,0.4552142857142857,14.855714285714285,10.379285714285714,0.2019505521413697,50
2016,1,23974,0.4954670850461141,36,14,16,0,30,0.4666666666666667,0.5120392515980752,0.4708888109567913,0.4904084952049021,Robert Morris,NEC,7-8,6.2,6.6,0.86,0.442,27.07,0.658,0.436,,17.53,10.93,11.4,-0.07,11.33,0.3,14.27,0.467,0.49507142857142855,14.815,10.02714285714286,0.19854739063138202,37
2016,1,23975,0.45023466226437636,52,22,10,0,32,0.6875,0.4807847177332471,0.5231682161196798,0.5430594128965436,Rutgers,Big Ten,11-5,7.56,7.63,0.911,0.482,31.75,0.581,0.298,,20.0,10.38,9.88,2.56,12.44,0.312,11.06,0.688,0.4506428571428572,15.550714285714287,10.514285714285714,0.2072195547663179,52
2016,1,23976,0.5652411997844625,7,4,28,0,32,0.125,0.5662319094304389,0.4717248451595228,0.4322971660051001,Sacred Heart,NEC,2-14,4.69,7.5,0.876,0.41,24.56,0.558,0.267,,12.5,11.31,12.56,-4.75,7.81,0.219,15.06,0.125,0.5663125,16.495624999999997,9.724375,0.21380765852454867,8
2016,1,23978,0.3857129558059131,65,24,8,0,32,0.75,0.4019520308123249,0.4930017184052876,0.5117264450074844,Saint Joseph's,NEC,12-4,7.0,6.06,0.894,0.608,28.56,0.694,0.295,,19.31,10.31,7.88,4.44,12.31,0.361,12.44,0.75,0.3840714285714286,13.815714285714282,10.820714285714287,0.16953232489314085,65
2016,1,23979,0.47444013523176204,45,6,20,0,26,0.2307692307692307,0.4746001071368719,0.4802987303982056,0.415067043860295,Siena,MAAC,3-10,5.23,5.85,0.913,0.45,26.62,0.623,0.342,,14.0,9.15,12.08,-3.31,8.77,0.233,13.0,0.231,0.4746666666666666,15.002499999999998,10.18,0.21471311609266494,45
2016,1,23977,0.5646094496985398,9,4,24,0,28,0.1428571428571428,0.5636167928709945,0.4984890872033103,0.4421449539506105,St. John's (NY),Big East,2-12,5.29,4.43,0.875,0.432,26.43,0.632,0.368,,13.43,11.71,13.43,-5.29,8.14,0.243,12.71,0.143,0.5638571428571427,16.950714285714284,9.644285714285715,0.2225562070716574,10
2016,1,23980,0.4812349406027838,42,24,8,0,32,0.75,0.4843568511525167,0.5013355947780429,0.5550123242707691,Stony Brook,America East,12-4,8.44,5.88,0.881,0.517,31.69,0.727,0.542,,21.75,10.31,9.13,4.19,13.31,0.359,11.94,0.75,0.48121428571428565,17.108571428571427,10.598571428571429,0.21056562552577573,42
2016,1,23981,0.5108853978782903,26,24,10,0,34,0.7058823529411765,0.5386838469610278,0.5514838275003253,0.5836834685908894,Syracuse,ACC,12-5,7.0,7.41,0.902,0.626,30.59,0.535,0.469,,19.47,8.35,8.76,3.71,12.47,0.306,11.82,0.706,0.5116428571428571,16.590714285714284,10.377857142857142,0.2038965448957097,26
2016,1,23982,0.43988802430153345,57,32,6,0,38,0.8421052631578947,0.4598662474436468,0.528703933062837,0.5726354227770063,Towson,CAA,16-3,5.37,6.63,0.892,0.481,25.89,0.643,0.426,,16.26,8.47,7.26,3.63,10.89,0.292,10.32,0.842,0.4395,14.70875,10.21375,0.18861800020146538,57
2016,1,23924,0.5183941918695314,23,24,8,0,32,0.75,0.536488484282602,0.5238893681752648,0.5867165841851172,UAlbany,America East,12-4,8.38,8.25,0.907,0.495,28.44,0.644,0.5,,21.31,12.69,10.06,2.88,12.94,0.342,13.38,0.75,0.5178461538461537,16.875384615384615,10.103846153846153,0.205068036047269,23
2016,1,23957,0.5522102123590636,12,8,20,0,28,0.2857142857142857,0.5534256077599731,0.4900694525389962,0.4706587384433069,UMBC,America East,4-10,6.36,7.36,0.838,0.312,23.86,0.595,0.395,,15.36,11.43,11.71,-2.71,9.0,0.324,13.71,0.286,0.5534615384615384,16.840769230769233,9.824615384615385,0.1739105054484215,12
2016,1,23988,0.45505569069669444,50,4,28,0,32,0.125,0.454902499461323,0.458935913018056,0.3734352279851755,VMI,SoCon,2-14,2.81,7.31,0.766,0.405,26.38,0.533,0.214,,8.81,11.0,13.94,-7.94,6.0,0.208,16.94,0.125,0.455,14.387333333333332,9.872000000000002,0.20702850045343998,51
2016,1,23986,0.36059723243991854,67,18,16,0,34,0.5294117647058824,0.4003615308302808,0.4988313702892636,0.4572415491639269,Vermont,America East,9-8,7.94,6.94,0.875,0.512,29.29,0.694,0.453,,20.29,11.71,10.65,1.71,12.35,0.309,15.06,0.529,0.3604285714285714,14.828571428571431,11.286428571428571,0.22505387110191905,68
2016,1,23987,0.5042812408410572,30,18,10,0,28,0.6428571428571429,0.5177784271603378,0.5372215108068643,0.5539088769961706,Villanova,Big East,9-5,8.21,6.43,0.877,0.552,30.57,0.647,0.297,,21.79,9.64,10.64,2.93,13.57,0.292,11.29,0.643,0.5047692307692306,16.354615384615386,10.12923076923077,0.2107715328341435,30
2016,1,23989,0.5689030920097518,6,14,16,0,30,0.4666666666666667,0.5692183355573448,0.5332564170019606,0.5345899386958293,Virginia,ACC,7-8,5.33,7.6,0.859,0.552,35.2,0.513,0.45,,15.93,9.73,10.33,0.27,10.6,0.265,11.8,0.467,0.5692666666666667,17.026666666666664,9.821333333333333,0.20699032720288055,6
2016,1,23990,0.37672084140024403,66,12,18,0,30,0.4,0.3761554621848739,0.4667574045028916,0.4047670822181599,Wagner,NEC,6-9,4.67,7.47,0.77,0.451,28.53,0.667,0.311,,13.47,10.53,10.33,-1.53,8.8,0.259,16.67,0.4,0.37623076923076926,13.825384615384614,11.001538461538463,0.24258833564645266,66
2016,1,23991,0.5039431521836563,31,26,6,0,32,0.8125,0.5051859947757781,0.5464726560067606,0.5923361613895792,Yale,Ivy League,13-3,5.88,8.5,0.853,0.492,30.69,0.673,0.386,,18.25,8.0,8.13,4.25,12.38,0.302,12.81,0.813,0.5034615384615384,16.516153846153845,10.293846153846154,0.25324892448237424,31
2016,2,24019,0.4983625824671155,31,4,10,0,14,0.2857142857142857,0.5234275528393175,0.4943062647419565,0.4567189140337193,Adams St.,RMAC,4-10,4.36,6.0,0.842,,,0.689,0.261,,11.14,14.79,10.86,,,,18.79,0.286,0.4977142857142857,17.225714285714286,10.143333333333333,0.2762409477693157,33
2016,2,23993,0.543626057938671,13,12,5,0,17,0.7058823529411765,0.5622874866386978,0.5302134485824734,0.5901676937002613,Adelphi,NE10,12-5,8.12,8.35,0.88,0.69,38.82,0.656,0.388,,22.82,10.59,10.65,4.06,14.71,0.326,16.47,0.706,0.5435777777777777,18.296428571428574,9.959999999999999,0.2581197960943764,13
2016,2,23994,0.3200215086865707,62,3,9,0,12,0.25,0.321103896103896,0.4541338764761207,0.3365854171709782,Alabama Huntsville,,3-9,,,0.752,,,0.702,,,,13.92,15.0,,7.0,0.27,,0.25,0.32099999999999995,15.615,11.791111111111112,0.19798163367526614,62
2016,2,24020,0.4349258478078456,53,5,10,0,15,0.3333333333333333,0.4344067969067968,0.5084679051960507,0.4276537080857444,Alderson Broaddus,ECAC-II,5-10,7.6,12.13,0.818,0.474,32.93,0.667,0.354,,19.8,11.53,11.67,,12.2,0.297,19.13,0.333,0.4343333333333333,16.012307692307694,10.966153846153846,0.23200392716982662,53
2016,2,23995,0.49014544276585775,39,1,14,0,15,0.0666666666666666,0.4899793507146449,0.4980352933777002,0.3861651653684141,American Int'l,NE10,1-14,,6.47,,0.464,27.8,,,,,13.2,,,,0.258,,0.0666666666666666,0.48999999999999994,17.557857142857145,10.575000000000001,0.24468864569761573,39
2016,2,23996,0.5646094496985398,9,3,11,0,14,0.2142857142857142,0.5639801433393871,0.5115942300230694,0.4634600577468894,Assumption,NE10,3-11,5.29,7.21,0.755,0.605,31.93,0.78,0.345,,14.14,12.93,12.14,,8.86,0.29,20.14,0.214,0.564047619047619,18.954615384615384,9.823846153846155,0.24105014485704193,9
2016,2,24033,0.48838978651853954,40,12,4,0,16,0.75,0.5043638768638768,0.5236574905646452,0.5705963110730997,Belmont Abbey,Conference Carolinas,12-4,8.44,10.44,0.887,0.469,29.19,0.659,0.439,,22.94,,8.63,5.88,14.5,0.333,14.75,0.75,0.4887857142857143,16.23,10.467692307692309,0.23435052457237412,40
2016,2,23997,0.5108853978782903,23,6,7,0,13,0.4615384615384615,0.5114207122691286,0.5182392101430465,0.5006547740549413,Bentley,NE10,6-7,4.85,7.23,0.814,0.71,31.46,0.636,0.26,,13.38,9.38,10.23,,8.54,0.239,17.69,0.462,0.5113589743589743,18.4975,10.13,0.26626872428163995,23
2016,2,24050,0.4535502512738834,49,2,13,0,15,0.1333333333333333,0.4531349206349206,0.465035937019981,0.3761597779057889,Brevard,SAC,2-13,3.93,7.47,0.781,0.419,29.53,0.667,,,13.2,13.33,13.6,,9.27,0.298,17.8,0.133,0.45313333333333333,16.35923076923077,10.585384615384616,0.22850904188285903,49
2016,2,24035,0.45256899040886633,50,3,11,0,14,0.2142857142857142,0.4728482302011713,0.449004849243627,0.402246755982921,CSU Pueblo,RMAC,3-11,5.29,9.79,0.805,0.429,28.21,,0.245,,15.21,11.43,14.5,,9.93,0.28,19.29,0.214,0.45275,16.06714285714286,10.187142857142858,0.2384888624233845,50
2016,2,24021,0.4812349406027838,41,5,10,0,15,0.3333333333333333,0.4906766381766382,0.4831504371386916,0.4494592617063254,Catawba,SAC,5-10,4.73,6.0,0.859,0.723,32.13,0.733,0.246,,13.8,12.13,10.0,,9.07,,19.2,0.333,0.4820714285714286,16.1,10.974285714285713,0.19172132465255556,41
2016,2,24047,0.5194278609136118,19,6,7,0,13,0.4615384615384615,0.5196123321123322,0.499593689747381,0.5000892038776267,Chestnut Hill,ECC,6-7,5.92,6.92,0.908,0.391,26.0,0.707,0.226,,16.62,12.38,10.62,,10.69,0.298,13.38,0.462,0.5196153846153846,17.607499999999998,10.335,0.23083478556069506,19
2016,2,24022,0.495748529574715,34,5,11,0,16,0.3125,0.4854786706349206,0.5034933252166477,0.4467376666216222,Coker,SAC,5-11,5.0,8.19,0.882,0.392,25.88,0.629,0.265,,14.38,9.56,13.25,,9.38,0.295,13.69,0.313,0.4956,16.540000000000003,10.378000000000002,0.19189712521730667,35
2016,2,24040,0.47277059904905977,45,13,4,0,17,0.7647058823529411,0.428517560870502,0.5278032268469456,0.5373860577352227,Colorado Mesa,RMAC,13-4,5.29,7.06,0.881,0.503,24.59,0.658,0.426,,16.71,11.88,7.41,4.0,11.41,0.262,13.24,0.765,0.47277777777777774,16.188888888888886,10.1875,0.2436645133410452,45
2016,2,23998,0.3738853110854813,60,0,9,0,9,0.0,0.3729166666666667,0.4245811784814188,0.292603627953688,Davis & Elkins,Independent,0-9,,6.11,,,,0.706,,,,17.0,,,,0.235,,0.0,0.37287499999999996,16.807142857142857,12.2375,0.17584043725775933,60
2016,2,23999,0.42897433564254933,55,4,8,0,12,0.3333333333333333,0.429152676027676,0.4738777594006716,0.4163791111973392,Dist. Columbia,ECC,4-8,3.58,7.75,0.815,0.546,35.25,0.649,0.383,,13.83,12.67,13.25,,10.25,0.239,20.0,0.333,0.42924999999999996,17.644,10.659090909090908,0.24561186351640263,55
2016,2,24037,0.4909328592300994,37,3,12,0,15,0.2,0.4912745226295646,0.4816438187843532,0.4160482160108706,Dominican (NY),ECC,3-12,3.73,6.8,,0.446,30.8,0.702,0.257,,,15.0,,,,,20.87,0.2,0.4913333333333333,17.701538461538462,10.325384615384618,0.22003152732250217,37
2016,2,24034,0.4909328592300994,37,10,5,0,15,0.6666666666666666,0.5066710359357418,0.4975259634170028,0.5443836754887883,Dowling,ECC,10-5,7.4,8.53,0.822,0.429,27.2,0.646,0.385,,19.8,10.6,8.73,3.67,12.4,0.344,11.4,0.667,0.49128571428571427,17.874166666666667,10.23,0.25987783629220546,38
2016,2,24001,0.5993369812624321,4,9,9,0,18,0.5,0.6130840111232269,0.5360737380407217,0.5655604400717938,Fla. Southern,Sunshine State,9-9,6.56,8.72,0.849,0.48,31.78,0.643,0.325,,17.17,13.11,11.06,,10.61,0.242,17.11,0.5,0.6002352941176471,17.741176470588236,9.537058823529412,0.1831963040379057,4
2016,2,24000,0.6048389686851262,3,6,7,0,13,0.4615384615384615,0.60501998001998,0.5268428605352324,0.5496053205284135,Florida Tech,Sunshine State,6-7,4.46,10.15,0.794,0.55,27.69,0.632,0.263,,13.85,,11.31,,9.38,0.267,16.46,0.462,0.605,19.149230769230773,9.782307692307691,0.1946883110552312,3
2016,2,24002,0.4805208851241903,42,5,8,0,13,0.3846153846153846,0.4793647340593042,0.5045604191620949,0.461976317974022,Franklin Pierce,NE10,5-8,5.15,7.08,0.862,0.392,29.46,0.75,0.295,,15.77,10.92,11.85,,10.62,0.27,15.15,0.385,0.47935897435897434,17.725833333333334,10.705833333333333,0.27296126839424034,42
2016,2,24038,0.43049682575160225,54,2,13,0,15,0.1333333333333333,0.401372908137614,0.4634571447321464,0.349884073585177,Georgian Court,Independent,2-13,4.13,8.4,0.782,0.466,28.47,0.661,0.373,,11.8,12.47,14.8,,7.67,0.245,21.2,0.133,0.4301190476190476,17.60090909090909,10.998333333333335,0.21795836966501075,54
2016,2,24005,0.4560060709633308,48,12,4,0,16,0.75,0.5059127096351361,0.4939515613430629,0.5639442451533339,LIU Post,ECC,12-4,6.81,7.0,0.831,0.622,30.19,0.727,0.48,,20.25,9.25,8.13,5.31,13.44,0.343,13.63,0.75,0.4569230769230769,17.740909090909092,10.862500000000002,0.2558050524365596,48
2016,2,24036,0.6363717923822236,1,9,6,0,15,0.6,0.6372871572871575,0.529691966753679,0.6010665703319985,Lake Erie,ECAC-II,9-6,6.07,9.4,0.849,0.593,28.87,0.711,0.343,,17.13,,9.93,,11.07,0.319,14.73,0.6,0.6379999999999999,18.77,9.560714285714285,0.22134297884892187,1
2016,2,24004,0.5228492886271014,16,20,0,0,20,1.0,0.5603926914588679,0.5416217564457227,0.6656017848408646,Le Moyne,NE10,20-0,8.9,7.0,0.856,0.525,30.05,0.854,0.406,,22.95,10.55,4.9,9.15,14.05,0.347,13.9,1.0,0.5244509803921568,18.449375000000003,10.280625,0.23411853712840297,16
2016,2,24044,0.4954670850461141,36,2,12,0,14,0.1428571428571428,0.4953854016354017,0.4903599857840676,0.4059969829780035,Lees-McRae,Conference Carolinas,2-12,4.86,6.79,,,25.93,0.581,0.21,,12.43,17.57,,,7.57,,19.5,0.143,0.49533333333333335,18.14,10.43909090909091,0.2718097782559626,36
2016,2,24023,0.5018850486912354,27,12,4,0,16,0.75,0.498041455072705,0.5249158691841311,0.5677496948323852,Lenoir-Rhyne,SAC,12-4,6.13,7.44,0.855,0.5,34.19,0.823,0.344,,18.94,13.56,10.06,,12.81,0.292,14.44,0.75,0.5017857142857143,17.114285714285717,10.35357142857143,0.20857413158718155,29
2016,2,24024,0.6055073235244592,2,21,1,0,22,0.9545454545454546,0.6249258677830105,0.5634510610477487,0.6919620627898061,Limestone,Conference Carolinas,21-1,10.91,7.09,0.921,0.709,38.86,0.786,0.373,,30.18,9.09,7.36,11.91,19.27,0.414,14.41,0.955,0.6065294117647059,18.065882352941173,9.49125,0.2021647894073658,2
2016,2,24025,0.3492767598623112,61,6,6,0,12,0.5,0.3483585858585858,0.4782079173688146,0.4187312722714965,Lincoln Memorial,SAC,6-6,5.0,7.92,0.834,0.525,33.17,0.68,0.213,,15.83,11.75,10.83,,10.83,0.264,14.75,0.5,0.3482727272727273,14.391818181818183,11.325,0.21940336075535352,61
2016,2,24051,0.5040439092515427,26,10,6,0,16,0.625,0.5307707457983193,0.5259371368648713,0.5531196571153775,Lindenwood,ECAC-II,10-6,4.69,8.19,0.859,0.552,30.69,0.843,0.321,,15.63,9.31,7.75,3.19,10.94,0.273,15.88,0.625,0.5040714285714285,16.888571428571428,10.723571428571429,0.2019520679644109,26
2016,2,24046,0.5967531025170719,5,9,5,0,14,0.6428571428571429,0.5973886067636068,0.5383145947541558,0.5939872377846281,Lynn,Sunshine State,9-5,7.71,10.43,0.899,0.614,34.36,0.765,0.34,,19.71,12.14,8.64,3.36,12.0,0.284,16.07,0.643,0.5975,18.603636363636365,9.865454545454547,0.20534503483973826,5
2016,2,24026,0.45023466226437636,51,4,11,0,15,0.2666666666666666,0.4498829873829874,0.4999016821990387,0.41658358090792,Mars Hill,SAC,4-11,,6.8,0.809,0.43,27.2,0.719,0.3,,10.67,12.53,10.53,,7.33,0.296,17.0,0.267,0.4498,16.060000000000002,10.737142857142855,0.20429462384833658,51
2016,2,24006,0.40759745907041905,59,9,6,0,15,0.6,0.4305840455840455,0.5027048112271326,0.4909682255988059,Mercy,ECC,9-6,6.13,8.6,0.819,0.464,28.73,0.701,0.328,,17.33,10.13,7.73,3.47,11.2,0.325,14.27,0.6,0.4078333333333333,16.94636363636364,10.695,0.2671827966494041,59
2016,2,24007,0.5228492886271014,16,15,3,0,18,0.8333333333333334,0.5496031746031746,0.540553289215122,0.6182732429387012,Mercyhurst,ECAC-II,15-3,6.5,8.28,0.886,0.427,25.61,0.797,0.384,,17.72,,6.67,4.56,11.22,0.328,14.11,0.833,0.5241333333333332,17.009999999999998,10.227333333333332,0.20200358632679988,17
2016,2,24008,0.5219127667482446,18,15,3,0,18,0.8333333333333334,0.5977963621345974,0.5157781582028445,0.6361760539513432,Merrimack,NE10,15-3,7.61,8.94,0.869,0.637,37.83,0.706,0.372,,22.11,9.94,9.0,5.5,14.5,0.305,16.44,0.833,0.5218333333333333,18.250000000000004,10.070769230769232,0.2461635715703158,18
2016,2,24009,0.46206839231268465,47,10,5,0,15,0.6666666666666666,0.4617745217745218,0.495216111344175,0.5213579553899713,Molloy,ECC,10-5,7.13,8.2,0.83,0.505,28.67,0.692,0.29,,19.2,10.4,9.33,,12.07,0.307,16.6,0.667,0.4618,17.37071428571429,10.791428571428572,0.2304682769204184,47
2016,2,24027,0.5488566642383986,10,13,5,0,18,0.7222222222222222,0.6096840251252017,0.5434927433349743,0.6212707539519,Mount Olive,Conference Carolinas,13-5,5.06,8.89,0.889,0.511,29.22,0.768,0.306,,16.28,9.67,8.56,,11.22,0.285,13.94,0.722,0.5503571428571429,17.620714285714286,9.53923076923077,0.2771385953280563,10
2016,2,24011,0.5183941918695314,20,13,5,0,18,0.7222222222222222,0.5393944427032662,0.5123233918400554,0.5783336248672025,New York Tech,ECC,13-5,8.11,7.5,0.885,0.441,27.17,0.812,0.357,,21.44,11.28,8.06,5.28,13.33,0.313,11.44,0.722,0.518375,18.564285714285713,10.024000000000001,0.27917196201445443,20
2016,2,24039,0.5006439737748386,30,5,10,0,15,0.3333333333333333,0.4998449962735677,0.4844616394409485,0.4543712413303543,North Greenville,Conference Carolinas,5-10,5.13,6.13,0.869,0.467,23.93,0.596,0.246,,13.4,10.0,11.2,,8.27,0.29,19.2,0.333,0.4998571428571429,17.426923076923075,10.602307692307692,0.21648749787157195,30
2016,2,24048,0.42897433564254933,55,0,8,0,8,0.0,0.4290382819794584,0.4300537235444852,0.3220325718758505,Notre Dame de Namur,Independent,0-8,3.63,7.75,0.744,0.465,25.63,,0.385,,11.38,12.0,,,7.75,,17.5,0.0,0.4291666666666667,15.375000000000002,10.494,0.23203837086903442,56
2016,2,24045,0.5018850486912354,27,3,9,0,12,0.25,0.5027056277056277,0.4810636031506429,0.4341187146404746,Ohio Valley,ECAC-II,3-9,4.92,,0.809,0.482,26.42,0.663,0.208,,13.67,14.33,15.83,,8.75,0.306,,0.25,0.5025454545454546,18.004444444444445,10.059000000000001,0.23332161324363324,28
2016,2,24012,0.4283620237737425,57,11,6,0,17,0.6470588235294118,0.4388802806190349,0.504528530959452,0.5073369789317335,Pace,NE10,11-6,8.06,11.35,0.85,0.514,32.29,0.677,0.282,,21.65,11.41,9.88,3.71,13.59,0.319,17.06,0.647,0.4272916666666666,17.43307692307692,10.928571428571427,0.27940357795668974,57
2016,2,24013,0.5018850486912354,27,8,7,0,15,0.5333333333333333,0.5350456091527519,0.5376145994411787,0.535259787770004,Pfeiffer,Conference Carolinas,8-7,5.33,11.13,0.81,0.446,30.13,0.622,0.298,,15.73,12.4,12.07,,10.4,0.313,20.0,0.533,0.5027692307692307,17.28923076923077,10.043333333333333,0.2516013800396767,27
2016,2,24028,0.42073141271095843,58,6,8,0,14,0.4285714285714285,0.4188179117800967,0.4777786662440792,0.4359964795939253,Post,Independent,6-8,5.36,6.71,0.841,0.39,29.14,0.683,0.258,,16.57,15.07,11.79,,11.21,0.299,16.71,0.429,0.4188333333333333,17.61545454545455,11.3225,0.23811677640676476,58
2016,2,24041,0.5262057227056925,15,11,7,0,18,0.6111111111111112,0.5327370931537598,0.5067813174049801,0.5458416537059028,Queens (NC),SAC,11-7,6.83,,0.875,0.652,32.56,0.702,0.333,,19.44,12.11,9.56,3.06,12.61,0.312,16.72,0.611,0.5253333333333333,17.196,10.302666666666665,0.23193380281642623,15
2016,2,24053,0.5153816409450079,21,3,13,0,16,0.1875,0.5165099715099715,0.5035834136296321,0.4310258391623938,Roberts Wesleyan,ECC,3-13,4.75,6.81,0.788,0.541,24.56,,0.244,,13.63,11.75,12.56,,8.88,0.281,18.75,0.188,0.5165333333333333,17.017857142857142,9.627142857142859,0.20923411661475178,21
2016,2,24029,0.5368534379052887,14,9,8,0,17,0.5294117647058824,0.4986383442265795,0.4989475966344839,0.5064090124483813,Rockhurst,RMAC,9-8,6.65,7.29,0.827,0.596,31.12,0.803,0.455,,19.47,10.35,10.35,,12.82,0.311,17.53,0.529,0.5371666666666667,15.861666666666665,9.47,0.2837377995419167,14
2016,2,24014,0.5895350278460437,6,10,6,0,16,0.625,0.6085723151440063,0.5357026821709578,0.5944618281147427,Rollins,Sunshine State,10-6,4.94,5.94,0.85,0.526,24.75,0.617,0.356,,15.06,,9.44,,10.13,0.289,12.44,0.625,0.5901428571428571,17.287857142857142,9.3,0.17890095310089366,6
2016,2,24016,0.5462046138910223,12,9,5,0,14,0.6428571428571429,0.5524142335793919,0.55268561055282,0.5750928051421866,Saint Leo,Sunshine State,9-5,8.29,8.29,0.895,0.614,31.29,0.689,0.521,,20.64,9.71,8.43,3.93,12.36,0.304,14.57,0.643,0.5465,16.964166666666667,10.143636363636363,0.22528001094933686,12
2016,2,24017,0.4983625824671155,31,5,9,0,14,0.3571428571428571,0.4986740208904074,0.5056693289270998,0.465040056962693,Saint Michael's,NE10,5-9,5.57,9.29,0.836,,30.57,0.719,0.262,,15.5,13.21,11.43,,9.93,0.267,17.93,0.357,0.4986904761904762,18.03230769230769,10.534615384615385,0.26941428133761236,32
2016,2,24030,0.5099073395758945,25,3,13,0,16,0.1875,0.5096532603425986,0.5079674831548072,0.4286935009600011,Saint Rose,NE10,3-13,4.44,7.38,0.788,0.531,30.0,0.731,0.246,,12.44,12.0,9.63,,8.0,0.255,21.5,0.188,0.5096666666666667,18.25357142857143,10.281333333333334,0.27893980832191495,25
2016,2,24049,0.5652411997844625,8,11,4,0,15,0.7333333333333333,0.5658626558626558,0.5329266114889363,0.5994963141368953,Seton Hill,ECAC-II,11-4,7.6,6.4,0.854,0.598,28.8,0.603,0.411,,20.27,11.0,9.47,3.2,12.67,0.303,16.47,0.733,0.5658,17.743999999999996,9.973999999999998,0.18031239558055903,8
2016,2,24054,0.4456211152470233,52,7,7,0,14,0.5,0.4451884920634921,0.4732779300556315,0.4659137285456539,Shorter,Independent,7-7,5.0,13.57,0.891,0.526,30.86,0.667,0.321,,17.21,12.64,11.07,,12.21,0.298,17.43,0.5,0.4451666666666667,17.150000000000002,10.433636363636365,0.22377735711093638,52
2016,2,24010,0.47604882346125055,44,10,6,0,16,0.625,0.5190676510989011,0.4987893766200039,0.5404811697044515,Southern N.H.,NE10,10-6,8.06,9.81,0.876,0.427,32.06,0.698,0.324,,21.06,11.88,13.31,,13.0,0.318,17.38,0.625,0.47561904761904766,17.432307692307692,10.487692307692306,0.26609715546229484,44
2016,2,24015,0.47008276292432105,46,8,6,0,14,0.5714285714285714,0.4869626696832579,0.5145626153295664,0.5149791315311634,St. Anselm,NE10,8-6,5.86,9.71,0.857,0.395,33.29,0.692,0.297,,18.29,11.79,10.71,,12.43,0.316,17.64,0.571,0.4702051282051282,18.035454545454545,10.43727272727273,0.26690465465134966,46
2016,2,24031,0.495748529574715,34,0,12,0,12,0.0,0.4602019140989729,0.4581812178902824,0.3446462615220571,St. Thomas Aquinas,Independent,0-12,,7.08,,0.384,,0.625,,,,14.17,13.83,,,0.249,,0.0,0.4965555555555556,17.234444444444446,10.222222222222221,0.22013587274484775,34
2016,2,24018,0.5820625692640237,7,15,3,0,18,0.8333333333333334,0.6143065540124364,0.5706446205860158,0.6581477654860555,Tampa,Sunshine State,15-3,6.72,7.22,0.883,0.584,30.61,,0.465,,20.0,11.11,9.11,4.17,13.28,0.367,14.39,0.833,0.5818571428571427,17.648571428571426,9.617857142857144,0.19044153851467577,7
2016,2,24043,0.4983625824671155,31,5,10,0,15,0.3333333333333333,0.5034992784992786,0.503376142888104,0.4609270083049985,Tusculum,SAC,5-10,4.93,7.47,0.81,0.391,24.13,0.719,0.3,,14.8,12.53,10.87,,9.87,0.316,13.4,0.333,0.4988333333333333,16.65583333333333,10.523333333333333,0.2442603915678694,31
2016,2,24003,0.5152471712178831,22,8,6,0,14,0.5714285714285714,0.5397435897435897,0.531937467715654,0.5457133046578512,UIndy,ECAC-II,8-6,5.0,6.64,0.851,0.507,,0.75,0.51,,14.86,9.43,8.5,,9.86,0.271,15.79,0.571,0.5151666666666667,16.66916666666667,10.512500000000001,0.1786812027668893,22
2016,2,24052,0.5488566642383986,10,5,10,0,15,0.3333333333333333,0.5497782446311857,0.5363398194801964,0.4923074105189753,Walsh,ECAC-II,5-10,4.4,7.87,0.785,0.451,25.4,0.71,0.313,,13.53,9.33,11.4,,9.13,0.306,17.4,0.333,0.5496,17.511333333333333,10.080000000000002,0.22672620786608091,11
2016,2,24042,0.478124070406951,43,7,5,0,12,0.5833333333333334,0.4784416971916971,0.5208095131061036,0.5152565602057078,Wheeling,ECAC-II,7-5,7.67,7.5,0.921,0.558,32.17,0.608,0.368,,22.17,10.58,11.33,3.17,14.5,0.382,13.0,0.583,0.4783333333333333,16.278181818181817,10.27818181818182,0.226515390696134,43
2016,2,24032,0.5100569682068193,24,10,6,0,16,0.625,0.5165798611111112,0.5041762923370996,0.5405840036398305,Wingate,SAC,10-6,6.25,,0.843,0.434,28.94,0.765,0.228,,16.5,13.06,9.38,,10.25,0.296,15.0,0.625,0.5102,16.464285714285715,10.502,0.21726671780709228,24
2016,2,24055,0.31329289530827126,63,10,5,0,15,0.6666666666666666,0.3117850098619329,0.493556263562694,0.4459482374883066,Young Harris,Independent,10-5,6.73,,0.862,0.617,31.73,0.697,0.295,,20.93,10.53,8.87,5.33,14.2,0.34,17.2,0.667,0.31176923076923074,14.753636363636366,12.165000000000001,0.21008062695661686,63
2017,1,110563,0.4626376369612048,53,12,6,0,18,0.6666666666666666,0.4815709118405197,0.4886295195499712,0.5296095024744193,Air Force,SoCon,12-6,5.89,6.44,0.879,0.544,26.56,0.622,0.38,,16.83,,8.17,2.78,10.94,0.288,12.17,0.667,0.4627333333333333,15.491333333333335,10.244,0.19847332874273618,53
2017,1,110564,0.44917503195337216,55,12,4,0,16,0.75,0.4757038151799181,0.5096437781616578,0.5527628521303736,Army West Point,Patriot,12-4,5.44,7.13,0.878,0.614,33.5,0.629,0.318,,16.06,8.81,8.19,2.44,10.63,0.272,12.19,0.75,0.44869047619047614,15.575000000000001,10.408571428571431,0.2212525119321387,55
2017,1,110503,0.43049682575160225,59,4,9,0,13,0.3076923076923077,0.4297439739747432,0.4663531794676476,0.4083833587773604,Bellarmine,SoCon,4-9,4.69,5.69,0.838,0.383,20.0,0.581,0.313,,13.31,11.15,13.38,-4.77,8.62,0.264,13.69,0.308,0.4299230769230769,15.417692307692308,10.347692307692306,0.20670434535958007,59
2017,1,110504,0.47347090591462715,47,11,5,0,16,0.6875,0.4945299145299145,0.518936608180778,0.5488741093101517,Binghamton,America East,11-5,5.5,6.13,0.903,0.479,22.69,0.789,0.348,,15.06,9.06,8.19,1.38,9.56,0.315,11.69,0.688,0.47369230769230763,16.406153846153845,10.664615384615386,0.19286200112850102,47
2017,1,110505,0.4983625824671155,34,12,5,0,17,0.7058823529411765,0.5136063492536016,0.49398743222784,0.5567706209190549,Boston U.,Patriot,12-5,6.59,7.94,0.861,0.489,30.35,0.614,0.346,,17.35,12.71,8.88,1.88,10.76,0.316,14.47,0.706,0.4977857142857142,16.24642857142857,9.708571428571428,0.16251425369197997,35
2017,1,110506,0.4805208851241903,43,10,6,0,16,0.625,0.4969842560690084,0.5205705924523363,0.5348847761475883,Brown,Ivy League,10-6,7.81,8.0,0.864,0.59,36.56,0.681,0.4,,22.06,13.38,12.88,1.38,14.25,0.318,16.31,0.625,0.4805,17.060714285714287,10.782142857142857,0.15946640936035938,43
2017,1,110507,0.5064227373065731,31,11,8,0,19,0.5789473684210527,0.5119572369042794,0.4776744200844545,0.5201340655785165,Bryant,NEC,11-8,5.63,7.53,0.861,0.564,28.89,0.585,0.532,,15.68,9.79,8.16,1.89,10.05,0.286,14.84,0.579,0.5061176470588236,16.424705882352942,10.50529411764706,0.18086780429296362,32
2017,1,110508,0.47184984126937984,49,5,8,0,13,0.3846153846153846,0.4716352532916,0.5015872487365679,0.4573682849837881,Bucknell,Patriot,5-8,6.38,7.08,0.826,0.515,27.92,0.714,0.4,,16.08,11.0,10.62,-0.92,9.69,0.257,13.0,0.385,0.4716923076923077,15.78769230769231,10.039230769230768,0.16973888753267002,49
2017,1,110509,0.49408698287455854,38,6,9,0,15,0.4,0.5025908187672894,0.4770966419502597,0.4705695698712095,Canisius,MAAC,6-9,5.93,6.33,0.869,0.436,26.27,0.614,0.349,,15.73,9.73,10.67,-0.87,9.8,0.304,13.8,0.4,0.49400000000000005,15.872142857142858,10.407142857142857,0.23672467431294825,38
2017,1,110510,0.6055073235244592,4,5,9,0,14,0.3571428571428571,0.6082761437908496,0.5176310646711731,0.5228315523489324,Cleveland St.,Independent,5-9,4.64,5.79,0.813,0.431,26.93,0.565,0.339,,13.64,13.43,13.21,-4.21,9.0,0.284,16.0,0.357,0.6083,18.393,10.064,0.14911475446782588,4
2017,1,110511,0.5108853978782903,28,5,9,0,14,0.3571428571428571,0.5111900529442547,0.4946174717934842,0.4685351087062127,Colgate,Patriot,5-9,6.14,4.86,0.888,0.517,26.93,0.686,0.375,,15.57,11.21,10.64,-1.21,9.43,0.252,14.5,0.357,0.5113571428571428,16.26571428571429,10.193571428571428,0.19644832368221168,28
2017,1,110512,0.5652411997844625,8,5,8,0,13,0.3846153846153846,0.565588898281206,0.5147214553951808,0.5076286591432443,Cornell,Ivy League,5-8,7.77,8.69,0.892,0.381,33.0,0.692,0.286,,19.46,12.0,13.46,-1.77,11.69,0.306,14.69,0.385,0.5656153846153845,19.27923076923077,11.115384615384617,0.17644983530368688,8
2017,1,110513,0.495748529574715,36,2,11,0,13,0.1538461538461538,0.4956501831501831,0.502276574212548,0.411855773589767,Dartmouth,Ivy League,2-11,3.77,9.54,,0.357,29.54,0.745,0.2,,10.85,12.85,12.77,-5.69,7.08,0.221,18.62,0.154,0.49574999999999997,17.861666666666665,10.977500000000001,0.09372488552495899,37
2017,1,110514,0.49014544276585775,40,7,8,0,15,0.4666666666666667,0.4891151930857813,0.4946751392981771,0.4848930480341016,Delaware,CAA,7-8,5.27,5.47,0.842,0.496,27.47,0.673,0.357,,15.8,10.87,10.13,0.4,10.53,0.277,11.93,0.467,0.4892666666666666,15.216666666666667,10.107333333333331,0.20186842799760002,40
2017,1,110515,0.5425068913613497,15,13,4,0,17,0.7647058823529411,0.5510569965860441,0.5604590704263994,0.6068197364878571,Denver,Big East,13-4,7.59,,0.876,0.723,30.18,0.568,0.456,,21.06,8.29,8.76,4.71,13.47,0.348,11.76,0.765,0.5429285714285713,16.270714285714288,9.68,0.20132541684891095,16
2017,1,110516,0.4496139165673521,54,5,11,0,16,0.3125,0.4698238393550893,0.4682644839551383,0.4301030406663292,Detroit Mercy,MAAC,5-11,4.63,6.81,0.876,0.501,25.31,0.596,0.343,,13.06,11.06,10.75,-2.31,8.44,0.253,15.5,0.313,0.4493333333333334,15.125333333333334,10.736666666666666,0.19782068198806269,54
2017,1,110517,0.5353142358592355,18,6,8,0,14,0.4285714285714285,0.5482411385606875,0.5242482263102828,0.5123254830007715,Drexel,CAA,6-8,5.57,6.36,0.832,0.379,25.21,0.605,0.432,,15.36,12.93,11.07,-1.29,9.79,0.322,14.14,0.429,0.536076923076923,16.41846153846154,9.598333333333331,0.19335438231331428,18
2017,1,110518,0.543626057938671,14,13,5,0,18,0.7222222222222222,0.5474070183629007,0.5483157516129378,0.5913380026402404,Duke,ACC,13-5,7.83,6.17,0.872,0.549,30.89,0.673,0.5,,20.89,9.44,8.39,4.67,13.06,0.347,12.67,0.722,0.5443529411764707,17.116470588235295,10.076470588235296,0.1844403111407656,14
2017,1,110519,0.5570833265979726,10,5,9,0,14,0.3571428571428571,0.5572360897021531,0.5180038403821016,0.4974047192323162,Fairfield,CAA,5-9,4.07,5.21,0.891,0.511,27.21,0.618,0.325,,12.57,11.64,10.36,-1.86,8.5,0.232,11.57,0.357,0.5573589743589743,16.961538461538463,10.023846153846153,0.19337172304698982,10
2017,1,110520,0.47211325596015064,48,7,8,0,15,0.4666666666666667,0.4903663003663004,0.4825673648304523,0.48249165805743,Furman,SoCon,7-8,6.27,7.33,0.893,0.485,25.53,0.605,0.222,,16.4,10.2,9.07,1.07,10.13,0.305,12.33,0.467,0.47192857142857136,16.02857142857143,10.633571428571429,0.20523382632838028,48
2017,1,110521,0.5462046138910223,13,4,10,0,14,0.2857142857142857,0.5471155128718153,0.5170401618697534,0.4742463683319173,Georgetown,Big East,4-10,5.5,6.21,0.861,0.461,24.79,0.659,0.271,,15.64,11.29,11.21,-1.07,10.14,0.269,11.71,0.286,0.5472142857142857,16.853571428571428,9.608461538461539,0.19630012683622586,13
2017,1,110522,0.20682185183025803,70,1,7,0,8,0.125,0.2031746031746032,0.4122591369458537,0.235902085823765,Hampton,DI Independent,1-7,,7.38,0.897,0.361,,0.474,0.303,,,14.13,13.63,,,0.229,,0.125,0.2032222222222222,11.586666666666666,11.663333333333334,0.14258988934426553,70
2017,1,110523,0.49408698287455854,38,6,8,0,14,0.4285714285714285,0.4939158573029732,0.5020769437070217,0.4796200217210992,Hartford,America East,6-8,6.93,5.57,0.874,0.537,28.79,0.68,0.519,,18.0,10.71,11.0,0.07,11.07,0.312,13.36,0.429,0.494,15.933846153846153,10.144615384615385,0.19692599156496876,39
2017,1,110524,0.5322590200440349,19,6,7,0,13,0.4615384615384615,0.5333961789844143,0.529420329038341,0.5144377871364078,Harvard,Ivy League,6-7,5.54,7.77,0.893,0.376,26.69,0.717,0.345,,16.46,12.23,11.08,-0.15,10.92,0.315,14.54,0.462,0.5334166666666667,18.499166666666667,11.056666666666667,0.18714141637334641,20
2017,1,110572,0.4680277562767098,52,4,10,0,14,0.2857142857142857,0.4670230609112741,0.4898153493975106,0.4273939392335861,High Point,SoCon,4-10,4.79,7.64,0.868,0.339,23.29,0.5,0.327,,13.71,12.57,11.21,-2.29,8.93,0.275,15.14,0.286,0.46707142857142847,16.41357142857143,10.266923076923074,0.23060772638701363,52
2017,1,110525,0.47767479194115575,46,9,7,0,16,0.5625,0.4909381325910931,0.4912553689723469,0.5089079085386333,Hobart,NEC,9-7,5.75,6.5,0.859,0.524,27.5,0.563,0.239,,17.69,11.69,11.13,0.81,11.94,0.279,13.31,0.563,0.4769999999999999,16.350714285714286,10.574285714285711,0.18050089038165829,46
2017,1,110526,0.44917503195337216,55,11,3,0,14,0.7857142857142857,0.4486728024543151,0.5340156068828541,0.5542688743764426,Hofstra,CAA,11-3,6.36,4.21,0.899,0.457,26.71,0.65,0.365,,17.93,11.57,8.79,2.79,11.57,0.353,10.79,0.786,0.44735897435897437,15.247692307692308,10.188333333333333,0.2050746147945574,56
2017,1,110527,0.5064227373065731,31,5,10,0,15,0.3333333333333333,0.5088019823313942,0.4921400395439122,0.4607693343850084,Holy Cross,Patriot,5-10,4.73,8.73,0.844,0.381,27.27,0.7,0.326,,13.27,8.8,10.8,-2.27,8.53,0.26,14.4,0.333,0.5061538461538462,16.279230769230768,9.985384615384616,0.16169669905476455,31
2017,1,110528,0.4805208851241903,43,3,11,0,14,0.2142857142857142,0.4925769666841096,0.4778013701828523,0.4193102544591964,Jacksonville,SoCon,3-11,6.29,4.79,0.853,0.547,28.07,0.545,0.311,,15.43,12.43,12.57,-3.43,9.14,0.324,14.71,0.214,0.47938461538461535,15.695384615384617,9.970769230769228,0.18957950979086424,44
2017,1,110529,0.6412662815625287,1,8,7,0,15,0.5333333333333333,0.6505139892214196,0.551852343192109,0.5965534137420703,Johns Hopkins,Big Ten,8-7,6.67,6.73,0.896,0.465,26.67,0.525,0.605,,18.27,9.2,11.47,0.13,11.6,0.31,10.67,0.533,0.6425714285714286,18.577857142857145,9.751428571428571,0.1311644084377173,1
2017,1,110530,0.5133011137511152,27,2,12,0,14,0.1428571428571428,0.5134227408912283,0.4664821076449593,0.4090461830711396,Lafayette,Patriot,2-12,4.21,7.07,0.84,0.474,28.93,0.588,0.273,,11.5,11.21,12.57,-5.29,7.29,0.225,15.0,0.143,0.5134761904761904,15.508571428571429,9.739285714285716,0.19087566443728865,27
2017,1,110531,0.42145324455186656,62,7,7,0,14,0.5,0.4427751869978761,0.5080210949925271,0.4733928672470698,Lehigh,Patriot,7-7,6.43,8.29,0.853,0.531,31.79,0.75,0.412,,16.21,11.0,10.0,-0.21,9.79,0.287,15.0,0.5,0.42258974358974355,16.337692307692308,10.763076923076925,0.20182099006683665,62
2017,1,110533,0.5104502981677047,29,10,6,0,16,0.625,0.5142578826402355,0.5193294233720949,0.5432112971631415,Loyola Maryland,Patriot,10-6,8.38,9.31,0.918,0.564,33.63,0.784,0.385,,20.75,9.94,8.38,4.0,12.38,0.301,11.69,0.625,0.510357142857143,16.48,10.117142857142857,0.19007991069279148,29
2017,1,110534,0.4134599796538414,65,3,11,0,14,0.2142857142857142,0.4132212816423343,0.4563148207133467,0.3742607745709324,Manhattan,MAAC,3-11,4.86,4.57,0.846,0.496,29.86,0.633,0.288,,13.29,12.36,13.21,-4.79,8.43,0.255,16.71,0.214,0.4133589743589744,14.572307692307694,10.213846153846154,0.1876531379893197,65
2017,1,110535,0.4311569183276975,58,10,6,0,16,0.625,0.4505501443001443,0.4775304519828733,0.5009076851457905,Marist,MAAC,10-6,5.13,5.63,0.876,0.522,23.13,0.74,0.35,,13.06,12.44,7.5,0.44,7.94,0.283,13.0,0.625,0.43092857142857144,15.493571428571428,10.517142857142858,0.18064782798335008,58
2017,1,110536,0.5311345476985015,22,8,8,0,16,0.5,0.5533190359477125,0.5277858506096124,0.5336059806262593,Marquette,Big East,8-8,4.56,5.75,0.885,0.497,26.13,0.756,0.3,,14.13,9.75,9.31,0.25,9.56,0.274,11.5,0.5,0.5308461538461537,16.816153846153846,9.534166666666668,0.2226566332525509,22
2017,1,110538,0.5939809739826961,6,16,3,0,19,0.8421052631578947,0.6321847575595335,0.5556617085532528,0.6655341217075535,Maryland,Big Ten,16-3,6.21,5.89,0.903,0.5,30.05,0.714,0.351,,18.68,10.84,8.79,3.68,12.47,0.347,11.79,0.842,0.5936000000000001,18.044666666666668,10.003333333333332,0.1518599354668637,6
2017,1,110539,0.6018076164641893,5,7,8,0,15,0.4666666666666667,0.6229230153599901,0.51933140135432,0.5579610246852418,Massachusetts,CAA,7-8,5.73,7.87,0.891,0.558,27.73,0.66,0.426,,14.67,11.2,10.07,-1.13,8.93,0.255,13.67,0.467,0.6025833333333334,17.600833333333338,9.945,0.1592427174333431,5
2017,1,110540,0.3857129558059131,67,5,8,0,13,0.3846153846153846,0.3844357565511412,0.4679828616356504,0.4053674398383294,Mercer,SoCon,5-8,6.0,8.85,0.857,0.556,26.69,0.686,0.441,,14.85,10.46,10.85,-2.0,8.85,0.253,15.0,0.385,0.3845897435897436,14.284615384615385,10.613076923076921,0.18938827091391724,67
2017,1,110541,0.5100569682068193,30,8,6,0,14,0.5714285714285714,0.5100097427635022,0.5427824888395797,0.5335576364487888,Michigan,Big Ten,8-6,6.36,6.64,0.879,0.479,27.21,0.623,0.415,,16.93,11.21,11.29,-0.71,10.57,0.29,13.57,0.571,0.5100714285714286,15.757142857142858,10.567142857142857,0.19714079967870474,30
2017,1,110542,0.36725862176145546,69,14,4,0,18,0.7777777777777778,0.3780142200420839,0.4637149964640878,0.4993803035815083,Monmouth,MAAC,14-4,4.78,9.0,0.906,0.477,26.06,0.64,0.352,,14.5,10.39,7.39,2.33,9.72,0.263,10.78,0.778,0.3659777777777778,14.378666666666668,10.865333333333332,0.20463486783977572,69
2017,1,110543,0.4699189528863625,51,4,10,0,14,0.2857142857142857,0.4693703594798243,0.4700310667269068,0.4236215178502103,Mount St. Mary's,NEC,4-10,5.21,6.21,0.836,0.378,24.57,0.698,0.333,,14.0,10.79,11.36,-2.57,8.79,0.258,15.36,0.286,0.4695714285714286,15.372142857142856,10.05,0.16303229929141308,51
2017,1,110545,0.4349258478078456,57,1,14,0,15,0.0666666666666666,0.4340253000967287,0.4317259533718866,0.3416108050580027,NJIT,Independent,1-14,3.4,5.6,0.776,,23.73,0.5,0.417,,10.33,13.13,12.4,-5.47,6.93,0.262,16.07,0.0666666666666666,0.4340714285714286,15.286923076923076,10.678571428571429,0.24475073742358316,57
2017,1,110565,0.48731575717712705,42,6,8,0,14,0.4285714285714285,0.4761840971206296,0.5170790182375219,0.4745046602625524,Navy,Patriot,6-8,5.79,6.57,0.879,0.642,31.21,0.639,0.292,,15.21,9.43,9.57,-0.14,9.43,0.306,16.43,0.429,0.48715384615384616,15.94692307692308,10.308461538461538,0.20526337533626857,42
2017,1,110544,0.6220549959839494,3,8,8,0,16,0.5,0.6336769939082245,0.5433930916130982,0.5776867698573869,North Carolina,ACC,8-8,5.81,6.69,0.887,0.521,29.88,0.596,0.391,,17.31,10.13,10.44,1.06,11.5,0.289,13.25,0.5,0.6233571428571428,18.122142857142858,9.718571428571428,0.19172398580953265,3
2017,1,110546,0.6394199728883843,2,9,6,0,15,0.6,0.6353894949792784,0.5590091908367708,0.607447045198832,Notre Dame,ACC,9-6,5.27,7.2,0.861,0.437,26.33,0.55,0.283,,15.8,10.27,9.8,0.73,10.53,0.319,12.47,0.6,0.6403636363636364,18.312727272727273,9.826363636363636,0.16536201208658027,2
2017,1,110547,0.5562628414099327,11,16,5,0,21,0.7619047619047619,0.5893973221317317,0.5633183544945134,0.6260044401656847,Ohio St.,Big Ten,16-5,5.57,4.67,0.87,0.621,28.9,0.697,0.492,,16.9,9.95,8.38,2.95,11.33,0.335,13.19,0.762,0.5561176470588235,16.875882352941176,10.155882352941175,0.17850354498142118,11
2017,1,110549,0.4983625824671155,34,7,6,0,13,0.5384615384615384,0.5114468864468864,0.5197315839788047,0.5202717238335289,Penn,Ivy League,7-6,5.62,5.69,0.87,0.49,26.69,0.808,,,16.92,10.15,10.77,0.54,11.31,0.308,12.0,0.538,0.49918181818181817,18.51909090909091,11.513636363636362,0.15659665512613674,34
2017,1,110548,0.5595428853863725,9,12,4,0,16,0.75,0.5788508141110695,0.5511058781477195,0.6147018765924647,Penn St.,Big Ten,12-4,7.81,4.94,0.87,0.584,30.44,0.515,0.415,,21.13,10.88,10.69,2.63,13.31,0.353,12.94,0.75,0.5613333333333334,17.04533333333334,10.500666666666666,0.14132264110498674,9
2017,1,110550,0.478124070406951,45,9,6,0,15,0.6,0.488018648018648,0.5039490328017467,0.5199965822097606,Princeton,Ivy League,9-6,9.4,7.4,0.817,0.49,33.47,0.75,0.462,,24.07,13.07,11.4,3.27,14.67,0.357,12.47,0.6,0.4782619047619047,16.629285714285718,10.981428571428571,0.20592494312138704,45
2017,1,110551,0.495748529574715,36,10,7,0,17,0.5882352941176471,0.5031016986754215,0.5136280115329555,0.5270166757503614,Providence,Big East,10-7,5.29,7.24,0.878,0.536,26.76,0.742,0.326,,14.94,10.71,8.35,1.29,9.65,0.252,13.47,0.588,0.4964999999999999,16.67857142857143,10.304615384615387,0.1996317144858788,36
2017,1,110552,0.41571828213875284,63,2,9,0,11,0.1818181818181818,0.4156163281163281,0.4570229525776575,0.3675184476571239,Quinnipiac,MAAC,2-9,5.55,6.55,0.862,0.534,30.18,0.568,0.438,,14.82,11.27,11.45,-2.18,9.27,0.249,16.27,0.182,0.4156969696969698,15.738181818181818,11.267272727272728,0.20858849608232946,63
2017,1,110553,0.41526730493838826,64,12,4,0,16,0.75,0.4330509768009768,0.5006866452695216,0.5291971497178688,Richmond,SoCon,12-4,6.81,9.81,0.879,0.589,30.31,0.821,0.308,,17.25,12.13,6.25,4.19,10.44,0.302,13.56,0.75,0.4140714285714285,15.507142857142856,10.741428571428571,0.15865391998475994,64
2017,1,110554,0.42465677695923454,60,9,7,0,16,0.5625,0.4345307379024484,0.4858189588043475,0.4793451086523111,Robert Morris,NEC,9-7,6.88,9.31,0.889,0.421,30.31,0.674,0.351,,17.75,13.13,10.31,0.56,10.88,0.282,14.88,0.563,0.42500000000000004,15.584666666666665,10.951999999999998,0.14852384769232627,60
2017,1,110555,0.5219127667482446,26,10,4,0,14,0.7142857142857143,0.5211197636949516,0.5270221126328076,0.5708868385771063,Rutgers,Big Ten,10-4,6.79,9.71,0.871,0.538,32.14,0.7,0.242,,18.5,10.21,9.07,2.64,11.71,0.29,13.43,0.714,0.521047619047619,16.680000000000003,10.576923076923075,0.2298318867022692,26
2017,1,110556,0.4134599796538414,65,9,6,0,15,0.6,0.4220826292730317,0.4958835471591328,0.4850122014262991,Sacred Heart,NEC,9-6,6.53,10.07,0.886,0.49,31.33,0.717,0.328,,17.87,10.0,10.27,1.07,11.33,0.287,15.8,0.6,0.41221428571428576,14.91642857142857,10.752142857142857,0.1407247458041145,66
2017,1,110558,0.5039431521836563,33,5,9,0,14,0.3571428571428571,0.5036557740505109,0.4828166691924325,0.4618177686090778,Saint Joseph's,NEC,5-9,4.21,6.36,0.835,0.54,28.21,0.564,0.31,,13.07,12.0,9.93,-1.07,8.86,0.267,14.21,0.357,0.5037142857142857,15.867857142857144,10.054615384615383,0.2064538788243821,33
2017,1,110559,0.47008276292432105,50,3,11,0,14,0.2142857142857142,0.4703641387851914,0.4793253298389708,0.408584830423767,Siena,MAAC,3-11,5.36,6.93,0.819,0.431,26.57,0.529,0.515,,15.71,8.57,13.36,-3.0,10.36,0.274,11.71,0.214,0.4704615384615385,15.699230769230768,10.201666666666668,0.22507387347426636,50
2017,1,110557,0.5322590200440349,19,1,13,0,14,0.0714285714285714,0.5329906962785114,0.5202057540457576,0.4144039295078379,St. John's (NY),Big East,1-13,4.71,4.57,0.819,0.431,24.21,0.5,0.333,,11.79,11.0,,-7.0,7.07,0.229,13.71,0.071,0.5330714285714285,17.112142857142857,10.335000000000003,0.19137116676601978,21
2017,1,110560,0.5425068913613497,15,7,7,0,14,0.5,0.5653458720766412,0.5101459768996878,0.5352094302632425,Stony Brook,America East,7-7,6.29,5.86,0.86,0.405,25.93,0.548,0.313,,17.0,9.07,11.79,-1.07,10.71,0.316,12.5,0.5,0.5430833333333333,17.563333333333333,10.159090909090908,0.20715793424878087,15
2017,1,110561,0.5393807189796257,17,13,3,0,16,0.8125,0.5362860689147454,0.550081484575162,0.6087884056011632,Syracuse,ACC,13-3,8.25,6.0,0.919,0.528,28.06,0.66,0.5,,20.31,9.94,10.06,2.0,12.06,0.322,10.88,0.813,0.5386666666666666,17.814,10.414285714285713,0.20154558348478446,17
2017,1,110562,0.5522102123590636,12,12,5,0,17,0.7058823529411765,0.5534911023232822,0.5557401012854184,0.5921511647182899,Towson,CAA,12-5,4.71,7.12,0.887,0.573,26.71,0.638,0.364,,14.24,7.88,7.65,1.88,9.53,0.254,11.47,0.706,0.5539285714285714,16.859285714285715,9.990714285714287,0.18544019609170664,12
2017,1,110502,0.5262057227056925,23,15,3,0,18,0.8333333333333334,0.5517565123215278,0.5543611483651871,0.622801876585394,UAlbany,America East,15-3,9.5,6.06,0.892,0.686,33.28,0.829,0.358,,24.89,10.67,9.5,5.89,15.39,0.344,13.67,0.833,0.5252857142857142,16.928571428571427,10.515714285714285,0.14905819983743096,23
2017,1,110537,0.5767381873326238,7,6,8,0,14,0.4285714285714285,0.5839830606798933,0.5157429025907038,0.5280701131304797,UMBC,America East,6-8,4.07,6.21,0.874,0.468,21.5,,0.231,,11.64,8.86,9.14,-1.57,7.57,0.258,13.0,0.429,0.5754166666666667,16.936666666666667,9.756666666666668,0.14028628962074502,7
2017,1,110568,0.42465677695923454,60,2,12,0,14,0.1428571428571428,0.424819030176173,0.4290074656251903,0.3553756672086698,VMI,SoCon,2-12,4.86,6.14,0.852,0.44,25.57,0.771,0.188,,12.5,12.64,12.86,-5.21,7.64,,14.29,0.143,0.4249761904761904,14.64615384615385,10.309285714285712,0.22605795240558338,61
2017,1,110566,0.48838978651853954,41,5,8,0,13,0.3846153846153846,0.4888509570494865,0.5022804955202363,0.4661494485586485,Vermont,America East,5-8,6.54,8.08,0.818,0.503,26.23,0.755,0.291,,16.38,11.46,11.15,-1.31,9.85,0.331,17.62,0.385,0.48900000000000005,15.935833333333335,10.234166666666665,0.16732453496125424,41
2017,1,110567,0.5322590200440349,19,9,6,0,15,0.6,0.5370132470442068,0.5249008538349289,0.5497318369808357,Villanova,Big East,9-6,8.13,6.4,0.905,0.477,27.53,0.667,0.358,,21.27,9.73,11.47,1.67,13.13,0.291,10.53,0.6,0.5334285714285714,16.76285714285714,9.99,0.21043550565628494,19
2017,1,110569,0.522638759045539,25,8,7,0,15,0.5333333333333333,0.5235205535205535,0.5378333543968807,0.5295519486928303,Virginia,ACC,8-7,9.13,9.13,0.888,0.527,43.33,0.643,0.481,,23.53,11.47,13.27,1.13,14.4,0.311,15.13,0.533,0.5225,17.36642857142857,10.584285714285715,0.16926300329875482,25
2017,1,110570,0.37959349771234807,68,6,9,0,15,0.4,0.3779330805646594,0.4400278499747075,0.3989735027760066,Wagner,NEC,6-9,4.2,6.93,0.852,0.408,25.53,0.757,0.231,,11.93,13.2,9.73,-2.0,7.73,0.235,17.0,0.4,0.3780444444444443,14.455714285714285,11.060666666666666,0.22926613571928656,68
2017,1,110571,0.5228492886271014,24,10,6,0,16,0.625,0.5305654460670908,0.5363664885969492,0.5556243451827827,Yale,Ivy League,10-6,8.0,5.56,0.877,0.605,32.31,0.533,0.171,,20.94,9.38,10.31,2.63,12.94,0.314,12.06,0.625,0.5232857142857142,17.834285714285716,10.828461538461537,0.22384702320093147,24
2017,2,110600,0.5562628414099327,11,5,8,0,13,0.3846153846153846,0.5806898983369572,0.4821151908527767,0.5070275930355189,Adams St.,RMAC,5-8,4.38,,0.764,0.441,27.23,0.647,0.203,,11.85,16.0,11.23,,7.46,,20.31,0.385,0.5562777777777778,19.846,10.5,0.2613336463055571,11
2017,2,110573,0.5053974483054562,26,15,4,0,19,0.7894736842105263,0.5625664243963087,0.5389250982341565,0.613382907809325,Adelphi,NE10,15-4,6.05,6.95,0.854,0.646,29.47,0.78,0.288,,16.58,10.89,7.74,,10.53,0.285,16.89,0.789,0.5051882352941176,17.255384615384614,9.497857142857145,0.226966944938198,27
2017,2,110574,0.3200215086865707,65,12,14,0,26,0.4615384615384615,0.3186942331173101,0.4729403659518087,0.3929668234312226,Alabama Huntsville,Independent,6-7,5.15,,,0.592,29.0,0.682,,,16.38,11.38,11.54,,11.23,0.287,17.0,0.462,0.31884286653517424,15.982727272727272,10.831428571428573,0.19534819849422386,65
2017,2,110601,0.4983625824671155,30,1,11,0,12,0.0833333333333333,0.4988400488400488,0.4655705820476858,0.3866460032652792,Alderson Broaddus,Independent,1-11,5.5,7.75,,0.384,29.67,0.644,0.22,,14.42,11.17,15.33,,8.92,0.266,19.17,0.0833333333333333,0.4989166666666667,17.30181818181818,9.556363636363637,0.17819392915834392,31
2017,2,110575,0.5073168293282724,25,1,16,0,17,0.0588235294117647,0.5073140580356935,0.4996628701419289,0.3932786289062702,American Int'l,NE10,1-16,,6.29,,,,,,,,14.88,,,,,,0.0588235294117647,0.5074117647058825,16.47,9.995882352941177,0.20030478506619662,25
2017,2,110576,0.5083978221798221,23,6,7,0,13,0.4615384615384615,0.508674270081748,0.516419281203611,0.4988265707263921,Assumption,NE10,6-7,5.62,,0.807,0.539,28.69,0.816,0.313,,14.69,13.23,9.38,,9.08,0.303,15.15,0.462,0.5087556561085973,17.10363636363636,9.627500000000001,0.24500534978776026,24
2017,2,110614,0.5148545386828186,20,12,5,0,17,0.7058823529411765,0.5504438180043717,0.5132768203145294,0.5800117023161123,Belmont Abbey,Conference Carolinas,12-5,7.71,6.82,0.954,0.57,31.82,0.829,0.333,,22.18,9.82,7.76,6.71,14.47,0.361,12.53,0.706,0.5145230769230769,17.954615384615387,9.194545454545455,0.2837327814723764,20
2017,2,110577,0.5312387480409371,16,6,7,0,13,0.4615384615384615,0.5314478765657618,0.5257976976690303,0.5125579780847539,Bentley,NE10,6-7,5.23,7.54,0.763,0.668,34.92,0.773,0.245,,15.92,10.08,9.77,,10.69,0.277,17.69,0.462,0.531524886877828,17.223636363636363,9.474166666666667,0.25415592394556563,16
2017,2,110631,0.4596968339555525,48,2,14,0,16,0.125,0.4584961795369035,0.4850792154431423,0.3817678936292373,Brevard,SAC,2-14,5.25,8.81,,0.386,32.38,0.616,0.292,,15.44,12.38,12.88,,10.19,0.362,,0.125,0.45860946745562126,17.19090909090909,10.366,0.23488324308116645,50
2017,2,110615,0.5108853978782903,21,6,6,0,12,0.5,0.5115133232780291,0.5315278863921398,0.5136386332370495,CSU Pueblo,RMAC,6-6,7.83,8.75,0.783,0.408,27.0,0.648,0.422,,20.42,11.58,13.67,,12.58,0.342,17.42,0.5,0.5116666666666667,18.283333333333335,10.47,0.3139328484458633,21
2017,2,110602,0.47604882346125055,43,8,8,0,16,0.5,0.4822566526610644,0.5032550751860506,0.4919420951270449,Catawba,SAC,8-8,4.75,8.25,0.887,0.377,28.06,0.734,0.293,,15.0,13.19,11.0,,10.25,0.281,17.94,0.5,0.47532820512820506,17.462142857142855,10.067692307692308,0.2470131738601942,43
2017,2,110628,0.5042812408410572,28,8,5,0,13,0.6153846153846154,0.5198923060348399,0.4956101804222826,0.5376948519691445,Chestnut Hill,ECC,8-5,7.38,6.92,0.835,0.529,28.54,0.682,0.368,,19.54,11.69,8.46,3.69,12.15,0.337,15.77,0.615,0.5045,16.586363636363636,10.349166666666665,0.17950835635145232,28
2017,2,110617,0.47228854571945944,44,1,12,0,13,0.0769230769230769,0.4720299496883208,0.4609949465781023,0.3704944807194552,Chowan,Conference Carolinas,1-12,5.23,7.85,0.76,,24.38,0.724,,,14.77,17.31,,,9.54,0.329,17.85,0.0769230769230769,0.47230177514792904,17.813333333333333,10.564000000000002,0.2239367340706213,44
2017,2,110603,0.478124070406951,40,4,10,0,14,0.2857142857142857,0.4780423707944716,0.4846614054796235,0.4316151081957131,Coker,SAC,4-10,4.71,7.07,0.858,0.471,29.86,0.75,0.228,,13.57,11.14,13.71,,8.86,0.259,17.29,0.286,0.4781373626373626,17.759999999999998,9.711818181818181,0.25065192627938593,40
2017,2,110621,0.4362456956568849,56,16,2,0,18,0.8888888888888888,0.4251324592953552,0.5638637299297788,0.5757543843523445,Colorado Mesa,RMAC,16-2,6.22,10.89,0.902,0.613,32.78,0.794,0.364,,22.0,9.78,7.17,8.61,15.78,0.299,14.5,0.889,0.43572222222222223,16.597142857142856,11.138571428571428,0.2305453545266683,56
2017,2,110578,0.38260860155517346,64,4,10,0,14,0.2857142857142857,0.3817438513867085,0.4606425971389264,0.3774611464066573,Davis & Elkins,G-MAC,4-10,6.79,8.93,0.787,0.422,31.79,0.813,,,16.29,14.07,14.5,,9.5,0.316,,0.286,0.3819468864468864,15.919230769230767,10.540909090909091,0.20166993317886803,64
2017,2,110579,0.47767479194115575,41,5,7,0,12,0.4166666666666667,0.4776196842373313,0.4747453326145347,0.461662841938966,Dist. Columbia,ECC,5-7,6.08,10.08,0.796,0.499,28.58,0.61,0.243,,18.42,11.92,14.25,,12.33,0.327,20.17,0.417,0.4777272727272728,15.807999999999998,10.039999999999997,0.1834042187028873,41
2017,2,110618,0.38629341513529936,62,6,9,0,15,0.4,0.3872976968565204,0.4799620237693264,0.4136393543705918,Dominican (NY),ECC,6-9,4.87,7.73,0.77,0.508,27.4,0.75,0.2,,13.53,12.93,12.13,,8.67,0.251,19.8,0.4,0.3874178649237472,15.753076923076925,11.029166666666663,0.22323549600337958,62
2017,2,110637,0.4699189528863625,45,1,12,0,13,0.0769230769230769,0.4695574222157933,0.4610678115987882,0.3692764332383629,Emmanuel (GA),Conference Carolinas,1-12,,12.46,,,,,0.239,,,12.38,,,,,,0.0769230769230769,0.4697633136094674,18.886666666666667,9.771,0.2715514881323761,45
2017,2,110581,0.6032115598449316,2,7,8,0,15,0.4666666666666667,0.6135392276568746,0.5339942830422486,0.5569348512556661,Fla. Southern,Sunshine State,7-8,5.13,7.8,0.82,0.504,26.0,0.678,0.317,,15.4,13.13,11.33,,10.27,0.27,17.93,0.467,0.6038571428571429,17.762142857142855,9.069285714285714,0.1398483143280896,2
2017,2,110580,0.5767381873326238,7,8,7,0,15,0.5333333333333333,0.580845385837646,0.5491070941785462,0.5610327997967929,Florida Tech,Sunshine State,8-7,5.87,8.2,0.855,0.58,34.33,0.646,0.333,,17.73,11.13,9.6,,11.87,0.279,15.07,0.533,0.5770854700854701,17.50307692307692,9.060833333333333,0.1819580175212365,7
2017,2,110582,0.4954670850461141,33,4,9,0,13,0.3076923076923077,0.4950965016962873,0.5121953657652335,0.4525201692125289,Franklin Pierce,NE10,4-9,4.0,6.92,0.79,,,0.736,0.235,,13.38,12.23,11.62,,9.38,0.275,14.23,0.308,0.4952171945701357,16.899090909090905,9.8975,0.24181338962729612,33
2017,2,110619,0.40759745907041905,60,5,11,0,16,0.3125,0.4080467122746535,0.4811167925779913,0.4024275542818246,Georgian Court,Independent,5-11,4.44,6.88,0.795,0.432,29.13,0.629,,,12.44,15.0,13.19,,8.0,0.25,,0.313,0.4081209150326798,16.024285714285714,10.662857142857144,0.20516228119939192,60
2017,2,110585,0.5083978221798221,23,8,8,0,16,0.5,0.5284745641677724,0.5025484601512654,0.5148743971217026,LIU Post,ECC,8-8,5.56,6.25,0.885,0.657,31.56,0.77,0.367,,16.25,,8.19,,10.69,0.251,15.25,0.5,0.5088549019607843,17.185384615384617,10.165714285714285,0.21887569362078033,23
2017,2,110616,0.5462046138910223,14,7,8,0,15,0.4666666666666667,0.5604371608783374,0.5015304780391071,0.5222678666156122,Lake Erie,G-MAC,7-8,5.2,9.0,0.87,0.579,29.47,0.693,0.362,,14.47,,9.6,,9.27,0.264,14.27,0.467,0.5470238095238095,18.250769230769233,9.343076923076923,0.2434655695577728,14
2017,2,110584,0.49408698287455854,35,14,3,0,17,0.8235294117647058,0.5448171266601425,0.5318532865100042,0.6112542378987488,Le Moyne,NE10,14-3,5.65,7.47,0.881,0.496,25.82,0.636,0.267,,16.65,,5.76,5.24,11.0,0.269,11.76,0.824,0.49241596638655455,17.0975,9.51230769230769,0.2381590753315334,35
2017,2,110625,0.38629341513529936,62,5,11,0,16,0.3125,0.4071593711299594,0.4840747541724621,0.4027233741080953,Lees-McRae,Conference Carolinas,5-11,5.94,8.13,0.835,0.386,29.31,0.674,,,17.19,14.19,,,11.25,0.306,18.19,0.313,0.38735409035409035,16.607692307692307,10.81090909090909,0.25604538104215957,63
2017,2,110604,0.5570833265979726,10,12,3,0,15,0.8,0.5590507858154917,0.5260251899947839,0.6110316904064419,Lenoir-Rhyne,SAC,12-3,7.0,8.07,0.872,0.623,35.0,0.7,0.434,,20.13,12.53,10.0,3.13,13.13,0.286,14.2,0.8,0.5570714285714286,17.841428571428573,9.866428571428573,0.2059304543791819,10
2017,2,110605,0.5595428853863725,8,21,1,0,22,0.9545454545454546,0.5822185876558942,0.5262544177100822,0.6613092618918313,Limestone,Conference Carolinas,21-1,7.0,7.82,0.922,0.74,44.27,0.775,0.329,,23.09,8.82,7.95,8.14,16.09,0.342,15.32,0.955,0.5591581196581197,18.553529411764703,8.808,0.21836499382325636,9
2017,2,110606,0.4596968339555525,48,8,7,0,15,0.5333333333333333,0.4788142179948902,0.5058050714094422,0.499191710183139,Lincoln Memorial,SAC,8-7,4.93,10.47,0.875,0.467,32.2,0.679,0.286,,16.07,11.73,10.33,,11.13,0.319,16.93,0.533,0.45930769230769225,16.51833333333333,10.495,0.23282855515308806,48
2017,2,110632,0.4456211152470233,52,10,4,0,14,0.7142857142857143,0.4455704659486171,0.5308965067256504,0.5340807882271497,Lindenwood,Independent,10-4,6.43,7.29,0.858,0.538,30.5,0.797,0.383,,19.43,,7.14,5.86,13.0,0.29,12.5,0.714,0.4457142857142857,17.291818181818186,9.889999999999999,0.28235789675412026,52
2017,2,110627,0.5993369812624321,5,6,7,0,13,0.4615384615384615,0.5933909356896974,0.5392000054130555,0.546880084582728,Lynn,Sunshine State,6-7,6.08,6.46,0.845,0.633,31.38,0.744,0.333,,16.54,9.23,10.46,,10.46,0.264,15.0,0.462,0.5984999999999999,18.58818181818182,8.963636363636363,0.20218164275390252,5
2017,2,110607,0.4805208851241903,39,6,7,0,13,0.4615384615384615,0.4795760611937082,0.4997472099794305,0.4801094484763271,Mars Hill,SAC,6-7,6.23,9.77,0.82,0.427,35.54,0.64,0.349,,15.54,12.0,10.0,,9.31,0.279,17.92,0.462,0.47961538461538455,16.965833333333332,10.496666666666668,0.2252006074802363,39
2017,2,110586,0.6394199728883843,1,1,14,0,15,0.0666666666666666,0.6328655005125593,0.5055840274532574,0.4594954237862606,Maryville (MO),RMAC,1-14,,,,0.412,,,,,,13.27,14.07,,,,,0.0666666666666666,0.6402857142857143,19.195714285714285,9.145714285714286,0.15989345942641603,1
2017,2,110587,0.4812349406027838,37,12,5,0,17,0.7058823529411765,0.5100176495937742,0.5052617284086729,0.5577948451343494,Mercy,ECC,12-5,6.18,6.88,0.84,0.567,31.41,0.703,0.319,,18.0,10.94,8.29,3.53,11.82,0.342,15.53,0.706,0.48218823529411764,16.45,9.844999999999999,0.21581933706561546,37
2017,2,110588,0.4437253700491716,54,12,3,0,15,0.8,0.4508810960281548,0.5110955426998716,0.5532144336890453,Mercyhurst,ECAC,12-3,7.6,8.27,0.903,0.526,26.87,0.745,0.333,,20.4,,6.6,6.2,12.8,0.332,11.0,0.8,0.4434871794871794,16.88909090909091,9.907499999999999,0.21857106319157227,54
2017,2,110589,0.5262057227056925,17,15,4,0,19,0.7894736842105263,0.597149385295059,0.5271475255945636,0.627729995098802,Merrimack,NE10,15-4,7.42,7.42,0.838,0.598,33.89,0.764,0.45,,22.68,9.21,7.79,7.47,15.26,0.334,15.58,0.789,0.5254873949579831,16.98333333333333,9.23923076923077,0.2512801760096647,17
2017,2,110590,0.47767479194115575,41,9,5,0,14,0.6428571428571429,0.4765353813590214,0.4961974718042576,0.5230313443448609,Molloy,ECC,9-5,6.0,11.07,0.872,0.555,30.71,0.696,0.254,,16.0,8.79,7.71,,10.0,0.245,14.93,0.643,0.47664285714285715,16.780833333333334,10.319999999999999,0.18145782947437408,42
2017,2,110608,0.4812349406027838,37,11,5,0,16,0.6875,0.4847878683816184,0.508775085042473,0.5414627054514275,Mount Olive,Conference Carolinas,11-5,6.56,9.31,0.858,0.572,26.5,0.792,0.4,,19.25,12.0,7.81,4.88,12.69,0.322,15.81,0.688,0.4814175824175823,17.153076923076924,9.848181818181818,0.23711749322036996,38
2017,2,110592,0.5562628414099327,11,14,3,0,17,0.8235294117647058,0.561040310384692,0.5220715193678567,0.6169203879754867,New York Tech,ECC,14-3,6.94,9.41,0.884,0.486,27.24,0.765,0.369,,19.24,10.47,8.41,3.88,12.29,0.333,14.82,0.824,0.5554666666666667,17.065714285714286,9.542,0.16548791160954596,12
2017,2,110620,0.4596968339555525,48,9,9,0,18,0.5,0.4849411753823519,0.4867676494556604,0.489162500055091,North Greenville,Conference Carolinas,9-9,5.56,8.06,0.879,0.576,30.67,0.779,0.254,,17.28,10.28,9.56,,11.72,0.315,16.61,0.5,0.4587403846153846,18.21923076923077,9.463333333333335,0.2555428623408276,49
2017,2,110629,0.4983625824671155,30,1,8,0,9,0.1111111111111111,0.4990117521367521,0.4447244881199581,0.3884647758761433,Notre Dame de Namur,Independent,1-8,3.78,,,0.385,,,0.375,,11.11,13.0,,,,0.266,15.78,0.1111111111111111,0.49912500000000004,17.31,10.422857142857143,0.20130042070249132,30
2017,2,110626,0.436561771544163,55,4,10,0,14,0.2857142857142857,0.436320090166244,0.4656412559771107,0.4059989305059711,Ohio Valley,G-MAC,4-10,5.07,,0.735,0.478,,0.672,0.191,,14.14,13.36,,,9.07,0.291,20.43,0.286,0.43640433925049305,16.897499999999997,10.486666666666666,0.22058085716008036,55
2017,2,110593,0.4954670850461141,33,12,4,0,16,0.75,0.5364522997964368,0.525240805265525,0.5870363512145996,Pace,NE10,12-4,8.0,9.75,0.876,0.499,32.94,0.74,0.359,,20.38,11.5,8.75,3.63,12.38,0.314,16.38,0.75,0.49498642533936643,16.585454545454542,9.741666666666667,0.2521055809194115,34
2017,2,110594,0.44917503195337216,51,7,9,0,16,0.4375,0.4526265966311215,0.487923536710909,0.457669182493288,Pfeiffer,Conference Carolinas,7-9,5.94,6.38,0.813,0.487,30.25,0.659,0.339,,16.75,14.88,12.81,,10.81,0.341,18.19,0.438,0.4488205128205128,18.234,9.492222222222223,0.27464948673794654,51
2017,2,110609,0.42145324455186656,58,5,8,0,13,0.3846153846153846,0.4220685611522716,0.4811581154165197,0.4274776555841119,Post,Independent,5-8,5.54,9.23,0.815,,30.31,0.714,0.268,,15.69,14.62,13.15,,10.15,0.282,16.77,0.385,0.42214027149321265,16.093999999999998,10.689166666666665,0.16097966737346625,59
2017,2,110622,0.5897404455906057,6,10,7,0,17,0.5882352941176471,0.6078191560457997,0.5238573554597181,0.5819327404172412,Queens (NC),SAC,10-7,5.29,8.59,0.882,0.685,35.35,0.75,0.218,,16.06,10.12,9.88,,10.76,0.271,17.47,0.588,0.5907142857142856,18.18357142857143,9.770714285714286,0.21324949458035186,6
2017,2,110634,0.5521028764078837,13,4,12,0,16,0.25,0.5503487035839977,0.4708579318331842,0.4553888347502949,Roberts Wesleyan,ECC,4-12,4.63,7.5,0.808,0.545,27.25,0.821,0.38,,13.25,12.5,9.94,,8.63,0.283,17.69,0.25,0.5504666666666667,17.090714285714288,9.723571428571429,0.19355614746688418,13
2017,2,110610,0.5039431521836563,29,12,5,0,17,0.7058823529411765,0.4874236874236874,0.5244809906618686,0.551302679612605,Rockhurst,RMAC,12-5,8.24,10.12,0.836,0.6,34.71,0.696,0.471,,21.0,,9.41,3.35,12.76,0.294,18.53,0.706,0.503095238095238,18.185,10.10142857142857,0.24039779957565405,29
2017,2,110595,0.6032115598449316,2,7,7,0,14,0.5,0.6035394285919498,0.5196299144386772,0.5566771929056442,Rollins,Sunshine State,7-7,4.86,6.86,0.835,0.42,27.36,,0.354,,14.5,9.14,9.86,,9.64,0.267,13.57,0.5,0.6037142857142858,18.72357142857143,9.217142857142859,0.15274555339397822,3
2017,2,110597,0.46514023595275833,46,9,5,0,14,0.6428571428571429,0.4641422679884218,0.5177175028328901,0.5222147954167192,Saint Leo,Sunshine State,9-5,8.07,10.21,0.894,0.579,36.36,0.761,0.305,,22.64,13.5,9.0,5.57,14.57,0.378,14.64,0.643,0.4642958579881657,17.206666666666667,10.042727272727273,0.225813393150876,46
2017,2,110598,0.5153816409450079,19,2,10,0,12,0.1666666666666666,0.516055398205166,0.5179593581072405,0.4291842052960598,Saint Michael's,NE10,2-10,5.42,9.08,0.827,0.472,29.25,0.635,0.222,,14.17,12.83,10.83,,8.75,,18.92,0.167,0.5161519607843137,16.941,9.673636363636364,0.23630401466376527,19
2017,2,110611,0.5322590200440349,15,4,11,0,15,0.2666666666666666,0.5335997232901257,0.5063363499925045,0.4600506158098556,Saint Rose,NE10,4-11,,,0.786,0.538,27.6,0.732,0.315,,,14.0,11.67,,,,18.4,0.267,0.5336549019607842,17.325384615384614,9.382142857142856,0.23824313796495683,15
2017,2,110630,0.4908883718320607,36,12,4,0,16,0.75,0.5083723262032086,0.5168282432168481,0.5708932239058163,Seton Hill,ECAC-II,12-4,6.94,7.19,0.88,0.595,27.31,0.641,0.387,,19.25,9.75,7.38,4.94,12.31,0.319,13.63,0.75,0.49066666666666664,17.152307692307694,9.849999999999998,0.2454627634774127,36
2017,2,110635,0.4626376369612048,47,0,14,0,14,0.0,0.4636846405228758,0.4584207882995483,0.346447517336325,Shorter,Independent,0-14,,7.29,0.762,,,,,,,17.93,,,,,,0.0,0.4637435897435896,17.505454545454544,10.210909090909091,0.20355747661370385,47
2017,2,110591,0.4456211152470233,52,9,6,0,15,0.6,0.4677835898191935,0.5187894733973493,0.5135891632589341,Southern N.H.,NE10,9-6,6.07,6.93,0.787,0.515,34.07,0.702,0.377,,18.33,10.93,10.53,,12.27,0.273,16.27,0.6,0.4449397759103641,16.28,10.399230769230769,0.25613723908379804,53
2017,2,110596,0.5053974483054562,26,8,6,0,14,0.5714285714285714,0.5225643293754749,0.5192496545988862,0.5339517211946019,St. Anselm,NE10,8-6,6.0,9.57,0.846,0.461,36.07,0.607,0.32,,18.36,11.29,10.21,,12.36,0.265,16.86,0.571,0.5052171945701356,16.951818181818183,9.606666666666667,0.24797515844121867,26
2017,2,110612,0.42145324455186656,58,5,10,0,15,0.3333333333333333,0.4221566831860949,0.4908667002390343,0.4171283499861394,St. Thomas Aquinas,ECC,5-10,,6.27,0.809,,26.73,0.779,0.182,,,12.73,10.93,,7.67,0.248,16.4,0.333,0.4223026646556058,15.770000000000003,10.489999999999998,0.22020093256752085,58
2017,2,110599,0.5999506261013666,4,15,5,0,20,0.75,0.608463363262125,0.5512195557224796,0.6295365705616824,Tampa,Sunshine State,15-5,7.85,8.6,0.904,0.6,31.85,,0.692,,21.9,9.25,8.4,5.65,14.05,0.365,13.9,0.75,0.6004236111111111,18.812666666666665,9.308,0.2396008293732361,4
2017,2,110624,0.42897433564254933,57,11,4,0,15,0.7333333333333333,0.4580659699777347,0.5127536491148024,0.5405547306009013,Tusculum,SAC,11-4,8.93,7.87,0.837,0.454,32.6,0.822,0.458,,22.6,11.4,8.53,5.13,13.67,0.338,14.2,0.733,0.42876331360946734,16.758000000000003,10.589090909090912,0.25552215491744273,57
2017,2,110583,0.4983625824671155,30,7,6,0,13,0.5384615384615384,0.4978717361070301,0.5287681306397252,0.515743285328831,UIndy,Independent,7-6,7.0,8.54,0.88,0.581,29.46,0.725,0.327,,17.77,10.62,7.0,3.77,10.77,0.285,14.62,0.538,0.49799999999999994,17.61272727272727,9.92,0.2666903835607139,32
2017,2,110633,0.5099073395758945,22,4,12,0,16,0.25,0.528531746031746,0.4814616175337025,0.4471312773992986,Walsh,ECAC-II,4-12,,6.38,0.864,0.514,25.69,0.639,0.188,,,10.69,9.94,,,0.242,17.19,0.25,0.5092380952380953,17.35571428571428,9.773076923076923,0.19818900024621475,22
2017,2,110623,0.5262057227056925,17,6,8,0,14,0.4285714285714285,0.5254463323791055,0.501140227901278,0.4951510803077294,Wheeling,MEC,6-8,6.29,8.79,0.883,0.384,29.43,0.684,0.357,,17.64,12.21,10.43,,11.36,0.329,13.71,0.429,0.5254523809523809,17.348461538461535,9.543846153846154,0.21932307861187658,18
2017,2,110613,0.5595428853863725,8,13,4,0,17,0.7647058823529411,0.5727856630105765,0.5197597919813883,0.6075092500888706,Wingate,SAC,13-4,6.41,7.53,0.858,0.46,29.76,0.743,0.313,,17.12,11.12,7.53,3.18,10.71,0.303,12.47,0.765,0.5611333333333332,17.921333333333333,9.993333333333332,0.2047925345861568,8
2017,2,110636,0.39862728722015,61,7,8,0,15,0.4666666666666667,0.3965908927673634,0.4872494477831582,0.436774474996138,Young Harris,Independent,7-8,6.8,8.93,0.855,0.572,31.8,0.676,0.286,,19.07,,9.87,,12.27,0.286,15.53,0.467,0.39675042735042726,16.526923076923076,11.182307692307692,0.23943281314620143,61
2018,1,423561,0.46806895742065724,49,10,20,0,30,0.3333333333333333,0.4679393210275562,0.4829890741760367,0.4380502623911206,Air Force,SoCon,5-10,3.53,5.07,0.826,0.526,20.73,0.511,0.281,,11.4,8.4,10.67,-2.8,7.87,0.253,12.27,0.333,0.4680666666666667,15.970000000000002,10.427999999999999,0.20261143984374516,49
2018,1,423562,0.5133011137511152,25,10,16,0,26,0.3846153846153846,0.5135226575837436,0.5174159293340964,0.482269157279242,Army West Point,Patriot,5-8,5.54,8.62,0.843,0.493,28.92,0.68,0.343,,14.54,8.08,8.38,0.62,9.0,0.246,12.69,0.385,0.5136153846153845,15.986923076923079,10.27,0.2025956710227535,25
2018,1,423501,0.42465677695923454,61,8,18,0,26,0.3076923076923077,0.4249017259763866,0.4698750644430536,0.4068427060220336,Bellarmine,SoCon,4-9,4.62,7.38,0.791,0.487,22.15,0.771,0.326,,12.46,11.62,9.38,-1.54,7.85,0.241,14.85,0.308,0.42499999999999993,14.710769230769234,10.643846153846154,0.1637864463256957,61
2018,1,423502,0.44917503195337216,53,8,22,0,30,0.2666666666666666,0.448750181134082,0.4923957508517457,0.4141406949466441,Binghamton,America East,4-11,3.53,6.73,0.838,0.418,22.47,0.761,0.205,,11.53,11.53,12.87,-4.87,8.0,0.245,12.6,0.267,0.44886666666666664,16.375333333333334,10.741999999999999,0.1953731017537698,53
2018,1,423503,0.48731575717712705,39,16,18,0,34,0.4705882352941176,0.5183403678213367,0.5134169296504383,0.5051714751468074,Boston U.,Patriot,8-9,6.82,6.47,0.839,0.478,29.41,0.61,0.568,,16.88,12.24,11.35,-1.29,10.06,0.309,13.65,0.471,0.4875333333333333,15.517333333333333,10.177333333333333,0.19333386206824252,39
2018,1,423504,0.5368534379052887,14,12,18,0,30,0.4,0.5493807608513491,0.5180024428734472,0.5041909911440364,Brown,Ivy League,6-9,6.8,6.13,0.873,0.54,30.2,0.682,0.407,,18.53,13.8,12.27,-0.53,11.73,0.294,14.93,0.4,0.537,17.119285714285716,10.661428571428571,0.17588226581600383,15
2018,1,423505,0.4680277562767098,50,16,14,0,30,0.5333333333333333,0.4840913117383705,0.4888195247948646,0.4975838704012347,Bryant,NEC,8-7,5.07,6.0,0.888,0.675,32.13,0.697,0.366,,16.4,8.73,9.73,1.6,11.33,0.296,13.73,0.533,0.467142857142857,16.51142857142857,10.602142857142857,0.1979339201215746,50
2018,1,423506,0.4909328592300994,36,22,8,0,30,0.7333333333333333,0.4900100553041729,0.5161709893590852,0.557381108325191,Bucknell,Patriot,11-4,6.4,7.4,0.874,0.459,26.07,0.65,0.326,,18.07,8.93,9.0,2.67,11.67,0.328,10.67,0.733,0.4915,16.044999999999998,10.38142857142857,0.1882554305799892,36
2018,1,423507,0.405880695234838,63,16,18,0,34,0.4705882352941176,0.4446031179003315,0.4591029464271071,0.454724354380472,Canisius,MAAC,8-9,7.29,6.35,0.894,0.399,26.0,0.605,0.488,,18.76,10.0,12.76,-1.29,11.47,0.36,12.82,0.471,0.40542857142857136,15.637857142857142,10.947857142857142,0.20122329966117394,63
2018,1,423508,0.49414640775339724,35,8,20,0,28,0.2857142857142857,0.4944961959142632,0.461600855592069,0.4340768832837203,Cleveland St.,Independent,4-10,4.43,7.0,0.869,0.488,26.71,0.576,0.255,,13.07,10.57,11.36,-2.71,8.64,0.248,15.21,0.286,0.4945,15.659285714285716,10.207857142857142,0.18019701519646292,35
2018,1,423509,0.4699189528863625,47,14,16,0,30,0.4666666666666667,0.4772525078407431,0.5055674349495141,0.4816847793244167,Colgate,Patriot,7-8,6.53,5.67,0.866,0.595,29.07,0.688,0.383,,18.4,9.07,10.47,1.4,11.87,0.315,12.33,0.467,0.4694285714285714,15.919285714285715,10.57642857142857,0.1930676100251317,47
2018,1,423510,0.5133011137511152,25,26,10,0,36,0.7222222222222222,0.5262751944382491,0.5399360872095152,0.5786771745770589,Cornell,Ivy League,13-5,9.56,7.11,0.86,0.443,28.83,0.661,0.375,,23.11,11.56,9.22,4.33,13.56,0.389,11.39,0.722,0.5126000000000002,17.474,10.806666666666668,0.2004623988017038,26
2018,1,423511,0.5290259313522562,18,4,22,0,26,0.1538461538461538,0.5293485046878712,0.5045561341273281,0.429274824337306,Dartmouth,Ivy League,2-11,4.38,6.69,0.802,0.397,28.85,0.489,0.269,,12.85,10.85,14.08,-5.62,8.46,0.272,15.0,0.154,0.5294615384615384,18.095384615384617,10.973076923076924,0.14351500344221071,18
2018,1,423512,0.4330344735988592,60,12,16,0,28,0.4285714285714285,0.434902999661403,0.5059619051623303,0.4510848332641412,Delaware,CAA,6-8,4.71,6.43,0.876,0.453,26.29,0.737,0.236,,15.29,11.79,10.5,0.07,10.57,0.291,10.86,0.429,0.4326923076923076,15.256923076923076,10.639999999999999,0.183520858011954,60
2018,1,423513,0.5108853978782903,27,26,8,0,34,0.7647058823529411,0.523687028991163,0.5430818887384014,0.5887904572684172,Denver,Big East,13-4,6.71,4.88,0.882,0.738,26.71,0.556,0.512,,18.06,7.12,7.88,3.47,11.35,0.328,11.88,0.765,0.5120714285714286,15.598571428571429,9.881428571428572,0.1757869913461477,27
2018,1,423514,0.3988373066149643,65,18,14,0,32,0.5625,0.4073697748330101,0.4680069116456966,0.4613116153279292,Detroit Mercy,MAAC,9-7,6.0,8.56,0.889,0.477,29.38,0.679,0.288,,16.31,11.13,9.38,0.94,10.31,0.292,14.38,0.563,0.39871428571428563,14.377857142857142,10.549285714285714,0.13097624025068091,65
2018,1,423515,0.5322590200440349,17,10,16,0,26,0.3846153846153846,0.5335394481679312,0.5045972212806366,0.4890728755579708,Drexel,CAA,5-8,5.46,5.23,0.888,0.475,23.85,0.673,0.34,,15.85,10.54,12.46,-2.08,10.38,0.321,13.85,0.385,0.5336153846153846,16.477692307692305,9.789230769230768,0.19001762608992898,17
2018,1,423516,0.5706606973020336,7,32,8,0,40,0.8,0.5724288048552755,0.5548924434919329,0.624937513300621,Duke,ACC,16-4,7.5,7.65,0.895,0.51,31.2,0.667,0.5,,21.1,9.5,8.65,4.95,13.6,0.372,11.1,0.8,0.5711052631578947,16.70684210526316,10.203684210526317,0.1540153426181069,7
2018,1,423517,0.5272554767244328,20,8,22,0,30,0.2666666666666666,0.5269336709042591,0.4946557872702122,0.4537974489363492,Fairfield,CAA,4-11,5.93,5.8,0.863,0.488,26.6,0.73,0.476,,14.73,9.07,10.6,-1.8,8.8,0.259,12.47,0.267,0.5270666666666667,16.253333333333334,10.114666666666666,0.2000361522880857,20
2018,1,423518,0.478124070406951,43,8,20,0,28,0.2857142857142857,0.489999846092283,0.4718346366126132,0.4343871536278662,Furman,SoCon,4-10,4.86,6.36,0.873,0.311,21.93,0.58,0.289,,13.71,11.93,12.14,-3.29,8.86,0.305,13.71,0.286,0.478,15.922307692307694,10.51769230769231,0.17351745644835764,43
2018,1,423519,0.46514023595275833,51,24,10,0,34,0.7058823529411765,0.4910534726711197,0.5261738080354441,0.553540776579715,Georgetown,Big East,12-5,6.82,7.18,0.911,0.487,26.06,0.718,0.372,,17.88,9.76,8.12,2.94,11.06,0.333,11.65,0.706,0.4640666666666667,15.825333333333335,10.443999999999999,0.20542102023784117,51
2018,1,423520,0.20155323739485606,71,8,16,0,24,0.3333333333333333,0.1969436813186813,0.4251261093687968,0.2880867013348732,Hampton,DI Independent,4-8,4.08,11.58,0.823,0.413,34.58,0.378,0.311,,13.08,11.5,12.75,-3.75,9.0,0.242,18.5,0.333,0.19724999999999998,11.685,11.530000000000001,0.09440173462389342,71
2018,1,423521,0.5194278609136118,22,6,20,0,26,0.2307692307692307,0.5192027667498018,0.4807012502263852,0.4374690036238049,Hartford,America East,3-10,5.92,4.46,0.859,0.591,27.31,0.519,0.426,,15.77,10.77,12.31,-2.46,9.85,0.309,15.0,0.231,0.5193076923076922,16.285384615384615,10.235384615384616,0.16608819928227414,23
2018,1,423522,0.5073168293282724,31,14,12,0,26,0.5384615384615384,0.5075761831775167,0.5307495006409796,0.5210908513643878,Harvard,Ivy League,7-6,7.08,5.31,0.892,0.466,25.31,0.618,0.308,,17.92,12.92,11.77,-0.92,10.85,0.283,13.46,0.538,0.5076153846153846,17.74692307692308,10.82846153846154,0.21704573727904888,31
2018,1,423570,0.5108853978782903,27,12,16,0,28,0.4285714285714285,0.5129390217625512,0.4862550162844835,0.4851761220952536,High Point,SoCon,6-8,5.64,7.21,0.891,0.509,31.07,0.667,0.286,,17.0,13.0,12.07,-0.71,11.36,0.317,14.93,0.429,0.5114615384615384,16.124615384615385,10.116923076923078,0.21285336786862866,28
2018,1,423523,0.5064227373065731,32,8,20,0,28,0.2857142857142857,0.5060857676403894,0.4762148955371836,0.443525179133062,Hobart,NEC,4-10,5.5,6.79,0.908,0.619,28.43,0.676,0.294,,15.57,8.79,10.71,-0.64,10.07,0.249,13.21,0.286,0.5060714285714287,17.06142857142857,10.497857142857143,0.16648657787414844,33
2018,1,423524,0.47767479194115575,44,12,16,0,28,0.4285714285714285,0.4928636839351124,0.5041921875346758,0.4796227459940823,Hofstra,CAA,6-8,5.0,4.64,0.901,0.549,23.0,0.709,0.326,,13.57,10.21,7.86,0.71,8.57,0.263,10.64,0.429,0.4766153846153846,15.623846153846152,10.262307692307692,0.11386127758173266,44
2018,1,423525,0.528544669610379,19,8,18,0,26,0.3076923076923077,0.5286766777717005,0.4936573021605536,0.4646757413490655,Holy Cross,Patriot,4-9,3.38,7.85,0.856,0.565,26.62,0.729,0.208,,10.08,8.31,11.0,-4.31,6.69,0.184,16.69,0.308,0.5286923076923076,16.662307692307696,10.13923076923077,0.16617709951243842,19
2018,1,423526,0.47347090591462715,46,16,14,0,30,0.5333333333333333,0.4823215183509301,0.4850361519309271,0.4957531304915302,Jacksonville,SoCon,8-7,6.47,7.07,0.875,0.701,33.2,0.735,0.311,,18.0,8.6,10.4,1.13,11.53,0.322,15.67,0.533,0.4739230769230769,14.611538461538462,10.078461538461537,0.19153608277793813,46
2018,1,423527,0.5939809739826961,4,24,10,0,34,0.7058823529411765,0.6018179820947988,0.5426297331508143,0.613037012570397,Johns Hopkins,Big Ten,12-5,7.29,5.59,0.897,0.524,27.0,0.68,0.355,,19.0,9.88,9.71,2.0,11.71,0.294,10.88,0.706,0.5946666666666667,17.371333333333336,9.692666666666668,0.12335513320850855,4
2018,1,423528,0.4349258478078456,59,6,24,0,30,0.2,0.4341113624937154,0.481878785345623,0.3875253775832635,Lafayette,Patriot,3-12,4.2,6.47,0.78,0.477,27.87,0.574,0.19,,12.0,10.27,13.4,-5.6,7.8,0.235,17.2,0.2,0.43433333333333324,14.848,10.356666666666666,0.18686525151087408,59
2018,1,423529,0.4699189528863625,47,20,14,0,34,0.5882352941176471,0.4966880341880342,0.5075166152115402,0.522281994426314,Lehigh,Patriot,10-7,6.65,7.71,0.875,0.591,30.82,0.66,0.634,,17.24,8.71,9.47,1.12,10.59,0.321,13.53,0.588,0.4694285714285714,15.661428571428571,10.11357142857143,0.20265865540915073,47
2018,1,423531,0.5706606973020336,7,26,8,0,34,0.7647058823529411,0.5714456823453364,0.521827828199808,0.6073562688108555,Loyola Maryland,Patriot,13-4,7.41,9.65,0.868,0.426,30.88,0.69,0.255,,20.53,10.0,8.71,4.41,13.12,0.351,12.24,0.765,0.5707857142857142,16.8,9.879999999999999,0.18529944050930436,8
2018,1,423532,0.37672084140024403,68,8,20,0,28,0.2857142857142857,0.3756791178009666,0.4362840102947164,0.3683391329027338,Manhattan,MAAC,4-10,5.29,4.79,0.866,0.452,28.29,0.816,0.283,,14.0,12.14,11.5,-2.79,8.71,0.26,13.79,0.286,0.3758571428571429,14.837857142857144,11.115,0.18224036605650287,68
2018,1,423533,0.5018850486912354,34,6,24,0,30,0.2,0.5025573391749862,0.4700552950728795,0.418792493355713,Marist,MAAC,3-12,4.33,4.33,0.849,0.448,19.47,0.643,0.295,,12.4,11.4,11.6,-3.53,8.07,0.272,11.67,0.2,0.5027333333333333,16.06533333333333,10.384666666666666,0.1880264047650991,34
2018,1,423534,0.5767381873326238,5,12,16,0,28,0.4285714285714285,0.5894791891115422,0.5112978741861907,0.5297069202451758,Marquette,Big East,6-8,4.0,5.21,0.87,0.561,25.14,0.714,0.271,,11.86,8.79,9.86,-2.0,7.86,0.233,13.0,0.429,0.576,16.36769230769231,9.223076923076922,0.14766490130333298,5
2018,1,423536,0.594650699613747,3,28,8,0,36,0.7777777777777778,0.6020888959872449,0.5543937106184199,0.6340873200926719,Maryland,Big Ten,14-4,6.61,4.89,0.891,0.528,26.17,0.784,0.591,,18.28,10.39,9.44,2.22,11.67,0.353,9.83,0.778,0.5956874999999999,17.405625,9.728750000000002,0.1510060920749557,3
2018,1,423537,0.4456211152470233,54,24,10,0,34,0.7058823529411765,0.4703204561176697,0.517480233119423,0.5410008745739847,Massachusetts,CAA,12-5,7.65,7.94,0.887,0.567,28.88,0.683,0.361,,19.24,11.82,10.0,1.59,11.59,0.309,13.59,0.706,0.44664285714285723,16.39785714285714,10.565714285714284,0.20131340425986013,54
2018,1,423538,0.4403725539014282,55,8,20,0,28,0.2857142857142857,0.4401223951118909,0.4683102376431039,0.4085673283952928,Mercer,SoCon,4-10,4.29,7.71,0.819,0.438,24.0,0.608,0.226,,12.36,10.21,10.43,-2.36,8.07,0.241,14.07,0.286,0.4402142857142857,15.366428571428573,10.693571428571428,0.15889402513779366,55
2018,1,423539,0.5064227373065731,32,16,12,0,28,0.5714285714285714,0.5067868172910189,0.5443164370788903,0.5323296607723749,Michigan,Big Ten,8-6,5.29,6.29,0.858,0.491,24.36,0.696,0.267,,15.43,11.36,9.71,0.43,10.14,0.293,13.21,0.571,0.5068571428571429,15.242142857142857,9.796428571428569,0.18128425081025853,32
2018,1,423540,0.40029874743300725,64,14,16,0,30,0.4666666666666667,0.4123585075055663,0.4329369634673771,0.4310801612862941,Monmouth,MAAC,7-8,5.53,7.2,0.936,0.378,26.8,0.69,0.362,,15.73,11.93,9.0,1.2,10.2,0.287,10.87,0.467,0.4017857142857143,15.172142857142855,10.977857142857143,0.1856306542463242,64
2018,1,423541,0.48827227150394964,38,10,18,0,28,0.3571428571428571,0.4880480397287119,0.4652178535491385,0.4496141975373549,Mount St. Mary's,NEC,5-9,6.79,8.29,0.847,0.538,32.29,0.689,0.25,,18.0,10.14,12.5,-1.29,11.21,0.284,16.71,0.357,0.488142857142857,15.071428571428571,9.745714285714286,0.1887128798476886,38
2018,1,423543,0.4535502512738834,52,2,30,0,32,0.0625,0.4533653846153845,0.4266354858133098,0.3489665637610197,NJIT,Independent,1-15,3.94,6.56,0.794,0.365,25.19,0.465,0.254,,10.5,11.56,12.38,-5.81,6.56,0.243,15.69,0.063,0.45343750000000005,15.648125,10.442499999999999,0.18341924951800995,52
2018,1,423563,0.5083978221798221,30,18,10,0,28,0.6428571428571429,0.5142713495654673,0.5252116329081067,0.5491528687240461,Navy,Patriot,9-5,5.43,6.0,0.853,0.553,28.86,0.654,0.259,,14.43,8.86,8.93,0.07,9.0,0.274,14.93,0.643,0.5086923076923077,15.867692307692307,10.045384615384613,0.1680363443358355,30
2018,1,423542,0.5521028764078837,13,14,14,0,28,0.5,0.5508736828064559,0.5255442865701505,0.5318229130457656,North Carolina,ACC,7-7,5.93,5.5,0.874,0.441,26.29,0.698,0.477,,16.86,9.79,10.93,0.0,10.93,0.308,10.64,0.5,0.551,16.537857142857142,10.01142857142857,0.18964930040170763,13
2018,1,423544,0.5967531025170719,2,18,12,0,30,0.6,0.6267575833752305,0.5378356129504502,0.5978376949252278,Notre Dame,ACC,9-6,4.73,5.73,0.919,0.526,27.27,0.611,0.315,,14.8,7.47,8.6,1.47,10.07,0.307,13.67,0.6,0.5975833333333334,16.781666666666663,9.6175,0.1298046341836668,2
2018,1,423545,0.5562628414099327,11,16,14,0,30,0.5333333333333333,0.5648700591347651,0.5387785473232747,0.5504629997315345,Ohio St.,Big Ten,8-7,4.6,5.73,0.934,0.579,28.6,0.525,0.273,,13.53,8.67,8.6,0.33,8.93,0.269,12.13,0.533,0.5549285714285714,16.144285714285715,9.589285714285714,0.13110871404280947,12
2018,1,423547,0.6234489407077718,1,14,16,0,30,0.4666666666666667,0.6390048840048841,0.5293063776912005,0.5684957030919089,Penn,Ivy League,7-8,5.13,4.53,0.89,0.46,21.27,0.678,0.414,,14.53,9.73,10.53,-1.13,9.4,0.276,11.33,0.467,0.6237857142857143,18.325,10.212142857142856,0.1739594281810021,1
2018,1,423546,0.522638759045539,21,16,12,0,28,0.5714285714285714,0.5225006669334401,0.5401101730261239,0.5391350195803939,Penn St.,Big Ten,8-6,6.86,6.0,0.888,0.655,31.07,0.788,0.265,,19.43,11.21,9.57,3.0,12.57,0.34,12.71,0.571,0.5225714285714285,16.307142857142857,10.142857142857142,0.17662822711063172,21
2018,1,423548,0.48838978651853954,37,16,10,0,26,0.6153846153846154,0.4884291487798275,0.5259322267757132,0.529543784929996,Princeton,Ivy League,8-5,9.23,7.0,0.819,0.48,31.15,0.625,0.471,,22.85,13.15,12.15,1.46,13.62,0.358,12.54,0.615,0.4885384615384616,17.076923076923077,11.01,0.2215847173932546,37
2018,1,423549,0.5148545386828186,24,10,20,0,30,0.3333333333333333,0.5143995546936723,0.5041843719122555,0.4665792036582333,Providence,Big East,5-10,5.0,4.27,0.914,0.476,20.93,0.58,0.34,,14.27,11.0,9.8,-0.53,9.27,0.267,11.0,0.333,0.5145333333333334,15.956666666666667,10.269333333333332,0.13142342087906386,24
2018,1,423550,0.36059723243991854,70,18,12,0,30,0.6,0.3672933275874452,0.4597941707971757,0.4485952064930166,Quinnipiac,MAAC,9-6,5.93,7.6,0.846,0.557,32.33,0.58,0.364,,17.67,10.13,10.2,1.53,11.73,0.287,13.27,0.6,0.36014285714285704,14.7,11.058571428571428,0.16969167718577846,70
2018,1,423551,0.4812349406027838,42,22,12,0,34,0.6470588235294118,0.4724186030687579,0.5013085956919472,0.5233011563397187,Richmond,SoCon,11-6,6.71,7.06,0.92,0.417,26.94,0.725,0.44,,17.35,9.76,10.47,0.18,10.65,0.304,12.76,0.647,0.4808666666666666,16.026666666666667,10.332666666666665,0.20157971679269276,42
2018,1,423552,0.48369025362827456,41,26,10,0,36,0.7222222222222222,0.49863255843648,0.4842105640192825,0.5509244757786161,Robert Morris,NEC,13-5,6.89,9.39,0.91,0.412,28.11,0.771,0.429,,18.44,11.0,8.0,3.56,11.56,0.339,13.44,0.722,0.4826666666666666,16.037999999999997,10.317333333333332,0.16172926623080794,41
2018,1,423553,0.5368534379052887,14,18,12,0,30,0.6,0.553681917211329,0.5316716911730073,0.5597588813989163,Rutgers,Big Ten,9-6,6.73,6.47,0.881,0.46,27.8,0.698,0.289,,17.93,9.53,9.53,1.67,11.2,0.329,11.4,0.6,0.5376428571428572,17.215714285714288,9.933571428571428,0.13887075550559186,14
2018,1,423554,0.439010545283447,56,14,16,0,30,0.4666666666666667,0.4575146639852522,0.4785353774572872,0.4650578430236146,Sacred Heart,NEC,7-8,5.87,9.13,0.889,0.467,30.87,0.617,0.4,,16.87,11.0,11.73,-0.73,11.0,0.287,13.07,0.467,0.4378571428571428,15.355714285714283,10.554285714285715,0.20357899735303078,57
2018,1,423556,0.39015177915864324,66,22,8,0,30,0.7333333333333333,0.416580179080179,0.4885012605932061,0.5137487380217244,Saint Joseph's,NEC,11-4,6.2,6.07,0.901,0.437,24.33,0.766,0.295,,16.2,12.0,8.0,2.0,10.0,0.326,11.33,0.733,0.38938461538461533,15.211538461538462,10.572307692307692,0.15141107492342645,66
2018,1,423557,0.439010545283447,56,6,18,0,24,0.25,0.4377695629533865,0.4486306597575663,0.3935424464160847,Siena,MAAC,3-9,4.92,6.25,0.875,0.483,29.75,0.5,0.286,,15.25,13.17,13.33,-3.0,10.33,0.256,13.5,0.25,0.4379166666666667,16.083333333333332,10.875833333333333,0.13809263698289234,56
2018,1,423555,0.47604882346125055,45,12,16,0,28,0.4285714285714285,0.4749465170683658,0.5130533712764253,0.4728794584961463,St. John's (NY),Big East,6-8,6.21,6.0,0.871,0.429,25.36,0.651,0.419,,16.0,11.07,10.0,-0.21,9.79,0.302,10.93,0.429,0.47507142857142853,15.605000000000002,10.444285714285714,0.18565577374951367,45
2018,1,423558,0.48731575717712705,39,14,16,0,30,0.4666666666666667,0.5045408392776815,0.4992751879303748,0.493755883288101,Stony Brook,America East,7-8,5.53,5.67,0.886,0.333,22.07,0.465,0.308,,14.47,9.6,11.07,-2.13,8.93,0.283,11.47,0.467,0.48714285714285716,16.892142857142858,10.420714285714286,0.1770068025903674,40
2018,1,423559,0.5767381873326238,5,16,14,0,30,0.5333333333333333,0.5914857026931329,0.5385507469227087,0.5637138714105769,Syracuse,ACC,8-7,6.47,7.93,0.857,0.482,30.47,0.642,0.381,,17.73,9.4,10.67,0.6,11.27,0.328,12.4,0.533,0.5757692307692307,17.81538461538462,9.851538461538464,0.17689377683803256,6
2018,1,423560,0.5562628414099327,11,14,16,0,30,0.4666666666666667,0.5576686059039001,0.5125640843018068,0.5236419906940684,Towson,CAA,7-8,4.47,5.27,0.855,0.604,26.47,0.538,0.256,,13.4,10.0,9.6,-0.67,8.93,0.256,14.13,0.467,0.5563846153846154,16.675384615384612,9.489230769230769,0.181613934767614,11
2018,1,423500,0.5595428853863725,9,32,6,0,38,0.8421052631578947,0.5838612368024133,0.5077541567548048,0.6293954733793816,UAlbany,America East,16-3,9.58,5.68,0.918,0.769,33.26,0.609,0.375,,24.0,10.47,8.63,5.79,14.42,0.326,12.42,0.842,0.5621875000000001,17.049999999999997,10.38625,0.18397086003970847,9
2018,1,423535,0.5108853978782903,27,10,16,0,26,0.3846153846153846,0.5113264801404834,0.5086065496770068,0.4789687236433395,UMBC,America East,5-8,3.15,6.85,0.878,0.354,19.38,0.765,0.206,,10.0,8.15,7.77,-0.92,6.85,0.217,13.0,0.385,0.5113846153846153,16.05076923076923,10.468461538461538,0.1974045196511423,29
2018,1,423530,0.42145324455186656,62,16,16,0,32,0.5,0.4487083003748058,0.4801816515425636,0.4693995630730438,UMass Lowell,America East,8-8,6.75,8.5,0.862,0.382,32.44,0.75,0.516,,16.75,13.81,10.63,-0.63,10.0,0.288,14.63,0.5,0.4225999999999999,15.288666666666668,10.851333333333333,0.22096841403241324,62
2018,1,423566,0.3715394491834932,69,4,22,0,26,0.1538461538461538,0.3701914789584472,0.4404102772975611,0.3336598472651523,VMI,Southland,2-11,3.69,9.31,0.837,0.527,30.15,0.674,0.219,,12.31,11.92,12.38,-3.77,8.62,0.247,16.85,0.154,0.37030769230769234,14.542307692307693,11.24076923076923,0.15792178425039533,69
2018,1,423564,0.43651324054513757,58,24,8,0,32,0.75,0.4632530846346636,0.4959910970243891,0.5431243165734291,Vermont,America East,12-4,5.81,7.81,0.852,0.46,27.19,0.667,0.279,,16.13,12.06,8.06,2.25,10.31,0.324,15.19,0.75,0.43614285714285705,15.447857142857146,10.801428571428572,0.17395642194151348,58
2018,1,423565,0.5353142358592355,16,20,12,0,32,0.625,0.546327793938088,0.5338786691091897,0.5628835642463415,Villanova,Big East,10-6,5.75,5.75,0.9,0.426,25.13,0.569,0.439,,16.5,9.56,11.38,-0.63,10.75,0.269,10.31,0.625,0.5358666666666667,16.748666666666665,9.756,0.18526480747537802,16
2018,1,423567,0.5194278609136118,22,24,12,0,36,0.6666666666666666,0.5382035720271016,0.5308243140957016,0.5684745312041428,Virginia,ACC,12-6,7.72,8.28,0.849,0.577,38.0,0.676,0.382,,20.33,10.61,11.44,1.17,12.61,0.321,14.83,0.667,0.5194,16.855333333333334,10.767333333333335,0.20166334983498282,22
2018,1,423568,0.382692861726966,67,8,20,0,28,0.2857142857142857,0.3824513779870923,0.4278745632555329,0.3696229012360008,Wagner,NEC,4-10,3.93,9.07,0.805,0.411,25.57,0.795,0.375,,10.86,13.36,10.0,-3.07,6.93,0.238,16.29,0.286,0.38249999999999995,14.972857142857142,11.168571428571427,0.20422038166087705,67
2018,1,423569,0.5575638630231748,10,34,6,0,40,0.85,0.5837956552391537,0.5357119807887253,0.6383258228167582,Yale,Ivy League,17-3,7.95,8.2,0.869,0.6,32.75,0.636,0.47,,21.85,8.05,8.8,5.1,13.9,0.33,12.8,0.85,0.558625,18.011875,10.501874999999998,0.20611370496645778,10
2018,2,423598,0.5053974483054562,35,4,10,0,14,0.2857142857142857,0.5396832579185521,0.5294674300628525,0.4736370579035606,Adams St.,RMAC,4-10,3.43,9.5,0.76,0.443,31.79,0.689,0.226,,11.79,15.0,11.93,,8.36,0.221,21.21,0.286,0.505,17.46,10.928333333333333,0.2487321182852481,38
2018,2,423571,0.5042812408410572,39,11,4,0,15,0.7333333333333333,0.5338033999024712,0.5343622711861021,0.5838256010810945,Adelphi,NE10,11-4,7.73,7.53,0.876,0.669,33.73,0.83,0.3,,20.93,9.4,7.93,5.27,13.2,0.314,14.47,0.733,0.5046153846153846,15.894615384615387,10.046153846153848,0.2357520008762593,39
2018,2,423572,0.3836426555062742,64,8,7,0,15,0.5333333333333333,0.4015759610186855,0.5102452653885947,0.4616826301898247,Alabama Huntsville,GLVC,8-7,5.2,5.73,0.819,0.497,28.53,0.634,0.29,,15.8,10.07,9.73,,10.6,0.285,16.0,0.533,0.3826428571428571,13.932857142857141,11.534999999999998,0.24586541241176676,64
2018,2,423599,0.43988802430153345,55,3,8,0,11,0.2727272727272727,0.4393215079554089,0.4758305693306427,0.4068002144921833,Alderson Broaddus,G-MAC,3-8,4.27,7.73,0.726,0.471,34.82,0.688,0.309,,11.91,16.27,15.55,,7.64,0.315,20.18,0.273,0.43949999999999995,15.88,11.032000000000002,0.28134329563719834,55
2018,2,423573,0.5153816409450079,29,1,15,0,16,0.0625,0.5158953396642058,0.5128670136161526,0.401789423236141,American Int'l,NE10,1-15,3.19,5.56,0.635,0.365,22.5,0.676,0.241,,9.75,15.5,15.31,,6.56,0.249,19.06,0.063,0.515875,16.126250000000002,9.735,0.22627772620167455,29
2018,2,423574,0.47767479194115575,47,7,6,0,13,0.5384615384615384,0.4773156786850523,0.5148206519157527,0.5019783869368489,Assumption,NE10,7-6,7.23,7.54,0.9,0.524,30.38,0.809,0.308,,18.0,11.62,9.69,,10.77,0.334,13.69,0.538,0.47738461538461535,15.367692307692307,10.406923076923078,0.2598128138195883,47
2018,2,423612,0.5483239020480607,16,14,4,0,18,0.7777777777777778,0.5392823065560273,0.5589507452085715,0.603823284024601,Belmont Abbey,Conference Carolinas,14-4,7.44,7.83,0.909,0.604,34.06,0.818,0.338,,21.33,7.72,7.94,5.94,13.89,0.331,14.67,0.778,0.5486428571428571,17.890714285714285,10.484285714285715,0.1468855760412832,16
2018,2,423575,0.5393807189796257,19,5,8,0,13,0.3846153846153846,0.5388940575711235,0.5350322915504004,0.499358947827008,Bentley,NE10,5-8,5.23,4.62,0.875,0.394,23.31,0.658,0.293,,15.46,12.62,11.0,,10.23,0.273,13.69,0.385,0.5388461538461538,16.72538461538462,10.061538461538463,0.24073312582572112,19
2018,2,423613,0.48731575717712705,45,6,9,0,15,0.4,0.5724143503555268,0.5173651045172496,0.5155484513070758,CSU Pueblo,RMAC,6-9,7.07,9.53,0.766,0.449,33.6,0.677,0.373,,19.13,13.53,15.67,,12.07,0.365,23.73,0.4,0.486,16.236666666666668,10.304999999999998,0.2601204849039511,46
2018,2,423600,0.5522102123590636,14,6,9,0,15,0.4,0.553447936079515,0.5310010941615239,0.5094742415801384,Catawba,SAC,6-9,5.07,7.33,0.826,0.557,32.27,0.697,0.282,,16.87,12.53,13.07,,11.8,0.295,17.0,0.4,0.5529999999999998,18.092142857142857,10.176428571428572,0.19810170548050743,14
2018,2,423626,0.4456211152470233,53,7,10,0,17,0.4117647058823529,0.4394028862636585,0.4569396985311837,0.4368775442352134,Chestnut Hill,CACC,7-10,5.24,7.18,0.825,0.582,31.65,0.642,0.333,,15.0,12.0,9.47,,9.76,0.289,17.35,0.412,0.4453333333333333,14.953333333333331,10.566,0.2629146037953938,53
2018,2,423615,0.40029874743300725,61,8,8,0,16,0.5,0.407461625260506,0.500704495347933,0.4539069364672362,Chowan,Conference Carolinas,8-8,7.63,10.56,0.784,0.414,36.0,0.676,0.338,,20.19,15.0,12.81,,12.56,0.36,18.19,0.5,0.4023333333333334,14.590000000000002,11.531666666666666,0.21364703497955584,61
2018,2,423601,0.4435649689272657,54,7,8,0,15,0.4666666666666667,0.4653336804807392,0.5192097369028341,0.4791359411327448,Coker,SAC,7-8,5.27,7.87,0.835,0.296,23.33,0.649,0.288,,14.33,9.6,10.2,,9.07,0.301,14.33,0.467,0.44321428571428567,16.037857142857142,11.637857142857143,0.23565294656441235,54
2018,2,423619,0.4560060709633308,52,17,3,0,20,0.85,0.4867997198879552,0.5598065829790747,0.5958515056887462,Colorado Mesa,RMAC,17-3,8.3,7.35,0.862,0.645,39.95,0.769,0.409,,24.0,10.1,8.15,7.55,15.7,0.301,17.05,0.85,0.4572727272727273,16.16272727272727,11.263636363636364,0.24292987798917345,52
2018,2,423576,0.5073168293282724,34,0,12,0,12,0.0,0.5071155663938172,0.4637071036176545,0.3694845591013222,Davis & Elkins,G-MAC,0-12,3.67,7.75,0.683,0.322,28.25,0.622,0.203,,9.5,13.58,18.5,,5.83,0.231,21.25,0.0,0.50725,17.449166666666667,10.610833333333334,0.23607030202886597,34
2018,2,423577,0.439010545283447,56,8,7,0,15,0.5333333333333333,0.4382329011226623,0.4685407022313951,0.4695849594525133,Dist. Columbia,ECC,8-7,7.0,8.0,0.781,0.688,32.6,0.634,0.32,,19.47,12.6,11.4,,12.47,0.32,18.4,0.533,0.4382857142857142,15.225714285714288,10.862857142857141,0.2520842910534458,56
2018,2,423616,0.39347583824126525,63,3,11,0,14,0.2142857142857142,0.3920589340272598,0.4469645014312945,0.3613420209428821,Dominican (NY),CACC,3-11,5.36,7.86,0.777,0.397,27.57,0.741,0.247,,13.29,12.93,11.0,,7.93,0.246,16.93,0.214,0.39215384615384613,14.189230769230768,11.239230769230769,0.21542082113276514,63
2018,2,440581,0.5312387480409371,23,1,12,0,13,0.0769230769230769,0.5316594654055954,0.4974161387592467,0.4094145366233785,Embry-Riddle (FL),Sunshine State,1-12,1.77,7.0,0.712,0.421,28.85,0.579,0.255,,7.0,11.31,14.46,,5.23,0.195,21.77,0.077,0.5316153846153846,16.850769230769234,10.589230769230769,0.19738737332445808,23
2018,2,440361,0.40029874743300725,61,1,11,0,12,0.0833333333333333,0.3994417959491489,0.4224850905790696,0.3261755039526752,Felician,CACC,1-11,2.58,4.25,0.685,0.304,26.83,0.655,0.215,,7.67,15.25,15.42,,5.08,0.228,20.92,0.083,0.3994166666666667,14.276666666666666,10.753333333333332,0.15028941986122052,62
2018,2,423579,0.5904095733916372,5,8,7,0,15,0.5333333333333333,0.5913860112196024,0.5371323107062093,0.5633094166196869,Fla. Southern,Sunshine State,8-7,7.53,10.13,0.844,0.542,33.4,0.736,0.389,,19.4,11.0,10.53,,11.87,0.294,16.73,0.533,0.5913571428571428,17.11857142857143,10.032857142857143,0.2263103454307372,5
2018,2,423578,0.5449280208023384,17,9,6,0,15,0.6,0.5596374784731706,0.5571735863941878,0.5691121358351323,Florida Tech,Sunshine State,9-6,5.4,9.13,0.875,0.571,36.13,0.723,0.271,,17.8,11.27,10.4,,12.4,0.297,16.27,0.6,0.545076923076923,16.87923076923077,10.41230769230769,0.24906423686037352,18
2018,2,423580,0.5006439737748386,42,5,8,0,13,0.3846153846153846,0.4998220184990844,0.520623025786531,0.4762206118500211,Franklin Pierce,NE10,5-8,3.85,5.15,0.813,0.447,26.15,0.684,0.432,,13.31,11.69,11.46,,9.46,0.242,12.23,0.385,0.49976923076923074,16.43,10.094615384615384,0.24892234001982777,42
2018,2,423617,0.33896063825323636,68,11,6,0,17,0.6470588235294118,0.3416161548947016,0.4540587232765508,0.4460874641488415,Georgian Court,CACC,11-6,6.94,7.59,0.87,0.443,33.88,0.698,0.36,,18.12,13.71,8.41,,11.18,0.307,17.59,0.647,0.33926666666666666,13.302666666666664,11.806,0.19308252697285228,68
2018,2,423583,0.5315766561307629,21,10,5,0,15,0.6666666666666666,0.5535041443477976,0.5130387575775924,0.5716784282349636,LIU Post,ECC,10-5,6.33,7.67,0.865,0.678,35.0,0.732,0.377,,17.93,9.87,8.47,3.13,11.6,0.29,17.6,0.667,0.5318461538461539,16.735384615384614,9.99,0.23891255115751392,21
2018,2,423614,0.47008276292432105,49,11,3,0,14,0.7857142857142857,0.4854378335802484,0.5308975098475729,0.5718718656805889,Lake Erie,G-MAC,11-3,8.36,11.36,0.873,0.537,36.57,0.794,0.4,,24.36,8.0,7.86,8.14,16.0,0.32,14.57,0.786,0.47,15.792307692307693,10.890000000000002,0.27555007921219354,49
2018,2,423582,0.5183941918695314,28,15,2,0,17,0.8823529411764706,0.5282155598605245,0.5275890792352098,0.6165932850331823,Le Moyne,NE10,15-2,7.0,8.24,0.864,0.573,30.12,0.721,0.38,,20.24,9.71,6.59,6.65,13.24,0.298,12.59,0.882,0.5183125,17.0925,10.085,0.22056708694578617,28
2018,2,423623,0.5785083551280463,8,2,7,0,9,0.2222222222222222,0.6084654037053419,0.5150450716533882,0.4885495253215736,Lees-McRae,Conference Carolinas,2-7,4.78,8.44,0.709,0.378,26.44,0.606,0.267,,14.33,10.56,17.78,,9.56,0.345,19.11,0.222,0.5805,18.308333333333334,9.545,0.11684569596979885,8
2018,2,423602,0.6018076164641893,1,17,3,0,20,0.85,0.6166216847737745,0.5281311674559908,0.652843634250885,Lenoir-Rhyne,SAC,17-3,8.4,8.5,0.876,0.574,31.2,0.725,0.444,,22.75,12.55,9.4,4.95,14.35,0.317,15.55,0.85,0.6021176470588235,18.78882352941176,9.820588235294117,0.21621337020010395,1
2018,2,423603,0.594650699613747,4,11,8,0,19,0.5789473684210527,0.5985882514649286,0.5470875425435803,0.5808028534736225,Limestone,Conference Carolinas,11-8,6.95,6.58,0.851,0.555,33.68,0.719,0.323,,21.11,10.95,9.58,4.58,14.16,0.329,13.84,0.579,0.595625,18.38875,10.033750000000001,0.18478462970442103,4
2018,2,423604,0.3738853110854813,65,14,4,0,18,0.7777777777777778,0.3981071970792366,0.522606453571209,0.5241496563768651,Lincoln Memorial,SAC,14-4,10.0,10.61,0.863,0.542,39.06,0.77,0.4,,25.0,10.83,8.33,6.67,15.0,0.342,16.0,0.778,0.3726428571428571,14.638571428571426,12.277142857142858,0.2644999614212386,65
2018,2,423630,0.5897404455906057,6,6,7,0,13,0.4615384615384615,0.5902970252428457,0.532647538944299,0.543695012742113,Lindenwood,DII Independent,6-7,4.62,10.77,0.862,0.327,29.46,0.647,0.333,,16.31,8.54,10.62,,11.69,0.293,15.15,0.462,0.5904166666666666,17.886666666666667,9.874166666666666,0.1992086252873828,6
2018,2,423625,0.49414640775339724,43,9,6,0,15,0.6,0.4941783009269315,0.5549974317978406,0.5358385084129258,Lynn,Sunshine State,9-6,6.33,7.07,0.854,0.705,41.4,0.635,0.441,,18.33,8.53,9.2,,12.0,0.288,14.47,0.6,0.49423076923076914,16.37923076923077,10.651538461538461,0.24186841745243787,43
2018,2,423605,0.5646094496985398,12,2,12,0,14,0.1428571428571428,0.5637455623274951,0.5059433789551152,0.444072911616812,Mars Hill,SAC,2-12,4.57,4.71,0.801,0.265,21.57,0.607,0.409,,12.36,16.57,13.64,,7.79,0.284,15.57,0.143,0.5639285714285714,17.76214285714286,10.131428571428572,0.22618464779458214,12
2018,2,423584,0.5449280208023384,17,5,12,0,17,0.2941176470588235,0.5423607904700342,0.490970765241914,0.4674524983102014,Maryville (MO),GLVC,5-12,2.53,9.53,0.773,0.423,25.0,0.652,0.129,,8.53,9.94,9.94,,6.0,0.228,19.12,0.294,0.5453333333333332,17.69333333333333,10.396666666666667,0.23005337544916735,17
2018,2,423585,0.5009949749966803,41,10,5,0,15,0.6666666666666666,0.5119016495487084,0.4938745481484171,0.5460861284781252,Mercy,ECC,10-5,7.13,8.93,0.84,0.546,32.33,0.643,0.333,,19.13,10.2,8.47,3.53,12.0,0.329,14.27,0.667,0.5008571428571429,16.01214285714286,10.325000000000001,0.2271745260941958,41
2018,2,423586,0.5108853978782903,31,11,5,0,16,0.6875,0.5525991530828993,0.519918475591571,0.5781541954393424,Mercyhurst,G-MAC,11-5,5.88,9.31,0.88,0.516,30.5,0.824,0.265,,17.13,8.38,7.13,4.13,11.25,0.291,14.06,0.688,0.5116428571428572,17.000714285714288,10.897142857142857,0.2642135519242118,31
2018,2,423587,0.5782743269259256,9,18,1,0,19,0.9473684210526316,0.6000078065887908,0.5402467568707051,0.6719076977752295,Merrimack,NE10,18-1,9.32,7.16,0.891,0.66,34.79,0.815,0.412,,24.68,7.89,7.32,8.05,15.37,0.365,12.53,0.947,0.578625,17.70625,9.807500000000001,0.23110519114680225,9
2018,2,423588,0.46514023595275833,50,9,7,0,16,0.5625,0.4812730059972707,0.4961893906709536,0.5053088506663738,Molloy,ECC,9-7,5.94,10.0,0.827,0.527,31.06,0.783,0.304,,15.75,9.63,8.63,,9.81,0.269,16.69,0.563,0.4652,15.709333333333337,10.655999999999999,0.24131395870663322,51
2018,2,440381,0.3483737492760403,67,7,7,0,14,0.5,0.3443389189995525,0.4756835349525393,0.416090343237911,Montevallo,GLVC,7-7,5.21,6.79,0.751,0.448,31.64,0.75,0.345,,14.07,14.57,9.79,,8.86,0.317,22.79,0.5,0.34438461538461534,13.167692307692308,11.862307692307692,0.21640152795619338,67
2018,2,423606,0.5053974483054562,35,11,5,0,16,0.6875,0.5232970183124981,0.548247510091987,0.5705853866792459,Mount Olive,Conference Carolinas,11-5,6.06,10.56,0.899,0.479,30.38,0.825,0.324,,17.13,10.31,6.5,4.56,11.06,0.297,13.19,0.688,0.5052857142857142,16.990714285714287,11.074285714285717,0.20936619612925256,37
2018,2,423590,0.5967531025170719,3,13,5,0,18,0.7222222222222222,0.6184514280296014,0.5310221813468167,0.6225368149070605,New York Tech,ECC,13-5,7.61,7.11,0.864,0.535,29.5,0.507,0.4,,19.28,9.0,10.11,,11.67,0.291,13.78,0.722,0.5971333333333333,18.139333333333337,9.328000000000001,0.19398242761194173,3
2018,2,440561,0.47347090591462715,48,4,11,0,15,0.2666666666666666,0.4732896072181786,0.4916250167780837,0.4262177244702769,Newberry,SAC,4-11,3.87,6.8,0.835,0.472,27.13,0.635,0.237,,11.6,11.27,11.4,,7.73,0.239,17.73,0.267,0.47342857142857137,16.437857142857144,11.389285714285718,0.195550035352926,48
2018,2,423618,0.5311345476985015,24,8,9,0,17,0.4705882352941176,0.5320703129429909,0.5152390197441452,0.5124919702310612,North Greenville,Conference Carolinas,8-9,5.06,7.59,0.862,0.551,24.35,0.643,0.426,,15.76,10.06,10.24,,10.71,0.286,13.47,0.471,0.5311428571428571,17.805714285714288,10.690714285714284,0.2344884575724227,24
2018,2,423627,0.48731575717712705,45,2,8,0,10,0.2,0.4864545818327331,0.4582208359225208,0.4077824998969968,Notre Dame de Namur,DII Independent,2-8,4.5,9.3,0.725,0.536,32.3,0.714,0.28,,13.5,9.3,12.9,,9.0,0.243,20.8,0.2,0.4864285714285714,16.479999999999997,11.245714285714286,0.24852758233981492,45
2018,2,423624,0.436561771544163,57,3,9,0,12,0.25,0.4370845625392838,0.47534669551235,0.3998789551477294,Ohio Valley,G-MAC,3-9,4.67,4.58,0.846,0.346,22.0,0.75,0.132,,12.58,11.92,12.33,,7.92,0.269,13.5,0.25,0.4371666666666667,16.024166666666666,11.5175,0.2703377003346411,57
2018,2,423591,0.5521028764078837,15,7,7,0,14,0.5,0.5653741523599993,0.5360945801468917,0.5417107212167226,Pace,NE10,7-7,6.14,10.21,0.872,0.453,30.14,0.712,0.278,,16.71,12.64,9.21,,10.57,0.273,14.29,0.5,0.5524615384615384,16.830769230769235,9.956153846153846,0.2422187871086848,15
2018,2,439401,0.5322590200440349,20,4,12,0,16,0.25,0.5321120044959053,0.4985391844931758,0.4531907983712466,Palm Beach Atl.,Sunshine State,4-12,3.31,6.75,0.783,0.392,34.06,0.554,0.294,,11.25,12.13,13.56,,7.94,0.228,18.88,0.25,0.5321333333333332,16.913333333333338,10.094666666666667,0.2164688943525656,20
2018,2,423607,0.4362456956568849,59,2,12,0,14,0.1428571428571428,0.4339514652014652,0.4646240216090601,0.3688460237172833,Post,CACC,2-12,2.71,6.57,0.698,0.285,25.79,0.635,0.118,,7.79,14.36,13.07,,5.07,0.213,20.36,0.143,0.43576923076923085,14.547692307692305,10.377692307692307,0.21526554400988057,59
2018,2,423620,0.5709255058419359,11,9,7,0,16,0.5625,0.5785049503944628,0.5443490695584945,0.565964742586855,Queens (NC),SAC,9-7,5.5,6.94,0.878,0.59,29.5,0.672,0.269,,16.75,11.5,10.38,,11.25,0.283,16.56,0.563,0.5720714285714286,18.104285714285716,9.99,0.22220854563923062,11
2018,2,423632,0.5108853978782903,31,6,10,0,16,0.375,0.5109231175601145,0.5093737870217252,0.4765550055354886,Roberts Wesleyan,ECC,6-10,5.44,5.31,0.811,0.509,29.38,0.797,0.279,,15.31,13.75,11.63,,9.88,0.359,18.25,0.375,0.5110625,16.560000000000002,10.311874999999999,0.25837169658023684,32
2018,2,423608,0.5053974483054562,35,14,3,0,17,0.8235294117647058,0.5073864860629567,0.5454345527390941,0.5959342341574283,Rockhurst,RMAC,14-3,7.41,9.18,0.81,0.732,37.53,0.765,0.451,,23.29,8.53,8.29,7.59,15.88,0.324,18.71,0.824,0.505875,16.23625,10.33875,0.1920718859567948,35
2018,2,423593,0.5820625692640237,7,7,7,0,14,0.5,0.6031763333382766,0.5360999250745375,0.5606131479377727,Rollins,Sunshine State,7-7,5.43,9.0,0.843,0.529,33.21,0.615,0.385,,15.64,8.71,9.79,,10.21,0.266,15.07,0.5,0.58325,18.073333333333334,10.102500000000001,0.233002905918932,7
2018,2,423595,0.5999506261013666,2,16,3,0,19,0.8421052631578947,0.6114317109754619,0.5498859583665271,0.6537136608688364,Saint Leo,Sunshine State,16-3,7.89,9.0,0.901,0.398,32.0,0.671,0.381,,21.53,14.16,9.95,3.68,13.63,0.384,14.32,0.842,0.601125,17.99875,9.778749999999999,0.21247731496562167,2
2018,2,423596,0.5148545386828186,30,4,10,0,14,0.2857142857142857,0.5149273069551707,0.5046416072529477,0.4550526267193937,Saint Michael's,NE10,4-10,3.57,9.5,0.872,0.466,30.71,0.8,0.19,,10.07,10.0,9.57,,6.5,0.19,15.93,0.286,0.5149285714285714,16.36714285714286,10.102857142857143,0.24336934432073,30
2018,2,423609,0.507877915470054,33,9,8,0,17,0.5294117647058824,0.5185173307236683,0.5264740068047769,0.523230108239499,Saint Rose,NE10,9-8,4.24,5.53,0.881,0.552,30.24,0.792,0.341,,13.41,14.53,10.24,,9.18,0.26,13.94,0.529,0.508,16.229374999999997,9.938749999999999,0.24226922008377372,33
2018,2,423628,0.528544669610379,25,17,2,0,19,0.8947368421052632,0.5302911371756084,0.5280620248643012,0.6208452853301952,Seton Hill,G-MAC,17-2,10.16,9.74,0.909,0.66,34.63,0.691,0.435,,26.58,9.95,7.79,8.63,16.42,0.362,13.47,0.895,0.5287647058823529,17.25823529411765,10.601764705882353,0.2627641593905219,25
2018,2,423633,0.436561771544163,57,1,13,0,14,0.0714285714285714,0.4362218391630156,0.4770145224281665,0.3552216930456923,Shorter,GLVC,1-13,3.43,7.79,0.854,0.356,22.0,0.646,0.136,,9.86,18.0,15.57,,6.43,0.238,17.57,0.071,0.4363333333333334,15.601666666666668,10.835,0.22441863162897646,58
2018,2,423589,0.5228492886271014,27,5,9,0,14,0.3571428571428571,0.5237808483717374,0.5067227181541025,0.4778568180101086,Southern N.H.,NE10,5-9,5.57,6.21,0.848,0.555,28.14,0.694,0.328,,16.43,12.57,13.36,,10.86,0.272,15.14,0.357,0.5237857142857142,16.199285714285715,9.928571428571427,0.25583649314452733,27
2018,2,423594,0.49408698287455854,44,11,5,0,16,0.6875,0.5483858029547851,0.5281718628690046,0.5781108671946438,St. Anselm,NE10,11-5,6.69,7.94,0.864,0.428,28.56,0.771,0.362,,19.31,11.0,8.38,4.25,12.63,0.294,13.0,0.688,0.4934615384615384,15.746923076923078,10.247692307692308,0.254309507183249,44
2018,2,423610,0.46514023595275833,50,5,10,0,15,0.3333333333333333,0.4654120622608018,0.4732939624487876,0.4343628550759312,St. Thomas Aquinas,ECC,5-10,3.33,5.4,0.823,0.334,23.07,0.704,0.239,,11.33,12.53,10.0,,8.0,0.265,15.07,0.333,0.4654285714285714,15.480714285714285,10.595714285714285,0.2199047567489533,50
2018,2,423597,0.5595428853863725,13,15,5,0,20,0.75,0.5930441354040018,0.5669042034883256,0.6257481185740823,Tampa,Sunshine State,15-5,6.4,6.6,0.9,0.73,36.1,0.673,0.24,,20.15,10.1,8.25,5.5,13.75,0.345,15.1,0.75,0.5615625,17.841875,10.408750000000001,0.21502469879934724,13
2018,2,423622,0.5042812408410572,39,4,9,0,13,0.3076923076923077,0.5044819817265638,0.5213327096221719,0.4594972451919018,Tusculum,SAC,4-9,6.31,6.0,0.849,0.399,28.23,0.689,0.389,,17.23,11.69,12.23,,10.92,0.288,13.38,0.308,0.5046153846153846,16.81923076923077,10.686153846153845,0.22977565595816699,39
2018,2,423581,0.5767381873326238,10,10,5,0,15,0.6666666666666666,0.5854060679602475,0.4874994216352618,0.5812445560556059,UIndy,GLVC,10-5,5.93,11.47,0.845,0.64,33.0,0.727,0.322,,17.07,7.73,8.07,3.07,11.13,0.238,15.07,0.667,0.5757692307692307,17.691538461538464,9.529230769230768,0.22435005403512193,10
2018,2,423631,0.528544669610379,25,2,11,0,13,0.1538461538461538,0.5284559051199917,0.4817451674695649,0.4231257828889255,Walsh,G-MAC,2-11,3.92,6.77,0.758,0.492,27.23,0.631,0.141,,11.31,10.38,13.85,,7.38,0.277,18.38,0.154,0.5286923076923077,17.45307692307692,10.215384615384616,0.2552047095705372,26
2018,2,423621,0.5053974483054562,35,6,9,0,15,0.4,0.5313223870499412,0.5292631960082733,0.497976992527039,Wheeling,DII Independent,6-9,5.2,8.73,0.833,0.392,27.27,0.685,0.267,,15.93,12.87,11.2,,10.73,0.334,14.47,0.4,0.5055714285714286,16.374285714285715,10.604285714285714,0.2654475235429821,36
2018,2,440201,0.3489980806714945,66,4,9,0,13,0.3076923076923077,0.3710933862517573,0.4174835116852874,0.3668406479702774,Wilmington (DE),CACC,4-9,3.69,10.31,0.745,0.397,31.54,0.593,0.288,,11.69,12.38,11.85,,8.0,0.251,19.08,0.308,0.3480000000000001,13.861666666666665,12.0925,0.19731320280204262,66
2018,2,423611,0.5315766561307629,21,11,5,0,16,0.6875,0.566774106741212,0.5343785465662974,0.5888566900121803,Wingate,SAC,11-5,6.06,5.19,0.85,0.517,27.56,0.725,0.276,,16.31,9.5,9.13,,10.25,0.291,13.0,0.688,0.5316428571428571,17.695,10.254285714285714,0.19086068484737279,22
2018,2,423634,0.42073141271095843,60,13,4,0,17,0.7647058823529411,0.4265118041143582,0.5286277601959922,0.5365893126944125,Young Harris,GLVC,13-4,7.71,5.41,0.831,0.686,29.53,0.8,0.277,,20.71,9.94,7.88,5.12,13.0,0.351,15.59,0.765,0.4188571428571429,14.546428571428569,11.325714285714284,0.25789251834903654,60
2019,1,473285,0.47444013523176204,44,20,10,0,30,0.6666666666666666,0.4822963422886024,0.4896417328098189,0.5302252710134225,Air Force,SoCon,10-5,6.67,9.27,0.821,0.622,33.93,0.714,0.432,0.794,17.93,8.53,8.0,3.27,11.27,0.28,18.0,0.667,0.4747142857142857,17.836428571428574,11.85357142857143,0.20527557386228346,44
2019,1,473286,0.4812349406027838,40,26,10,0,36,0.7222222222222222,0.4975083195671431,0.51628039086531,0.5583798130554546,Army West Point,Patriot,13-5,6.94,8.61,0.852,0.328,30.67,0.69,0.256,0.811,18.06,11.72,8.61,2.5,11.11,0.277,15.33,0.722,0.48140000000000005,17.534,11.230666666666668,0.18909778775367345,40
2019,1,473225,0.4349258478078456,57,6,20,0,26,0.2307692307692307,0.4337363051729567,0.4798269940581728,0.3945172087933293,Bellarmine,SoCon,3-10,6.31,6.92,0.835,0.415,26.31,0.675,0.313,0.863,16.69,13.77,13.23,-2.85,10.38,0.281,17.85,0.231,0.43376923076923074,17.488461538461536,12.027692307692309,0.19837111834063945,57
2019,1,473226,0.4596968339555525,51,4,22,0,26,0.1538461538461538,0.4581830562599794,0.4574027701016311,0.3819037591169359,Binghamton,America East,2-11,5.0,9.23,0.798,0.421,25.69,0.633,0.195,0.837,13.15,13.54,13.0,-4.85,8.15,0.238,18.62,0.154,0.4583076923076923,17.12,11.454615384615384,0.17993776044270446,52
2019,1,473227,0.4596968339555525,51,22,12,0,34,0.6470588235294118,0.4595925172482266,0.4998630304225129,0.5165267221120945,Boston U.,Patriot,11-6,8.53,11.71,0.805,0.549,38.06,0.712,0.434,0.748,21.12,12.29,10.06,2.53,12.59,0.28,19.06,0.647,0.45899999999999996,16.875333333333334,11.080000000000002,0.1688198250601313,51
2019,1,473228,0.5368534379052887,17,14,18,0,32,0.4375,0.5497742252265279,0.5156143538506823,0.5131657010759345,Brown,Ivy League,7-9,7.19,7.19,0.818,0.512,34.19,0.672,0.343,0.782,19.25,11.56,11.56,0.5,12.06,0.285,18.69,0.438,0.5365333333333333,19.011333333333333,11.42933333333333,0.19004591258137832,18
2019,1,473229,0.4626376369612048,50,6,22,0,28,0.2142857142857142,0.4631348693323484,0.4601483159241816,0.4001759422186481,Bryant,NEC,3-11,4.71,7.0,0.786,0.537,30.93,0.618,0.297,0.842,13.79,12.71,10.79,-1.71,9.07,0.259,17.57,0.214,0.4632857142857142,17.245,11.35357142857143,0.15884288219649562,50
2019,1,473230,0.5311345476985015,22,12,18,0,30,0.4,0.5389446718858485,0.5095090837800874,0.4968496068879461,Bucknell,Patriot,6-9,5.87,10.0,0.824,0.47,33.53,0.778,0.31,0.756,15.87,12.67,10.8,-0.8,10.0,0.259,17.47,0.4,0.5312142857142856,17.44357142857143,10.629285714285716,0.16076254830891276,23
2019,1,473231,0.41571828213875284,64,16,16,0,32,0.5,0.4281034529196293,0.4627810041999414,0.4547469775098,Canisius,MAAC,8-8,5.19,7.13,0.801,0.482,27.75,0.541,0.436,0.821,15.75,11.56,10.19,0.38,10.56,0.311,18.63,0.5,0.41753333333333337,16.855999999999998,11.91133333333333,0.1959941722489614,66
2019,1,473232,0.4435649689272657,53,16,14,0,30,0.5333333333333333,0.4419282242811654,0.5069747116999406,0.4810411233989012,Cleveland St.,DI Independent,8-7,7.53,8.93,0.853,0.631,32.6,0.698,0.351,0.707,19.0,9.73,10.27,1.2,11.47,0.285,19.8,0.533,0.44200000000000006,17.414666666666665,11.960666666666667,0.23279747994054117,53
2019,1,473233,0.5322590200440349,19,8,18,0,26,0.3076923076923077,0.5325281493267918,0.4992241602313173,0.4679931916443022,Colgate,Patriot,4-9,5.38,6.92,0.796,0.477,27.62,0.652,0.327,0.833,14.46,10.23,11.15,-2.08,9.08,0.249,16.46,0.308,0.5326153846153846,17.97923076923077,10.776153846153848,0.1718718388628074,20
2019,1,473234,0.5262057227056925,26,20,10,0,30,0.6666666666666666,0.5440473040318241,0.5464578029448759,0.5753047694187976,Cornell,Ivy League,10-5,8.93,9.87,0.853,0.384,32.47,0.686,0.375,0.76,23.2,13.2,12.07,2.2,14.27,0.368,15.87,0.667,0.5266428571428571,19.478571428571428,11.622857142857143,0.23763495628585368,26
2019,1,473235,0.43049682575160225,59,4,22,0,26,0.1538461538461538,0.4304482599642162,0.494561237291624,0.3773259777665526,Dartmouth,Ivy League,2-11,4.23,9.85,0.768,0.302,29.08,0.585,0.27,0.767,12.0,14.31,12.69,-4.92,7.77,0.238,19.15,0.154,0.4305384615384615,18.699230769230766,12.090769230769231,0.21471971547349294,59
2019,1,473236,0.40029874743300725,69,20,10,0,30,0.6666666666666666,0.4215720390720391,0.5153810533312412,0.5062979495354966,Delaware,CAA,10-5,6.33,8.67,0.885,0.381,28.87,0.556,0.327,0.87,18.0,13.67,9.93,1.73,11.67,0.285,15.27,0.667,0.40264285714285714,16.62142857142857,11.906428571428572,0.18432642130697577,69
2019,1,473237,0.5322590200440349,19,20,10,0,30,0.6666666666666666,0.5467857142857143,0.528884883088038,0.5722807445815333,Denver,Big East,10-5,6.87,9.8,0.825,0.586,33.13,0.683,0.213,0.745,18.93,8.4,9.33,2.73,12.07,0.283,14.67,0.667,0.5343846153846153,18.453076923076928,10.855384615384615,0.1348038680462719,19
2019,1,473238,0.4311569183276975,58,16,14,0,30,0.5333333333333333,0.4394568340156575,0.4640716559421559,0.469079664326701,Detroit Mercy,MAAC,8-7,6.13,8.0,0.806,0.585,32.13,0.652,0.379,0.863,16.6,12.73,11.93,-1.47,10.47,0.283,21.2,0.533,0.4307857142857143,15.932857142857141,11.492142857142857,0.16415505673923425,58
2019,1,473239,0.5228492886271014,27,14,16,0,30,0.4666666666666667,0.543978428978429,0.5045052468955793,0.514782192879776,Drexel,CAA,7-8,6.93,7.4,0.865,0.568,34.53,0.69,0.476,0.841,20.2,9.6,12.47,0.8,13.27,0.315,17.87,0.467,0.5236153846153846,18.22153846153846,11.228461538461538,0.16273363723087653,27
2019,1,473240,0.5895350278460437,3,26,10,0,36,0.7222222222222222,0.6005738406473701,0.5578693394596398,0.6203098107441505,Duke,ACC,13-5,6.78,7.44,0.833,0.509,32.83,0.589,0.339,0.825,19.0,9.94,9.61,2.61,12.22,0.309,15.11,0.722,0.5892142857142856,19.377857142857142,11.070714285714287,0.16885885000345643,3
2019,1,473241,0.48731575717712705,37,10,18,0,28,0.3571428571428571,0.4863825658468515,0.4922381700223116,0.4555365397147179,Fairfield,CAA,5-9,7.21,7.36,0.771,0.464,29.79,0.444,0.244,0.884,17.29,11.43,13.5,-3.43,10.07,0.256,15.86,0.357,0.4864285714285714,18.02142857142857,11.549285714285714,0.17266015930794484,39
2019,1,473242,0.5018850486912354,31,8,20,0,28,0.2857142857142857,0.5028108737667562,0.4720762268722815,0.4408530650300199,Furman,SoCon,4-10,6.57,10.0,0.799,0.374,31.07,0.577,0.371,0.798,18.21,13.57,12.71,-1.07,11.64,0.318,17.0,0.286,0.5027857142857143,18.32,11.713571428571429,0.20199334450543113,31
2019,1,473243,0.49014544276585775,36,26,10,0,36,0.7222222222222222,0.4961511212672205,0.5236475989597628,0.5595430159291065,Georgetown,Big East,13-5,8.61,8.61,0.869,0.46,33.22,0.673,0.409,0.851,22.72,12.44,11.11,3.0,14.11,0.339,13.67,0.722,0.48924999999999996,18.59,11.728125,0.17327597207922396,36
2019,1,473244,0.2451034701690095,73,12,10,0,22,0.5454545454545454,0.2422466422466422,0.4746483712226547,0.3761490502926212,Hampton,DI Independent,6-5,7.64,11.18,0.753,0.686,41.45,0.596,0.29,0.728,19.82,11.36,13.82,-1.64,12.18,0.274,24.09,0.545,0.24233333333333332,16.243333333333336,14.056666666666667,0.0778302997267488,73
2019,1,473245,0.42073141271095843,61,8,22,0,30,0.2666666666666666,0.418385405444229,0.4534829795235164,0.3892301142696602,Hartford,America East,4-11,6.67,6.33,0.848,0.471,29.73,0.59,0.441,0.875,17.93,11.4,13.87,-2.6,11.27,0.307,14.67,0.267,0.41846666666666665,16.372666666666667,11.876666666666665,0.14357616639106766,62
2019,1,473246,0.5153816409450079,28,10,16,0,26,0.3846153846153846,0.5158349886201756,0.5137780010091916,0.4825158407162319,Harvard,Ivy League,5-8,7.23,8.77,0.797,0.424,35.38,0.64,0.368,0.809,19.23,15.08,14.62,-2.62,12.0,0.292,18.92,0.385,0.5159230769230769,19.49307692307692,11.203846153846154,0.18045730862640724,28
2019,1,473294,0.41571828213875284,64,26,6,0,32,0.8125,0.4272344434568699,0.5174932090760125,0.546115523997438,High Point,SoCon,13-3,7.63,10.13,0.879,0.579,37.69,0.727,0.333,0.838,22.13,13.06,11.06,3.44,14.5,0.34,21.13,0.813,0.41778571428571426,17.80071428571429,12.28357142857143,0.23273350135522222,64
2019,1,473247,0.41571828213875284,64,22,10,0,32,0.6875,0.434025028280543,0.4824705562422359,0.5095051532008305,Hobart,NEC,11-5,9.25,6.25,0.85,0.613,35.44,0.736,0.446,0.822,23.19,11.31,11.19,2.75,13.94,0.273,15.44,0.688,0.4154285714285714,16.729999999999997,11.732142857142858,0.2037809448142484,67
2019,1,473248,0.5290259313522562,25,10,18,0,28,0.3571428571428571,0.5299636521275176,0.5031023773368656,0.4800431346836895,Hofstra,CAA,5-9,4.0,6.07,0.881,0.558,29.79,0.594,0.327,0.865,13.0,11.07,10.29,-1.29,9.0,0.239,15.93,0.357,0.5300714285714285,18.204285714285714,11.21642857142857,0.13828565894331832,25
2019,1,473249,0.47604882346125055,43,14,14,0,28,0.5,0.493770456900709,0.5007812713764718,0.4970805462944724,Holy Cross,Patriot,7-7,5.86,11.07,0.798,0.638,35.29,0.727,0.326,0.79,15.93,9.36,9.86,0.21,10.07,0.233,19.0,0.5,0.4763076923076923,17.661538461538463,11.086153846153847,0.13920675526014953,43
2019,1,473250,0.5006439737748386,33,12,18,0,30,0.4,0.5210583806172041,0.5043834729465517,0.48662505854524,Jacksonville,SoCon,6-9,6.2,11.27,0.843,0.416,28.87,0.607,0.339,0.813,17.67,9.4,12.93,-1.47,11.47,0.312,17.13,0.4,0.5004285714285713,18.845,11.782142857142858,0.23108152991831207,33
2019,1,473251,0.6234489407077718,1,16,16,0,32,0.5,0.6463629762802556,0.5538439781659485,0.586642482681615,Johns Hopkins,Big Ten,8-8,7.25,6.31,0.851,0.54,28.75,0.673,0.456,0.868,19.38,10.63,13.0,-0.88,12.13,0.29,13.94,0.5,0.625,19.945,10.845714285714285,0.1460171222836555,1
2019,1,473252,0.439010545283447,55,8,22,0,30,0.2666666666666666,0.4379942660825013,0.4866679725984678,0.4073307928575342,Lafayette,Patriot,4-11,4.2,7.2,0.802,0.293,26.67,0.614,0.182,0.842,12.53,10.8,13.33,-5.0,8.33,0.259,15.6,0.267,0.43806666666666666,16.814666666666668,11.14666666666667,0.182182862957951,55
2019,1,473253,0.4680277562767098,48,18,16,0,34,0.5294117647058824,0.4931507746386639,0.5196331278798031,0.5088366104657533,Lehigh,Patriot,9-8,6.59,9.18,0.845,0.685,40.41,0.758,0.333,0.848,17.24,11.29,9.47,1.18,10.65,0.267,17.82,0.529,0.46766666666666673,17.525333333333332,11.616666666666667,0.22475191261082123,48
2019,1,473255,0.5820625692640237,4,24,10,0,34,0.7058823529411765,0.5904217418490775,0.5348900621093357,0.6054039746871668,Loyola Maryland,Patriot,12-5,8.59,7.35,0.833,0.522,34.12,0.764,0.421,0.831,22.65,15.12,10.65,3.41,14.06,0.335,15.0,0.706,0.58225,18.92875,10.80875,0.17595471718598507,5
2019,1,473256,0.3344970126615627,72,12,16,0,28,0.4285714285714285,0.333398936497676,0.4426681440397659,0.3845093614016366,Manhattan,MAAC,6-8,5.79,5.86,0.888,0.43,27.57,0.833,0.293,0.876,14.07,13.29,10.14,-1.86,8.29,0.236,16.5,0.429,0.33342857142857146,14.84142857142857,12.480714285714287,0.17186278342483172,72
2019,1,473257,0.48731575717712705,37,20,14,0,34,0.5882352941176471,0.4916567909214968,0.4609424557412551,0.5081228329254739,Marist,MAAC,10-7,5.12,6.65,0.792,0.625,29.76,0.679,0.246,0.904,14.47,11.53,10.76,-1.41,9.35,0.269,17.53,0.588,0.48646666666666666,16.658666666666665,11.207333333333333,0.1941785661589753,38
2019,1,473258,0.5099073395758945,30,12,16,0,28,0.4285714285714285,0.5093832404756774,0.5218418687881091,0.4922949445777231,Marquette,Big East,6-8,6.07,8.0,0.808,0.478,29.21,0.761,0.326,0.829,16.86,9.71,11.57,-0.79,10.79,0.28,14.93,0.429,0.5094285714285715,18.4,11.494285714285718,0.15353999678339486,30
2019,1,473260,0.5522102123590636,13,24,10,0,34,0.7058823529411765,0.5506582421807336,0.571358112968606,0.5946392375678125,Maryland,Big Ten,12-5,8.12,4.06,0.878,0.538,28.65,0.61,0.302,0.87,20.76,11.41,10.71,1.94,12.65,0.351,14.71,0.706,0.5539375,19.09,11.29625,0.1720477654424782,13
2019,1,473261,0.4805208851241903,42,20,10,0,30,0.6666666666666666,0.4788810701968597,0.5143066066229064,0.5346838534208231,Massachusetts,CAA,10-5,8.07,9.6,0.875,0.609,32.53,0.688,0.438,0.829,20.8,13.53,8.87,3.87,12.73,0.296,16.6,0.667,0.4797857142857142,17.924285714285713,11.819285714285714,0.1853063789555898,42
2019,1,473262,0.49408698287455854,34,2,24,0,26,0.0769230769230769,0.493903419355908,0.4738290348630338,0.3846397376244817,Mercer,SoCon,1-12,5.23,6.85,0.845,0.595,32.77,0.551,0.333,0.905,16.08,13.0,14.46,-3.62,10.85,0.258,19.46,0.077,0.494,17.58846153846154,11.29846153846154,0.16642854784700112,34
2019,1,473263,0.5652411997844625,11,8,18,0,26,0.3076923076923077,0.5662331261789466,0.5392354043116026,0.4948484910904508,Michigan,Big Ten,4-9,6.62,9.46,0.825,0.322,27.92,0.689,0.372,0.827,18.0,12.0,13.46,-2.08,11.38,0.322,15.77,0.308,0.5663846153846154,19.66923076923077,11.42923076923077,0.1626319764477872,11
2019,1,473264,0.42073141271095843,61,8,16,0,24,0.3333333333333333,0.4180863050348344,0.4428604692822067,0.4030916031713022,Monmouth,MAAC,4-8,3.58,10.17,0.805,0.498,28.08,0.737,0.206,0.843,10.5,10.92,9.08,-2.17,6.92,0.196,17.92,0.333,0.41816666666666663,16.026666666666664,11.968333333333332,0.1997818949643725,63
2019,1,473265,0.4680277562767098,48,18,14,0,32,0.5625,0.4702212054693672,0.4928506280387638,0.4989482597443745,Mount St. Mary's,NEC,9-7,5.0,8.56,0.815,0.521,31.13,0.661,0.315,0.845,15.38,12.25,10.38,0.0,10.38,0.26,16.75,0.563,0.46633333333333327,17.98066666666666,11.946666666666665,0.20103322002981383,49
2019,1,473267,0.4812349406027838,40,4,26,0,30,0.1333333333333333,0.4808630857160267,0.4252432590350218,0.3800756909501022,NJIT,DI Independent,2-13,5.4,7.13,0.818,0.402,29.33,0.588,0.408,0.858,15.6,14.67,15.0,-4.8,10.2,0.272,18.47,0.133,0.48093333333333327,16.798,11.442666666666666,0.16914548635880167,41
2019,1,473287,0.5311345476985015,22,12,14,0,26,0.4615384615384615,0.5306543820684092,0.5130625438587303,0.5089774423835025,Navy,Patriot,6-7,7.08,6.31,0.77,0.506,31.92,0.514,0.265,0.737,17.69,13.31,12.08,-1.46,10.62,0.266,17.77,0.462,0.5306923076923077,18.225384615384616,10.670769230769233,0.1443539371530878,24
2019,1,473266,0.5322590200440349,19,16,14,0,30,0.5333333333333333,0.5607871268165385,0.5517058313313129,0.5516533545744308,North Carolina,ACC,8-7,6.2,7.87,0.839,0.487,31.8,0.707,0.4,0.783,18.6,10.6,10.47,1.93,12.4,0.305,14.67,0.533,0.5323076923076921,18.484615384615385,11.291538461538462,0.19801724268953666,21
2019,1,473268,0.5999506261013666,2,18,14,0,32,0.5625,0.6316607412195647,0.5615113751329343,0.596833214393016,Notre Dame,ACC,9-7,5.38,6.94,0.871,0.58,29.88,0.652,0.403,0.852,16.88,10.0,10.13,1.38,11.5,0.303,17.06,0.563,0.601,19.286923076923078,11.031538461538462,0.1351779454018921,2
2019,1,473269,0.5393807189796257,16,16,8,0,24,0.6666666666666666,0.5387002771193947,0.5402947819571596,0.5710905007156539,Ohio St.,Big Ten,8-4,5.92,4.92,0.892,0.619,32.0,0.63,0.256,0.883,17.67,10.75,10.75,1.0,11.75,0.305,15.17,0.667,0.5388333333333334,19.070833333333333,10.985000000000001,0.15907536648463905,16
2019,1,473271,0.5785083551280463,6,24,8,0,32,0.75,0.5971519756688101,0.5389324839942805,0.6208091088329751,Penn,Ivy League,12-4,8.38,5.75,0.858,0.62,31.75,0.674,0.418,0.891,23.31,13.0,11.69,3.25,14.94,0.322,16.19,0.75,0.5798461538461539,20.009999999999998,11.243846153846155,0.18807070935149986,7
2019,1,473270,0.5724462288019275,9,32,4,0,36,0.8888888888888888,0.5749249711130517,0.5568388933856622,0.6488944311251637,Penn St.,Big Ten,16-2,10.83,7.06,0.852,0.584,36.17,0.6,0.613,0.836,28.78,11.61,11.06,6.89,17.94,0.434,15.44,0.889,0.5728666666666665,19.940666666666665,11.812666666666667,0.13462137852345576,9
2019,1,473272,0.5368534379052887,17,14,14,0,28,0.5,0.5372746770773086,0.5251937125783737,0.5249357666832477,Princeton,Ivy League,7-7,8.5,10.14,0.86,0.451,32.93,0.66,0.26,0.872,22.43,12.21,11.5,2.43,13.93,0.306,14.43,0.5,0.5374285714285713,19.006428571428568,11.723571428571429,0.1858066253953726,17
2019,1,473273,0.47347090591462715,45,14,18,0,32,0.4375,0.4889464038820656,0.4962216426675466,0.4779036126079194,Providence,Big East,7-9,6.0,6.63,0.837,0.488,27.75,0.682,0.333,0.877,16.81,12.63,10.0,0.81,10.81,0.265,16.06,0.438,0.4734666666666666,17.964,11.334,0.1392838189533236,45
2019,1,473274,0.39369581474215215,71,18,14,0,32,0.5625,0.4141804684930652,0.4576305113172326,0.4621228620758407,Quinnipiac,MAAC,9-7,6.63,6.13,0.811,0.507,27.88,0.619,0.217,0.853,18.19,13.94,12.69,-1.13,11.56,0.287,16.88,0.563,0.3932142857142857,16.068571428571428,11.895000000000001,0.19980210873026646,71
2019,1,473275,0.5018850486912354,31,20,14,0,34,0.5882352941176471,0.5424858254010504,0.5108394811588562,0.546011606519651,Richmond,SoCon,10-7,7.35,9.06,0.866,0.362,27.35,0.768,0.311,0.836,19.24,12.82,10.12,1.76,11.88,0.322,15.82,0.588,0.5017142857142857,17.993571428571425,11.512142857142859,0.22452630408148125,32
2019,1,473276,0.5462046138910223,15,18,16,0,34,0.5294117647058824,0.5560493956255202,0.4660705574168849,0.526895278343452,Robert Morris,NEC,9-8,8.82,8.76,0.836,0.458,32.59,0.467,0.431,0.85,22.29,12.88,13.65,-0.18,13.47,0.308,14.59,0.529,0.5469333333333334,18.82133333333333,10.978666666666667,0.21998832292242745,15
2019,1,473277,0.5311345476985015,22,14,16,0,30,0.4666666666666667,0.5550039502980678,0.5380533233413899,0.528681972651048,Rutgers,Big Ten,7-8,7.07,7.27,0.858,0.427,31.0,0.667,0.306,0.868,18.4,14.27,11.6,-0.27,11.33,0.294,14.53,0.467,0.5312142857142857,18.913571428571426,11.375714285714286,0.1887671197804429,22
2019,1,473278,0.436561771544163,56,18,12,0,30,0.6,0.4529470420646891,0.4606169094433773,0.4916277483931889,Sacred Heart,NEC,9-6,6.87,11.47,0.833,0.409,36.07,0.571,0.302,0.758,20.8,11.73,11.4,2.53,13.93,0.281,16.33,0.6,0.4362857142857143,17.517142857142854,11.702857142857141,0.19227080179915462,56
2019,1,473280,0.42073141271095843,61,14,14,0,28,0.5,0.4200855342136854,0.4825680841973591,0.4556847881561825,Saint Joseph's,NEC,7-7,6.07,8.57,0.809,0.616,32.86,0.625,0.3,0.793,16.0,12.0,10.64,-0.71,9.93,0.258,19.64,0.5,0.42014285714285704,16.98785714285714,11.857142857142858,0.22336192831458132,61
2019,1,473281,0.405880695234838,68,12,14,0,26,0.4615384615384615,0.4051389786683904,0.453792458219428,0.4314022192736676,Siena,MAAC,6-7,7.62,8.38,0.866,0.438,33.46,0.556,0.417,0.791,20.54,9.31,13.92,-1.0,12.92,0.285,14.15,0.462,0.4051538461538462,16.228461538461538,11.954615384615387,0.18303292942647745,68
2019,1,474672,0.5488566642383986,14,0,26,0,26,0.0,0.5489941242769297,0.4377302365733462,0.3839296212818014,St. Bonaventure,MAAC,0-13,3.15,7.08,0.766,0.241,21.15,0.628,0.25,0.894,9.38,16.23,14.85,-8.62,6.23,0.245,19.85,0.0,0.549076923076923,17.76,11.031538461538462,0.11734135708623893,14
2019,1,473279,0.4699189528863625,47,8,20,0,28,0.2857142857142857,0.4693921158206872,0.4852811055799704,0.4274449057339076,St. John's (NY),Big East,4-10,6.21,6.71,0.857,0.452,29.93,0.5,0.407,0.881,17.21,12.14,12.79,-1.79,11.0,0.278,13.86,0.286,0.4695714285714286,17.700714285714284,11.66357142857143,0.17656512933747473,47
2019,1,473282,0.4283620237737425,60,18,12,0,30,0.6,0.4276599272187508,0.4892849995075196,0.4861512134862552,Stony Brook,America East,9-6,5.93,6.73,0.886,0.493,26.93,0.7,0.356,0.883,16.07,11.07,10.87,-0.73,10.13,0.281,15.2,0.6,0.42700000000000005,17.880714285714287,11.635,0.1824789616053627,60
2019,1,473283,0.5785083551280463,6,18,10,0,28,0.6428571428571429,0.5769071731256605,0.555664637814745,0.5880840317308023,Syracuse,ACC,9-5,6.93,8.86,0.853,0.566,36.71,0.68,0.48,0.832,19.79,13.36,10.14,2.71,12.86,0.294,14.14,0.643,0.5803846153846154,19.334615384615383,10.957692307692309,0.15383284557823867,6
2019,1,473284,0.5820625692640237,4,22,10,0,32,0.6875,0.5812288457049486,0.5245380469313083,0.5936239345853014,Towson,CAA,11-5,6.5,7.0,0.82,0.686,34.25,0.646,0.441,0.868,19.19,11.63,10.81,1.88,12.69,0.299,17.0,0.688,0.5834285714285714,19.212857142857143,11.060714285714287,0.13456475567319906,4
2019,1,473224,0.5133011137511152,29,10,18,0,28,0.3571428571428571,0.5146179220676125,0.497079527445719,0.4708645571809502,UAlbany,America East,5-9,6.57,7.14,0.863,0.439,28.07,0.575,0.346,0.882,17.14,12.29,11.64,-1.07,10.57,0.266,14.86,0.357,0.5133076923076922,19.10769230769231,11.70923076923077,0.1805084206923001,29
2019,1,473259,0.4909328592300994,35,14,18,0,32,0.4375,0.500470612924657,0.4756326784133,0.4785184760656535,UMBC,America East,7-9,5.88,7.5,0.857,0.391,26.31,0.633,0.3,0.869,17.69,8.31,12.44,-0.63,11.81,0.309,15.06,0.438,0.4911428571428572,17.746428571428574,11.537142857142857,0.19878518813132973,35
2019,1,473254,0.41571828213875284,64,10,18,0,28,0.3571428571428571,0.4174875719518577,0.4495760772639336,0.4104235195776265,UMass Lowell,America East,5-9,6.43,7.57,0.799,0.587,30.86,0.62,0.5,0.877,16.29,11.71,11.79,-1.93,9.86,0.26,20.86,0.357,0.4177142857142857,16.85214285714286,11.627142857142857,0.1517264590219746,65
2019,1,474697,0.48731575717712705,37,10,20,0,30,0.3333333333333333,0.4872720797720797,0.491082882692788,0.4497400938925702,Utah,DI Independent,5-10,5.93,6.87,0.814,0.322,25.87,0.591,0.38,0.829,15.13,12.6,13.13,-3.93,9.2,0.287,17.33,0.333,0.48733333333333334,17.862666666666666,11.113333333333335,0.20857505976399854,37
2019,1,473290,0.4406064582250466,54,8,18,0,26,0.3076923076923077,0.4402711541851813,0.4541678838184867,0.4106006249702892,VMI,SoCon,4-9,5.08,10.62,0.862,0.38,32.31,0.523,0.222,0.843,14.92,13.38,14.46,-4.62,9.85,0.23,18.69,0.308,0.44038461538461526,17.446923076923078,11.85923076923077,0.2465389775585623,54
2019,1,473288,0.47008276292432105,46,16,14,0,30,0.5333333333333333,0.4605914673561733,0.4779026626194132,0.4831047326662732,Vermont,America East,8-7,6.87,6.47,0.847,0.511,29.13,0.721,0.351,0.821,18.4,12.6,10.0,1.53,11.53,0.3,16.07,0.533,0.47046153846153843,17.91,11.870000000000001,0.16874177604330387,46
2019,1,473289,0.5686020742692987,10,16,14,0,30,0.5333333333333333,0.5751136829000606,0.5278191385883736,0.5528449594304571,Villanova,Big East,8-7,6.8,7.4,0.87,0.499,29.07,0.667,0.382,0.891,18.13,11.67,11.73,-0.4,11.33,0.277,14.8,0.533,0.5687142857142856,19.857857142857146,11.241428571428571,0.18501908340625248,10
2019,1,473291,0.5767381873326238,8,34,6,0,40,0.85,0.5803263201366917,0.5540499792850968,0.6411756548896201,Virginia,ACC,17-3,8.6,9.3,0.82,0.573,41.55,0.675,0.347,0.711,22.7,11.5,10.25,3.85,14.1,0.311,15.6,0.85,0.575764705882353,19.355882352941173,11.281764705882354,0.13918566923010117,8
2019,1,473292,0.39414164665644896,70,4,24,0,28,0.1428571428571428,0.393600709514575,0.4418172754380436,0.3429689593310841,Wagner,NEC,2-12,3.86,8.64,0.757,0.455,26.79,0.667,0.265,0.913,11.29,14.07,12.07,-4.64,7.43,0.224,18.93,0.143,0.3937142857142857,16.139285714285716,12.047857142857142,0.17497241765139873,70
2019,1,473293,0.5646094496985398,12,30,8,0,38,0.7894736842105263,0.6054366685945634,0.5352911937743933,0.6339095537935117,Yale,Ivy League,15-4,9.32,7.21,0.835,0.751,39.74,0.515,0.403,0.831,24.89,10.21,11.37,4.21,15.58,0.296,15.58,0.789,0.5633333333333332,20.254,11.529333333333334,0.20137218168246465,12
2019,2,473321,0.5311345476985015,20,3,10,0,13,0.2307692307692307,0.5502287581699348,0.4807215986263878,0.4529870864338721,Adams St.,RMAC,3-10,5.85,8.23,0.848,0.333,27.92,0.732,0.22,,15.38,15.54,12.69,,9.54,0.281,20.77,0.231,0.5311666666666667,20.953333333333337,12.718333333333334,0.2122870828749492,20
2019,2,473295,0.5100569682068193,31,16,3,0,19,0.8421052631578947,0.558864074431534,0.5445038695364783,0.6260843203893602,Adelphi,NE10,16-3,7.79,8.47,0.823,0.637,36.0,0.72,0.321,,22.84,12.21,8.58,6.47,15.05,0.345,17.89,0.842,0.5101875,18.901874999999997,11.52125,0.23083847674023064,31
2019,2,473296,0.5219127667482446,26,4,8,0,12,0.3333333333333333,0.5219380722476697,0.513992228918936,0.4728004266869022,Alabama Huntsville,GLVC,4-8,3.17,6.58,0.8,0.564,30.75,0.711,0.246,,12.58,10.83,13.0,,9.42,0.227,16.25,0.333,0.522,19.841818181818184,12.274545454545454,0.22332650373998889,26
2019,2,473322,0.436561771544163,56,2,12,0,14,0.1428571428571428,0.4362351700586994,0.4865282439191005,0.3754639317234106,Alderson Broaddus,G-MAC,2-12,4.86,7.93,0.741,0.379,24.21,0.683,0.321,,12.36,16.0,13.86,,7.5,0.222,19.14,0.143,0.43638461538461537,18.38769230769231,12.946923076923078,0.20806564735551006,58
2019,2,473297,0.5393807189796257,18,0,16,0,16,0.0,0.5392609156516858,0.5035901779533274,0.3955280023141747,American Int'l,NE10,0-16,2.13,7.75,0.691,0.279,24.38,0.565,0.148,,7.0,13.63,20.25,,4.88,0.194,24.81,0.0,0.5393749999999999,18.796875,10.705625000000001,0.24685240402920933,18
2019,2,473298,0.478124070406951,43,8,7,0,15,0.5333333333333333,0.4787527264617047,0.5244851792366669,0.5038309913733525,Assumption,NE10,8-7,8.4,7.8,0.857,0.445,30.13,0.73,0.313,,22.27,14.6,10.4,,13.87,0.307,13.6,0.533,0.47879999999999995,17.663333333333334,12.273333333333332,0.2892644003906,44
2019,2,474699,0.44917503195337216,53,5,12,0,17,0.2941176470588235,0.4492447959575987,0.4772473817843317,0.4174636551895881,Barton,Conference Carolinas,5-12,6.18,6.65,0.795,0.367,30.06,0.683,0.333,,17.94,12.88,16.0,,11.76,0.325,17.94,0.294,0.4479375,18.639375,13.37875,0.23769346561012147,53
2019,2,473335,0.5706606973020336,7,14,4,0,18,0.7777777777777778,0.6169481779066402,0.5395848088023335,0.637814735598348,Belmont Abbey,Conference Carolinas,14-4,8.11,7.56,0.896,0.481,32.5,0.725,0.356,,23.22,11.72,9.94,5.17,15.11,0.373,15.56,0.778,0.5706666666666667,21.06266666666667,12.041333333333334,0.23394605266076954,8
2019,2,473299,0.49014544276585775,39,9,5,0,14,0.6428571428571429,0.5096813759241888,0.5367293130377957,0.5497373019358291,Bentley,NE10,9-5,6.43,6.93,0.84,0.358,25.93,0.727,0.3,,17.5,13.93,10.64,,11.07,0.302,16.0,0.643,0.49015384615384605,18.04615384615385,11.575384615384618,0.25729565339204213,39
2019,2,473336,0.436561771544163,56,7,8,0,15,0.4666666666666667,0.4296017519433809,0.4999834291739918,0.456463399931855,CSU Pueblo,RMAC,7-8,8.67,10.8,0.793,0.51,37.33,0.629,0.27,,22.6,14.2,13.8,,13.93,0.344,22.73,0.467,0.437125,18.49625,13.425,0.2649591654859292,56
2019,2,473323,0.5595428853863725,11,9,6,0,15,0.6,0.5733009870614912,0.5232897713729084,0.5674729363739727,Catawba,SAC,9-6,5.93,10.07,0.893,0.455,32.13,0.696,0.228,,16.67,12.47,11.07,,10.73,0.269,20.0,0.6,0.5618461538461539,20.00923076923077,11.403846153846153,0.22160736108082488,11
2019,2,473349,0.405880695234838,63,11,5,0,16,0.6875,0.4021688687129864,0.4498063124327994,0.4854110124646931,Chestnut Hill,CACC,11-5,9.88,7.31,0.848,0.46,32.56,0.662,0.523,,25.31,14.19,10.13,5.31,15.44,0.34,17.38,0.688,0.4057857142857143,16.17642857142857,12.679285714285715,0.2528783384982443,63
2019,2,473338,0.436561771544163,56,2,13,0,15,0.1333333333333333,0.4363928904895292,0.4725285878213712,0.3696619255334407,Chowan,Conference Carolinas,2-13,5.73,9.4,0.761,0.271,27.33,0.493,0.314,,16.87,16.07,19.47,,11.13,0.321,19.6,0.133,0.4364285714285714,18.21,13.518571428571429,0.25974375127523397,57
2019,2,473324,0.48827227150394964,41,5,9,0,14,0.3571428571428571,0.4877867813792184,0.4969304840085772,0.4574117259774678,Coker,SAC,5-9,6.43,8.79,0.84,0.473,29.86,0.745,0.196,,17.57,12.21,12.14,,11.14,0.288,18.29,0.357,0.48778571428571427,18.900714285714287,12.592142857142859,0.19570319311630652,41
2019,2,473342,0.5393807189796257,18,10,8,0,18,0.5555555555555556,0.4966354570674423,0.4997319109183801,0.5121395951522051,Colorado Mesa,RMAC,10-8,9.17,10.22,0.884,0.63,40.67,0.644,0.441,,24.94,9.67,9.61,6.17,15.78,0.311,17.72,0.556,0.5388999999999999,19.999,12.244000000000002,0.2024250231567234,19
2019,2,473300,0.37672084140024403,67,2,9,0,11,0.1818181818181818,0.3756833852422087,0.4405466125833044,0.3434328912214759,Davis & Elkins,G-MAC,2-9,6.09,6.73,0.745,0.405,31.82,0.75,0.34,,16.73,16.36,16.91,,10.64,0.329,24.0,0.182,0.3758181818181818,17.382727272727273,13.624545454545453,0.23083792747365103,68
2019,2,473301,0.42465677695923454,61,4,9,0,13,0.3076923076923077,0.4252497502497502,0.4468771769636379,0.4012672462888615,Dist. Columbia,ECC,4-9,6.38,7.08,0.782,0.452,26.38,0.771,0.338,,17.38,11.46,12.46,,11.0,0.288,18.08,0.308,0.42546153846153845,16.26230769230769,12.25923076923077,0.24616461514904878,61
2019,2,473339,0.405880695234838,63,3,12,0,15,0.2,0.4226633388398094,0.4418799523709299,0.3718016575126371,Dominican (NY),CACC,3-12,5.67,9.47,0.775,0.506,37.07,0.635,0.521,,16.33,13.0,14.2,,10.67,0.251,19.2,0.2,0.40392857142857147,15.384285714285713,12.565000000000001,0.2619065984784091,65
2019,2,473361,0.45256899040886633,51,8,9,0,17,0.4705882352941176,0.4528519019787401,0.5114574287010151,0.4719373669881532,Embry-Riddle (FL),Sunshine State,8-9,5.65,7.65,0.73,0.589,35.53,0.743,0.329,,16.94,10.0,12.65,,11.29,0.314,22.76,0.471,0.45287499999999997,19.399375,13.3875,0.18744394995571342,51
2019,2,473357,0.4535502512738834,50,4,12,0,16,0.25,0.4747857476323863,0.4937419693835558,0.4233283661620821,Emmanuel (GA),Conference Carolinas,4-12,6.06,7.38,0.736,0.321,28.13,0.635,0.276,,16.5,13.0,18.63,,10.44,0.311,22.94,0.25,0.4536923076923077,19.47769230769231,13.729999999999999,0.26545067182359444,50
2019,2,473364,0.37672084140024403,67,0,13,0,13,0.0,0.3767778664271877,0.421414030241644,0.2937424407740048,Felician,CACC,0-13,1.77,6.31,0.562,0.447,26.92,0.593,0.16,,6.77,17.85,20.31,,5.0,0.189,27.15,0.0,0.37692307692307697,17.206923076923072,13.416153846153845,0.17733647355259718,67
2019,2,473303,0.5820625692640237,3,9,7,0,16,0.5625,0.59109331232493,0.528675408125873,0.5683405081939332,Fla. Southern,Sunshine State,9-7,10.75,10.5,0.779,0.578,40.63,0.644,0.329,,26.5,11.88,12.63,,15.75,0.321,20.19,0.563,0.5829333333333333,20.46533333333333,11.359333333333334,0.15583044917117095,4
2019,2,473302,0.5483239020480607,15,7,5,0,12,0.5833333333333334,0.5481173238526179,0.5442206668899131,0.5559471619821206,Florida Tech,Sunshine State,7-5,5.33,9.5,0.837,0.557,41.0,0.731,0.239,,18.0,13.75,11.08,,12.67,0.268,18.75,0.583,0.5481818181818181,20.336363636363636,11.51909090909091,0.12154671244334471,15
2019,2,473304,0.478124070406951,43,5,8,0,13,0.3846153846153846,0.4790375259415507,0.5159839884426081,0.4646686062352735,Franklin Pierce,NE10,5-8,4.46,8.92,0.776,0.554,29.62,0.534,0.216,,14.69,9.46,10.92,,10.23,0.25,17.77,0.385,0.47907692307692307,18.11692307692308,11.908461538461536,0.28154558629068105,43
2019,2,473340,0.4283620237737425,60,10,8,0,18,0.5555555555555556,0.4467411537264478,0.4455342111932761,0.4736430185504318,Georgian Court,CACC,10-8,5.56,6.17,0.829,0.519,39.39,0.736,0.368,,16.33,16.67,9.94,,10.78,0.267,19.17,0.556,0.42643749999999997,16.986874999999998,12.400625000000002,0.24868252068400384,60
2019,2,473307,0.5425068913613497,16,11,5,0,16,0.6875,0.5485459382808454,0.5050380917716383,0.5724074920833323,LIU Post,ECC,11-5,8.44,6.94,0.847,0.788,41.88,0.773,0.344,,24.13,11.31,8.81,6.88,15.69,0.33,21.19,0.688,0.5429285714285715,18.01142857142857,11.164285714285715,0.2440604328807912,16
2019,2,473337,0.5521028764078837,13,4,10,0,14,0.2857142857142857,0.5664485595489577,0.5030598673823788,0.4804178180486449,Lake Erie,G-MAC,4-10,7.71,5.0,0.803,0.556,33.07,0.621,0.226,,20.71,13.29,12.79,,13.0,0.335,16.5,0.286,0.5513076923076924,19.593846153846155,11.603076923076923,0.26444437676450383,13
2019,2,473306,0.5183941918695314,27,16,3,0,19,0.8421052631578947,0.590503835599159,0.5330444443999887,0.6390393446890503,Le Moyne,NE10,16-3,9.16,8.21,0.842,0.552,34.89,0.672,0.324,,24.16,10.11,7.74,7.26,15.0,0.318,15.21,0.842,0.5186,18.164,11.364666666666666,0.2533252981181838,27
2019,2,473346,0.45023466226437636,52,4,10,0,14,0.2857142857142857,0.4502210208092562,0.4768166861002352,0.4157432533582583,Lees-McRae,Conference Carolinas,4-10,6.43,9.71,0.722,0.416,36.29,0.528,0.313,,18.36,11.79,16.36,,11.93,0.34,22.21,0.286,0.45023076923076916,18.821538461538463,13.397692307692308,0.26310341746929794,52
2019,2,473325,0.5706606973020336,7,8,8,0,16,0.5,0.5862394957983192,0.5148352045566751,0.5468285490383284,Lenoir-Rhyne,SAC,8-8,7.75,11.06,0.868,0.425,32.56,0.76,0.266,,21.56,12.69,10.69,,13.81,0.295,15.69,0.5,0.5707142857142856,19.937857142857144,11.517857142857142,0.23350112528680472,7
2019,2,473326,0.5820625692640237,3,20,1,0,21,0.9523809523809524,0.5994971087850346,0.5421977050648404,0.6733932187539655,Limestone,Conference Carolinas,20-1,10.57,7.24,0.898,0.702,44.57,0.742,0.35,,27.67,11.24,8.57,8.52,17.1,0.368,17.57,0.952,0.5832777777777778,21.35222222222222,11.888333333333335,0.2145617770546271,3
2019,2,473327,0.5006439737748386,34,4,10,0,14,0.2857142857142857,0.5003781337096241,0.5035613716181326,0.4475079811879167,Lincoln Memorial,SAC,4-10,5.14,7.57,0.816,0.532,30.93,0.69,0.237,,16.0,10.79,13.14,,10.86,0.29,19.36,0.286,0.5003571428571428,18.094285714285714,12.549999999999999,0.22846681757903897,34
2019,2,473352,0.5228492886271014,24,10,5,0,15,0.6666666666666666,0.5230287130596729,0.5165153211201328,0.5573098534765363,Lindenwood,DII Independent,10-5,6.13,10.8,0.857,0.488,33.73,0.661,0.288,,17.67,9.6,9.73,,11.53,0.263,16.13,0.667,0.5231333333333332,20.101333333333333,11.480666666666668,0.21653325123151157,25
2019,2,473348,0.5311345476985015,20,11,4,0,15,0.7333333333333333,0.5340624027388734,0.5422476856081447,0.5859264561048062,Lynn,Sunshine State,11-4,6.07,7.33,0.89,0.746,40.73,0.729,0.264,,17.93,9.47,9.07,,11.87,0.294,18.6,0.733,0.5303571428571429,20.68642857142857,11.454285714285716,0.14720811659632335,21
2019,2,473328,0.4435649689272657,54,3,12,0,15,0.2,0.4431201369436663,0.500285802027881,0.3966315189788034,Mars Hill,SAC,3-12,5.13,4.27,0.724,0.421,28.2,0.673,0.272,,15.87,13.47,17.6,,10.73,0.277,20.4,0.2,0.4432,18.541333333333334,12.878666666666666,0.17582119705352178,54
2019,2,473308,0.43651324054513757,59,9,6,0,15,0.6,0.4584902246998665,0.5193426551426756,0.5090807761356022,Maryville (MO),GLVC,9-6,6.93,13.93,0.822,0.342,29.27,0.732,0.203,,20.13,12.87,10.53,,13.2,0.328,17.4,0.6,0.43615384615384617,18.423076923076927,12.82153846153846,0.2276565720397709,59
2019,2,473309,0.439091089257428,55,18,2,0,20,0.9,0.4729162201317773,0.5115618244085244,0.5893485661680198,Mercy,ECC,18-2,8.65,12.0,0.804,0.547,35.45,0.712,0.404,,21.7,10.45,7.5,5.55,13.05,0.336,17.25,0.9,0.4391764705882353,17.455882352941174,11.837647058823528,0.2317978925179833,55
2019,2,473310,0.5488566642383986,14,13,4,0,17,0.7647058823529411,0.5434055313653747,0.516118101082554,0.5919087615415611,Mercyhurst,G-MAC,13-4,9.18,10.12,0.893,0.46,35.12,0.687,0.369,,24.41,9.59,9.12,6.12,15.24,0.333,15.94,0.765,0.5498666666666666,19.638666666666666,11.401333333333335,0.2730826167216719,14
2019,2,473311,0.5228492886271014,24,17,3,0,20,0.85,0.570682038334902,0.5474092057518913,0.6346933206054239,Merrimack,NE10,17-3,10.15,7.8,0.818,0.533,34.25,0.701,0.474,,26.1,10.6,9.8,6.15,15.95,0.379,15.25,0.85,0.5243125,19.345,11.238125,0.2627909622566005,24
2019,2,473312,0.48838978651853954,40,7,8,0,15,0.4666666666666667,0.4882638156477166,0.4882913486640033,0.4828714116565258,Molloy,ECC,7-8,6.0,7.67,0.828,0.567,30.47,0.733,0.255,,15.87,11.8,11.13,,9.87,0.273,19.27,0.467,0.4884666666666666,17.802000000000003,11.605333333333334,0.26093725086481784,40
2019,2,473359,0.46514023595275833,47,6,9,0,15,0.4,0.4906993256141863,0.492849693783586,0.4685620862529897,Montevallo,GLVC,6-9,6.4,9.13,0.739,0.533,41.0,0.725,0.297,,19.67,14.73,13.07,,13.27,0.295,23.67,0.4,0.46564285714285714,18.76571428571429,13.159285714285714,0.2175882767137635,47
2019,2,473329,0.5083978221798221,32,12,4,0,16,0.75,0.5094151202147525,0.5273135758647489,0.5740359540735636,Mount Olive,Conference Carolinas,12-4,7.63,9.38,0.898,0.562,34.69,0.923,0.333,,21.06,12.44,7.69,5.75,13.44,0.32,19.0,0.75,0.5088571428571428,19.859285714285715,12.592142857142857,0.23820215218616822,32
2019,2,473314,0.6234489407077718,1,5,13,0,18,0.2777777777777778,0.6287032075538268,0.5108501491218763,0.5115085855018269,New York Tech,ECC,5-13,5.33,6.44,0.827,0.441,28.61,0.589,0.306,,16.11,14.06,13.5,,10.78,0.308,17.28,0.278,0.6253529411764706,19.986470588235292,10.404117647058825,0.20214844317873135,1
2019,2,473363,0.3565504928001069,69,10,6,0,16,0.625,0.3644944720312367,0.4946175488452643,0.4621516232269345,Newberry,SAC,10-6,7.75,8.44,0.823,0.589,37.0,0.707,0.299,,21.75,13.38,12.63,,14.0,0.316,18.69,0.625,0.35546666666666665,17.176000000000002,14.308666666666669,0.21611782794474765,69
2019,2,473341,0.5148545386828186,30,8,9,0,17,0.4705882352941176,0.5276930681774973,0.5123533906144819,0.5095819405658986,North Greenville,Conference Carolinas,8-9,7.94,8.47,0.853,0.533,30.41,0.864,0.277,,22.35,10.06,10.41,4.0,14.41,0.311,17.24,0.471,0.5149333333333332,19.421333333333337,12.915999999999999,0.2607475066462232,30
2019,2,473350,0.41571828213875284,62,1,9,0,10,0.1,0.4356096028154851,0.4803083784501424,0.3628818960202782,Notre Dame de Namur,DII Independent,1-9,6.0,8.4,0.64,0.37,29.2,0.464,0.3,,14.2,12.2,23.3,,8.2,0.283,23.2,0.1,0.416875,18.38125,13.07125,0.19910012399544105,62
2019,2,473315,0.4812349406027838,42,13,4,0,17,0.7647058823529411,0.5123727021172843,0.5272415254706695,0.5791732030145448,Pace,NE10,13-4,10.24,12.12,0.858,0.532,32.06,0.671,0.467,,25.24,11.71,9.82,5.18,15.0,0.343,17.35,0.765,0.48179999999999995,18.016666666666662,11.563333333333334,0.24960240383457843,42
2019,2,473360,0.4909328592300994,38,6,10,0,16,0.375,0.4909982021654815,0.5312802460790957,0.4720691626025147,Palm Beach Atl.,Sunshine State,6-10,5.81,8.81,0.791,0.447,39.63,0.667,0.31,,17.06,13.75,13.69,,11.25,0.265,19.88,0.375,0.49106249999999996,19.24375,12.691875,0.20087324011363486,38
2019,2,473330,0.405880695234838,63,2,12,0,14,0.1428571428571428,0.4038864904936333,0.4514651939785888,0.3505238294557495,Post,CACC,2-12,3.79,9.79,0.762,0.262,24.21,0.566,0.276,,11.29,12.93,14.71,,7.5,0.226,20.21,0.143,0.40399999999999997,15.965000000000002,12.377142857142857,0.23777270058368166,64
2019,2,473343,0.5709255058419359,6,13,5,0,18,0.7222222222222222,0.5803012433043392,0.5227385680705028,0.6013908192253508,Queens (NC),SAC,13-5,7.56,7.0,0.872,0.549,30.22,0.746,0.258,,21.33,11.11,9.06,4.72,13.78,0.332,15.72,0.722,0.5715,20.243571428571432,11.426428571428572,0.21680167039419757,6
2019,2,473354,0.495748529574715,35,7,8,0,15,0.4666666666666667,0.5225363024202033,0.5041438156371694,0.5039707717860606,Roberts Wesleyan,ECC,7-8,4.53,6.07,0.803,0.652,29.6,0.759,0.219,,13.4,12.0,10.8,,8.87,0.274,18.87,0.467,0.4957857142857142,18.562142857142856,11.272142857142857,0.2458931761591457,36
2019,2,473331,0.5153816409450079,28,12,4,0,16,0.75,0.5456750041447078,0.5266301191151789,0.5919950318511487,Rockhurst,RMAC,12-4,8.94,12.44,0.85,0.716,41.06,0.839,0.424,,26.19,10.13,9.81,7.44,17.25,0.305,19.75,0.75,0.5165,18.935000000000002,11.989166666666664,0.2680598502822333,28
2019,2,473316,0.5575638630231748,12,10,5,0,15,0.6666666666666666,0.5693157391161593,0.5290261289713856,0.5835810684675927,Rollins,Sunshine State,10-5,8.07,10.53,0.852,0.519,37.87,0.677,0.278,,22.13,8.8,9.73,4.33,14.07,0.327,16.33,0.667,0.5582307692307692,20.326923076923077,11.48769230769231,0.1290391436414392,12
2019,2,473318,0.5785083551280463,5,10,7,0,17,0.5882352941176471,0.596276554997644,0.5271201690944443,0.5769771433018448,Saint Leo,Sunshine State,10-7,8.24,10.24,0.862,0.428,35.41,0.797,0.381,,23.24,14.12,11.76,,15.0,0.355,16.24,0.588,0.5792666666666667,19.705333333333332,11.586666666666666,0.20204305371765582,5
2019,2,473319,0.495748529574715,35,4,11,0,15,0.2666666666666666,0.4969179925681473,0.5143314658687775,0.4437085294179347,Saint Michael's,NE10,4-11,4.8,11.4,0.754,0.498,32.0,0.635,0.224,,13.07,12.73,10.6,,8.27,0.24,22.2,0.267,0.49693333333333317,18.142,11.859333333333334,0.2664436067079778,35
2019,2,473332,0.5272554767244328,23,5,9,0,14,0.3571428571428571,0.5273951280917225,0.507007096978039,0.4797350525760853,Saint Rose,NE10,5-9,4.79,5.79,0.784,0.68,37.0,0.714,0.396,,15.29,12.5,13.64,,10.5,0.256,18.43,0.357,0.5275000000000001,18.000000000000004,11.063571428571427,0.27946421953445133,23
2019,2,473351,0.5652411997844625,9,12,5,0,17,0.7058823529411765,0.5607686314980068,0.5217643245854005,0.5872959851306476,Seton Hill,G-MAC,12-5,8.12,7.41,0.811,0.659,34.06,0.736,0.394,,22.82,11.59,9.59,5.12,14.71,0.349,16.12,0.706,0.5656666666666665,19.573999999999998,10.948,0.26516049647126716,9
2019,2,473355,0.4713110198074569,45,0,13,0,13,0.0,0.4710022433706644,0.4846777345712601,0.3566705553281472,Shorter,GLVC,0-13,1.85,6.54,0.682,0.258,23.46,0.68,0.206,,7.62,19.69,20.85,,5.77,0.253,24.62,0.0,0.4710000000000001,19.35,13.304545454545455,0.20849155204162892,45
2019,2,473313,0.5646094496985398,10,4,10,0,14,0.2857142857142857,0.5646967153933098,0.5145360014624747,0.4824109294908449,Southern N.H.,NE10,4-10,5.71,8.29,0.796,0.514,34.21,0.657,0.367,,14.5,13.5,12.93,,8.79,0.215,18.0,0.286,0.5647857142857142,18.71357142857143,10.889999999999999,0.2523628845733938,10
2019,2,473317,0.507877915470054,33,7,7,0,14,0.5,0.5321145158468246,0.5250913926874693,0.5223301060952796,St. Anselm,NE10,7-7,6.29,7.0,0.832,0.426,30.71,0.673,0.359,,19.93,11.5,11.5,,13.64,0.322,17.64,0.5,0.5077692307692308,18.313846153846153,11.449230769230768,0.2765109968173901,33
2019,2,473333,0.39015177915864324,66,6,8,0,14,0.4285714285714285,0.3884122287968443,0.4773160766328917,0.4206779906995022,St. Thomas Aquinas,ECC,6-8,3.29,6.43,0.844,0.213,24.86,0.553,0.178,,11.71,16.64,9.5,,8.43,0.309,19.29,0.429,0.38861538461538464,15.916153846153843,12.875384615384615,0.26293653474132334,66
2019,2,473320,0.6114033428886511,2,15,6,0,21,0.7142857142857143,0.6088099567312304,0.5517734278180026,0.6209197638915445,Tampa,Sunshine State,15-6,8.62,7.19,0.843,0.741,37.95,0.698,0.361,,23.33,9.57,10.9,3.81,14.71,0.328,17.48,0.714,0.6093888888888889,21.155,10.600555555555554,0.16235836182445604,2
2019,2,473345,0.45505569069669444,49,7,7,0,14,0.5,0.4744681205815659,0.5111306116632052,0.4900167132065842,Tusculum,SAC,7-7,8.5,5.07,0.765,0.454,28.64,0.696,0.385,,20.71,12.5,13.43,,12.21,0.356,18.5,0.5,0.45538461538461533,18.08923076923077,13.06307692307692,0.25509079483483416,49
2019,2,473305,0.5277255931275076,22,16,3,0,19,0.8421052631578947,0.5684410876361341,0.5362638415439164,0.6288128199935198,UIndy,GLVC,16-3,7.74,9.26,0.843,0.598,36.21,0.774,0.35,,21.68,9.16,10.26,3.68,13.95,0.294,16.42,0.842,0.5280666666666666,19.60533333333333,11.886,0.2575301837757189,22
2019,2,473353,0.47008276292432105,46,4,10,0,14,0.2857142857142857,0.486986612826949,0.4905161628569184,0.4375509185562755,Walsh,G-MAC,4-10,5.21,6.93,0.821,0.534,29.57,0.707,0.226,,15.14,11.93,13.57,,9.93,0.312,21.57,0.286,0.4702307692307693,17.757692307692306,12.179230769230768,0.22529848708773803,46
2019,2,473358,0.5149155437178434,29,11,6,0,17,0.6470588235294118,0.4834760827407886,0.5188251928465769,0.5332090454643915,Westminster (UT),RMAC,11-6,7.12,9.29,0.843,0.473,36.12,0.7,0.286,,20.12,12.12,10.06,,13.0,0.313,19.65,0.647,0.5150833333333332,20.259999999999998,12.278333333333336,0.20291149890750126,29
2019,2,473344,0.46233725805555054,48,3,11,0,14,0.2142857142857142,0.4619204021321447,0.4937637611096058,0.4079725699149024,Wheeling,G-MAC,3-11,4.0,6.86,0.697,0.436,30.36,0.482,0.333,,13.29,12.0,16.71,,9.29,0.264,19.21,0.214,0.4621428571428572,19.020000000000003,11.852857142857143,0.2266872789747576,48
2019,2,473362,0.31447496451681245,70,8,7,0,15,0.5333333333333333,0.3321044842538055,0.4362540973678961,0.4084490998022101,Wilmington (DE),CACC,8-7,5.2,8.33,0.794,0.559,36.47,0.597,0.273,,15.73,11.87,11.93,,10.53,0.249,21.0,0.533,0.3136666666666666,16.881666666666668,14.405833333333332,0.21042351474004886,70
2019,2,473334,0.5394441632815008,17,13,4,0,17,0.7647058823529411,0.5480028285824132,0.530433002353385,0.5977861354677881,Wingate,SAC,13-4,7.29,8.71,0.884,0.564,34.65,0.767,0.265,,20.24,9.94,8.71,4.24,12.94,0.284,15.71,0.765,0.5396666666666667,20.55333333333333,11.595333333333336,0.17017585675477653,17
2019,2,473356,0.495748529574715,35,6,7,0,13,0.4615384615384615,0.4956920014969549,0.5180538050471043,0.492744067394869,Young Harris,GLVC,6-7,8.38,6.38,0.771,0.307,23.38,0.823,0.239,,20.77,15.46,12.38,,12.38,0.361,16.15,0.462,0.4957692307692308,18.67153846153846,12.123076923076923,0.21535128863044425,37
2020,1,493893,0.4103465547488527,58,8,6,0,14,0.5714285714285714,0.4098639455782313,0.5399793488824102,0.482783952866861,Air Force,SoCon,4-3,6.71,6.0,0.81,0.453,27.71,0.741,0.357,0.879,17.0,12.29,11.0,-0.71,10.29,0.312,16.14,0.571,0.41000000000000003,17.79,12.364285714285714,0.29456359972969215,59
2020,1,493894,0.42897433564254933,54,12,4,0,16,0.75,0.4285714285714286,0.5806575963718821,0.5469501133786848,Army West Point,Patriot,6-2,9.38,10.63,0.847,0.451,35.88,0.769,0.308,0.775,23.13,11.63,7.25,6.5,13.75,0.336,16.88,0.75,0.4285,16.43375,12.18,0.311481540384017,54
2020,1,493833,0.39015177915864324,62,4,12,0,16,0.25,0.3892857142857142,0.4593679138321995,0.371984835600907,Bellarmine,SoCon,2-6,6.13,8.88,0.838,0.365,28.63,0.579,0.318,0.812,17.38,11.75,12.0,-0.75,11.25,0.285,18.0,0.25,0.389375,16.655,12.92625,0.2985242609487544,62
2020,1,493834,0.6416418285938845,12,2,10,0,12,0.1666666666666666,0.6472222222222221,0.4648941798941799,0.4815013227513227,Binghamton,America East,1-5,4.17,7.5,0.795,0.345,29.0,0.389,0.211,0.92,11.17,14.83,14.33,-7.33,7.0,0.235,21.17,0.167,0.6471666666666667,22.031666666666666,10.996666666666664,0.32492071682523144,12
2020,1,493835,0.4435649689272657,49,6,6,0,12,0.5,0.4424603174603175,0.5908730158730159,0.4939484126984127,Boston U.,Patriot,3-3,6.33,12.5,0.87,0.608,35.17,0.722,0.364,0.843,16.67,12.33,11.0,-0.67,10.33,0.277,21.5,0.5,0.44249999999999995,18.588333333333335,11.958333333333334,0.2767157085048359,50
2020,1,493836,0.47604882346125055,40,6,4,0,10,0.6,0.4761904761904761,0.5643990929705215,0.5291950113378684,Brown,Ivy League,3-2,7.4,9.0,0.848,0.606,37.2,0.619,0.381,0.832,20.8,13.0,10.2,3.2,13.4,0.254,14.4,0.6,0.47620000000000007,17.538,12.234,0.3294330888056025,40
2020,1,493837,0.7297991361467021,2,6,8,0,14,0.4285714285714285,0.7329931972789115,0.4206754130223518,0.5788083090379009,Bryant,NEC,3-4,6.29,7.0,0.853,0.49,28.0,0.684,0.346,0.857,18.86,11.14,11.71,0.86,12.57,0.292,14.86,0.429,0.7328571428571429,19.83285714285714,9.915714285714285,0.1692491220246724,2
2020,1,493838,0.35560255414922015,66,10,2,0,12,0.8333333333333334,0.3531746031746032,0.6557634164777023,0.5488614890400605,Bucknell,Patriot,5-1,8.67,12.17,0.847,0.565,39.83,0.579,0.588,0.69,23.33,10.83,9.83,4.83,14.67,0.293,15.5,0.833,0.35333333333333333,17.263333333333332,12.991666666666667,0.21252346275699116,66
2020,1,493839,0.6206557825587717,17,0,10,0,10,0.0,0.6219047619047618,0.3521315192743764,0.398985260770975,Canisius,MAAC,0-5,4.2,4.2,0.794,0.343,28.4,0.529,0.143,0.878,12.4,17.2,17.0,-8.8,8.2,0.281,16.8,0.0,0.6218,21.04,11.803999999999998,0.10372540672371455,17
2020,1,493840,0.5353142358592355,25,4,10,0,14,0.2857142857142857,0.5350340136054422,0.4394800777453839,0.4488155976676385,Cleveland St.,DI Independent,2-5,5.57,5.86,0.804,0.569,30.57,0.579,0.304,0.824,15.0,9.14,12.71,-3.29,9.43,0.245,19.29,0.286,0.535,19.517142857142858,10.627142857142857,0.18298555758778964,26
2020,1,493841,0.8122153728032696,1,0,12,0,12,0.0,0.8166666666666668,0.3737093726379441,0.5017606764928194,Colgate,Patriot,0-6,7.33,6.5,0.766,0.51,34.83,0.458,0.538,0.873,19.0,13.67,18.33,-6.67,11.67,0.271,19.67,0.0,0.8166666666666665,24.834999999999997,10.433333333333334,0.20344259359556172,1
2020,1,493842,0.41571828213875284,56,10,0,0,10,1.0,0.4157142857142857,0.6399914965986395,0.6178550170068027,Cornell,Ivy League,5-0,10.4,8.0,0.882,0.529,40.2,0.593,0.571,0.792,28.8,8.6,12.8,5.6,18.4,0.404,14.0,1.0,0.41559999999999997,20.732,13.508,0.2751273159829826,56
2020,1,493843,0.5353142358592355,25,6,2,0,8,0.75,0.5357142857142857,0.5505479969765684,0.592994142101285,Dartmouth,Ivy League,3-1,6.5,8.5,0.852,0.522,30.25,0.5,0.308,0.857,18.0,13.5,8.25,3.25,11.5,0.348,15.25,0.75,0.536,16.763333333333332,10.51,0.1513208511739212,25
2020,1,493844,0.43988802430153345,52,8,4,0,12,0.6666666666666666,0.439484126984127,0.545138888888889,0.5226934523809523,Delaware,CAA,4-2,7.17,9.67,0.898,0.407,29.5,0.6,0.409,0.881,19.0,11.83,9.17,2.67,11.83,0.265,13.67,0.667,0.43933333333333335,15.758333333333333,11.458333333333334,0.1824451211247432,52
2020,1,493845,0.5009949749966803,31,8,4,0,12,0.6666666666666666,0.5011904761904763,0.4881401171579743,0.5392969340513984,Denver,Big East,4-2,6.5,7.83,0.877,0.624,31.33,0.467,0.36,0.829,19.67,7.67,9.5,3.67,13.17,0.315,14.17,0.667,0.5011666666666666,19.183333333333334,11.58,0.3223168299808263,31
2020,1,493846,0.5108853978782903,28,4,6,0,10,0.4,0.511904761904762,0.4555895691609978,0.4698497732426304,Detroit Mercy,MAAC,2-3,6.0,4.8,0.747,0.591,34.8,0.737,0.353,0.942,18.6,10.2,16.8,-4.2,12.6,0.342,18.2,0.4,0.512,19.776,11.508,0.16763412540410738,28
2020,1,493847,0.5053974483054562,30,6,6,0,12,0.5,0.5051587301587301,0.5479379251700681,0.5145638463718821,Drexel,CAA,3-3,8.5,7.67,0.842,0.455,37.17,0.533,0.4,0.824,23.33,11.67,12.5,2.33,14.83,0.319,17.5,0.5,0.5051666666666667,19.638333333333332,13.274999999999999,0.16130035820033245,30
2020,1,493848,0.4713110198074569,42,12,4,0,16,0.75,0.4711309523809524,0.5258556547619047,0.5545293898809524,Duke,ACC,6-2,8.88,7.75,0.898,0.575,34.88,0.654,0.222,0.866,24.13,9.75,11.0,4.25,15.25,0.375,16.88,0.75,0.471125,19.09125,12.27125,0.17997877479025132,42
2020,1,493849,0.44917503195337216,47,10,4,0,14,0.7142857142857143,0.4484126984126984,0.462646447467876,0.5184393896447468,Fairfield,CAA,5-2,10.29,7.29,0.787,0.49,35.86,0.556,0.517,0.764,26.71,13.86,15.57,0.86,16.43,0.354,16.43,0.714,0.4483333333333334,18.91,12.520000000000001,0.33791451910538295,47
2020,1,493850,0.6283801396993662,16,2,12,0,14,0.1428571428571428,0.6282312925170067,0.4165715095562034,0.4539728093618399,Furman,SoCon,1-6,5.71,7.86,0.78,0.302,26.14,0.579,0.556,0.8,14.86,14.57,16.43,-7.29,9.14,0.279,21.14,0.143,0.6281428571428572,22.038571428571426,11.865714285714287,0.2962240602610649,16
2020,1,493851,0.3566911296380928,65,12,0,0,12,1.0,0.356547619047619,0.5153439153439154,0.5571097883597884,Georgetown,Big East,6-0,9.83,8.33,0.934,0.673,41.17,0.786,0.692,0.768,26.33,10.83,6.33,10.17,16.5,0.329,16.5,1.0,0.35650000000000004,15.878333333333332,12.988333333333335,0.3136791088570186,65
2020,1,493852,0.37959349771234807,63,0,12,0,12,0.0,0.3785714285714285,0.4521541950113378,0.3023242630385487,Hampton,DI Independent,0-6,3.5,7.0,0.597,0.52,27.67,0.5,0.045,0.87,9.17,13.0,20.83,-15.17,5.67,0.227,26.67,0.0,0.3786,18.258000000000003,12.144,0.27245447326113037,63
2020,1,493853,0.29537418642407204,74,6,6,0,12,0.5,0.2936507936507936,0.5266005291005291,0.4034755291005291,Hartford,America East,3-3,6.67,9.33,0.851,0.559,29.67,0.48,0.231,0.893,17.83,11.83,10.33,0.83,11.17,0.256,15.67,0.5,0.29383333333333334,15.308333333333332,13.548333333333334,0.19226320211857725,74
2020,1,493854,0.5993369812624321,19,4,4,0,8,0.5,0.6,0.5917517006802722,0.572937925170068,Harvard,Ivy League,2-2,6.0,7.25,0.761,0.438,26.5,0.867,0.3,0.918,17.75,14.75,11.25,0.5,11.75,0.356,16.5,0.5,0.59975,20.415,13.0625,0.12926015433999757,19
2020,1,493902,0.6530660223265898,10,4,12,0,16,0.25,0.6520833333333333,0.4667584325396825,0.5052312748015872,High Point,SoCon,2-6,7.63,7.5,0.856,0.461,30.25,0.515,0.405,0.897,20.0,13.38,17.0,-4.63,12.38,0.321,17.88,0.25,0.6521250000000001,21.591250000000002,12.04625,0.28152061980430493,11
2020,1,493855,0.30187684212269184,72,8,2,0,10,0.8,0.2999999999999999,0.5877301587301588,0.4969325396825397,Hobart,NEC,4-1,9.6,7.6,0.838,0.557,37.0,0.619,0.619,0.862,29.2,15.2,12.0,7.6,19.6,0.367,16.4,0.8,0.3,17.22,15.012,0.3711544153044659,72
2020,1,493856,0.47277059904905977,41,8,6,0,14,0.5714285714285714,0.4727891156462585,0.4991172659540006,0.5040310171687723,Hofstra,CAA,4-3,7.86,5.86,0.922,0.616,32.71,0.708,0.45,0.808,21.43,9.57,10.14,3.43,13.57,0.302,14.29,0.571,0.4727142857142856,18.604285714285712,13.067142857142857,0.22033786671882816,41
2020,1,493857,0.6819081815229079,8,8,6,0,14,0.5714285714285714,0.6825396825396827,0.4762566137566137,0.6031911375661376,Holy Cross,Patriot,4-3,4.71,10.43,0.83,0.633,31.29,0.526,0.16,0.806,13.86,9.71,10.57,-1.43,9.14,0.241,18.57,0.571,0.6825,18.856666666666666,9.331666666666667,0.15915479885947517,8
2020,1,493858,0.4560060709633308,44,6,6,0,12,0.5,0.4575396825396825,0.4344789304610734,0.4623895738851096,Jacksonville,SoCon,3-3,7.5,10.0,0.935,0.439,32.0,0.72,0.133,0.743,20.33,9.67,11.0,1.83,12.83,0.304,16.17,0.5,0.45766666666666667,18.451666666666664,14.005,0.23967941551627295,44
2020,1,493859,0.6705375592871309,9,4,8,0,12,0.3333333333333333,0.673611111111111,0.436209372637944,0.5291912320483748,Johns Hopkins,Big Ten,2-4,6.0,4.33,0.789,0.588,29.17,0.533,0.381,0.892,16.83,11.67,13.17,-2.33,10.83,0.255,15.33,0.333,0.6736666666666666,20.974999999999998,10.75,0.3791554943408955,9
2020,1,497536,0.42073141271095843,55,2,12,0,14,0.1428571428571428,0.4183673469387755,0.4745626822157434,0.3635386297376093,LIU,NEC,1-6,7.57,5.29,0.83,0.348,23.29,0.643,0.345,0.928,18.86,15.29,13.71,-2.43,11.29,0.336,17.43,0.143,0.41828571428571426,18.268571428571427,13.838571428571429,0.25176843912368263,55
2020,1,493860,0.7145573086274003,3,0,12,0,12,0.0,0.7162698412698414,0.4396211262282691,0.468040202191988,Lafayette,Patriot,0-6,3.0,5.67,0.792,0.405,26.83,0.44,0.214,0.912,10.0,12.0,16.33,-9.33,7.0,0.256,22.17,0.0,0.7163333333333334,22.683333333333334,9.596666666666666,0.27876911992224357,4
2020,1,493861,0.4134599796538414,57,10,2,0,12,0.8333333333333334,0.4134920634920634,0.5415178571428573,0.5504588293650794,Lehigh,Patriot,5-1,8.83,9.17,0.805,0.638,42.33,0.375,0.524,0.845,22.83,10.17,9.67,4.33,14.0,0.349,18.83,0.833,0.4135,16.816666666666666,11.219999999999999,0.25016178098715774,57
2020,1,493863,0.3483737492760403,67,8,4,0,12,0.6666666666666666,0.3472222222222221,0.6339451058201059,0.4987640542328042,Loyola Maryland,Patriot,4-2,6.83,9.33,0.903,0.681,33.33,0.889,0.483,0.772,18.33,11.0,8.67,2.83,11.5,0.238,14.5,0.667,0.3471666666666667,17.381666666666664,13.028333333333334,0.2904074245301284,67
2020,1,493864,0.3091496648030843,71,6,6,0,12,0.5,0.3063492063492063,0.4963884164777022,0.4022717072940287,Manhattan,MAAC,3-3,5.33,5.67,0.863,0.352,23.83,0.733,0.2,0.871,13.83,13.83,9.33,-0.83,8.5,0.309,16.67,0.5,0.3065,15.121666666666664,11.991666666666665,0.2155324801509044,71
2020,1,493865,0.5820625692640237,22,6,6,0,12,0.5,0.5813492063492064,0.4426917989417989,0.526347552910053,Marist,MAAC,3-3,8.17,9.5,0.81,0.622,32.83,0.808,0.593,0.875,21.33,11.17,11.17,2.0,13.17,0.324,16.0,0.5,0.5813333333333333,19.099999999999998,10.246666666666666,0.21506484810142473,22
2020,1,493866,0.4535502512738834,45,6,8,0,14,0.4285714285714285,0.4534013605442177,0.4508665370910268,0.4465601716877226,Marquette,Big East,3-4,5.43,8.86,0.816,0.441,31.86,0.815,0.25,0.891,17.14,9.43,10.57,1.14,11.71,0.322,16.29,0.429,0.45342857142857135,19.40142857142857,12.957142857142857,0.13940881007501144,45
2020,1,493868,0.4313344250021212,53,10,2,0,12,0.8333333333333334,0.4321428571428571,0.6367134353741497,0.5835831207482993,Maryland,Big Ten,5-1,10.0,6.67,0.887,0.574,33.5,0.842,0.5,0.894,25.67,12.83,12.5,3.17,15.67,0.311,17.5,0.833,0.432,20.7,13.451666666666668,0.11168258592994701,53
2020,1,493869,0.5262057227056925,27,10,4,0,14,0.7142857142857143,0.526530612244898,0.5583981211532231,0.5814362649821834,Massachusetts,CAA,5-2,7.29,9.71,0.833,0.571,29.57,0.767,0.269,0.78,18.29,11.71,10.71,0.29,11.0,0.284,16.29,0.714,0.5265714285714285,20.404285714285713,11.545714285714284,0.2098787793961465,27
2020,1,493870,0.3004381938705437,73,12,2,0,14,0.8571428571428571,0.2976190476190476,0.481254724111867,0.4834089191232048,Mercer,SoCon,6-1,10.0,6.71,0.883,0.683,32.0,0.8,0.45,0.872,26.43,8.57,8.86,7.57,16.43,0.369,14.29,0.857,0.2976666666666667,14.245,13.951666666666668,0.3388562461510125,73
2020,1,493871,0.4103465547488527,58,8,6,0,14,0.5714285714285714,0.4107142857142857,0.5297278911564627,0.4806462585034013,Michigan,Big Ten,4-3,6.71,8.0,0.848,0.503,32.86,0.68,0.517,0.803,20.0,11.71,11.86,1.43,13.29,0.305,13.71,0.571,0.41083333333333333,17.87666666666667,12.701666666666668,0.23299314486816036,58
2020,1,493872,0.5904095733916372,21,4,8,0,12,0.3333333333333333,0.5912698412698413,0.4225292894935752,0.4846005763416477,Monmouth,MAAC,2-4,4.0,8.5,0.844,0.448,29.5,0.773,0.222,0.869,10.83,10.67,10.67,-3.83,6.83,0.202,18.0,0.333,0.5913333333333334,18.813333333333333,11.049999999999999,0.32645094918260265,21
2020,1,493873,0.48369025362827456,38,6,10,0,16,0.375,0.4839285714285714,0.5041542658730158,0.4617528521825397,Mount St. Mary's,NEC,3-5,4.63,8.0,0.863,0.516,30.38,0.625,0.387,0.885,13.38,10.88,11.63,-2.88,8.75,0.225,16.63,0.375,0.483875,17.73125,10.673750000000002,0.3351751174759248,38
2020,1,493875,0.48827227150394964,36,2,12,0,14,0.1428571428571428,0.4880952380952381,0.428656462585034,0.3869260204081632,NJIT,NEC,1-6,4.57,8.0,0.858,0.439,26.86,0.733,0.261,0.832,12.29,12.14,12.43,-4.71,7.71,0.254,20.71,0.143,0.48800000000000004,16.73142857142857,11.845714285714285,0.2688727792629284,36
2020,1,493895,0.40951828082896297,61,6,4,0,10,0.6,0.4095238095238095,0.5317573696145124,0.4877012471655328,Navy,Patriot,3-2,8.2,9.0,0.796,0.508,37.2,0.786,0.667,0.796,20.0,10.2,9.4,2.4,11.8,0.324,17.0,0.6,0.40939999999999993,18.131999999999998,12.866,0.30077805771033234,61
2020,1,493874,0.3483737492760403,67,14,0,0,14,1.0,0.3469387755102042,0.6237973760932947,0.5794187317784258,North Carolina,ACC,7-0,12.29,7.29,0.859,0.568,38.29,0.5,0.773,0.741,30.14,9.0,10.0,7.86,17.86,0.391,14.43,1.0,0.347,17.95,13.475714285714288,0.30515897496223177,68
2020,1,493876,0.6130001300675628,18,4,6,0,10,0.4,0.6142857142857143,0.5187414965986396,0.536828231292517,Notre Dame,ACC,2-3,6.8,7.4,0.843,0.427,30.0,0.308,0.385,0.906,19.0,11.0,10.6,1.6,12.2,0.292,13.8,0.4,0.6142000000000001,20.668,11.084,0.1845008401064884,18
2020,1,493877,0.6290076216285767,15,10,4,0,14,0.7142857142857143,0.6312925170068028,0.4766942014901199,0.6133912374473599,Ohio St.,Big Ten,5-2,9.0,6.29,0.889,0.547,32.14,0.737,0.455,0.787,22.86,13.86,10.14,3.71,13.86,0.357,17.71,0.714,0.6311428571428571,20.874285714285715,11.697142857142856,0.21089498305448384,15
2020,1,493879,0.7145573086274003,3,4,6,0,10,0.4,0.7166666666666667,0.5081377551020408,0.5853677721088436,Penn,Ivy League,2-3,8.6,7.6,0.864,0.654,37.6,0.462,0.357,0.836,22.4,11.4,14.0,-0.2,13.8,0.279,17.0,0.4,0.7163999999999999,22.704,11.47,0.08470796892854887,3
2020,1,493878,0.5108853978782903,28,10,4,0,14,0.7142857142857143,0.5112244897959184,0.6065613864593458,0.5858240200842242,Penn St.,Big Ten,5-2,9.71,6.71,0.831,0.55,37.43,0.471,0.579,0.799,27.0,12.14,11.0,6.29,17.29,0.401,17.43,0.714,0.5111428571428571,19.254285714285714,13.415714285714285,0.3273086915922593,29
2020,1,493880,0.3344970126615627,70,10,0,0,10,1.0,0.3333333333333333,0.6656746031746031,0.5830853174603174,Princeton,Ivy League,5-0,9.8,10.0,0.824,0.497,38.4,0.353,0.304,0.765,27.8,12.0,10.8,7.2,18.0,0.395,15.6,1.0,0.3332,17.798,13.168000000000001,0.21092406216456197,70
2020,1,493881,0.495748529574715,32,10,2,0,12,0.8333333333333334,0.4968253968253968,0.5900321239606955,0.6042540627362056,Providence,Big East,5-1,6.5,8.17,0.856,0.386,32.5,0.938,0.579,0.893,18.0,13.5,8.0,3.5,11.5,0.28,15.67,0.833,0.4968333333333333,16.925,11.226666666666667,0.1716133412322273,32
2020,1,493882,0.49414640775339724,33,0,12,0,12,0.0,0.4948412698412698,0.4758125472411187,0.3663737717309146,Quinnipiac,MAAC,0-6,4.0,5.83,0.804,0.607,31.5,0.552,0.32,0.874,13.33,13.33,14.83,-5.5,9.33,0.231,19.5,0.0,0.4948333333333333,19.52166666666667,11.966666666666667,0.21545101273581632,33
2020,1,493883,0.49408698287455854,34,8,6,0,14,0.5714285714285714,0.494047619047619,0.5089002267573697,0.5171060090702948,Richmond,SoCon,4-3,7.43,9.29,0.917,0.435,30.29,0.688,0.476,0.834,20.14,13.29,10.57,2.14,12.71,0.335,17.57,0.571,0.49399999999999994,19.25142857142857,11.292857142857143,0.2560027901633663,34
2020,1,493884,0.3483737492760403,67,8,4,0,12,0.6666666666666666,0.3464285714285713,0.5336654383975813,0.4732973119803476,Robert Morris,Independent,4-2,7.17,9.5,0.867,0.489,37.5,0.667,0.308,0.806,21.17,10.33,13.83,0.17,14.0,0.301,17.5,0.667,0.3465,18.633333333333333,14.145000000000001,0.17614742878244538,69
2020,1,493885,0.5939809739826961,20,4,8,0,12,0.3333333333333333,0.5932539682539683,0.4199357520786091,0.4849442554799697,Rutgers,Big Ten,2-4,6.83,8.17,0.858,0.331,26.0,0.842,0.467,0.809,19.33,12.17,12.5,0.0,12.5,0.31,13.83,0.333,0.5933333333333334,20.12333333333333,11.473333333333334,0.313304785933584,20
2020,1,493886,0.7104569581854324,5,2,10,0,12,0.1666666666666666,0.7134920634920635,0.4069066515495087,0.5001393613000756,Sacred Heart,NEC,1-5,4.83,7.83,0.8,0.407,28.5,0.5,0.412,0.863,14.5,15.17,14.17,-4.5,9.67,0.244,20.5,0.167,0.7133333333333333,19.27,9.959999999999999,0.1255038733355358,5
2020,1,493888,0.49408698287455854,34,10,4,0,14,0.7142857142857143,0.4925170068027211,0.544602364755426,0.5609805231616456,Saint Joseph's,NEC,5-2,6.57,7.43,0.866,0.646,32.86,0.652,0.192,0.931,16.86,13.57,9.71,0.57,10.29,0.28,18.71,0.714,0.49242857142857144,18.627142857142854,11.358571428571429,0.2596870958578844,35
2020,1,493889,0.4435649689272657,49,4,8,0,12,0.3333333333333333,0.4428571428571429,0.4309051398337113,0.4124881897203326,Siena,MAAC,2-4,6.5,10.33,0.779,0.422,32.67,0.593,0.364,0.827,18.33,14.83,16.0,-4.17,11.83,0.273,18.5,0.333,0.44300000000000006,20.296666666666667,13.261666666666665,0.25208530302260784,49
2020,1,493830,0.5521028764078837,24,0,12,0,12,0.0,0.5515873015873015,0.457093253968254,0.3900669642857142,St. Bonaventure,MAAC,0-6,3.67,6.5,0.843,0.214,17.17,0.417,0.313,0.872,9.83,12.83,14.17,-8.0,6.17,0.223,16.0,0.0,0.5515,19.55666666666667,11.344999999999999,0.22922387164807537,24
2020,1,493887,0.45237392763850315,46,6,8,0,14,0.4285714285714285,0.4523809523809524,0.4421282798833819,0.4438654033041788,St. John's (NY),Big East,3-4,6.71,7.43,0.894,0.544,32.86,0.667,0.667,0.858,19.29,10.43,14.29,-1.71,12.57,0.289,17.0,0.429,0.4521428571428571,19.23428571428571,12.505714285714287,0.1785148481791029,46
2020,1,493890,0.4626376369612048,43,10,4,0,14,0.7142857142857143,0.4632653061224489,0.5556446388079042,0.5491152413346291,Stony Brook,America East,5-2,5.71,6.86,0.847,0.522,37.0,0.542,0.324,0.831,18.86,13.71,13.0,0.14,13.14,0.285,16.43,0.714,0.46328571428571425,20.131428571428568,12.654285714285717,0.1691412886027657,43
2020,1,493891,0.4103465547488527,58,10,0,0,10,1.0,0.41,0.5732142857142857,0.5983035714285714,Syracuse,ACC,5-0,8.6,9.8,0.91,0.671,41.2,0.6,0.417,0.812,25.2,12.8,9.4,7.2,16.6,0.323,13.6,1.0,0.41000000000000003,19.866,13.016,0.3164736955893807,59
2020,1,493892,0.691903728994944,7,0,12,0,12,0.0,0.6958333333333333,0.4392261904761905,0.4577232142857143,Towson,CAA,0-6,4.0,5.83,0.843,0.331,23.33,0.412,0.375,0.915,11.0,12.5,14.0,-7.0,7.0,0.223,15.83,0.0,0.6958333333333333,20.078333333333333,10.166666666666666,0.26811031104545174,7
2020,1,493832,0.7078855066395607,6,4,6,0,10,0.4,0.7095238095238094,0.4959092970521542,0.5787392290249432,UAlbany,America East,2-3,10.0,7.2,0.847,0.346,31.6,0.615,0.15,0.824,22.8,11.8,15.4,-2.6,12.8,0.34,15.4,0.4,0.7093999999999999,22.767999999999997,11.952,0.1936198336947948,6
2020,1,493867,0.36011336281716294,64,8,2,0,10,0.8,0.3583333333333333,0.5803769841269842,0.5242609126984127,UMBC,America East,4-1,5.0,8.6,0.9,0.553,29.8,0.9,0.308,0.883,16.8,12.4,8.4,3.4,11.8,0.288,14.2,0.8,0.3584,17.042,12.626000000000001,0.34315046262536203,64
2020,1,493862,0.478124070406951,39,6,8,0,14,0.4285714285714285,0.4781746031746032,0.5208238851095995,0.4764361300075586,UMass Lowell,America East,3-4,6.14,7.86,0.814,0.43,29.57,0.694,0.24,0.843,15.43,11.43,11.57,-2.29,9.29,0.233,17.14,0.429,0.478,16.41333333333333,11.893333333333333,0.2544019129907111,39
2020,1,493831,0.4456211152470233,48,6,6,0,12,0.5,0.4454365079365079,0.4637235449735449,0.4636491402116401,Utah,DI Independent,3-3,7.67,7.17,0.868,0.509,32.83,0.588,0.318,0.903,20.5,13.0,11.0,1.83,12.83,0.309,15.33,0.5,0.4453333333333333,17.63,11.955,0.22493455838433446,48
2020,1,493898,0.5693609576216532,23,0,8,0,8,0.0,0.5699404761904763,0.424454365079365,0.3910838293650794,VMI,SoCon,0-4,3.25,9.0,0.833,0.448,28.75,0.571,0.2,0.877,11.25,11.75,12.75,-4.75,8.0,0.276,17.0,0.0,0.56975,17.545,10.3,0.16740277028771058,23
2020,1,493896,0.4406064582250466,51,6,2,0,8,0.75,0.4404761904761904,0.5710317460317461,0.5504960317460318,Vermont,America East,3-1,5.25,8.25,0.882,0.433,25.25,0.833,0.385,0.792,16.0,13.0,8.25,2.5,10.75,0.307,14.75,0.75,0.4403333333333333,15.063333333333333,11.216666666666667,0.3198232150562071,51
2020,1,493897,0.6334248696390465,14,8,6,0,14,0.5714285714285714,0.6336734693877552,0.5314747327502429,0.5925625607385812,Villanova,Big East,4-3,7.29,7.14,0.851,0.412,29.43,0.483,0.423,0.867,19.86,12.29,13.14,-0.57,12.57,0.296,12.86,0.571,0.6335714285714283,22.975714285714282,11.544285714285715,0.14001311891886328,14
2020,1,493899,0.6530660223265898,10,8,4,0,12,0.6666666666666666,0.6535714285714285,0.4386975623582766,0.60312677154195,Virginia,ACC,4-2,9.33,10.17,0.876,0.551,43.33,0.64,0.375,0.737,23.0,13.33,11.17,2.5,13.67,0.282,16.5,0.667,0.6535,21.126666666666665,11.223333333333334,0.23271781911433714,10
2020,1,493900,0.4841678046141792,37,2,10,0,12,0.1666666666666666,0.484126984126984,0.3966742252456537,0.3828987150415721,Wagner,NEC,1-5,2.67,4.67,0.863,0.379,20.0,0.529,0.333,0.903,10.5,10.67,15.33,-7.5,7.83,0.237,14.83,0.167,0.484,18.201666666666664,10.506666666666666,0.21843839711308385,37
2020,1,493901,0.6412662815625287,13,6,2,0,8,0.75,0.6428571428571428,0.5205357142857143,0.6390625,Yale,Ivy League,3-1,7.75,5.0,0.642,0.75,34.25,0.538,0.533,0.798,22.0,9.75,11.5,2.75,14.25,0.335,19.75,0.75,0.6425,21.2875,11.6775,0.07150000000000001,13
2020,2,493930,0.5562628414099327,23,0,4,0,4,0.0,0.5555555555555556,0.4425831443688586,0.3884235638699924,Adams St.,RMAC,0-4,3.25,6.25,0.793,0.325,20.75,0.696,0.111,,10.5,13.0,18.25,,7.25,0.238,16.0,0.0,0.5556666666666666,21.63,11.926666666666668,0.3423412852046267,23
2020,2,493904,0.727195828244975,4,1,2,0,3,0.3333333333333333,0.7301587301587302,0.5008928571428571,0.5736359126984127,Adelphi,NE10,1-2,8.33,9.33,0.817,0.414,34.67,0.733,0.182,,23.67,9.0,10.67,4.67,15.33,0.315,15.33,0.333,0.73,20.986666666666665,10.426666666666668,0.2867275129224028,4
2020,2,493905,0.5393807189796257,35,4,2,0,6,0.6666666666666666,0.5390476190476191,0.4685627362055934,0.5533311602418746,Alabama Huntsville,GLVC,4-2,8.33,7.5,0.806,0.397,29.83,0.813,0.333,,21.33,13.83,8.83,,13.0,0.304,17.67,0.667,0.5389999999999999,18.726000000000003,11.374,0.2873235110463465,35
2020,2,493931,0.7454127189107351,3,0,5,0,5,0.0,0.7488095238095238,0.3275170068027211,0.4562840136054422,Alderson Broaddus,G-MAC,0-5,2.4,6.2,0.691,0.325,21.4,0.313,0.1,,6.8,14.4,25.0,,4.4,0.227,23.6,0.0,0.7485999999999999,25.476,8.534,0.15384485691761035,3
2020,2,493906,0.4134599796538414,55,2,4,0,6,0.3333333333333333,0.4126984126984127,0.5203924162257496,0.4197806437389771,American Int'l,NE10,2-4,4.0,9.83,0.741,0.368,27.17,0.565,0.375,,11.33,16.67,13.83,,7.33,0.229,23.67,0.333,0.41250000000000003,17.005,12.143333333333333,0.21450233098966548,55
2020,2,493907,0.41571828213875284,53,2,2,0,4,0.5,0.4166666666666666,0.5188988095238095,0.4630580357142857,Assumption,NE10,2-2,10.0,9.0,0.868,0.488,33.5,0.85,0.294,,26.25,8.75,10.5,5.75,16.25,0.317,15.75,0.5,0.41675,15.965,13.6075,0.2907166790880771,53
2020,2,493903,0.5595428853863725,22,1,6,0,7,0.1428571428571428,0.5595238095238095,0.4271385604506352,0.4222608305888493,Barton,Conference Carolinas,1-6,5.43,7.29,0.812,0.497,28.14,0.75,0.244,,16.86,14.0,13.71,,11.43,0.289,18.71,0.143,0.5594285714285714,19.531428571428567,12.542857142857144,0.22476581917495317,22
2020,2,493944,0.5462046138910223,30,7,0,0,7,1.0,0.5469387755102041,0.6011945254292191,0.6737680191124068,Belmont Abbey,Conference Carolinas,7-0,8.71,6.43,0.874,0.545,29.29,0.871,0.457,,22.43,16.14,6.86,6.86,13.71,0.338,17.29,1.0,0.5469999999999999,18.154285714285717,11.16,0.15940245561829608,30
2020,2,493908,0.8256365273158953,1,0,3,0,3,0.0,0.8333333333333334,0.425705467372134,0.5230930335097002,Bentley,NE10,0-3,6.67,6.67,0.761,0.316,21.67,0.545,0.286,,16.0,12.33,14.33,,9.33,0.252,15.0,0.0,0.8333333333333334,23.55666666666667,8.89,0.13594688505278651,1
2020,2,493945,0.6290076216285767,11,1,3,0,4,0.25,0.6309523809523809,0.4694373582766439,0.4953355300453514,CSU Pueblo,RMAC,1-3,5.75,6.0,0.788,0.321,30.25,0.577,0.538,,16.75,15.75,20.25,,11.0,0.282,19.25,0.25,0.631,22.115000000000002,11.1225,0.3239189713493176,11
2020,2,497516,0.5006439737748386,40,1,1,0,2,0.5,0.5,0.4794973544973545,0.4948743386243386,Caldwell,CACC,1-1,5.0,7.5,0.625,0.833,28.5,0.714,0.25,,13.0,12.0,10.5,,8.0,0.216,24.0,0.5,0.5,16.165,11.5,0.167,40
2020,2,493932,0.5462046138910223,30,3,3,0,6,0.5,0.5466269841269841,0.5411009542705971,0.5335887306311413,Catawba,SAC,3-3,4.67,8.17,0.861,0.483,31.5,0.632,0.263,,14.67,13.67,11.33,,10.0,0.273,21.5,0.5,0.5465,19.441666666666666,11.76,0.21816717596069912,31
2020,2,493958,0.30187684212269184,69,5,1,0,6,0.8333333333333334,0.3015873015873015,0.5683954816494499,0.5012258545393466,Chestnut Hill,CACC,5-1,13.67,5.33,0.766,0.562,38.0,0.8,0.882,,35.17,16.83,9.0,12.5,21.5,0.454,19.17,0.833,0.3015,14.23166666666667,16.66,0.3407867123778938,69
2020,2,493947,0.36059723243991854,63,5,3,0,8,0.625,0.3596938775510204,0.5274669987042436,0.4679636884515711,Chowan,Conference Carolinas,5-3,9.5,13.5,0.827,0.395,35.88,0.791,0.3,,23.5,12.25,9.38,4.63,14.0,0.332,17.25,0.625,0.3597142857142857,15.09285714285714,15.175714285714283,0.36699813712478324,63
2020,2,493933,0.4330344735988592,52,6,2,0,8,0.75,0.4332837301587301,0.5477206160241874,0.5410720190854119,Coker,SAC,6-2,7.38,11.38,0.808,0.605,40.0,0.737,0.222,,21.25,12.0,11.63,,13.88,0.31,19.38,0.75,0.433375,17.958750000000002,11.89875,0.20610127213338592,52
2020,2,493951,0.32770620305170034,66,7,0,0,7,1.0,0.326360544217687,0.5723091458805744,0.5562575585789872,Colorado Mesa,RMAC,7-0,10.71,9.43,0.892,0.759,43.71,0.828,0.386,,28.43,9.86,6.86,10.86,17.71,0.297,17.71,1.0,0.32642857142857146,16.102857142857143,14.375714285714285,0.2768108467852356,66
2020,2,497497,0.5488566642383986,27,1,5,0,6,0.1666666666666666,0.5496031746031745,0.4508408919123205,0.4291784769463341,Davenport,DII Independent,1-5,4.33,7.5,0.752,0.395,24.83,0.576,0.259,,13.33,15.0,15.67,,9.0,0.271,19.83,0.167,0.5495,19.625,11.893333333333333,0.38111317216805823,28
2020,2,493909,0.6665283193429016,7,0,7,0,7,0.0,0.6675170068027211,0.3526167080588849,0.4219126804160817,Davis & Elkins,G-MAC,0-7,4.43,5.29,0.779,0.269,27.71,0.576,0.167,,12.43,14.0,20.86,,8.0,0.273,20.29,0.0,0.6674285714285715,23.987142857142857,9.927142857142856,0.20066379639504847,7
2020,2,493910,0.41526730493838826,54,3,6,0,9,0.3333333333333333,0.4144620811287478,0.5041803141009491,0.4166094524229445,Dist. Columbia,ECC,3-6,6.33,6.78,0.821,0.535,30.89,0.49,0.216,,18.67,11.78,17.11,,12.33,0.302,12.11,0.333,0.41444444444444445,17.811111111111114,13.313333333333334,0.32824655743683867,54
2020,2,493948,0.47211325596015064,47,2,4,0,6,0.3333333333333333,0.4722222222222222,0.4178424456202234,0.4239050558495003,Dominican (NY),CACC,2-4,5.17,8.5,0.746,0.465,33.17,0.483,0.31,,13.83,18.67,14.33,,8.67,0.212,21.83,0.333,0.47200000000000003,17.36,10.073333333333332,0.24387565137449319,47
2020,2,493970,0.5820625692640237,18,2,5,0,7,0.2857142857142857,0.5806878306878307,0.4894191704459561,0.4841272793839757,Embry-Riddle (FL),Sunshine State,2-5,6.14,7.29,0.83,0.656,34.86,0.625,0.214,,17.29,11.29,12.57,,11.14,0.292,23.29,0.286,0.5808333333333334,19.385,12.103333333333333,0.23943434497906843,19
2020,2,493966,0.47604882346125055,45,3,6,0,9,0.3333333333333333,0.4761904761904761,0.4685908564814814,0.4385762855489418,Emmanuel (GA),Conference Carolinas,3-6,7.33,11.44,0.78,0.453,39.67,0.661,0.366,,19.22,13.67,14.67,,11.89,0.281,25.0,0.333,0.47624999999999995,19.441249999999997,12.408750000000001,0.26388337859744027,46
2020,2,493973,0.40951828082896297,56,1,5,0,6,0.1666666666666666,0.4087301587301586,0.4173542873939699,0.3503703178802385,Felician,CACC,1-5,4.17,5.0,0.725,0.5,31.33,0.667,0.278,,11.33,18.5,16.67,,7.17,0.232,22.33,0.167,0.4084999999999999,17.305,12.5,0.22597252782879013,56
2020,2,493912,0.6994103864195583,5,3,4,0,7,0.4285714285714285,0.6989795918367346,0.4961633462908973,0.5806734896339488,Fla. Southern,Sunshine State,3-4,6.57,8.43,0.843,0.733,39.0,0.5,0.382,,17.86,10.0,11.86,,11.29,0.234,18.86,0.429,0.699,20.764285714285712,9.841428571428569,0.31002857011203705,5
2020,2,493911,0.6705375592871309,6,2,6,0,8,0.25,0.672108843537415,0.4749443904545945,0.5172905193823562,Florida Tech,Sunshine State,2-6,5.13,7.63,0.789,0.553,36.0,0.657,0.222,,16.25,12.25,13.13,,11.13,0.306,20.25,0.25,0.6719999999999999,22.875714285714285,10.66,0.24373346097735538,6
2020,2,493913,0.24140502876891723,71,2,0,0,2,1.0,0.238095238095238,0.5128968253968255,0.4972718253968254,Franklin Pierce,NE10,2-0,7.5,10.5,0.843,0.5,32.0,0.714,0.636,,24.0,11.0,5.0,11.5,16.5,0.292,19.0,1.0,0.238,13.844999999999999,14.594999999999999,0.09500000000000001,71
2020,2,494203,0.22758573443937033,72,5,0,0,5,1.0,0.2246031746031746,0.6670181405895692,0.5290561224489796,Frostburg St.,ECC,5-0,9.6,10.8,0.887,0.642,42.0,0.706,0.294,,28.0,9.4,8.0,10.4,18.4,0.347,18.6,1.0,0.2246,13.975999999999999,15.482,0.19567892068385903,72
2020,2,493949,0.6283801396993662,13,4,5,0,9,0.4444444444444444,0.626984126984127,0.4174631169340164,0.5289689538366786,Georgian Court,CACC,4-5,6.11,4.78,0.8,0.471,35.22,0.75,0.419,,16.22,17.33,11.22,,10.11,0.266,19.22,0.444,0.6268888888888888,20.25444444444444,10.767777777777779,0.3257447686778525,13
2020,2,493946,0.7491889093984418,2,0,6,0,6,0.0,0.7531746031746032,0.3900762156714537,0.474106355505165,Lake Erie,G-MAC,0-6,5.83,8.17,0.836,0.308,28.17,0.676,0.333,,16.5,12.5,14.83,,10.67,0.302,15.5,0.0,0.753,22.296666666666667,9.131666666666666,0.21896422843316973,2
2020,2,497458,0.3483737492760403,65,4,2,0,6,0.6666666666666666,0.3455687830687831,0.5448594576719576,0.4756659226190476,Lander,GLVC,4-2,8.83,9.0,0.806,0.539,47.67,0.645,0.4,,23.17,13.33,10.33,,14.33,0.304,22.5,0.667,0.3456666666666666,16.201666666666668,14.765,0.2269637758664487,65
2020,2,493915,0.3492767598623112,64,4,0,0,4,1.0,0.3511904761904761,0.6165343915343915,0.579728835978836,Le Moyne,NE10,4-0,9.0,6.0,0.845,0.759,36.5,0.75,0.364,,25.0,9.0,9.5,6.5,16.0,0.29,15.5,1.0,0.351,18.8275,11.612499999999999,0.36301721722254443,64
2020,2,493955,0.5709255058419359,20,1,6,0,7,0.1428571428571428,0.5717687074829932,0.457328177302667,0.435930683781449,Lees-McRae,Conference Carolinas,1-6,4.43,8.0,0.576,0.279,28.29,0.357,0.32,,13.29,14.14,18.43,,8.86,0.356,23.0,0.143,0.5717142857142857,20.51142857142857,11.209999999999999,0.2240776104616525,20
2020,2,493934,0.5652411997844625,21,6,1,0,7,0.8571428571428571,0.5666666666666667,0.5444549724651766,0.6337327907353418,Lenoir-Rhyne,SAC,6-1,8.43,9.29,0.875,0.62,36.86,0.741,0.24,,24.0,12.57,11.57,,15.57,0.321,19.57,0.857,0.5665714285714286,23.14428571428571,11.397142857142857,0.22827167845283272,21
2020,2,497496,0.2543156574482397,70,5,2,0,7,0.7142857142857143,0.2517006802721088,0.6010463232912212,0.4546833495302883,Lewis,GLVC,5-2,8.57,7.71,0.767,0.64,34.57,1.0,0.355,,22.57,12.0,7.0,7.0,14.0,0.327,19.14,0.714,0.2518571428571429,14.207142857142856,16.217142857142857,0.33717203263591833,70
2020,2,493935,0.4841678046141792,44,4,1,0,5,0.8,0.4842857142857142,0.5646530612244897,0.5833061224489796,Limestone,Conference Carolinas,4-1,11.6,9.0,0.874,0.651,42.2,0.647,0.643,,31.2,9.4,11.0,8.6,19.6,0.452,18.2,0.8,0.4842000000000001,19.046,12.872000000000003,0.2573677524477377,44
2020,2,493936,0.5368534379052887,36,2,4,0,6,0.3333333333333333,0.537037037037037,0.4868496472663139,0.4735642636684303,Lincoln Memorial,SAC,2-4,6.17,6.0,0.788,0.573,31.17,0.607,0.222,,16.5,15.0,13.83,,10.33,0.337,22.83,0.333,0.5371666666666667,18.544999999999998,10.995000000000003,0.2618889183519523,36
2020,2,493961,0.3270590637173134,67,5,0,0,5,1.0,0.3249999999999999,0.5735917422524566,0.5558979355631142,Lindenwood,GLVC,5-0,11.4,10.4,0.86,0.456,43.8,0.75,0.297,,29.0,12.0,8.8,8.8,17.6,0.313,14.0,1.0,0.3248,15.916,13.15,0.04078431070889884,67
2020,2,493957,0.6048389686851262,14,2,4,0,6,0.3333333333333333,0.6044973544973545,0.4851143235071806,0.5068605914588057,Lynn,Sunshine State,2-4,5.5,4.67,0.745,0.836,37.17,0.703,0.409,,16.83,13.67,11.83,,11.33,0.25,21.17,0.333,0.6044999999999999,19.771666666666665,10.933333333333332,0.3190766626794675,14
2020,2,493937,0.4699189528863625,48,3,5,0,8,0.375,0.4689980158730158,0.4793603552532124,0.448089096749811,Mars Hill,SAC,3-5,5.13,6.0,0.721,0.587,40.0,0.629,0.385,,15.5,13.63,16.13,,10.38,0.286,25.13,0.375,0.469125,17.81625,12.3625,0.26795589072644027,48
2020,2,493917,0.5850739331288695,17,2,4,0,6,0.3333333333333333,0.5853174603174603,0.5028045477450239,0.5016932004283194,Maryville (MO),GLVC,2-4,5.67,10.5,0.773,0.329,28.17,0.765,0.474,,14.5,10.83,10.83,,8.83,0.256,20.33,0.333,0.5851666666666667,20.118333333333332,11.181666666666667,0.2675066458156798,17
2020,2,493918,0.37959349771234807,60,5,1,0,6,0.8333333333333334,0.3796296296296296,0.593452380952381,0.5465112433862434,Mercy,ECC,5-1,10.17,8.83,0.854,0.695,37.33,0.5,0.545,,24.67,12.83,8.0,6.5,14.5,0.337,19.0,0.833,0.3795,17.425,11.701666666666666,0.3400743791192352,60
2020,2,493919,0.5521028764078837,25,5,0,0,5,1.0,0.5514285714285714,0.455230536659108,0.6395219198790627,Mercyhurst,G-MAC,5-0,8.4,8.2,0.909,0.638,35.0,0.8,0.6,,21.2,9.0,7.2,5.6,12.8,0.288,14.4,1.0,0.5513999999999999,21.119999999999997,10.524,0.2485209045533192,25
2020,2,493921,0.5400159615061642,34,1,6,0,7,0.1428571428571428,0.5413832199546486,0.5177075909728971,0.4358327934348343,Molloy,ECC,1-6,4.57,8.14,0.769,0.368,30.57,0.469,0.323,,13.29,12.71,15.29,,8.71,0.248,19.43,0.143,0.5412857142857143,19.325714285714287,10.325714285714286,0.2528476188682562,34
2020,2,493968,0.5277255931275076,37,3,4,0,7,0.4285714285714285,0.5280612244897959,0.5057303476946334,0.4976060563114134,Montevallo,GLVC,3-4,6.29,8.29,0.766,0.257,29.43,0.731,0.31,,17.86,13.57,13.29,,11.57,0.275,17.43,0.429,0.5281428571428571,19.108571428571427,11.394285714285713,0.2794542786889315,37
2020,2,493938,0.6334248696390465,9,4,3,0,7,0.5714285714285714,0.6326530612244898,0.5242309820753698,0.5902414189882302,Mount Olive,Conference Carolinas,4-3,6.86,9.71,0.877,0.454,25.57,0.667,0.308,,17.14,11.57,9.57,,10.29,0.26,16.71,0.571,0.6327142857142858,20.35571428571429,10.071428571428571,0.2690590558041191,10
2020,2,493923,0.5458562523187784,32,4,2,0,6,0.6666666666666666,0.5462962962962963,0.5386537330981775,0.5744782480893591,New York Tech,ECC,4-2,8.33,8.33,0.832,0.476,27.83,0.52,0.471,,21.0,14.33,9.17,,12.67,0.342,15.17,0.667,0.5461666666666667,18.37,11.333333333333334,0.35782603625536,32
2020,2,493972,0.39347583824126525,59,3,3,0,6,0.5,0.3918650793650793,0.5295918367346938,0.4533304988662131,Newberry,SAC,3-3,8.17,7.5,0.838,0.59,36.0,0.85,0.343,,21.83,11.83,11.5,,13.67,0.408,19.83,0.5,0.3916666666666666,18.138333333333332,12.673333333333337,0.22199074054763834,59
2020,2,493950,0.5458562523187784,32,5,4,0,9,0.5555555555555556,0.5456349206349205,0.4898809523809524,0.5341765873015872,North Greenville,Conference Carolinas,5-4,4.22,8.44,0.908,0.333,28.44,0.684,0.2,,15.44,16.11,9.67,,11.22,0.256,15.78,0.556,0.5456666666666667,19.685555555555556,11.466666666666667,0.22772010109879287,33
2020,2,493924,0.5820625692640237,18,1,1,0,2,0.5,0.5833333333333334,0.4259259259259259,0.5231481481481481,Pace,NE10,1-1,7.0,12.5,0.887,0.545,28.0,0.667,0.364,,19.5,14.0,6.5,6.0,12.5,0.291,19.5,0.5,0.583,19.25,11.165,0.24999999999999997,18
2020,2,493969,0.3678429515311504,62,3,3,0,6,0.5,0.3673941798941799,0.5363599143361049,0.4427870685311162,Palm Beach Atl.,Sunshine State,3-3,6.33,8.67,0.927,0.468,35.5,0.816,0.317,,19.83,11.17,12.67,,13.5,0.284,18.33,0.5,0.36733333333333335,16.698333333333334,12.138333333333334,0.21102185247557234,62
2020,2,493939,0.5522102123590636,24,1,6,0,7,0.1428571428571428,0.5535714285714286,0.4006541770147212,0.4126635442536803,Post,CACC,1-6,4.86,9.57,0.794,0.449,29.86,0.833,0.208,,13.86,14.14,14.86,,9.0,0.276,17.86,0.143,0.5534285714285715,19.392857142857142,11.474285714285713,0.23658574835887858,24
2020,2,493952,0.6032115598449316,15,5,2,0,7,0.7142857142857143,0.6037414965986395,0.5254498029370478,0.6118046276050102,Queens (NC),SAC,5-2,8.86,6.29,0.821,0.587,29.14,0.679,0.438,,22.29,14.71,8.57,4.86,13.43,0.328,17.86,0.714,0.6037142857142858,19.465714285714284,10.828571428571427,0.30297133965618134,15
2020,2,497495,0.4349258478078456,51,0,5,0,5,0.0,0.4345238095238095,0.4804157218442932,0.3373658352229781,Quincy,GLVC,0-5,1.6,4.0,0.692,0.299,21.8,0.741,0.056,,5.2,19.2,16.6,,3.6,0.127,19.2,0.0,0.4345,17.445,11.44,0.19656233108100848,51
2020,2,493963,0.5006439737748386,40,4,3,0,7,0.5714285714285714,0.5,0.5168745275888132,0.5220757747543462,Roberts Wesleyan,ECC,4-3,6.57,7.71,0.787,0.536,30.0,0.731,0.276,,18.14,11.86,9.29,,11.57,0.31,18.29,0.571,0.5,16.508571428571425,12.73857142857143,0.44541762105114024,40
2020,2,493940,0.5488566642383986,27,6,1,0,7,0.8571428571428571,0.55,0.5105287226001511,0.6169178949357521,Rockhurst,GLVC,6-1,8.71,12.57,0.917,0.66,39.43,0.744,0.346,,23.57,11.71,8.71,6.14,14.86,0.263,21.0,0.857,0.55,21.294,12.203999999999999,0.26675007029052494,27
2020,2,493925,0.6290076216285767,11,2,2,0,4,0.5,0.6309523809523809,0.56005291005291,0.580489417989418,Rollins,Sunshine State,2-2,4.75,13.25,0.938,0.416,26.25,0.636,0.2,,15.0,8.0,8.5,,10.25,0.232,16.0,0.5,0.631,19.295,9.7625,0.3092288796344869,11
2020,2,493927,0.6416418285938845,8,3,2,0,5,0.6,0.6433333333333333,0.4905736961451247,0.5943100907029478,Saint Leo,Sunshine State,3-2,8.0,9.6,0.84,0.399,26.2,0.6,0.333,,21.4,11.8,12.8,,13.4,0.335,16.0,0.6,0.6434,22.858,11.572,0.25595749647158217,8
2020,2,493928,0.5521028764078837,25,1,2,0,3,0.3333333333333333,0.5515873015873015,0.4828042328042328,0.4798280423280422,Saint Michael's,NE10,1-2,4.0,11.33,0.766,0.645,38.33,0.643,,,13.33,12.0,8.0,,9.33,0.183,19.67,0.333,0.5513333333333333,16.99,11.206666666666665,0.1708065832715147,26
2020,2,493941,0.47604882346125055,45,3,1,0,4,0.75,0.4761904761904761,0.5818629535147393,0.571060976473923,Saint Rose,NE10,3-1,7.75,8.75,0.78,0.309,30.75,0.667,0.571,,19.0,11.75,10.0,,11.25,0.346,17.5,0.75,0.47625,18.169999999999998,10.15,0.31942242798526216,45
2020,2,493960,0.405880695234838,57,6,0,0,6,1.0,0.4034391534391534,0.5871756109851348,0.5985134794658604,Seton Hill,G-MAC,6-0,7.67,7.5,0.831,0.732,36.5,0.833,0.4,,23.0,10.0,5.17,10.17,15.33,0.287,15.5,1.0,0.4033333333333333,16.376666666666665,12.63,0.24011432462243665,57
2020,2,493964,0.495748529574715,42,1,7,0,8,0.125,0.496031746031746,0.4284009668682287,0.3863661147329302,Shorter,DII Independent,1-7,3.25,7.75,0.786,0.359,22.5,0.759,0.2,,9.88,14.63,12.38,,6.63,0.248,17.75,0.125,0.496,19.961666666666662,13.023333333333332,0.26971960749390594,42
2020,2,493922,0.3091496648030843,68,1,2,0,3,0.3333333333333333,0.3068783068783068,0.5468631897203325,0.3734882842025698,Southern N.H.,NE10,1-2,6.67,7.33,0.86,0.611,34.0,0.688,0.2,,17.33,10.0,10.0,,10.67,0.222,20.0,0.333,0.30666666666666664,14.446666666666665,13.613333333333332,0.12428551359224813,68
2020,2,493926,0.4535502512738834,49,3,0,0,3,1.0,0.4537037037037037,0.6151297556059461,0.6306342907533384,St. Anselm,NE10,3-0,7.33,10.67,0.938,0.625,47.33,0.75,0.4,,23.33,12.33,9.67,6.33,16.0,0.294,17.67,1.0,0.45366666666666666,17.823333333333334,11.173333333333334,0.17037670680648287,49
2020,2,493942,0.48731575717712705,43,2,4,0,6,0.3333333333333333,0.4867724867724868,0.4507936507936508,0.4394179894179894,St. Thomas Aquinas,ECC,2-4,4.0,8.17,0.796,0.206,28.33,0.737,0.143,,13.0,14.67,14.5,,9.0,0.262,20.17,0.333,0.48666666666666664,17.918333333333333,12.596666666666666,0.32382745748657915,43
2020,2,493929,0.5228492886271014,38,8,0,0,8,1.0,0.5233134920634921,0.5949475623582767,0.6603936366213152,Tampa,Sunshine State,8-0,11.0,11.25,0.851,0.811,39.75,0.771,0.5,,27.63,7.5,5.88,10.75,16.63,0.368,17.75,1.0,0.52325,19.43125,11.46,0.14704059813534492,38
2020,2,493954,0.36970823911964695,61,4,3,0,7,0.5714285714285714,0.3693877551020407,0.5094760285066408,0.4549200275348234,Tusculum,SAC,4-3,7.86,8.43,0.898,0.549,34.14,0.68,0.424,,20.29,8.0,8.43,,12.43,0.295,16.86,0.571,0.3694285714285715,17.744285714285713,12.985714285714286,0.2755082872193333,61
2020,2,493914,0.6334248696390465,9,2,3,0,5,0.4,0.6333333333333333,0.5702951625094482,0.5592404572940287,UIndy,GLVC,2-3,5.0,7.4,0.873,0.496,27.6,0.615,0.158,,15.4,10.6,13.0,,10.4,0.267,16.4,0.4,0.6334,20.486,10.094,0.37119030159744204,9
2020,2,493962,0.5073168293282724,39,1,3,0,4,0.25,0.5071428571428571,0.4975018896447468,0.4404469009826152,Walsh,G-MAC,1-3,4.25,5.0,0.767,0.514,25.0,0.571,0.32,,12.5,15.25,14.5,,8.25,0.26,23.25,0.25,0.50725,19.994999999999997,12.165,0.32902687960104415,39
2020,2,493967,0.45237392763850315,50,4,4,0,8,0.5,0.4517857142857142,0.5951577853363568,0.4996823034769463,Westminster (UT),RMAC,4-4,8.0,7.25,0.884,0.319,30.88,0.64,0.256,,23.13,11.38,13.25,,15.13,0.359,15.88,0.5,0.45175,17.80875,13.13375,0.2909148286010873,50
2020,2,493971,0.40029874743300725,58,5,0,0,5,1.0,0.4011904761904762,0.4640904509952129,0.5666178508440414,Wilmington (DE),CACC,5-0,6.6,8.8,0.839,0.55,31.2,0.793,0.444,,19.6,14.0,10.0,,13.0,0.294,20.8,1.0,0.40099999999999997,18.034,12.798,0.1760045453958505,58
2020,2,493943,0.5483239020480607,29,4,2,0,6,0.6666666666666666,0.5481481481481482,0.5583619929453262,0.5803312389770723,Wingate,SAC,4-2,6.83,7.67,0.836,0.713,37.67,0.842,0.368,,19.17,11.5,8.33,,12.33,0.247,21.67,0.667,0.5481666666666667,17.778333333333332,10.908333333333333,0.21490495315112887,29
2020,2,493965,0.594650699613747,16,3,3,0,6,0.5,0.596031746031746,0.5561364638447972,0.5620499889770723,Young Harris,GLVC,3-3,8.67,9.0,0.8,0.304,27.83,0.593,0.368,,20.83,15.67,16.67,,12.17,0.344,19.5,0.5,0.596,20.701666666666664,11.469999999999999,0.26007627086427293,16
2021,1,507874,0.5368534379052887,14,8,18,0,26,0.3076923076923077,0.5368459155223861,0.5111355017103061,0.4731299101118465,Air Force,SoCon,4-9,5.31,8.54,0.793,0.479,27.92,0.409,0.225,0.839,13.92,11.77,12.15,-3.54,8.62,0.219,17.15,0.308,0.53675,19.42833333333333,11.887500000000003,0.21238295796351772,15
2021,1,507875,0.5895350278460437,6,14,8,0,22,0.6363636363636364,0.5893444938899484,0.4870911684973542,0.5755359481602218,Army West Point,Patriot,7-4,6.36,8.73,0.807,0.465,33.36,0.676,0.333,0.866,18.18,12.36,9.27,2.55,11.82,0.278,14.55,0.636,0.5901111111111111,19.09222222222222,11.264444444444443,0.17218494220165612,6
2021,1,507814,0.4560060709633308,42,10,20,0,30,0.3333333333333333,0.4204417804417805,0.4612924113143355,0.4088773263828075,Bellarmine,SoCon,5-10,4.6,9.47,0.84,0.295,21.8,0.646,0.318,0.863,12.47,11.0,10.93,-3.07,7.87,0.251,16.53,0.333,0.45736363636363636,18.098181818181818,11.911818181818182,0.18192119808875926,42
2021,1,507815,0.4352352277357464,52,10,8,0,18,0.5555555555555556,0.4292065958732625,0.495206545483352,0.4772938231963582,Binghamton,America East,5-4,4.67,10.11,0.818,0.523,31.89,0.684,0.35,0.879,13.44,13.67,10.33,-1.56,8.78,0.286,20.33,0.556,0.4348571428571429,17.529999999999998,11.937142857142858,0.2463843852725299,52
2021,1,507816,0.32770620305170034,64,12,10,0,22,0.5454545454545454,0.3587121212121212,0.532014331665067,0.4487232798859636,Boston U.,Patriot,6-5,6.73,9.27,0.88,0.411,30.64,0.683,0.433,0.795,18.55,13.36,10.0,1.82,11.82,0.283,17.18,0.545,0.3266,15.302000000000001,12.128,0.2022588440587951,64
2021,1,507818,0.47604882346125055,35,18,8,0,26,0.6923076923076923,0.5218256490983763,0.4767967577759257,0.5531889370700926,Bryant,NEC,9-4,6.62,8.0,0.884,0.583,35.85,0.733,0.276,0.879,20.23,12.69,11.15,2.46,13.62,0.288,15.77,0.692,0.47633333333333344,19.003333333333334,12.254444444444445,0.2635787885581421,35
2021,1,507819,0.46514023595275833,39,4,12,0,16,0.25,0.512099358974359,0.4626745069456482,0.4342183062235916,Bucknell,Patriot,2-6,6.5,10.25,0.834,0.43,33.5,0.718,0.31,0.784,16.88,11.0,13.25,-2.88,10.38,0.245,15.0,0.25,0.46614285714285714,17.87142857142857,11.805714285714286,0.26126692895057596,39
2021,1,507820,0.45505569069669444,44,10,10,0,20,0.5,0.4141414141414141,0.4990600448933782,0.4568357182940516,Canisius,MAAC,5-5,5.4,7.5,0.797,0.536,28.5,0.765,0.356,0.789,14.7,11.2,10.7,-1.4,9.3,0.252,19.6,0.5,0.45449999999999996,14.199999999999998,9.538333333333334,0.22330453794463437,44
2021,1,507821,0.3715394491834932,60,6,14,0,20,0.3,0.3385198135198135,0.4640455235856819,0.3602712876563272,Cleveland St.,DI Independent,3-7,5.2,8.4,0.84,0.478,28.3,0.826,0.132,0.817,13.8,11.5,10.7,-2.1,8.6,0.263,20.9,0.3,0.37012500000000004,16.835,12.469999999999999,0.16266256291783923,60
2021,1,507822,0.5353142358592355,16,6,14,0,20,0.3,0.5676573426573427,0.4239394376448315,0.4648135307398792,Colgate,Patriot,3-7,6.3,5.8,0.747,0.513,32.4,0.667,0.371,0.867,17.0,12.3,13.1,-2.4,10.7,0.294,18.1,0.3,0.5357142857142857,19.187142857142856,11.452857142857143,0.18029318526517085,16
2021,1,507825,0.42073141271095843,55,20,6,0,26,0.7692307692307693,0.4404877174107943,0.4976139847129068,0.5369550471913161,Delaware,CAA,10-3,7.69,7.62,0.892,0.5,34.31,0.718,0.25,0.887,21.08,11.85,10.08,3.31,13.38,0.311,15.08,0.769,0.41944444444444445,17.046666666666667,11.822222222222221,0.21188629608621648,55
2021,1,507826,0.5064227373065731,26,24,10,0,34,0.7058823529411765,0.4887109718424597,0.5240237589613878,0.5518320138968709,Denver,Big East,12-5,8.71,6.53,0.873,0.64,32.88,0.634,0.318,0.798,22.88,11.0,10.0,4.18,14.18,0.298,14.94,0.706,0.5062,18.371999999999996,11.613,0.24707035435276323,26
2021,1,507827,0.4456211152470233,48,6,8,0,14,0.4285714285714285,0.4545454545454546,0.4865951178451178,0.4560643638768639,Detroit Mercy,MAAC,3-4,5.0,9.29,0.835,0.601,32.29,0.536,0.29,0.802,14.71,11.43,9.57,0.14,9.71,0.232,18.86,0.429,0.44539999999999996,14.210000000000003,9.672,0.23942564607827627,49
2021,1,507828,0.4449337796292005,51,20,6,0,26,0.7692307692307693,0.4711852250313789,0.5193723842398132,0.5577434008833351,Drexel,CAA,10-3,7.54,8.69,0.872,0.48,33.08,0.66,0.304,0.884,21.15,10.85,10.62,3.0,13.62,0.299,15.31,0.769,0.4445,18.802500000000002,12.07125,0.2367113220781803,51
2021,1,507829,0.594650699613747,5,28,6,0,34,0.8235294117647058,0.6108008437160686,0.5608095156468743,0.6514851537109294,Duke,ACC,14-3,8.0,6.53,0.849,0.583,31.88,0.667,0.471,0.873,22.24,11.35,10.24,4.0,14.24,0.34,15.06,0.824,0.5952857142857143,20.49,11.423571428571426,0.16699847243588298,5
2021,1,507830,0.41571828213875284,56,4,18,0,22,0.1818181818181818,0.4603396603396603,0.4954861664871576,0.399495917246165,Fairfield,CAA,2-9,7.18,7.45,0.814,0.495,30.18,0.68,0.425,0.882,18.64,13.64,15.27,-3.82,11.45,0.283,18.0,0.182,0.41612499999999997,17.3875,11.942499999999999,0.266757585412299,56
2021,1,507832,0.47444013523176204,36,26,6,0,32,0.8125,0.4737780091640385,0.5308324491219416,0.5727221168625047,Georgetown,Big East,13-3,9.56,8.56,0.894,0.562,32.94,0.829,0.326,0.854,22.69,11.56,8.31,4.81,13.13,0.296,15.69,0.813,0.4744444444444444,18.65888888888889,12.256666666666668,0.21257631890223494,36
2021,1,507834,0.47347090591462715,37,4,10,0,14,0.2857142857142857,0.4735026877884021,0.4854064588297617,0.4295315300302129,Hartford,America East,2-5,4.14,9.86,0.862,0.434,29.86,0.724,0.2,0.909,13.14,11.71,12.57,-3.57,9.0,0.252,16.29,0.286,0.4734285714285714,17.572857142857142,11.617142857142857,0.24114006430339383,37
2021,1,507883,0.5108483711725674,22,16,12,0,28,0.5714285714285714,0.5558408095172801,0.5259011820467324,0.552252843127466,High Point,SoCon,8-6,7.21,7.07,0.859,0.465,28.5,0.5,0.412,0.828,20.57,12.0,13.86,-0.5,13.36,0.356,17.07,0.571,0.5107999999999999,18.788,11.939000000000002,0.22961045272373817,22
2021,1,507836,0.38629341513529936,59,12,6,0,18,0.6666666666666666,0.4268356643356643,0.488440887290319,0.5021947206570786,Hobart,NEC,6-3,6.33,7.22,0.847,0.643,33.44,0.692,0.227,0.849,18.56,12.33,11.0,1.22,12.22,0.25,16.44,0.667,0.3866666666666667,17.678333333333335,12.683333333333335,0.2767186698114571,59
2021,1,507837,0.36725862176145546,61,16,12,0,28,0.5714285714285714,0.4240687883545027,0.5078963478711839,0.4818656240021902,Hofstra,CAA,8-6,6.21,6.43,0.904,0.637,31.43,0.683,0.368,0.85,19.21,10.57,11.64,1.36,13.0,0.333,16.57,0.571,0.366,17.686666666666667,12.943333333333335,0.2779876096359532,61
2021,1,507838,0.3492767598623112,63,4,8,0,12,0.3333333333333333,0.3495337995337995,0.5309307215287263,0.3908329134824146,Holy Cross,Patriot,2-4,4.5,8.33,0.8,0.437,24.67,0.625,0.217,0.836,12.33,14.5,12.17,-4.33,7.83,0.245,19.17,0.333,0.3503333333333334,17.191666666666666,12.513333333333334,0.24202387393717084,63
2021,1,507839,0.49408698287455854,32,14,14,0,28,0.5,0.480043678310485,0.4996713095983506,0.4899396665548301,Jacksonville,SoCon,7-7,6.93,7.29,0.86,0.553,29.36,0.661,0.313,0.88,17.86,10.07,11.21,-0.29,10.93,0.302,17.79,0.5,0.49381818181818177,18.220909090909092,11.992727272727274,0.21364746586239092,32
2021,1,507840,0.5219127667482446,18,8,18,0,26,0.3076923076923077,0.5544311457772996,0.4940070182338519,0.4776404043701897,Johns Hopkins,Big Ten,4-9,6.15,6.92,0.856,0.52,29.62,0.629,0.429,0.87,17.31,8.77,12.15,-1.0,11.15,0.315,15.31,0.308,0.5216,19.396,12.477999999999998,0.25529089290454526,18
2021,1,507810,0.40759745907041905,57,12,10,0,22,0.5454545454545454,0.3482051282051282,0.4898655879053606,0.4329325974425406,LIU,NEC,6-5,8.45,5.82,0.871,0.467,31.09,0.674,0.306,0.894,22.55,17.55,13.18,0.91,14.09,0.366,16.73,0.545,0.40700000000000003,17.013333333333335,12.32,0.2916836185549907,57
2021,1,507841,0.47767479194115575,34,0,22,0,22,0.0,0.523098114007205,0.4387882987719732,0.3712461316965957,Lafayette,Patriot,0-11,4.36,7.73,0.814,0.409,29.45,0.56,0.189,0.836,13.27,12.73,14.55,-5.64,8.91,0.27,17.09,0.0,0.4772222222222222,17.874444444444446,11.931111111111111,0.2544959191018712,34
2021,1,507842,0.4283620237737425,53,20,4,0,24,0.8333333333333334,0.366215034965035,0.5338478697005549,0.5249028182409896,Lehigh,Patriot,10-2,8.58,7.25,0.825,0.747,41.92,0.55,0.349,0.848,22.67,12.42,10.17,3.92,14.08,0.314,15.67,0.833,0.42711111111111116,17.30222222222222,11.786666666666669,0.2533615968639133,53
2021,1,507844,0.5693609576216532,8,20,12,0,32,0.625,0.5504012174508498,0.5247990221187717,0.5626503642551178,Loyola Maryland,Patriot,10-6,7.31,8.5,0.909,0.501,33.25,0.623,0.339,0.884,19.63,10.69,9.81,2.5,12.31,0.301,14.06,0.625,0.5698333333333333,19.195833333333336,10.8025,0.25147890346684926,8
2021,1,507845,0.45505569069669444,44,10,10,0,20,0.5,0.5202020202020202,0.4557940516273849,0.4990495230078563,Manhattan,MAAC,5-5,5.0,8.2,0.822,0.326,23.8,0.711,0.3,0.861,14.4,12.6,9.7,-0.3,9.4,0.26,16.4,0.5,0.4544999999999999,14.25,9.705,0.22330453794463437,46
2021,1,507847,0.4954670850461141,31,8,16,0,24,0.3333333333333333,0.4972750697015403,0.5030531863265622,0.457734164765744,Marquette,Big East,4-8,5.08,7.5,0.847,0.383,27.25,0.692,0.333,0.881,14.25,13.58,12.17,-3.0,9.17,0.234,15.0,0.333,0.49542857142857144,18.908571428571427,11.314285714285715,0.24471024098066743,31
2021,1,507849,0.5425068913613497,13,30,2,0,32,0.9375,0.4639417975815034,0.5399591623852757,0.6013356893870707,Maryland,Big Ten,15-1,9.75,8.13,0.863,0.477,33.5,0.628,0.39,0.821,25.69,11.06,10.13,5.81,15.94,0.39,12.81,0.938,0.5433333333333334,19.738888888888887,11.756666666666668,0.2073424435297532,13
2021,1,507850,0.5562628414099327,10,8,12,0,20,0.4,0.5627372627372628,0.4714458812931664,0.499230101691923,Massachusetts,CAA,4-6,7.3,7.8,0.866,0.531,32.3,0.686,0.417,0.853,19.0,12.5,10.8,0.9,11.7,0.324,18.2,0.4,0.5558333333333333,19.848333333333333,11.601666666666667,0.20430729850453758,10
2021,1,507851,0.46514023595275833,39,10,16,0,26,0.3846153846153846,0.4562353292132703,0.4863670448811638,0.4458632719807723,Mercer,SoCon,5-8,6.38,8.62,0.878,0.586,30.77,0.677,0.286,0.88,17.15,12.62,12.54,-1.77,10.77,0.284,20.54,0.385,0.46420000000000006,17.621000000000002,11.698,0.22071329819473948,40
2021,1,507852,0.5322590200440349,17,6,18,0,24,0.25,0.5525568181818182,0.4940338530119612,0.4622868723438994,Michigan,Big Ten,3-9,5.42,5.67,0.843,0.529,29.42,0.448,0.444,0.861,16.33,11.08,14.75,-3.83,10.92,0.287,14.67,0.25,0.5332,19.592000000000002,11.958000000000002,0.2437428152787277,17
2021,1,507853,0.47347090591462715,37,16,6,0,22,0.7272727272727273,0.4375,0.5113565393311382,0.5284073166509664,Monmouth,MAAC,8-3,4.36,8.18,0.88,0.675,34.73,0.692,0.368,0.843,13.82,10.36,8.73,0.73,9.45,0.244,17.36,0.727,0.47328571428571425,15.86,9.975714285714286,0.22458069773673417,38
2021,1,507854,0.4983625824671155,29,8,18,0,26,0.3076923076923077,0.5202641108891108,0.4576903348879488,0.4514777160896195,Mount St. Mary's,NEC,4-9,5.92,9.08,0.816,0.458,30.77,0.719,0.357,0.842,16.62,11.46,11.31,-0.62,10.69,0.285,16.08,0.308,0.49845454545454543,17.673636363636362,11.788181818181817,0.2880515621886797,29
2021,1,507856,0.5686020742692987,9,2,20,0,22,0.0909090909090909,0.5671702035338398,0.4540920973333258,0.4198353988275241,NJIT,America East,1-10,3.91,6.64,0.856,0.393,26.91,0.6,0.22,0.857,11.09,15.73,14.45,-7.27,7.18,0.222,18.73,0.091,0.567888888888889,18.756666666666664,11.076666666666666,0.2191566889715841,9
2021,1,507876,0.45023466226437636,47,12,6,0,18,0.6666666666666666,0.4891543641543641,0.5158076048209658,0.5401957499490901,Navy,Patriot,6-3,6.33,6.89,0.885,0.442,34.67,0.69,0.433,0.851,17.11,14.22,10.0,0.78,10.78,0.304,15.33,0.667,0.4502857142857143,17.872857142857143,11.367142857142857,0.26106195996118525,47
2021,1,507855,0.6018076164641893,4,26,6,0,32,0.8125,0.6365380942586825,0.5582117020633501,0.6609469726451788,North Carolina,ACC,13-3,8.63,8.31,0.893,0.539,35.31,0.71,0.333,0.829,24.94,11.81,10.63,5.69,16.31,0.326,12.5,0.813,0.6028333333333333,19.86166666666666,11.180833333333332,0.15058211122913048,4
2021,1,507857,0.6130001300675628,3,16,8,0,24,0.6666666666666666,0.6271765543824367,0.5433972146827178,0.6161042475285645,Notre Dame,ACC,8-4,8.58,6.92,0.862,0.621,35.58,0.65,0.548,0.829,22.67,12.83,8.92,5.17,14.08,0.298,14.83,0.667,0.6164000000000001,20.039,11.548,0.22530210829017996,3
2021,1,507858,0.5104502981677047,23,8,14,0,22,0.3636363636363636,0.4865702479338842,0.5147658317550757,0.462885672814802,Ohio St.,Big Ten,4-7,5.64,6.0,0.848,0.534,29.73,0.688,0.391,0.854,17.0,9.45,12.91,-1.55,11.36,0.296,15.36,0.364,0.5104,19.458,12.326,0.2630692684446437,23
2021,1,507859,0.5104502981677047,23,8,14,0,22,0.3636363636363636,0.4918150031786395,0.5139826333101639,0.4653122508259516,Penn St.,Big Ten,4-7,5.64,5.55,0.869,0.561,31.55,0.615,0.306,0.902,15.73,11.27,13.45,-3.36,10.09,0.271,17.82,0.364,0.5104,19.712,12.218,0.2630692684446437,23
2021,1,507862,0.4843109711046171,33,8,18,0,26,0.3076923076923077,0.5101480344693015,0.501236324597036,0.4573061753069867,Providence,Big East,4-9,5.31,6.0,0.863,0.493,29.38,0.706,0.216,0.856,15.54,13.0,12.77,-2.54,10.23,0.221,15.62,0.308,0.48571428571428565,19.06714285714286,12.200000000000001,0.2615949509592013,33
2021,1,507863,0.4456211152470233,48,8,6,0,14,0.5714285714285714,0.4545454545454546,0.4865951178451178,0.4917786495911496,Quinnipiac,MAAC,4-3,5.0,7.71,0.867,0.723,31.14,0.68,0.207,0.851,14.14,13.71,10.0,-0.86,9.14,0.22,20.14,0.571,0.44539999999999996,14.209999999999999,9.672,0.23942564607827624,49
2021,1,507864,0.5148545386828186,19,14,12,0,26,0.5384615384615384,0.5026521680933447,0.5338928139034429,0.5194146721379176,Richmond,SoCon,7-6,8.31,10.62,0.902,0.532,29.85,0.704,0.634,0.862,20.77,11.38,9.62,2.85,12.46,0.312,16.62,0.538,0.5142727272727273,18.23818181818182,11.83,0.2233941038161811,19
2021,1,507865,0.5006439737748386,28,14,12,0,26,0.5384615384615384,0.5001351338455411,0.5327872551939221,0.5178797653366356,Robert Morris,DI Independent,7-6,8.08,9.77,0.88,0.405,33.62,0.646,0.333,0.824,21.62,13.23,14.31,-0.77,13.54,0.324,17.15,0.538,0.5001538461538462,18.347692307692306,11.713846153846156,0.19898660416986177,28
2021,1,507866,0.5522102123590636,11,18,8,0,26,0.6923076923076923,0.492188900842747,0.5119857154082544,0.5471678023503602,Rutgers,Big Ten,9-4,7.92,7.85,0.89,0.392,29.46,0.647,0.536,0.887,22.23,14.0,11.15,3.15,14.31,0.323,12.54,0.692,0.5528571428571427,19.952857142857145,12.027142857142858,0.27189831532679826,11
2021,1,507867,0.4560060709633308,42,2,24,0,26,0.0769230769230769,0.4794455544455545,0.433175498268166,0.3672474210205879,Sacred Heart,NEC,1-11,5.17,5.42,0.901,0.384,26.5,0.727,0.25,0.886,14.92,14.67,14.08,-4.33,9.75,0.234,14.5,0.083,0.4561,18.346,12.274000000000001,0.22590460376008276,43
2021,1,507869,0.4596968339555525,41,18,8,0,26,0.6923076923076923,0.4634143634143634,0.48940729387861,0.5271359282537572,Saint Joseph's,NEC,9-4,7.92,9.15,0.826,0.66,36.46,0.795,0.255,0.835,20.31,9.69,10.38,2.0,12.38,0.268,16.92,0.692,0.45877777777777784,17.612222222222222,11.896666666666667,0.25994348863541594,41
2021,1,507870,0.5368534379052887,14,0,16,0,16,0.0,0.5568181818181819,0.4535037878787878,0.3917850378787879,Siena,MAAC,0-8,4.88,9.0,0.805,0.356,28.25,0.609,0.208,0.813,13.13,14.88,10.13,-1.88,8.25,0.213,18.13,0.0,0.5378333333333333,14.461666666666668,9.633333333333335,0.0940060577244301,14
2021,1,507811,0.45505569069669444,44,10,10,0,20,0.5,0.4954545454545454,0.4598484848484849,0.4876893939393939,St. Bonaventure,MAAC,5-5,5.7,7.6,0.833,0.367,24.4,0.744,0.343,0.88,15.0,13.6,9.1,0.2,9.3,0.292,16.7,0.5,0.45449999999999996,14.149999999999999,9.805000000000001,0.2233045379446344,44
2021,1,507868,0.5521028764078837,12,2,20,0,22,0.0909090909090909,0.5506282932753522,0.4898458372021249,0.4205028786654801,St. John's (NY),Big East,1-10,5.45,7.0,0.762,0.299,25.55,0.432,0.316,0.87,14.45,15.09,18.0,-9.0,9.0,0.265,17.09,0.091,0.5523333333333333,19.15,10.898333333333333,0.1828730585831482,12
2021,1,507871,0.4456211152470233,48,16,12,0,28,0.5714285714285714,0.4549260263545976,0.5018991863961145,0.4957949526334703,Stony Brook,America East,8-6,9.21,7.0,0.864,0.508,34.36,0.711,0.434,0.862,23.57,11.86,10.64,3.71,14.36,0.302,12.86,0.571,0.44663636363636355,17.10636363636364,12.200000000000001,0.2409546440637071,48
2021,1,507872,0.6537676435487101,1,14,12,0,26,0.5384615384615384,0.6673267029601871,0.5480658645310507,0.6052952022282408,Syracuse,ACC,7-6,7.62,7.62,0.837,0.516,32.54,0.509,0.452,0.861,21.23,12.54,14.08,-0.46,13.62,0.306,13.77,0.538,0.6573636363636364,21.496363636363636,10.702727272727271,0.1414967219198013,1
2021,1,507873,0.5863385123557462,7,12,16,0,28,0.4285714285714285,0.6118833664001732,0.4984691183352768,0.5377018199267629,Towson,CAA,6-8,5.43,7.71,0.848,0.364,27.07,0.73,0.273,0.869,14.93,11.36,11.0,-1.5,9.5,0.268,16.93,0.429,0.5869090909090909,20.150000000000002,11.04,0.2024528921841301,7
2021,1,507813,0.42145324455186656,54,16,10,0,26,0.6153846153846154,0.4797151566382335,0.5109589480801884,0.5214434691853178,UAlbany,America East,8-5,10.23,7.31,0.894,0.477,35.69,0.622,0.477,0.826,24.08,11.15,11.0,2.85,13.85,0.36,16.77,0.615,0.42230000000000006,16.93,12.087,0.20871609904365307,54
2021,1,507848,0.39862728722015,58,16,6,0,22,0.7272727272727273,0.4475474020928567,0.4825374897508256,0.5262262553023166,UMBC,America East,8-3,6.09,6.64,0.88,0.469,28.0,0.75,0.4,0.827,16.91,10.73,9.55,1.27,10.82,0.274,16.73,0.727,0.397625,16.9825,11.95625,0.21191622017910758,58
2021,1,507843,0.4983625824671155,29,2,16,0,18,0.1111111111111111,0.5164973914973915,0.4822041179896865,0.4065775030238951,UMass Lowell,America East,1-8,4.67,7.11,0.799,0.382,30.44,0.514,0.235,0.869,12.78,13.78,14.78,-6.67,8.11,0.239,18.0,0.111,0.4984285714285714,17.624285714285712,11.301428571428572,0.20922978287236335,30
2021,1,507812,0.5018850486912354,27,8,14,0,22,0.3636363636363636,0.5018217240276065,0.4766520529818569,0.4609829661683584,Utah,DI Independent,4-7,5.45,5.55,0.839,0.495,28.18,0.667,0.429,0.918,15.73,11.64,11.55,-1.27,10.27,0.283,17.36,0.364,0.5018,18.088,11.332,0.16023719917672052,27
2021,1,507879,0.36059723243991854,62,2,20,0,22,0.0909090909090909,0.3524142524142523,0.4629912103160246,0.314682201513405,VMI,SoCon,1-10,5.09,10.36,0.763,0.348,26.27,0.69,0.286,0.83,13.91,11.09,16.09,-7.27,8.82,0.257,17.55,0.091,0.3603333333333333,16.270000000000003,11.874444444444444,0.16185247054716903,62
2021,1,507877,0.5133011137511152,20,18,10,0,28,0.6428571428571429,0.5027824358181501,0.496608096039079,0.5362575276331305,Vermont,America East,9-5,7.71,6.5,0.869,0.675,35.36,0.685,0.408,0.843,21.14,11.57,10.57,2.86,13.43,0.291,17.07,0.643,0.5125,18.215999999999998,11.867999999999999,0.2580539672239123,21
2021,1,507878,0.5133011137511152,20,14,10,0,24,0.5833333333333334,0.5122056252570959,0.4900894834195382,0.5244585168167659,Villanova,Big East,7-5,7.17,8.5,0.86,0.492,24.83,0.714,0.478,0.811,20.33,10.33,10.5,2.67,13.17,0.302,13.58,0.583,0.5139999999999999,18.746666666666666,11.903333333333334,0.28347604249154223,20
2021,1,507880,0.6203764422184483,2,28,8,0,36,0.7777777777777778,0.6364745684598626,0.5717064095214431,0.6556083310547366,Virginia,ACC,14-4,8.39,8.72,0.852,0.606,41.94,0.677,0.317,0.798,23.0,13.5,11.67,2.94,14.61,0.338,16.78,0.778,0.6196,20.336000000000002,11.002,0.17259656234506332,2
2021,1,507881,0.5083978221798221,25,2,18,0,20,0.1,0.5322825322825323,0.4439643055957991,0.4021323425402159,Wagner,NEC,0-9,4.44,4.56,0.796,0.384,26.89,0.609,0.146,0.912,11.44,16.22,16.0,-9.0,7.0,0.23,21.22,0.0,0.5082857142857142,18.914285714285715,11.820000000000002,0.21345974146074895,25
2021,2,507955,0.5912860006887398,2,0,8,0,8,0.0,0.6244588744588746,0.3978812133032912,0.4116997405552601,Adams St.,RMAC,0-8,2.63,7.63,0.733,0.248,27.88,0.656,0.25,,8.0,16.88,16.88,,5.38,0.222,22.75,0.0,0.592,20.576666666666664,10.59,0.18096592681128307,2
2021,2,507931,0.382692861726966,67,7,3,0,10,0.7,0.5217948717948719,0.5390858770858772,0.5706689051689052,Adelphi,NE10,7-3,8.0,8.9,0.851,0.57,33.6,0.729,0.625,,20.5,10.9,9.8,,12.5,0.302,16.3,0.7,0.3825,14.453333333333333,12.886666666666665,0.32843352955100874,67
2021,2,507932,0.46233725805555054,45,12,16,0,28,0.4285714285714285,0.491008991008991,0.4577919444303061,0.4670953387549291,Alabama Huntsville,Peach Belt,6-8,6.93,9.86,,0.54,35.07,0.784,0.224,,19.0,12.93,10.5,,12.07,0.267,19.86,0.429,0.46199999999999997,18.98375,12.48625,0.2436329205998237,45
2021,2,507956,0.5053974483054562,29,2,8,0,10,0.2,0.491073741073741,0.4651281701570303,0.411818913076128,Alderson Broaddus,G-MAC,2-8,3.6,7.2,0.773,0.218,27.3,0.483,0.158,,10.8,14.2,19.7,,7.2,0.26,21.2,0.2,0.505625,20.07125,12.48,0.23241285329129283,29
2021,2,507933,0.5483239020480607,7,0,11,0,11,0.0,0.5428710178710179,0.4959407259407261,0.3954206904206904,American Int'l,NE10,0-11,3.0,8.09,0.686,0.322,29.36,0.618,0.25,,8.36,13.64,18.36,,5.36,0.19,25.82,0.0,0.5477777777777777,17.702222222222222,10.197777777777778,0.26359218407641155,7
2021,2,515530,0.543626057938671,10,4,10,0,14,0.2857142857142857,0.5526473526473527,0.5056987907828244,0.4741769454479538,Anderson (SC),SAC,4-10,5.07,7.21,0.772,0.591,35.57,0.75,0.127,,16.93,12.86,15.21,,11.86,0.284,15.93,0.286,0.543923076923077,20.023846153846154,12.313076923076922,0.22911248884418914,11
2021,2,507934,0.5458562523187784,8,2,7,0,9,0.2222222222222222,0.5507770007770009,0.4766291321846878,0.4501013389902279,Assumption,NE10,2-7,3.67,5.67,0.724,0.397,27.78,0.691,0.094,,11.56,15.11,15.11,,7.89,0.24,21.11,0.222,0.5455714285714286,18.367142857142856,9.891428571428571,0.18127079754007902,9
2021,2,507930,0.48369025362827456,39,8,5,0,13,0.6153846153846154,0.4623196248196248,0.4944690725940726,0.5086232344044844,Barton,Conference Carolinas,8-5,7.54,8.77,0.845,0.595,41.0,0.776,0.25,,20.15,12.23,12.38,,12.62,0.284,18.23,0.615,0.4826666666666666,19.362222222222222,12.587777777777777,0.27571563450611775,40
2021,2,507900,0.528544669610379,16,10,4,0,14,0.7142857142857143,0.5417915417915418,0.4966832787060877,0.5736380191437214,Belmont Abbey,Conference Carolinas,10-4,8.0,9.64,0.879,0.548,31.71,0.638,0.538,,21.57,11.0,8.14,5.43,13.57,0.343,18.64,0.714,0.5288333333333334,19.43916666666667,12.228333333333333,0.24508054231664786,16
2021,2,507935,0.4283620237737425,57,6,4,0,10,0.6,0.4312470862470863,0.5192521737521737,0.4954365865615866,Bentley,NE10,6-4,7.3,8.1,0.871,0.571,33.3,0.611,0.256,,20.3,13.1,8.5,4.5,13.0,0.313,17.1,0.6,0.428,15.382222222222225,11.883333333333333,0.31207192903061454,57
2021,2,507901,0.39347583824126525,65,3,5,0,8,0.375,0.3585858585858586,0.5243329902420812,0.4041261768534496,CSU Pueblo,RMAC,3-5,5.38,12.0,0.777,0.36,32.25,0.78,0.206,,13.88,14.0,13.25,,8.5,0.211,20.25,0.375,0.392,16.15,12.869999999999997,0.3249022930051433,65
2021,2,507885,0.37622472200505547,68,4,6,0,10,0.4,0.3254273504273504,0.4849073991600215,0.3839405250036806,Caldwell,CACC,4-6,4.0,3.9,0.775,0.371,23.7,0.718,0.295,,13.3,14.5,12.4,,9.3,0.233,17.8,0.4,0.3755,16.6675,13.62875,0.2802338309340969,68
2021,2,507888,0.5393807189796257,13,5,6,0,11,0.4545454545454545,0.5341824841824843,0.5269814742312832,0.5124729742854266,Catawba,SAC,5-6,4.73,8.82,0.856,0.342,32.73,0.795,0.222,,16.45,12.91,13.27,,11.73,0.267,16.55,0.455,0.5386363636363636,20.24818181818182,12.243636363636364,0.2650863573620946,13
2021,2,507912,0.4103465547488527,61,10,2,0,12,0.8333333333333334,0.4314130314130313,0.5077378603125584,0.5509743141179886,Chestnut Hill,CACC,10-2,11.08,8.33,0.886,0.713,40.75,0.563,0.472,,27.17,12.5,9.92,6.17,16.08,0.338,18.42,0.833,0.41000000000000003,17.695555555555554,12.807777777777778,0.2591966220630371,61
2021,2,507903,0.4903292114365498,37,1,11,0,12,0.0833333333333333,0.5008325008325007,0.467886148243291,0.3882211208104064,Chowan,Conference Carolinas,1-11,4.83,9.92,0.766,0.389,38.17,0.667,0.283,,12.83,13.83,16.83,,8.0,0.282,24.17,0.083,0.49027272727272736,18.69818181818182,12.523636363636363,0.22735358561624222,38
2021,2,507889,0.5039431521836563,30,6,8,0,14,0.4285714285714285,0.5052899481470909,0.5154746441811268,0.4886564922616843,Coker,SAC,6-8,8.21,9.14,0.824,0.515,35.71,0.611,0.196,,22.0,13.14,13.86,,13.79,0.294,17.14,0.429,0.503,18.735384615384614,12.655384615384616,0.26886427802889695,32
2021,2,507907,0.39015177915864324,66,9,2,0,11,0.8181818181818182,0.350595238095238,0.5312521046774293,0.5126560997624309,Colorado Mesa,RMAC,9-2,11.27,9.45,0.901,0.707,44.36,0.824,0.314,,27.27,10.82,7.27,8.73,16.0,0.295,18.73,0.818,0.38999999999999996,14.808333333333332,12.791666666666666,0.25743607620792647,66
2021,2,507887,0.5183941918695314,21,1,8,0,9,0.1111111111111111,0.51994301994302,0.4843730976209608,0.4088425621545279,Davenport,GLVC,1-8,5.0,8.78,0.808,0.264,20.44,0.739,0.361,,12.33,16.78,13.33,,7.33,0.277,23.44,0.111,0.518,16.371666666666666,9.9,0.2627850832905095,23
2021,2,507936,0.45023466226437636,47,3,5,0,8,0.375,0.3742382617382617,0.4909130006897864,0.4035973810415775,Davis & Elkins,G-MAC,3-5,5.13,8.88,0.73,0.352,32.0,0.656,0.326,,15.75,10.88,20.0,,10.63,0.337,25.38,0.375,0.4506666666666666,19.40833333333333,13.409999999999998,0.2823630444815484,47
2021,2,507904,0.4983625824671155,34,4,4,0,8,0.5,0.5559294871794872,0.420321458722901,0.5080451082704689,Dominican (NY),CACC,4-4,7.25,8.0,0.798,0.458,33.0,0.744,0.28,,17.88,12.25,15.88,,10.63,0.264,17.0,0.5,0.49966666666666665,18.445,11.305,0.3179657563672891,34
2021,2,507920,0.4134599796538414,59,4,8,0,12,0.3333333333333333,0.434032634032634,0.4881323834895262,0.4223827462220318,Emmanuel (GA),Conference Carolinas,4-8,6.33,8.17,0.74,0.471,31.25,0.691,0.34,,18.58,15.33,15.5,,12.25,0.298,21.67,0.333,0.4137777777777778,16.83777777777778,13.354444444444445,0.25969245818757647,59
2021,2,507927,0.36059723243991854,69,2,6,0,8,0.25,0.365978465978466,0.4387334379092621,0.3551725924665485,Felician,CACC,2-6,2.5,7.0,0.739,0.656,35.88,0.629,0.25,,10.5,15.38,12.63,,8.0,0.231,24.5,0.25,0.36033333333333334,15.950000000000001,13.941666666666665,0.23330999883321668,69
2021,2,507939,0.5228492886271014,19,2,6,0,8,0.25,0.4945391414141414,0.4899252570346319,0.4322508849657286,Fla. Southern,Sunshine State,2-6,7.25,6.5,0.754,0.547,33.63,0.673,0.333,,20.38,15.38,14.38,,13.13,0.327,21.63,0.25,0.5241666666666667,19.138333333333332,12.123333333333333,0.28083887234893645,19
2021,2,507938,0.5820625692640237,3,3,5,0,8,0.375,0.6022727272727273,0.4678176857864358,0.5118407850829726,Florida Tech,Sunshine State,3-5,7.25,12.0,0.821,0.434,38.25,0.647,0.326,,19.75,10.88,12.88,,12.5,0.289,20.38,0.375,0.5818,20.535999999999998,11.426,0.2603170374754599,3
2021,2,507940,0.4456211152470233,49,5,7,0,12,0.4166666666666667,0.457070707070707,0.4929531271197938,0.4559403019819686,Franklin Pierce,NE10,5-7,4.92,8.17,0.807,0.327,25.25,0.741,0.233,,14.67,13.0,10.25,,9.75,0.258,17.25,0.417,0.446625,15.83625,11.986249999999998,0.3357886007222401,50
2021,2,507905,0.40759745907041905,63,8,5,0,13,0.6153846153846154,0.3945430637738329,0.5051504973270707,0.477405310064838,Georgian Court,CACC,8-5,7.77,7.92,0.907,0.487,35.23,0.628,0.391,,21.15,14.38,10.08,3.31,13.38,0.318,16.08,0.615,0.4074,16.844,13.13,0.28922351218391634,63
2021,2,507902,0.5039431521836563,30,5,8,0,13,0.3846153846153846,0.5621061808561808,0.4790464073711036,0.4969685384247124,Lake Erie,G-MAC,5-8,7.62,9.92,0.777,0.538,34.85,0.636,0.313,,19.15,13.23,13.15,,11.54,0.29,18.23,0.385,0.5031,19.616999999999997,12.799999999999999,0.22922017799487024,31
2021,2,507929,0.405880695234838,64,6,5,0,11,0.5454545454545454,0.4087579087579087,0.486423371001293,0.462348433492914,Lander,Peach Belt,6-5,6.45,9.18,0.847,0.507,41.73,0.826,0.313,,18.73,12.27,12.0,,12.27,0.293,22.0,0.545,0.4042222222222222,17.832222222222224,13.056666666666665,0.23894526466572383,64
2021,2,507942,0.543626057938671,10,15,0,0,15,1.0,0.5197924297924298,0.5353756180016684,0.6437401193966321,Le Moyne,NE10,15-0,7.87,8.93,0.883,0.58,33.47,0.786,0.344,,21.53,10.07,6.87,6.8,13.67,0.318,14.47,1.0,0.5439999999999999,19.604444444444443,10.632222222222222,0.30737093045518943,10
2021,2,507910,0.4909328592300994,35,1,11,0,12,0.0833333333333333,0.4919594294594294,0.478939083403369,0.3865478189138903,Lees-McRae,Conference Carolinas,1-11,5.42,11.0,0.823,0.33,29.33,0.49,0.169,,14.75,12.83,16.58,,9.33,0.273,20.5,0.083,0.491090909090909,18.58727272727273,12.282727272727271,0.19884368211576492,36
2021,2,507890,0.5595428853863725,5,15,3,0,18,0.8333333333333334,0.5896250808015514,0.5184556837498013,0.6327597946715593,Lenoir-Rhyne,SAC,15-2,10.29,10.06,0.861,0.609,38.29,0.753,0.355,,28.12,11.06,10.12,7.71,17.82,0.355,16.82,0.882,0.5599999999999999,19.75142857142857,11.819285714285714,0.2613112539263692,5
2021,2,507886,0.4680277562767098,43,5,7,0,12,0.4166666666666667,0.4672364672364672,0.502200672072467,0.463335068303017,Lewis,GLVC,5-7,7.75,8.42,0.858,0.538,30.5,0.745,0.224,,18.92,13.25,10.5,,11.17,0.291,20.17,0.417,0.4670000000000001,15.273333333333333,10.371666666666666,0.30391281644576956,43
2021,2,507891,0.5083978221798221,28,10,4,0,14,0.7142857142857143,0.5097117168545741,0.528731667769783,0.5656102039411613,Limestone,SAC,10-4,6.64,9.36,0.83,0.662,40.79,0.707,0.563,,20.71,10.43,8.86,5.21,14.07,0.326,19.21,0.714,0.50825,19.579166666666666,12.669999999999996,0.2395134390801485,28
2021,2,507892,0.5570833265979726,6,0,9,0,9,0.0,0.5518796018796018,0.527784343470618,0.4078858868074554,Lincoln Memorial,SAC,0-9,2.11,6.67,0.619,0.122,22.89,0.563,0.093,,7.67,17.0,19.89,,5.56,0.289,23.44,0.0,0.5573333333333333,21.146666666666665,12.345555555555555,0.2115403822756623,6
2021,2,507915,0.40951828082896297,62,10,3,0,13,0.7692307692307693,0.4690992767915845,0.5008479576526914,0.5520693201166574,Lindenwood,GLVC,10-3,7.23,9.69,0.892,0.582,33.31,0.825,0.189,,20.0,8.69,7.08,5.69,12.77,0.229,14.31,0.769,0.4083333333333334,15.093333333333334,10.941666666666668,0.27228151281756574,62
2021,2,507911,0.4406064582250466,51,6,2,0,8,0.75,0.4581755050505051,0.5106720102813853,0.5442557550955989,Lynn,Sunshine State,6-2,7.25,9.13,0.877,0.672,36.63,0.755,0.393,,20.25,11.38,9.63,3.38,13.0,0.283,16.0,0.75,0.44083333333333335,19.16,12.915000000000001,0.27559717987591154,52
2021,2,507893,0.4560060709633308,46,3,10,0,13,0.2307692307692307,0.4540626040626039,0.5191708136843883,0.4145163131447067,Mars Hill,SAC,3-10,5.46,3.69,0.768,0.404,28.31,0.729,0.284,,15.69,13.85,18.46,,10.23,0.292,20.15,0.231,0.45776923076923076,18.465384615384615,13.194615384615386,0.26404229085687536,46
2021,2,507943,0.4456211152470233,49,7,6,0,13,0.5384615384615384,0.4717291255752794,0.4989632326910432,0.4952207555757851,Maryville (MO),GLVC,7-6,6.31,9.92,0.813,0.507,29.46,0.818,0.372,,17.08,9.85,8.46,,10.77,0.304,18.23,0.538,0.44683333333333336,15.58,10.711666666666666,0.30254389029619416,49
2021,2,507944,0.5183941918695314,21,9,1,0,10,0.9,0.4980463980463979,0.517032320595008,0.6032812791719511,Mercy,ECC,9-1,9.7,9.0,0.823,0.734,42.1,0.719,0.394,,23.8,10.4,6.8,7.3,14.1,0.316,18.8,0.9,0.518375,20.4375,11.76,0.26035885691675636,21
2021,2,507945,0.5039431521836563,30,12,2,0,14,0.8571428571428571,0.5066047048189907,0.5073998335118465,0.5944380250731712,Mercyhurst,G-MAC,12-2,12.86,10.14,0.896,0.764,43.64,0.674,0.466,,32.29,8.0,7.21,12.21,19.43,0.378,16.5,0.857,0.5034545454545455,18.55909090909091,12.727272727272727,0.2807941218098684,30
2021,2,507946,0.5183941918695314,21,3,9,0,12,0.25,0.558913813459268,0.4628093304489635,0.4576592393418749,Molloy,ECC,3-9,5.25,7.83,0.846,0.297,24.25,0.635,0.356,,14.83,12.58,13.58,,9.58,0.299,18.58,0.25,0.5182222222222221,19.755555555555556,11.86111111111111,0.30839540916664393,22
2021,2,507922,0.47228854571945944,42,10,4,0,14,0.7142857142857143,0.4223728652300082,0.5077715754663806,0.5167007550530278,Montevallo,Peach Belt,10-4,9.36,11.71,0.838,0.41,37.36,0.759,0.339,,24.43,17.93,10.57,4.5,15.07,0.345,20.71,0.714,0.47219999999999995,18.677,12.299000000000001,0.2204136111949532,42
2021,2,507894,0.5133011137511152,25,11,3,0,14,0.7857142857142857,0.5349590885305171,0.4892851762749721,0.586229409762573,Mount Olive,Conference Carolinas,11-3,6.64,9.07,0.88,0.519,28.86,0.782,0.225,,18.64,9.79,8.79,3.21,12.0,0.309,17.0,0.786,0.5131666666666667,20.341666666666665,12.019999999999998,0.24722858293939684,26
2021,2,507926,0.4903292114365498,37,7,5,0,12,0.5833333333333334,0.4863303363303363,0.5239671172794421,0.5199902808183621,Newberry,SAC,7-5,8.83,10.17,0.865,0.549,40.92,0.821,0.37,,23.17,10.92,10.75,3.58,14.33,0.335,16.25,0.583,0.49041666666666656,18.656666666666666,13.0375,0.27942066802980453,37
2021,2,507906,0.5133011137511152,25,7,7,0,14,0.5,0.494047619047619,0.4998767972057286,0.4969930088252416,North Greenville,Conference Carolinas,7-7,7.71,10.21,0.833,0.611,34.71,0.627,0.294,,20.43,9.64,10.93,,12.71,0.26,19.64,0.5,0.5139166666666667,19.650833333333335,12.084999999999999,0.25043011611137256,25
2021,2,507949,0.5006439737748386,33,6,7,0,13,0.4615384615384615,0.5509259259259259,0.5243683631183631,0.5219396691271692,Pace,NE10,6-7,6.15,12.62,0.846,0.505,31.0,0.61,0.383,,17.38,11.77,9.31,,11.23,0.285,18.46,0.462,0.5,16.724285714285713,11.540000000000001,0.36120710323659394,33
2021,2,507923,0.5820625692640237,3,1,8,0,9,0.1111111111111111,0.5454545454545454,0.4658349366682699,0.416963784672118,Palm Beach Atl.,Sunshine State,1-8,4.33,12.22,0.838,0.298,29.56,0.559,0.263,,12.78,12.22,17.11,,8.44,0.224,19.56,0.111,0.5818,20.536,11.426,0.2603170374754599,3
2021,2,507895,0.5262057227056925,17,0,8,0,8,0.0,0.521207264957265,0.4162695499834923,0.3646710199745056,Post,CACC,0-8,5.25,6.75,0.8,0.322,32.0,0.676,0.368,,14.75,13.5,16.0,,9.5,0.256,18.63,0.0,0.5256666666666666,17.981666666666666,12.003333333333332,0.18064575524735943,18
2021,2,507908,0.5458562523187784,8,7,4,0,11,0.6363636363636364,0.5417582417582417,0.5225297390977299,0.5606024647444625,Queens (NC),SAC,7-4,6.64,6.36,0.807,0.568,31.36,0.741,0.303,,19.45,14.09,10.91,,12.82,0.344,19.27,0.636,0.5461818181818181,19.815454545454546,12.234545454545456,0.26506047961029516,8
2021,2,507957,0.5368534379052887,14,0,10,0,10,0.0,0.555982905982906,0.4792417269340346,0.3978018847249617,Quincy,GLVC,0-10,1.8,4.6,0.755,0.466,19.1,0.75,0.05,,6.0,15.1,16.2,,4.2,0.186,24.2,0.0,0.5365000000000001,17.426666666666666,9.421666666666665,0.22715908522443035,14
2021,2,507917,0.4330344735988592,56,7,5,0,12,0.5833333333333334,0.4591469136923683,0.5112405402001033,0.5032169252295433,Roberts Wesleyan,ECC,7-5,8.67,9.25,0.823,0.579,32.67,0.808,0.403,,23.5,11.5,8.25,6.58,14.83,0.365,17.33,0.583,0.4334444444444444,18.29222222222222,13.605555555555556,0.3256962153469979,56
2021,2,507896,0.4349258478078456,54,8,5,0,13,0.6153846153846154,0.4598948060486522,0.5059727911798918,0.5102867546654529,Rockhurst,GLVC,8-5,6.77,10.38,0.851,0.61,30.08,0.615,0.327,,17.31,12.38,8.54,,10.54,0.247,21.54,0.615,0.434,15.541666666666666,10.698333333333332,0.2967153518104515,55
2021,2,507950,0.4496139165673521,48,7,3,0,10,0.7,0.3731313131313131,0.5283530844155845,0.4936539276695526,Rollins,Sunshine State,7-3,5.5,14.8,0.815,0.511,35.0,0.59,0.286,,18.0,10.5,10.7,,12.5,0.296,21.4,0.7,0.4491666666666667,19.535,12.736666666666665,0.2839374442059769,48
2021,2,507952,0.5153816409450079,24,3,7,0,10,0.3,0.5190404040404041,0.4999915223665224,0.4595180826118326,Saint Leo,Sunshine State,3-7,6.0,8.8,0.808,0.436,30.8,0.613,0.343,,16.6,15.2,14.6,,10.6,0.294,22.0,0.3,0.5158333333333334,19.768333333333334,12.086666666666668,0.28801702303085414,24
2021,2,507953,0.4349258478078456,54,3,8,0,11,0.2727272727272727,0.4570707070707071,0.4836167199803563,0.4176213517122608,Saint Michael's,NE10,3-8,3.91,10.55,0.792,0.502,35.45,0.636,0.333,,11.45,14.55,12.91,,7.55,0.208,21.27,0.273,0.4343333333333333,16.526666666666667,11.781666666666666,0.27476939826374813,54
2021,2,507897,0.5290259313522562,15,1,8,0,9,0.1111111111111111,0.6266381766381768,0.5126903138014248,0.4692694445472224,Saint Rose,NE10,1-8,2.44,6.11,0.773,0.342,24.11,0.611,0.1,,9.22,15.89,15.67,,6.78,0.221,17.56,0.111,0.5298333333333333,17.12333333333333,10.515,0.30358766809971416,15
2021,2,507914,0.543626057938671,10,11,3,0,14,0.7857142857142857,0.5432213619713621,0.4824389482871625,0.5886489894860432,Seton Hill,G-MAC,11-3,9.21,9.36,0.832,0.641,35.21,0.822,0.5,,26.79,12.14,8.14,9.43,17.57,0.345,17.21,0.786,0.5436666666666666,20.22,12.834444444444443,0.30096548343991575,12
2021,2,507918,0.4909328592300994,35,2,10,0,12,0.1666666666666666,0.5302738927738928,0.425517082124225,0.4131828835846693,Shorter,Peach Belt,2-10,2.67,6.92,0.713,0.419,27.42,0.667,0.164,,8.75,15.75,16.08,,6.08,0.194,22.83,0.167,0.4921428571428571,19.654285714285713,12.507142857142858,0.19618826859599398,35
2021,2,507947,0.44006072106561706,53,6,6,0,12,0.5,0.4584175084175084,0.4876617364117364,0.4761241883116883,Southern N.H.,NE10,6-6,7.17,8.08,0.736,0.597,43.0,0.738,0.309,,18.67,14.92,12.0,,11.5,0.29,24.92,0.5,0.43985714285714284,16.062857142857144,11.628571428571428,0.27904706647109273,53
2021,2,507951,0.47347090591462715,41,13,2,0,15,0.8666666666666667,0.478032338032338,0.4941959737793071,0.5792318291276625,St. Anselm,NE10,13-2,9.53,9.73,0.875,0.623,41.93,0.696,0.39,,25.6,10.73,6.47,9.6,16.07,0.276,18.2,0.867,0.47333333333333333,16.745555555555555,11.272222222222222,0.2833415685077719,41
2021,2,507898,0.5967531025170719,1,0,6,0,6,0.0,0.597008547008547,0.4445817618020415,0.4096497139547839,St. Thomas Aquinas,ECC,0-6,3.0,6.0,0.652,0.368,31.17,0.483,0.189,,9.17,16.33,19.83,,6.17,0.195,24.67,0.0,0.5968333333333333,20.624999999999996,10.171666666666665,0.22628994429467894,1
2021,2,507954,0.5194278609136118,20,10,1,0,11,0.9090909090909092,0.5027417027417027,0.5178805856417582,0.6081137250540182,Tampa,Sunshine State,10-1,10.45,9.82,0.888,0.62,37.27,0.762,0.4,,27.45,12.09,7.82,9.18,17.0,0.344,15.91,0.909,0.51925,19.314999999999998,12.27625,0.27310746511217887,20
2021,2,507909,0.4134599796538414,59,7,5,0,12,0.5833333333333334,0.4450785325785326,0.5181838317430053,0.497918557558351,Tusculum,SAC,7-5,5.17,6.92,0.793,0.543,32.75,0.688,0.308,,15.67,10.75,10.83,,10.5,0.28,17.67,0.583,0.41269999999999996,18.445,14.127999999999997,0.2649279335970444,60
2021,2,507941,0.46514023595275833,44,10,3,0,13,0.7692307692307693,0.5365548980933597,0.4859454374247273,0.5820715007105539,UIndy,GLVC,10-3,7.62,10.77,0.833,0.47,32.15,0.681,0.393,,18.92,11.15,8.62,,11.31,0.272,17.23,0.769,0.4642857142857143,17.062857142857144,10.539999999999997,0.28693240333157327,44
2021,2,507916,0.4406064582250466,51,5,8,0,13,0.3846153846153846,0.5098143523143522,0.4993452663257859,0.4758973388924687,Walsh,G-MAC,5-8,5.23,7.69,0.838,0.476,29.38,0.714,0.333,,16.69,13.23,14.08,,11.46,0.335,20.0,0.385,0.440875,19.23,13.526250000000001,0.2590364055012345,51
2021,2,507921,0.5108853978782903,27,7,5,0,12,0.5833333333333334,0.5081055308328035,0.454542538389941,0.5135217333472204,Westminster (UT),RMAC,7-5,7.92,9.42,0.894,0.468,33.17,0.612,0.143,,20.58,10.67,11.25,,12.67,0.321,19.33,0.583,0.5111428571428571,20.574285714285715,11.26142857142857,0.282183035113953,27
2021,2,515870,0.41571828213875284,58,1,10,0,11,0.0909090909090909,0.4117049617049618,0.4769244144067048,0.3478108571814298,Wheeling,G-MAC,1-10,4.45,6.82,0.644,0.365,26.36,0.429,0.292,,10.73,12.27,18.18,,6.27,0.243,23.91,0.091,0.4154,18.313,13.357,0.23990131304350962,58
2021,2,507925,0.48369025362827456,39,5,4,0,9,0.5555555555555556,0.5368945868945869,0.4360753167377098,0.5163550115206098,Wilmington (DE),CACC,5-4,6.78,8.11,0.815,0.32,31.0,0.611,0.368,,17.89,13.11,11.11,,11.11,0.272,17.56,0.556,0.4832857142857144,18.54571428571429,11.568571428571431,0.2971010959664905,39
2021,2,507899,0.5262057227056925,17,12,3,0,15,0.8,0.5764513264513265,0.522379775550967,0.618820607113405,Wingate,SAC,12-3,10.8,10.4,0.89,0.557,40.07,0.818,0.415,,27.8,10.33,9.67,7.33,17.0,0.317,14.6,0.8,0.5261666666666667,19.474166666666665,12.741666666666669,0.24418122823473187,17
2022,1,530081,0.4437253700491716,53,16,14,0,30,0.5333333333333333,0.4557497404556228,0.4800869357343471,0.4812299374947315,Air Force,ASUN,8-7,5.73,10.07,0.839,0.49,28.87,0.636,0.382,0.879,16.87,12.27,10.27,0.87,11.13,0.252,16.33,0.533,0.4437142857142858,18.28642857142857,12.311428571428573,0.22150828058415092,53
2022,1,530082,0.45505569069669444,49,24,8,0,32,0.75,0.4733965144762359,0.5165183909477344,0.5533278549750515,Army West Point,Patriot,12-4,7.75,7.5,0.862,0.529,31.63,0.627,0.417,0.815,21.81,12.25,11.19,2.88,14.06,0.302,15.0,0.75,0.45485714285714274,18.06142857142857,12.143571428571429,0.2331026313336979,49
2022,1,530022,0.4311569183276975,57,8,26,0,34,0.2352941176470588,0.4472925863064271,0.4619426520851197,0.3979554855862582,Bellarmine,ASUN,4-13,6.41,10.0,0.824,0.405,24.94,0.754,0.356,0.844,17.0,11.65,11.94,-1.35,10.59,0.3,18.59,0.235,0.430625,17.585625,12.6425,0.22919393398386442,57
2022,1,530023,0.436561771544163,55,10,18,0,28,0.3571428571428571,0.4384899405106172,0.4702915537437966,0.426103572976972,Binghamton,America East,5-9,6.0,7.36,0.821,0.485,27.36,0.659,0.244,0.903,16.64,13.57,11.57,-0.93,10.64,0.282,18.71,0.357,0.4368461538461539,17.908461538461538,12.172307692307694,0.19550402165993183,55
2022,1,530024,0.5183941918695314,27,24,10,0,34,0.7058823529411765,0.5445926928463694,0.5216335250083235,0.5791753159105597,Boston U.,Patriot,12-5,8.18,12.06,0.847,0.528,36.35,0.694,0.319,0.775,21.47,12.24,10.65,2.65,13.29,0.3,18.76,0.706,0.5186153846153846,19.094615384615384,11.976153846153847,0.18634399062013426,27
2022,1,530025,0.5724462288019275,8,20,12,0,32,0.625,0.58195909563218,0.538546581255678,0.5818661931300095,Brown,Ivy League,10-6,7.81,7.5,0.882,0.482,28.5,0.736,0.444,0.824,21.0,13.31,11.56,1.63,13.19,0.289,16.0,0.625,0.575,19.80866666666667,11.942666666666668,0.15943818028732432,8
2022,1,530026,0.4680277562767098,43,16,14,0,30,0.5333333333333333,0.4716301837874151,0.4800109320977307,0.4891511582514736,Bryant,NEC,8-7,6.67,9.2,0.824,0.556,34.07,0.704,0.308,0.832,18.73,13.07,11.0,1.07,12.07,0.269,19.0,0.533,0.4665384615384615,17.824615384615385,11.55769230769231,0.17903915144872443,43
2022,1,530027,0.42073141271095843,63,18,12,0,30,0.6,0.4249525964231846,0.510801735923978,0.4901767321925868,Bucknell,Patriot,9-6,8.4,10.07,0.824,0.488,36.13,0.658,0.283,0.804,21.93,11.07,10.87,2.67,13.53,0.299,16.13,0.6,0.41957142857142854,17.678571428571427,12.777142857142858,0.2026526635423683,63
2022,1,530028,0.46864741630149365,42,4,24,0,28,0.1428571428571428,0.4689249991494573,0.4473038584421566,0.3820027498995535,Canisius,MAAC,2-12,4.79,5.43,0.78,0.477,28.29,0.541,0.278,0.886,13.93,13.64,14.57,-5.43,9.14,0.242,18.43,0.143,0.4689285714285713,17.914285714285715,11.24714285714286,0.1623076726844572,42
2022,1,530029,0.405880695234838,64,6,20,0,26,0.2307692307692307,0.4300709094826742,0.4481367292323923,0.3847619447417428,Cleveland St.,ASUN,3-10,6.85,6.08,0.856,0.457,29.46,0.575,0.271,0.859,18.0,14.15,12.62,-1.46,11.15,0.271,17.08,0.231,0.40475,16.768333333333334,12.998333333333333,0.23374099804413145,65
2022,1,530030,0.5353142358592355,19,8,18,0,26,0.3076923076923077,0.5346897089573918,0.5058462880568396,0.4707295034159827,Colgate,Patriot,4-9,4.62,6.15,0.816,0.538,25.85,0.688,0.108,0.896,14.23,13.15,11.62,-2.0,9.62,0.254,17.23,0.308,0.5346153846153846,19.146923076923077,11.859999999999998,0.18089331256999075,20
2022,1,530031,0.5693609576216532,10,28,10,0,38,0.7368421052631579,0.5800708606476898,0.5593281308203532,0.6140779893447226,Cornell,Ivy League,14-5,7.05,8.47,0.844,0.464,34.68,0.667,0.367,0.781,20.05,12.0,11.16,1.84,13.0,0.303,14.84,0.737,0.57,20.39764705882353,11.877058823529412,0.20806079428293806,10
2022,1,530032,0.5850739331288695,7,8,18,0,26,0.3076923076923077,0.5861446366670825,0.5326798963843522,0.5031653693527063,Dartmouth,Ivy League,4-9,5.38,7.38,0.805,0.537,32.23,0.565,0.282,0.843,14.85,13.62,12.46,-3.0,9.46,0.23,18.69,0.308,0.58625,20.023333333333333,11.910833333333334,0.1583535732677563,7
2022,1,530033,0.5133011137511152,28,26,12,0,38,0.6842105263157895,0.5049177057711357,0.508430019578129,0.5506189893590475,Delaware,CAA,13-6,7.84,7.0,0.887,0.459,29.89,0.614,0.351,0.881,21.26,11.42,10.79,2.63,13.42,0.316,13.63,0.684,0.5134705882352941,18.53470588235294,11.73235294117647,0.19376338440207969,28
2022,1,530034,0.5368534379052887,17,18,12,0,30,0.6,0.5414215686274509,0.5206560013911109,0.5508747846615032,Denver,Big East,9-6,8.6,6.73,0.883,0.556,28.07,0.549,0.444,0.849,22.33,11.93,11.47,2.27,13.73,0.299,13.67,0.6,0.5372857142857143,19.837857142857143,12.204285714285716,0.22218153085497727,18
2022,1,530035,0.4626376369612048,45,4,18,0,22,0.1818181818181818,0.4633650663062427,0.480829319028922,0.3973444083648972,Detroit Mercy,ASUN,2-9,2.82,6.55,0.755,0.426,30.55,0.513,0.286,0.897,10.45,14.18,15.55,-7.91,7.64,0.206,20.55,0.182,0.4634545454545455,19.394545454545455,11.793636363636365,0.17701431048280386,45
2022,1,530036,0.4909328592300994,32,12,16,0,28,0.4285714285714285,0.5053570854792658,0.4953183964042988,0.4836509989835648,Drexel,CAA,6-8,7.71,7.0,0.875,0.378,29.36,0.714,0.34,0.89,19.64,12.57,13.43,-1.5,11.93,0.318,16.14,0.429,0.4916923076923077,18.69846153846154,11.973846153846154,0.15032087966714844,32
2022,1,530037,0.5967531025170719,5,22,12,0,34,0.6470588235294118,0.5993366851384517,0.5279387345884513,0.5934177320986916,Duke,ACC,11-6,8.35,7.24,0.855,0.546,34.59,0.611,0.6,0.854,23.76,13.59,11.18,4.24,15.41,0.349,15.29,0.647,0.5968666666666667,20.84466666666667,11.255333333333335,0.13142037724628383,5
2022,1,530038,0.42465677695923454,60,14,14,0,28,0.5,0.4245099355531686,0.4881411673039877,0.4592902596025812,Fairfield,CAA,7-7,7.36,8.5,0.906,0.511,34.36,0.66,0.55,0.835,21.14,12.64,13.36,0.43,13.79,0.311,16.57,0.5,0.4245714285714285,17.389285714285716,12.620714285714286,0.17511617135315558,61
2022,1,530039,0.5312387480409371,21,30,4,0,34,0.8823529411764706,0.5197994987468673,0.5461914309756942,0.6170358424114748,Georgetown,Big East,15-2,8.65,9.94,0.89,0.59,37.65,0.682,0.333,0.851,23.71,12.71,8.18,6.88,15.06,0.308,15.0,0.882,0.5314666666666666,19.553999999999995,11.953333333333335,0.17094282344950573,21
2022,1,530040,0.4560060709633308,48,0,20,0,20,0.0,0.4377092760180995,0.4456055874024311,0.3302560348596576,Hampton,SoCon,0-10,1.7,7.0,0.678,0.412,22.0,0.69,0.063,0.943,6.4,18.7,20.9,-16.2,4.7,0.215,25.5,0.0,0.4567777777777777,18.65111111111111,11.467777777777776,0.21897172713378002,48
2022,1,530042,0.5488566642383986,14,16,10,0,26,0.6153846153846154,0.5496255213390244,0.5513154419203113,0.5664877749957439,Harvard,Ivy League,8-5,6.38,10.08,0.814,0.397,33.62,0.537,0.279,0.779,19.54,12.38,12.23,0.92,13.15,0.32,18.15,0.615,0.5497692307692307,19.76076923076923,11.95,0.21822999647378163,14
2022,1,530090,0.5018850486912354,31,14,16,0,30,0.4666666666666667,0.5144547609253493,0.4959771025371903,0.4978883227636388,High Point,SoCon,7-8,7.27,9.0,0.824,0.458,30.07,0.684,0.333,0.765,20.67,11.73,11.93,1.47,13.4,0.313,15.07,0.467,0.5021428571428572,18.81642857142857,12.390714285714287,0.27326357165168713,31
2022,1,530043,0.42897433564254933,58,14,12,0,26,0.5384615384615384,0.4668115266799477,0.4864786846378457,0.4896408191148199,Hobart,NEC,7-6,7.46,8.69,0.869,0.551,32.77,0.639,0.383,0.819,21.54,10.85,12.08,2.0,14.08,0.278,14.69,0.538,0.4290999999999999,17.141,11.918000000000001,0.20553513081709415,59
2022,1,530044,0.48369025362827456,35,12,18,0,30,0.4,0.4836089192762126,0.4898945057132655,0.4642780860664227,Hofstra,CAA,6-9,4.8,7.8,0.865,0.447,28.8,0.659,0.185,0.916,14.8,12.13,11.0,-1.0,10.0,0.294,17.47,0.4,0.48364285714285715,18.296428571428574,12.371428571428572,0.16367110188373737,36
2022,1,530045,0.46206839231268465,46,2,26,0,28,0.0714285714285714,0.46141332272554,0.4858272937548566,0.370020627658627,Holy Cross,Patriot,1-13,5.21,7.64,0.809,0.443,27.64,0.632,0.222,0.893,13.79,13.79,16.79,-8.21,8.57,0.245,20.0,0.071,0.46153846153846156,18.75846153846154,11.99923076923077,0.17087765096007473,47
2022,1,530046,0.39347583824126525,69,28,6,0,34,0.8235294117647058,0.3983828599313029,0.4970307903035433,0.5293314804827137,Jacksonville,SoCon,14-3,9.47,10.35,0.886,0.51,32.71,0.722,0.355,0.792,25.53,11.65,8.59,7.47,16.06,0.381,16.82,0.824,0.39185714285714285,17.755714285714287,13.206428571428575,0.21694300013165313,69
2022,1,530047,0.6130001300675628,3,14,18,0,32,0.4375,0.6152779697405278,0.5430157210806137,0.5527679151404173,Johns Hopkins,Big Ten,7-9,6.63,7.63,0.835,0.494,31.19,0.647,0.378,0.891,17.56,11.0,12.63,-1.69,10.94,0.269,16.69,0.438,0.6164285714285713,21.520714285714284,11.249285714285715,0.21616617757302045,3
2022,1,530018,0.46514023595275833,44,14,16,0,30,0.4666666666666667,0.4876878551690581,0.4653330447825384,0.4768438554468303,LIU,NEC,7-8,6.93,7.4,0.864,0.515,35.6,0.672,0.358,0.892,18.07,13.33,10.73,0.4,11.13,0.315,18.93,0.467,0.4653076923076924,17.66076923076923,11.807692307692308,0.1922915993266415,44
2022,1,530048,0.47347090591462715,39,8,22,0,30,0.2666666666666666,0.4736830764694541,0.4975846300365035,0.4279043624105196,Lafayette,Patriot,4-11,6.47,7.33,0.89,0.429,28.93,0.65,0.429,0.894,18.53,9.47,14.67,-2.6,12.07,0.319,14.2,0.267,0.4736666666666666,18.741333333333333,12.164666666666667,0.218553629319874,39
2022,1,530049,0.4843109711046171,33,16,14,0,30,0.5333333333333333,0.5081567795809281,0.4957349382937179,0.5113454576972268,Lehigh,Patriot,8-7,6.67,8.53,0.818,0.623,34.47,0.633,0.319,0.852,18.07,11.67,9.8,1.6,11.4,0.277,17.4,0.533,0.48584615384615376,18.577692307692306,11.953076923076923,0.2589196032492433,33
2022,1,530051,0.5724462288019275,8,16,16,0,32,0.5,0.586180542561154,0.5127737146623017,0.5462836999461524,Loyola Maryland,Patriot,8-8,7.88,8.88,0.904,0.536,33.63,0.667,0.425,0.821,19.56,10.75,11.63,0.06,11.69,0.28,15.5,0.5,0.5734999999999999,20.089285714285715,11.426428571428573,0.2441207985520986,9
2022,1,530052,0.405880695234838,64,16,14,0,30,0.5333333333333333,0.4301021029194403,0.4542835403516279,0.4619552698809605,Manhattan,MAAC,8-7,4.27,7.2,0.905,0.299,23.67,0.688,0.385,0.91,13.33,10.6,9.93,-0.87,9.07,0.272,13.47,0.533,0.404076923076923,16.043076923076924,11.844615384615384,0.19672059903030042,66
2022,1,530053,0.4805208851241903,37,14,16,0,30,0.4666666666666667,0.4835020242914979,0.4715072487664953,0.4762944910040395,Marist,MAAC,7-8,5.47,8.93,0.889,0.453,30.13,0.571,0.295,0.909,15.4,13.4,12.4,-2.47,9.93,0.245,15.6,0.467,0.47992857142857137,17.416428571428572,11.379999999999997,0.23655185607440263,37
2022,1,530054,0.5228492886271014,24,8,22,0,30,0.2666666666666666,0.5474199983023511,0.4905272202493955,0.4630084708801911,Marquette,Big East,4-11,5.47,7.8,0.867,0.572,29.67,0.711,0.426,0.873,15.93,12.93,12.87,-2.4,10.47,0.262,18.2,0.267,0.5235714285714285,19.824285714285715,12.057142857142859,0.21769727155115276,25
2022,1,530056,0.5421054183508555,16,36,0,0,36,1.0,0.5697612085769981,0.5671459842466821,0.6766671003501695,Maryland,Big Ten,18-0,11.33,8.83,0.894,0.633,37.22,0.619,0.48,0.889,29.0,13.0,9.0,8.67,17.67,0.391,14.56,1.0,0.5423571428571428,20.682142857142857,11.899285714285714,0.17624196319786256,16
2022,1,530057,0.5262057227056925,23,16,12,0,28,0.5714285714285714,0.5185694115702962,0.5039782332592233,0.5281364069570968,Massachusetts,CAA,8-6,6.36,6.0,0.88,0.579,32.86,0.58,0.344,0.82,18.21,12.5,11.21,0.64,11.86,0.288,15.14,0.571,0.5249230769230769,19.62,12.01692307692308,0.16956526383143705,23
2022,1,530058,0.45505569069669444,49,10,20,0,30,0.3333333333333333,0.4793271924154277,0.449026234145213,0.4352534880773504,Mercer,SoCon,5-10,6.33,6.67,0.879,0.511,26.33,0.66,0.275,0.917,16.8,12.8,13.8,-3.33,10.47,0.282,17.8,0.333,0.4547857142857143,17.825714285714287,11.90857142857143,0.2287485139909355,50
2022,1,530059,0.4403725539014282,54,14,16,0,30,0.4666666666666667,0.4524236745366776,0.5267328699800191,0.4745617214300102,Michigan,Big Ten,7-8,8.6,7.93,0.85,0.583,32.47,0.643,0.5,0.801,22.67,12.4,11.13,2.93,14.07,0.297,15.4,0.467,0.44007142857142856,18.569285714285712,12.547142857142855,0.27632342961663975,54
2022,1,530060,0.42465677695923454,60,10,14,0,24,0.4166666666666667,0.4246826333997386,0.4642248738889008,0.4325642018387612,Monmouth,MAAC,5-7,4.17,7.33,0.852,0.514,29.58,0.769,0.306,0.854,11.5,13.75,10.17,-2.83,7.33,0.205,17.17,0.417,0.42475,16.145833333333336,11.770833333333334,0.251487947027288,60
2022,1,530061,0.46206839231268465,46,10,20,0,30,0.3333333333333333,0.4616150340028049,0.4662761458653305,0.4307098868010685,Mount St. Mary's,NEC,5-10,5.07,8.4,0.818,0.457,31.47,0.649,0.256,0.793,14.07,12.67,12.07,-3.07,9.0,0.222,19.53,0.333,0.4616428571428572,17.255,12.002857142857144,0.22715872586078192,46
2022,1,530063,0.4843109711046171,33,0,26,0,26,0.0,0.4843506695733417,0.4615127018868732,0.3575535102583891,NJIT,America East,0-13,4.0,6.31,0.786,0.452,26.23,0.646,0.18,0.908,10.92,14.23,14.85,-7.92,6.92,0.199,21.08,0.0,0.48438461538461536,17.22,11.400769230769233,0.1721692094608979,34
2022,1,530083,0.4456211152470233,52,18,12,0,30,0.6,0.4515002154708037,0.4999738661933964,0.5007435742837509,Navy,Patriot,9-6,6.67,7.73,0.856,0.475,34.93,0.629,0.372,0.832,17.33,11.33,10.13,0.53,10.67,0.266,17.6,0.6,0.4456428571428571,17.615714285714287,12.04142857142857,0.17354563300381223,52
2022,1,530062,0.5277255931275076,22,16,12,0,28,0.5714285714285714,0.5522251208175578,0.5555343491889018,0.5578532905631473,North Carolina,ACC,8-6,7.71,6.21,0.862,0.515,30.5,0.512,0.382,0.854,19.29,13.0,12.86,-1.29,11.57,0.26,15.0,0.571,0.5279999999999999,20.6125,11.72916666666667,0.167581323541736,22
2022,1,530064,0.5686020742692987,11,16,8,0,24,0.6666666666666666,0.550789937186996,0.5514430381685478,0.5799223948023016,Notre Dame,ACC,8-4,7.75,8.92,0.907,0.455,32.25,0.583,0.677,0.816,22.5,14.25,10.08,4.67,14.75,0.329,14.08,0.667,0.5677000000000001,21.005,11.905,0.25635212111468864,11
2022,1,530065,0.5228492886271014,24,20,12,0,32,0.625,0.5507193875203744,0.5424485148228226,0.5672218224658929,Ohio St.,Big Ten,10-6,7.38,5.44,0.867,0.586,32.63,0.75,0.556,0.899,21.0,12.0,11.63,2.0,13.63,0.333,14.94,0.625,0.5245384615384615,19.71153846153846,12.011538461538462,0.23779358061614808,24
2022,1,530067,0.6130001300675628,3,22,10,0,32,0.6875,0.6213103755334792,0.5675075123348228,0.6244070658504453,Penn,Ivy League,11-5,7.88,7.56,0.832,0.506,33.44,0.566,0.434,0.86,20.69,14.19,11.06,1.75,12.81,0.318,18.19,0.688,0.6150000000000001,20.917142857142856,11.622857142857143,0.1885811685796255,4
2022,1,530066,0.6394199728883843,1,6,22,0,28,0.2142857142857142,0.6258848714924566,0.53561144023026,0.5004167243752219,Penn St.,Big Ten,3-11,6.43,7.21,0.874,0.43,30.36,0.596,0.347,0.863,17.64,14.5,13.64,-2.43,11.21,0.293,17.43,0.214,0.6405384615384615,21.733076923076926,11.386923076923075,0.1754688731478805,1
2022,1,530068,0.6363717923822236,2,22,10,0,32,0.6875,0.6692657034979984,0.545225638708237,0.6428142614260584,Princeton,Ivy League,11-5,7.56,9.94,0.864,0.498,38.25,0.632,0.413,0.832,22.38,14.06,11.31,3.5,14.81,0.317,15.63,0.688,0.6382307692307693,20.026153846153843,11.153846153846153,0.19642385639465165,2
2022,1,530069,0.47604882346125055,38,12,16,0,28,0.4285714285714285,0.4758403293841153,0.4881622913637221,0.4671035946758453,Providence,Big East,6-8,5.64,6.36,0.874,0.448,28.36,0.686,0.375,0.834,16.71,11.57,14.14,-3.07,11.07,0.261,16.29,0.429,0.4758571428571428,18.914285714285715,12.223571428571429,0.2279294556100503,38
2022,1,530070,0.4713110198074569,41,4,22,0,26,0.1538461538461538,0.471155503621567,0.458258804221387,0.3886039913276687,Quinnipiac,MAAC,2-11,5.38,7.38,0.799,0.521,31.54,0.447,0.326,0.836,15.77,13.31,14.08,-3.69,10.38,0.248,17.54,0.154,0.4712307692307692,17.601538461538464,12.069230769230769,0.1968545553862835,41
2022,1,530071,0.5368534379052887,17,22,10,0,32,0.6875,0.5511106846584788,0.4894901401805099,0.5698028773743669,Richmond,SoCon,11-5,9.06,9.63,0.857,0.519,32.56,0.531,0.375,0.861,23.06,13.19,10.06,3.94,14.0,0.323,15.31,0.688,0.5377857142857143,18.795000000000005,11.932857142857145,0.2313529087073403,17
2022,1,530072,0.436561771544163,55,20,12,0,32,0.625,0.4597088347668843,0.4784273582993437,0.505711256958278,Robert Morris,ASUN,10-6,8.0,9.13,0.881,0.516,29.19,0.716,0.432,0.853,20.94,12.88,12.63,0.31,12.94,0.331,17.81,0.625,0.43628571428571433,18.435714285714287,12.339285714285714,0.19556381076679974,56
2022,1,530073,0.5353142358592355,19,30,8,0,38,0.7894736842105263,0.5648101782797075,0.5423106322323673,0.6153511682505771,Rutgers,Big Ten,15-4,7.89,8.47,0.905,0.474,32.05,0.612,0.385,0.897,22.37,13.0,11.32,3.16,14.47,0.307,13.32,0.789,0.5358235294117647,19.61294117647059,12.078823529411764,0.20968947217369885,19
2022,1,530074,0.40029874743300725,68,6,20,0,26,0.2307692307692307,0.4002085877085877,0.4588692318709768,0.3725139095143457,Sacred Heart,NEC,3-10,6.46,7.46,0.848,0.397,27.0,0.558,0.298,0.888,17.0,14.0,14.62,-4.08,10.54,0.288,16.23,0.231,0.40025,17.172499999999996,12.375,0.17336287809101464,68
2022,1,530076,0.47277059904905977,40,28,8,0,36,0.7777777777777778,0.4761302210810497,0.4897859863274452,0.5549560515668307,Saint Joseph's,NEC,14-4,7.56,6.39,0.877,0.653,29.83,0.583,0.367,0.848,21.56,11.17,10.44,3.56,14.0,0.324,16.06,0.778,0.4726666666666667,17.73733333333333,11.861333333333333,0.16806771122245806,40
2022,1,530077,0.36725862176145546,71,12,18,0,30,0.4,0.3889621489621488,0.4633991256427367,0.4103308558917586,Siena,MAAC,6-9,6.27,7.8,0.838,0.492,30.6,0.66,0.442,0.864,16.47,14.13,10.6,-0.4,10.2,0.246,15.93,0.4,0.3644285714285714,15.737857142857147,13.062142857142858,0.21006723899256444,71
2022,1,530019,0.3604136609285225,72,22,8,0,30,0.7333333333333333,0.3650320213555507,0.444210877581866,0.4769020634065752,St. Bonaventure,MAAC,11-4,6.67,7.6,0.852,0.5,27.33,0.679,0.433,0.856,17.4,17.47,8.93,1.8,10.73,0.311,16.8,0.733,0.35941666666666666,15.645833333333334,12.581666666666665,0.22146687424734404,72
2022,1,530075,0.5562628414099327,12,4,24,0,28,0.1428571428571428,0.5553197797337559,0.480586284335633,0.4335207466650719,St. John's (NY),Big East,2-12,6.36,6.43,0.838,0.357,22.79,0.455,0.264,0.909,15.29,12.57,18.36,-9.43,8.93,0.262,17.0,0.143,0.5553571428571428,19.285714285714285,11.287857142857145,0.18111780189496918,13
2022,1,530078,0.405880695234838,64,18,10,0,28,0.6428571428571429,0.4057031314550112,0.4986992958077644,0.4882406753937324,Stony Brook,America East,9-5,6.5,7.5,0.868,0.52,34.43,0.547,0.4,0.883,19.43,11.79,11.57,1.36,12.93,0.291,16.64,0.643,0.4057857142857143,17.95428571428571,12.854285714285714,0.21357875047171995,64
2022,1,530079,0.594650699613747,6,8,20,0,28,0.2857142857142857,0.6115888156882187,0.5298603310494489,0.509688062035043,Syracuse,ACC,4-10,6.57,9.36,0.858,0.578,35.07,0.426,0.341,0.835,19.93,10.07,14.71,-1.36,13.36,0.283,14.43,0.286,0.5954166666666666,20.864166666666666,12.0625,0.22622314143832017,6
2022,1,530080,0.5562628414099327,12,14,18,0,32,0.4375,0.564659876264946,0.5169001811825786,0.5209299834281176,Towson,CAA,7-9,6.44,7.25,0.886,0.436,29.63,0.677,0.396,0.874,17.69,13.44,11.94,-0.69,11.25,0.273,15.81,0.438,0.5557142857142857,19.815,11.520714285714288,0.13373610933018615,12
2022,1,530021,0.5042812408410572,30,10,20,0,30,0.3333333333333333,0.5129654169360052,0.4944007466199266,0.4634162284563176,UAlbany,America East,5-10,7.0,7.0,0.87,0.495,31.2,0.702,0.407,0.882,17.33,10.6,14.27,-3.93,10.33,0.292,18.73,0.333,0.5046428571428571,19.141428571428573,11.895714285714288,0.2505718052611601,30
2022,1,530055,0.42897433564254933,58,12,14,0,26,0.4615384615384615,0.4391285165576664,0.4707165196752543,0.4526280035822622,UMBC,America East,6-7,5.54,6.54,0.844,0.508,30.23,0.75,0.304,0.878,16.15,10.54,10.08,0.54,10.62,0.292,18.08,0.462,0.4291818181818181,17.994545454545456,12.289090909090907,0.21714545530664597,58
2022,1,530050,0.39015177915864324,70,4,22,0,26,0.1538461538461538,0.3897877234564541,0.4470556876947206,0.3451193221134457,UMass Lowell,America East,2-11,5.23,6.31,0.782,0.507,28.54,0.638,0.39,0.884,15.15,10.69,14.85,-4.92,9.92,0.23,16.92,0.154,0.3898333333333333,17.401666666666667,12.286666666666667,0.23946984268495175,70
2022,1,530020,0.48369025362827456,35,20,8,0,28,0.7142857142857143,0.4761077673616372,0.4667147811254851,0.5333040075336185,Utah,ASUN,10-4,8.79,6.79,0.911,0.536,31.93,0.689,0.4,0.895,22.43,10.36,11.36,2.29,13.64,0.318,15.43,0.714,0.48383333333333334,18.774166666666666,11.434166666666668,0.22716250913290148,35
2022,1,530086,0.405880695234838,64,8,22,0,30,0.2666666666666666,0.4043849124731478,0.4475280226760262,0.3807411285722472,VMI,SoCon,4-11,5.73,9.2,0.841,0.395,28.67,0.647,0.34,0.829,15.33,12.13,13.27,-3.67,9.6,0.236,17.07,0.267,0.40330769230769226,16.364615384615384,12.396923076923079,0.2297006026633481,67
2022,1,530084,0.45237392763850315,51,24,14,0,38,0.631578947368421,0.4453387427845631,0.4961463486138051,0.5046006953878381,Vermont,America East,12-7,8.37,9.47,0.867,0.606,32.79,0.763,0.274,0.822,21.58,11.05,9.21,4.0,13.21,0.308,15.79,0.632,0.45094117647058823,17.95352941176471,12.190588235294118,0.24137241681396804,51
2022,1,530085,0.5053974483054562,29,18,12,0,30,0.6,0.5365500761708192,0.5347216037750228,0.5519554390291652,Villanova,Big East,9-6,8.2,9.13,0.839,0.577,31.33,0.738,0.469,0.833,21.47,12.13,11.67,1.6,13.27,0.285,14.93,0.6,0.5051538461538462,19.558461538461543,12.546153846153848,0.20874269997511147,29
2022,1,530087,0.5219127667482446,26,24,8,0,32,0.75,0.5397515015621632,0.5528329762661951,0.5955839948476304,Virginia,ACC,12-4,8.81,9.06,0.888,0.556,38.13,0.683,0.5,0.789,24.31,11.5,11.94,3.56,15.5,0.331,14.88,0.75,0.5216153846153847,20.43307692307692,11.920769230769231,0.2110597941020282,26
2022,1,530088,0.42465677695923454,60,6,18,0,24,0.25,0.423970473970474,0.4551869038445437,0.3882819629463729,Wagner,NEC,3-9,2.67,7.33,0.832,0.373,23.92,0.759,0.233,0.886,10.0,14.33,10.08,-2.75,7.33,0.196,17.25,0.25,0.423909090909091,16.787272727272725,12.095454545454546,0.19148579560206386,62
2022,1,530089,0.543626057938671,15,24,10,0,34,0.7058823529411765,0.5722538257185863,0.5697819350201551,0.605042984849626,Yale,Ivy League,12-5,9.24,8.82,0.838,0.543,35.65,0.673,0.48,0.771,24.12,14.18,13.24,1.65,14.88,0.316,17.12,0.706,0.5440714285714287,19.592142857142857,11.94357142857143,0.19631260213012824,15
2022,2,530163,0.5575638630231748,14,1,9,0,10,0.1,0.5805555555555556,0.5015210436693073,0.4406580386951046,Adams St.,RMAC,1-9,1.6,8.0,0.747,0.45,21.7,0.608,0.065,0.871,6.0,11.6,16.3,-11.9,4.4,0.165,23.3,0.1,0.5581666666666666,18.05,10.139999999999999,0.2154904612480304,14
2022,2,530139,0.49414640775339724,34,15,2,0,17,0.8823529411764706,0.5374832785678374,0.5386794345166084,0.6239997332071885,Adelphi,NE10,15-2,6.82,8.94,0.845,0.595,32.47,0.722,0.321,0.759,19.29,10.65,7.59,4.88,12.47,0.298,18.76,0.882,0.4945384615384615,17.689230769230768,11.268461538461537,0.22588683871648088,34
2022,2,530140,0.436561771544163,58,20,14,0,34,0.5882352941176471,0.4317947767342231,0.4687187335867895,0.4801358952932207,Alabama Huntsville,Peach Belt,10-7,6.65,9.71,,0.548,31.88,0.639,0.271,0.858,19.18,11.29,10.06,2.47,12.53,0.275,19.06,0.588,0.4368666666666667,18.422666666666668,12.741999999999997,0.23362730053560857,58
2022,2,530164,0.35560255414922015,71,1,11,0,12,0.0833333333333333,0.3527714932126697,0.4370436435304575,0.3064799908222825,Alderson Broaddus,G-MAC,1-11,3.33,9.92,0.77,0.272,19.08,0.714,0.163,0.942,10.08,15.0,16.0,-9.25,6.75,0.22,20.92,0.083,0.3529090909090909,16.37454545454545,13.601818181818182,0.20947443087423018,72
2022,2,530141,0.4841678046141792,42,1,14,0,15,0.0666666666666666,0.4839262371615312,0.4839288594725898,0.3796120001155797,American Int'l,NE10,1-14,2.87,8.67,0.739,0.427,26.87,0.593,0.2,0.879,9.07,15.4,15.07,-8.87,6.2,0.2,24.4,0.067,0.48393333333333327,16.834666666666667,11.418,0.21083056915184023,42
2022,2,530092,0.4909328592300994,37,9,7,0,16,0.5625,0.4910496216030272,0.5084755906803745,0.5132687084716072,Anderson (SC),SAC,9-7,9.0,7.88,0.828,0.623,38.13,0.681,0.392,0.841,23.63,14.38,13.0,1.63,14.63,0.321,18.88,0.563,0.4910625,19.68375,12.490625,0.23879710759083744,38
2022,2,530142,0.4909328592300994,37,4,9,0,13,0.3076923076923077,0.4917528549881491,0.5363273489076925,0.4568813416440745,Assumption,NE10,4-9,3.08,7.62,0.849,0.468,27.69,0.737,0.184,0.838,12.31,14.38,12.62,-3.38,9.23,0.245,17.69,0.308,0.49169230769230765,17.655384615384612,11.301538461538463,0.2255159501830907,37
2022,2,530138,0.41571828213875284,62,9,7,0,16,0.5625,0.4324922677404295,0.4839814144311526,0.4778664874780029,Barton,Conference Carolinas,9-7,8.06,7.81,0.821,0.54,36.38,0.738,0.458,0.782,20.06,12.5,11.31,0.69,12.0,0.301,18.38,0.563,0.4161428571428572,18.91142857142857,13.655714285714286,0.2041396080917095,62
2022,2,530109,0.5488566642383986,16,10,5,0,15,0.6666666666666666,0.555404688191066,0.5125051508372336,0.5724952984715082,Belmont Abbey,Conference Carolinas,10-5,9.2,8.13,0.833,0.578,33.13,0.747,0.357,0.893,22.2,15.53,9.73,3.27,13.0,0.304,19.4,0.667,0.5495384615384615,19.933846153846154,12.294615384615385,0.21046418126995659,16
2022,2,530143,0.5272554767244328,23,8,6,0,14,0.5714285714285714,0.5673678445737268,0.5244169807755367,0.5576453103378904,Bentley,NE10,8-6,7.21,7.86,0.899,0.654,34.43,0.78,0.3,0.807,20.0,10.86,10.07,2.71,12.79,0.265,15.86,0.571,0.5273333333333333,17.750833333333333,11.010833333333332,0.2562363275485261,23
2022,2,530110,0.5277255931275076,22,3,9,0,12,0.25,0.5493793243793244,0.4947300504112851,0.4608721747924834,CSU Pueblo,RMAC,3-9,5.5,8.0,0.828,0.312,23.58,0.911,0.269,0.846,15.58,15.5,13.08,-3.0,10.08,0.297,20.42,0.25,0.527875,17.20875,10.802500000000002,0.23198353255134296,22
2022,2,530094,0.40759745907041905,64,3,10,0,13,0.2307692307692307,0.4074055657766066,0.4415641538858833,0.3717861290520818,Caldwell,CACC,3-10,4.46,7.69,0.805,0.39,26.85,0.702,0.228,0.798,13.46,12.62,14.54,-5.54,9.0,0.218,20.0,0.231,0.40746153846153843,16.934615384615384,12.649999999999999,0.20769378916850548,64
2022,2,530097,0.5652411997844625,8,5,10,0,15,0.3333333333333333,0.5767219928907235,0.5278393904230652,0.5036541773844614,Catawba,SAC,5-10,3.6,7.8,0.804,0.355,31.2,0.457,0.4,0.835,12.8,12.87,15.53,-6.33,9.2,0.245,21.33,0.333,0.5664285714285714,21.02142857142857,11.864999999999998,0.2056618980913349,8
2022,2,530121,0.43988802430153345,56,11,6,0,17,0.6470588235294118,0.452445088612368,0.4781346794830881,0.5075209200593089,Chestnut Hill,CACC,11-6,8.59,11.41,0.875,0.458,34.59,0.734,0.368,0.747,23.18,13.71,10.12,4.47,14.59,0.336,20.0,0.647,0.4395714285714285,18.333571428571425,12.718571428571426,0.20968878786216022,56
2022,2,530112,0.39347583824126525,67,6,8,0,14,0.4285714285714285,0.4038490396158463,0.4513156339133241,0.4218962854291113,Chowan,Conference Carolinas,6-8,9.29,12.36,0.801,0.386,38.36,0.579,0.431,0.813,23.21,13.71,16.57,-2.64,13.93,0.391,21.5,0.429,0.3916923076923077,17.54153846153846,13.45923076923077,0.24795793210678815,67
2022,2,530098,0.5724462288019275,5,2,14,0,16,0.125,0.5723134813135782,0.4910471592501415,0.4401685304693244,Coker,SAC,2-14,4.5,8.0,0.721,0.383,30.69,0.648,0.173,0.838,12.5,13.63,15.56,-7.56,8.0,0.241,21.63,0.125,0.5723750000000001,21.326874999999998,12.07375,0.17775399960338445,5
2022,2,530116,0.46514023595275833,47,14,4,0,18,0.7777777777777778,0.4483440434997529,0.5321742203058935,0.5516600212707943,Colorado Mesa,RMAC,14-4,9.39,10.39,0.874,0.728,41.17,0.693,0.361,0.8,24.83,8.17,9.39,6.06,15.44,0.283,17.67,0.778,0.4659999999999999,16.50416666666667,12.091666666666669,0.2790877998050076,47
2022,2,534882,0.42465677695923454,60,0,11,0,11,0.0,0.4244965165553401,0.4195906701944968,0.3171459258262942,D'Youville,ECC,0-11,2.27,4.64,0.599,0.466,27.91,0.511,0.239,0.819,7.18,13.55,19.64,-14.73,4.91,0.195,22.82,0.0,0.4246,16.875999999999998,12.931000000000001,0.24938773025151018,60
2022,2,530096,0.44917503195337216,52,5,8,0,13,0.3846153846153846,0.4485790897555603,0.5213500728009158,0.4507809092318553,Davenport,GLVC,5-8,5.54,8.0,0.842,0.49,29.62,0.727,0.366,0.834,15.15,11.77,11.46,-1.85,9.62,0.291,19.69,0.385,0.44858333333333333,16.535,11.435833333333333,0.20609603681024263,52
2022,2,530144,0.3492767598623112,73,2,12,0,14,0.1428571428571428,0.3486649788120377,0.4393641249702909,0.3198878063628773,Davis & Elkins,G-MAC,2-12,5.64,5.93,0.658,0.305,20.93,0.727,0.232,0.846,15.0,19.21,16.5,-7.14,9.36,0.335,24.36,0.143,0.34874999999999995,15.676666666666668,13.885833333333332,0.2162522157882627,73
2022,2,530145,0.4349258478078456,59,3,7,0,10,0.3,0.4337162927849202,0.4557032861514271,0.4057839679303169,Dist. Columbia,ECC,3-7,6.2,9.5,0.667,0.594,41.1,0.603,0.211,0.824,16.7,15.3,14.7,-4.2,10.5,0.248,22.8,0.3,0.43388888888888894,17.52,12.96,0.2676263749020449,59
2022,2,530113,0.39015177915864324,68,6,7,0,13,0.4615384615384615,0.4158271592660733,0.4553362336815738,0.4371322534380454,Dominican (NY),CACC,6-7,4.54,8.38,0.75,0.567,31.77,0.75,0.22,0.861,13.15,16.85,13.23,-4.62,8.62,0.217,22.08,0.462,0.3894166666666666,16.250833333333336,12.712499999999999,0.2367355973561128,68
2022,2,530132,0.5322590200440349,21,4,13,0,17,0.2352941176470588,0.5333188101786718,0.5137255289479782,0.4539143167380951,Embry-Riddle (FL),Sunshine State,4-13,5.65,7.35,0.852,0.568,31.47,0.726,0.203,0.883,15.88,11.18,12.65,-2.41,10.24,0.267,19.29,0.235,0.5333529411764706,19.911176470588234,11.896470588235296,0.20859810533696851,21
2022,2,530128,0.4456211152470233,53,2,12,0,14,0.1428571428571428,0.4457082833133254,0.4479101640951314,0.3705459683947313,Emmanuel (GA),Conference Carolinas,2-12,4.5,6.64,0.784,0.412,24.57,0.561,0.122,0.821,11.43,13.21,14.79,-7.86,6.93,0.26,19.14,0.143,0.4457857142857143,18.650000000000002,13.095714285714285,0.20658314776083628,53
2022,2,530135,0.3334500202583483,74,7,7,0,14,0.5,0.3307561486132915,0.4354891377526749,0.3992503587448144,Felician,CACC,7-7,4.0,9.79,0.818,0.638,42.79,0.742,0.159,0.795,14.5,12.86,12.14,-1.64,10.5,0.239,23.0,0.5,0.33085714285714285,15.543571428571429,13.68142857142857,0.22852691530847774,74
2022,2,530147,0.5652411997844625,8,12,6,0,18,0.6666666666666666,0.6304889602899983,0.5694004509669419,0.6242612595534013,Fla. Southern,Sunshine State,12-6,9.22,10.78,0.873,0.642,38.11,0.608,0.222,0.794,24.33,12.33,11.67,3.44,15.11,0.293,20.11,0.667,0.5655714285714286,19.688571428571432,11.664285714285715,0.24766876332418392,11
2022,2,534897,0.5133011137511152,28,3,14,0,17,0.1764705882352941,0.4913438829528795,0.4942400702471654,0.4133496060970547,Flagler,Peach Belt,3-14,4.88,8.24,0.848,0.485,35.35,0.638,0.353,0.88,15.24,12.71,15.53,-5.18,10.35,0.258,18.94,0.176,0.5132,19.567999999999998,12.054,0.24888449797714066,28
2022,2,530146,0.5850739331288695,2,10,6,0,16,0.625,0.6509206533490589,0.5585268179625938,0.6213420311651779,Florida Tech,Sunshine State,10-6,7.75,12.81,0.872,0.447,37.69,0.747,0.4,0.844,21.19,12.63,12.06,1.38,13.44,0.299,17.25,0.625,0.5856923076923077,21.266923076923074,11.26,0.24281850918405473,2
2022,2,530148,0.4983625824671155,33,6,7,0,13,0.4615384615384615,0.4992611837634462,0.4986207465384165,0.4896703939009426,Franklin Pierce,NE10,6-7,5.38,7.85,0.84,0.389,28.77,0.764,0.208,0.843,15.31,12.77,10.23,-0.31,9.92,0.251,17.46,0.462,0.49923076923076926,17.013846153846153,11.379230769230768,0.22478062941665314,33
2022,2,530114,0.5149155437178434,27,6,11,0,17,0.3529411764705882,0.5227645960344922,0.4686227261161618,0.4667732736639336,Georgian Court,CACC,6-11,6.18,6.94,0.79,0.567,37.12,0.661,0.263,0.839,17.65,13.65,14.41,-2.94,11.47,0.3,22.35,0.353,0.515,18.07,11.365625,0.21781442789677638,27
2022,2,530111,0.4596968339555525,49,7,7,0,14,0.5,0.4727446698600545,0.4935175713752447,0.4847517277738384,Lake Erie,G-MAC,7-7,5.64,8.0,0.802,0.594,32.79,0.548,0.281,0.846,16.43,13.07,13.0,-2.21,10.79,0.282,21.93,0.5,0.45808333333333323,18.254166666666666,11.5525,0.23909637468788372,49
2022,2,530137,0.38260860155517346,69,11,6,0,17,0.6470588235294118,0.3949964299445269,0.46487347662928,0.4754812900119364,Lander,Peach Belt,11-6,8.71,10.12,0.899,0.517,45.47,0.608,0.333,0.769,24.18,13.71,9.82,5.65,15.47,0.336,19.29,0.647,0.38149999999999995,17.5325,13.725624999999999,0.2301198057534379,69
2022,2,530150,0.5652411997844625,8,16,4,0,20,0.8,0.6196300635638872,0.534876873774617,0.6435342502255978,Le Moyne,NE10,16-4,7.2,6.55,0.878,0.586,30.65,0.717,0.354,0.815,19.95,10.8,7.95,4.8,12.75,0.297,16.35,0.8,0.5660000000000001,19.900666666666666,10.849333333333332,0.2258831556358287,9
2022,2,530119,0.45505569069669444,51,3,12,0,15,0.2,0.4575330132052822,0.4467817584990177,0.3904619462273955,Lees-McRae,Conference Carolinas,3-12,4.73,9.47,0.767,0.343,29.47,0.603,0.206,0.793,14.67,12.4,18.87,-8.93,9.93,0.288,23.47,0.2,0.4544615384615384,19.72153846153846,12.980769230769228,0.21447596795072957,51
2022,2,530099,0.5686020742692987,6,15,4,0,19,0.7894736842105263,0.6247936016511869,0.5466712268738372,0.6464330285966844,Lenoir-Rhyne,SAC,15-4,8.47,9.53,0.89,0.561,33.32,0.683,0.389,0.821,22.89,11.16,8.79,5.63,14.42,0.312,15.63,0.789,0.5681333333333334,20.372666666666667,12.139333333333331,0.2343922258854921,7
2022,2,530095,0.5133011137511152,28,9,6,0,15,0.6,0.5391642725466255,0.5154578763777694,0.5484466053677551,Lewis,GLVC,9-6,6.67,8.87,0.851,0.442,28.6,0.793,0.333,0.81,18.2,10.47,10.6,0.93,11.53,0.316,17.6,0.6,0.5129230769230768,18.12923076923077,10.617692307692307,0.18409799294375037,29
2022,2,530100,0.577803576666272,4,17,3,0,20,0.85,0.6022713646862253,0.5420442438240103,0.6491467432991151,Limestone,SAC,17-3,7.45,11.15,0.859,0.619,46.15,0.759,0.429,0.737,23.95,12.4,9.25,7.25,16.5,0.333,21.45,0.85,0.5781764705882353,20.828823529411764,11.811176470588235,0.22390471589340846,4
2022,2,530101,0.47277059904905977,46,4,13,0,17,0.2352941176470588,0.4726960133898761,0.4844031098519452,0.4162723135696891,Lincoln Memorial,SAC,4-13,4.29,8.0,0.745,0.409,27.65,0.615,0.273,0.846,12.24,12.47,15.18,-7.24,7.94,0.262,23.88,0.235,0.4726470588235293,19.098235294117647,12.761176470588236,0.248759733164937,46
2022,2,530123,0.5782743269259256,3,12,4,0,16,0.75,0.5902178499604971,0.5555688648158882,0.6215011411842206,Lindenwood,GLVC,12-4,7.31,11.0,0.852,0.548,34.56,0.712,0.354,0.82,19.75,10.56,7.88,4.56,12.44,0.283,16.56,0.75,0.5786923076923076,18.603846153846153,10.819230769230769,0.23803664379036737,3
2022,2,530120,0.5652411997844625,8,5,10,0,15,0.3333333333333333,0.6103494218200101,0.5467315138954596,0.5251909227172032,Lynn,Sunshine State,5-10,5.8,10.6,0.833,0.398,26.8,0.697,0.292,0.805,17.4,13.13,13.13,-1.53,11.6,0.31,15.47,0.333,0.5657692307692309,19.914615384615384,11.561538461538463,0.23588007182469584,10
2022,2,530102,0.4449337796292005,54,4,11,0,15,0.2666666666666666,0.4447697675561452,0.49672950709778,0.4132339272191843,Mars Hill,SAC,4-11,5.93,5.4,0.767,0.457,30.0,0.59,0.348,0.854,17.33,15.0,16.33,-4.93,11.4,0.313,23.6,0.267,0.4447333333333333,18.525333333333332,13.390666666666666,0.26186267817736497,54
2022,2,530151,0.49408698287455854,35,9,5,0,14,0.6428571428571429,0.5009585885636306,0.4948253608745761,0.5348999202147451,Maryville (MO),GLVC,9-5,7.29,8.79,0.891,0.522,32.71,0.694,0.246,0.831,19.86,8.64,10.14,2.43,12.57,0.278,14.86,0.643,0.49330769230769217,17.587692307692308,11.246923076923075,0.19133835701161783,36
2022,2,530152,0.5368534379052887,19,16,2,0,18,0.8888888888888888,0.5686624649859944,0.5160265792456844,0.6355600995266405,Mercy,ECC,16-2,8.78,9.0,0.865,0.578,35.22,0.672,0.368,0.826,22.94,11.78,8.5,5.67,14.17,0.33,16.33,0.889,0.537076923076923,18.76076923076923,11.663076923076924,0.2808524007480035,19
2022,2,530153,0.5073168293282724,30,11,5,0,16,0.6875,0.5113000969618617,0.5020572915615081,0.5530393713713079,Mercyhurst,G-MAC,11-5,11.38,9.31,0.845,0.692,40.13,0.778,0.449,0.687,28.5,10.63,9.19,7.94,17.13,0.34,17.19,0.688,0.5073846153846154,18.47769230769231,11.535384615384613,0.23031735245143098,30
2022,2,530154,0.4626376369612048,48,7,10,0,17,0.4117647058823529,0.4629199286552228,0.4880697499960459,0.4564185782972111,Molloy,ECC,7-10,6.24,8.53,0.811,0.254,27.18,0.692,0.281,0.883,16.24,15.82,11.88,-1.88,10.0,0.278,21.71,0.412,0.46299999999999997,18.272000000000002,12.253333333333332,0.2624946983591605,48
2022,2,530130,0.405880695234838,66,11,7,0,18,0.6111111111111112,0.415253138292354,0.4677979129326977,0.4773538251571292,Montevallo,Peach Belt,11-7,9.28,10.39,0.886,0.557,32.78,0.739,0.313,0.821,24.11,14.72,10.67,4.17,14.83,0.325,20.22,0.611,0.40413333333333334,17.290000000000003,12.861333333333334,0.21835685369494487,66
2022,2,530103,0.49408698287455854,35,10,6,0,16,0.625,0.5048530870681606,0.5043143479252423,0.5347551305153908,Mount Olive,Conference Carolinas,10-6,7.0,6.38,0.834,0.65,30.56,0.745,0.406,0.879,19.13,14.0,9.38,2.75,12.13,0.294,18.56,0.625,0.4936428571428571,19.317857142857143,12.554285714285713,0.2061721219698507,35
2022,2,530134,0.47444013523176204,45,10,7,0,17,0.5882352941176471,0.487653172724198,0.5260425518643267,0.5223960478575924,Newberry,SAC,10-7,7.71,9.0,0.85,0.518,33.82,0.608,0.45,0.804,22.0,11.0,12.41,1.88,14.29,0.34,17.53,0.588,0.4740625,19.078125,12.895625,0.2489064755962568,45
2022,2,530115,0.4560060709633308,50,9,9,0,18,0.5,0.4521644525256495,0.481647077338747,0.4714939955975115,North Greenville,Conference Carolinas,9-9,7.11,8.83,0.861,0.457,34.06,0.7,0.488,0.81,20.94,10.11,12.72,1.11,13.83,0.31,18.72,0.5,0.45718749999999997,19.106250000000003,12.45125,0.22790272561720276,50
2022,2,530157,0.478124070406951,43,11,4,0,15,0.7333333333333333,0.4849159663865546,0.5155220399658361,0.5546718265180697,Pace,NE10,11-4,9.2,13.13,0.851,0.481,34.93,0.765,0.267,0.78,23.47,13.4,8.13,6.13,14.27,0.305,17.33,0.733,0.47878571428571426,17.129285714285714,11.638571428571428,0.226475220521372,43
2022,2,530131,0.5152471712178831,26,5,9,0,14,0.3571428571428571,0.5355151034772884,0.5297300339797125,0.4894757745192866,Palm Beach Atl.,Sunshine State,5-9,4.43,13.0,0.816,0.483,34.64,0.641,0.269,0.767,14.36,11.14,12.71,-2.79,9.93,0.254,21.36,0.357,0.5151538461538462,19.827692307692306,12.269230769230766,0.2457881658770558,26
2022,2,530104,0.43988802430153345,56,4,8,0,12,0.3333333333333333,0.439368311427135,0.4543805335385482,0.4166126224315379,Post,CACC,4-8,6.08,5.58,0.842,0.373,28.25,0.659,0.269,0.871,16.42,17.33,13.5,-3.17,10.33,0.297,20.17,0.333,0.4395,17.118333333333336,12.49,0.19873453818263867,57
2022,2,530117,0.4908883718320607,39,12,5,0,17,0.7058823529411765,0.5175565066067707,0.5261789060314882,0.5667935680465516,Queens (NC),SAC,12-5,10.47,8.35,0.793,0.619,37.24,0.725,0.479,0.819,26.47,11.24,10.18,5.82,16.0,0.354,19.82,0.706,0.4906666666666667,19.283333333333335,12.88,0.21971365203120374,39
2022,2,530165,0.5153816409450079,25,4,10,0,14,0.2857142857142857,0.5212343212343211,0.5243126512867365,0.4631238948674161,Quincy,GLVC,4-10,5.21,7.36,0.843,0.48,24.71,0.806,0.183,0.874,12.36,15.21,11.14,-4.0,7.14,0.213,20.36,0.286,0.5163,17.006,11.005999999999998,0.22858042348372706,25
2022,2,530125,0.4449337796292005,54,10,5,0,15,0.6666666666666666,0.4760204722914807,0.4701450177606227,0.5222131572525627,Roberts Wesleyan,ECC,10-5,9.47,9.67,0.782,0.622,36.8,0.706,0.471,0.76,25.33,9.6,12.6,3.27,15.87,0.355,20.07,0.667,0.4443846153846153,17.057692307692307,12.096153846153847,0.2472381407162982,55
2022,2,530105,0.5449280208023384,17,8,6,0,14,0.5714285714285714,0.5556754753183324,0.5355439321650586,0.5545808635575737,Rockhurst,GLVC,8-6,6.0,10.5,0.857,0.389,25.86,0.691,0.279,0.831,17.71,14.5,10.64,1.07,11.71,0.281,20.14,0.571,0.545,17.529999999999998,10.734545454545454,0.23594837648018765,17
2022,2,530158,0.5353142358592355,20,12,3,0,15,0.8,0.524540927482104,0.5669743709396649,0.6040140564759682,Rollins,Sunshine State,12-3,7.4,11.47,0.857,0.467,32.4,0.705,0.31,0.801,22.53,10.27,10.6,4.53,15.13,0.334,17.2,0.8,0.535,19.615454545454543,11.797272727272729,0.24059396198877175,20
2022,2,530160,0.5686020742692987,6,6,8,0,14,0.4285714285714285,0.5687684047978165,0.5344369587996147,0.525136299241669,Saint Leo,Sunshine State,6-8,8.71,6.21,0.793,0.548,35.64,0.727,0.451,0.865,23.43,14.86,14.57,0.14,14.71,0.355,18.93,0.429,0.5686923076923077,20.27384615384615,11.596923076923078,0.23204587895678822,6
2022,2,530161,0.5522102123590636,15,3,12,0,15,0.2,0.5535156370240404,0.5099268178804859,0.4542395229821416,Saint Michael's,NE10,3-12,5.4,9.27,0.777,0.385,28.67,0.642,0.46,0.869,14.8,16.93,13.27,-3.87,9.4,0.244,18.33,0.2,0.5535,18.576428571428572,10.758571428571429,0.2039838053796008,15
2022,2,530106,0.5018850486912354,31,8,9,0,17,0.4705882352941176,0.5019044872851102,0.5050848988593092,0.4948705271809118,Saint Rose,NE10,8-9,5.82,10.18,0.817,0.342,29.29,0.776,0.275,0.849,16.53,14.41,11.53,-0.82,10.71,0.268,18.0,0.471,0.5019411764705882,17.710588235294118,11.554117647058822,0.23493590379661763,32
2022,2,530122,0.5421054183508555,18,13,7,0,20,0.65,0.5748042308091328,0.5017975403398905,0.575351500489539,Seton Hill,G-MAC,13-7,8.3,6.85,0.87,0.694,33.8,0.695,0.352,0.822,23.45,11.0,9.3,5.85,15.15,0.286,15.35,0.65,0.5417142857142857,18.687857142857148,11.32214285714286,0.2596960939723387,18
2022,2,530126,0.37672084140024403,70,3,14,0,17,0.1764705882352941,0.3940197874021403,0.4292273484484339,0.3484343778720022,Shorter,Peach Belt,3-14,4.06,6.41,0.767,0.314,22.71,0.375,0.304,0.929,11.82,16.24,18.18,-10.41,7.76,0.238,20.71,0.176,0.37600000000000006,18.017500000000002,13.716666666666663,0.21573479088918412,70
2022,2,530155,0.48838978651853954,40,7,6,0,13,0.5384615384615384,0.4991306581804319,0.5196175314861486,0.5140850965771377,Southern N.H.,NE10,7-6,7.0,8.31,0.818,0.65,36.54,0.737,0.368,0.822,19.0,12.62,12.77,-0.77,12.0,0.264,18.77,0.538,0.48866666666666664,17.173333333333332,10.991666666666667,0.23480642145298233,40
2022,2,530159,0.5194278609136118,24,10,6,0,16,0.625,0.5564910579616462,0.5288431757635386,0.5667063229217078,St. Anselm,NE10,10-6,8.0,9.56,0.879,0.467,34.13,0.646,0.343,0.746,22.69,11.06,10.06,4.63,14.69,0.275,14.63,0.625,0.5203846153846153,18.243076923076924,11.027692307692309,0.2329478444305765,24
2022,2,530107,0.35560255414922015,71,2,12,0,14,0.1428571428571428,0.3541226747109099,0.440723592839329,0.322956521279573,St. Thomas Aquinas,ECC,2-12,4.21,4.29,0.749,0.359,25.07,0.69,0.211,0.909,11.64,16.43,13.64,-6.21,7.43,0.256,21.71,0.143,0.3542307692307692,15.096923076923076,13.743846153846151,0.2357094540860891,71
2022,2,530162,0.5942769881599578,1,21,0,0,21,1.0,0.6017379846675511,0.5876150985344963,0.6977727669673996,Tampa,Sunshine State,21-0,7.81,11.19,0.886,0.546,37.71,0.854,0.278,0.842,23.33,15.05,8.71,6.81,15.52,0.342,16.38,1.0,0.5948571428571429,20.869285714285716,11.145,0.23234053122298656,1
2022,2,530118,0.42465677695923454,60,9,7,0,16,0.5625,0.4238380494741756,0.4932665626628991,0.4758606654028126,Tusculum,SAC,9-7,8.69,4.94,0.804,0.514,31.94,0.551,0.608,0.81,22.63,15.19,13.88,0.06,13.94,0.381,20.0,0.563,0.42381250000000004,18.17875,13.704375,0.254006451382145,61
2022,2,530149,0.5646094496985398,12,14,4,0,18,0.7777777777777778,0.588117969109971,0.5361932839034319,0.622551749975288,UIndy,GLVC,14-4,7.11,9.72,0.897,0.54,31.44,0.714,0.364,0.851,19.44,9.44,8.11,4.22,12.33,0.273,15.17,0.778,0.5631333333333333,19.624666666666666,10.636666666666667,0.18063770985655855,12
2022,2,530124,0.48827227150394964,41,4,10,0,14,0.2857142857142857,0.5032741893601622,0.4767782621297408,0.4422602316410877,Walsh,G-MAC,4-10,5.07,8.79,0.788,0.358,24.36,0.683,0.218,0.789,14.43,13.71,12.0,-2.64,9.36,0.294,20.07,0.286,0.48808333333333326,18.435,11.770000000000001,0.21426870137490656,41
2022,2,530129,0.478124070406951,43,10,4,0,14,0.7142857142857143,0.4508786848072561,0.5172547851493996,0.5333244672624066,Westminster (UT),RMAC,10-4,5.93,6.5,0.867,0.438,23.36,0.75,0.385,0.862,18.07,12.86,8.71,3.43,12.14,0.321,15.21,0.714,0.4785555555555556,18.13444444444444,11.896666666666668,0.25751337014312314,44
2022,2,530093,0.4103465547488527,63,4,9,0,13,0.3076923076923077,0.4107715201465201,0.452786386514009,0.3955054336248392,Wheeling,G-MAC,4-9,5.46,5.85,0.739,0.408,25.54,0.733,0.241,0.856,13.54,12.92,12.46,-4.38,8.08,0.231,21.23,0.308,0.4109166666666666,17.089166666666667,12.2975,0.21097134810732526,63
2022,2,530133,0.5018850486912354,31,11,4,0,15,0.7333333333333333,0.5090021307668366,0.4751959071194402,0.5566333754966117,Wilmington (DE),CACC,11-4,10.47,10.0,0.87,0.529,41.6,0.708,0.4,0.765,26.6,12.47,9.6,6.53,16.13,0.313,19.13,0.733,0.5020769230769231,18.699230769230773,12.271538461538462,0.19150354949048756,31
2022,2,530108,0.5646094496985398,12,13,5,0,18,0.7222222222222222,0.5787051370255704,0.5375524386899377,0.6042962337408251,Wingate,SAC,13-5,9.11,9.06,0.841,0.508,37.94,0.667,0.37,0.751,24.94,10.83,9.44,6.39,15.83,0.322,14.33,0.722,0.5630000000000001,20.255333333333333,11.72133333333333,0.21680559648373166,13
2022,2,530127,0.40724479421492044,65,1,14,0,15,0.0666666666666666,0.3908294428882665,0.4465342207791019,0.3237149433055754,Young Harris,Peach Belt,1-14,3.8,8.4,0.737,0.406,26.53,0.565,0.217,0.876,11.8,15.2,15.13,-7.13,8.0,0.273,24.27,0.067,0.40614285714285714,18.757857142857144,14.143571428571429,0.1872705671111252,65
2023,1,546929,0.5312387480409371,22,22,12,0,34,0.6470588235294118,0.541021564434877,0.5204069511196995,0.5623772258797163,Air Force,ASUN,11-6,6.12,8.06,0.902,0.388,27.12,0.729,0.425,0.842,18.24,11.71,10.0,2.12,12.12,0.302,16.41,0.647,0.5316153846153846,19.310769230769232,12.13846153846154,0.20813587960440222,22
2023,1,546930,0.4699189528863625,49,26,8,0,34,0.7647058823529411,0.4849079265601757,0.5146056798761116,0.5622818538373511,Army West Point,Patriot,13-4,6.59,7.76,0.849,0.61,36.06,0.673,0.5,0.821,19.41,10.94,9.12,3.71,12.82,0.304,16.35,0.765,0.46973333333333334,18.052,11.759333333333334,0.2076370123289412,49
2023,1,546870,0.4626376369612048,52,22,12,0,34,0.6470588235294118,0.4736801531228776,0.5144015408306348,0.5272051676514504,Bellarmine,ASUN,11-6,7.53,7.59,0.9,0.483,29.76,0.734,0.326,0.852,21.24,11.94,11.35,2.35,13.71,0.332,15.47,0.647,0.4634615384615384,18.290769230769232,12.731538461538461,0.2320220862778155,52
2023,1,546871,0.3836426555062742,69,18,10,0,28,0.6428571428571429,0.4078130265913072,0.5039724090938005,0.4906139012833894,Binghamton,America East,9-5,7.07,7.14,0.855,0.557,31.71,0.565,0.468,0.847,20.43,14.0,11.71,1.64,13.36,0.314,17.14,0.643,0.383,17.165000000000003,12.808333333333332,0.2501612813100114,70
2023,1,546872,0.4812349406027838,41,20,8,0,28,0.7142857142857143,0.4847176283100652,0.5083942362859332,0.5480288017979444,Boston U.,Patriot,10-4,9.0,12.07,0.821,0.497,36.07,0.635,0.583,0.788,22.79,10.57,11.07,2.71,13.79,0.305,17.07,0.714,0.4813076923076922,18.456153846153846,11.945384615384617,0.206132662516674,43
2023,1,546873,0.5595428853863725,16,12,16,0,28,0.4285714285714285,0.5622235432634591,0.5169345816842491,0.517488274195649,Brown,Ivy League,6-8,7.07,6.71,0.877,0.588,32.21,0.618,0.372,0.853,19.43,13.0,13.21,-0.86,12.36,0.285,17.93,0.429,0.5622142857142858,20.178571428571423,12.10642857142857,0.09610498617317906,16
2023,1,546874,0.4909328592300994,37,24,10,0,34,0.7058823529411765,0.4940698394742513,0.4917214590449825,0.5464358727336655,Bryant,America East,12-5,7.35,8.53,0.888,0.566,37.24,0.574,0.441,0.872,21.53,11.71,12.29,1.88,14.18,0.329,17.18,0.706,0.49199999999999994,17.999285714285715,11.931428571428572,0.19818569935434652,37
2023,1,546875,0.48731575717712705,38,6,20,0,26,0.2307692307692307,0.4875414618061677,0.4953478881542574,0.4253000106339559,Bucknell,Patriot,3-10,7.0,11.46,0.823,0.399,29.77,0.589,0.453,0.806,18.31,11.23,12.46,-1.15,11.31,0.272,17.46,0.231,0.48761538461538456,18.713076923076922,12.085384615384616,0.19700470063175124,38
2023,1,546876,0.4496139165673521,56,4,26,0,30,0.1333333333333333,0.4494907108142403,0.4534735695536948,0.3714470811288771,Canisius,MAAC,2-13,4.8,5.53,0.844,0.476,30.8,0.667,0.408,0.867,15.13,12.87,13.73,-3.4,10.33,0.28,16.73,0.133,0.4495333333333334,17.392666666666667,12.404,0.1559888315090396,56
2023,1,546877,0.47444013523176204,46,12,14,0,26,0.4615384615384615,0.4741591741591741,0.526063557819506,0.4839800919190788,Cleveland St.,ASUN,6-7,6.54,5.85,0.867,0.468,28.46,0.71,0.486,0.856,18.08,12.69,12.92,-1.38,11.54,0.322,18.0,0.462,0.47409090909090906,18.435454545454547,12.466363636363637,0.26214411530698656,47
2023,1,546878,0.4812349406027838,41,4,18,0,22,0.1818181818181818,0.4818735186382243,0.5005985536967615,0.411540943197848,Colgate,Patriot,2-9,5.64,8.27,0.827,0.509,30.55,0.517,0.333,0.893,16.73,12.27,12.0,-0.91,11.09,0.289,16.82,0.182,0.48190909090909084,18.684545454545454,12.066363636363635,0.20335837356542158,42
2023,1,546879,0.5194278609136118,26,22,8,0,30,0.7333333333333333,0.5246313653666594,0.5479539745550529,0.5826375096554263,Cornell,Ivy League,11-4,7.4,9.4,0.897,0.494,36.67,0.643,0.517,0.818,22.2,12.07,11.27,3.53,14.8,0.334,15.33,0.733,0.5193571428571429,19.96142857142857,12.377142857142857,0.12385452707733788,26
2023,1,546880,0.4456211152470233,58,12,12,0,24,0.5,0.446524309024309,0.5237136229422812,0.4791905602477248,Dartmouth,Ivy League,6-6,6.42,9.08,0.826,0.552,33.0,0.588,0.364,0.825,18.08,10.75,14.42,-2.75,11.67,0.293,20.75,0.5,0.4465454545454545,19.276363636363637,13.025454545454545,0.1848844177692763,58
2023,1,546881,0.47277059904905977,48,26,10,0,36,0.7222222222222222,0.4733515748479628,0.5104534681932955,0.5448447100278608,Delaware,CAA,13-5,8.22,9.22,0.91,0.481,31.06,0.739,0.51,0.842,22.94,10.5,9.44,5.28,14.72,0.341,13.78,0.722,0.472375,18.044375,12.124375,0.20280343777904752,48
2023,1,546882,0.5262057227056925,24,20,10,0,30,0.6666666666666666,0.5531075588129989,0.5661546103572775,0.5847590986624855,Denver,Big East,10-5,6.67,5.73,0.874,0.604,28.07,0.545,0.349,0.852,18.27,8.53,10.13,1.47,11.6,0.328,16.2,0.667,0.5260833333333333,20.183333333333334,12.1725,0.2191743819934762,25
2023,1,546883,0.5272554767244328,23,4,22,0,26,0.1538461538461538,0.5274240465416935,0.5067798036704391,0.4288685126499949,Detroit Mercy,ASUN,2-11,3.85,7.85,0.836,0.361,26.23,0.593,0.246,0.894,12.46,14.15,15.69,-7.08,8.62,0.23,15.54,0.154,0.5274545454545455,19.64909090909091,12.19909090909091,0.13254938265784266,23
2023,1,546884,0.4560060709633308,54,16,12,0,28,0.5714285714285714,0.4638256584685156,0.479599642181071,0.4946698826366683,Drexel,CAA,8-6,6.93,7.36,0.86,0.555,31.5,0.721,0.326,0.927,19.29,11.79,11.71,0.64,12.36,0.319,18.14,0.571,0.4562307692307692,17.65230769230769,11.63076923076923,0.1653170165963908,54
2023,1,546885,0.6416418285938845,1,32,6,0,38,0.8421052631578947,0.6565984442209932,0.556731848042445,0.6780084999105815,Duke,ACC,16-3,7.68,8.21,0.9,0.602,35.63,0.662,0.431,0.88,22.53,11.11,10.89,3.95,14.84,0.325,15.26,0.842,0.643,21.726000000000003,11.104000000000003,0.10398653759020923,1
2023,1,546886,0.48369025362827456,39,10,18,0,28,0.3571428571428571,0.4831299186341203,0.4696756332729359,0.4482695819210084,Fairfield,CAA,5-9,6.21,9.36,0.864,0.46,32.93,0.66,0.239,0.813,18.21,11.57,12.71,-0.71,12.0,0.298,16.86,0.357,0.48314285714285715,17.975714285714282,11.93142857142857,0.18486785131271363,40
2023,1,546887,0.5693609576216532,14,26,8,0,34,0.7647058823529411,0.5658664144390788,0.5573092478685229,0.6134369897749055,Georgetown,Big East,13-4,8.47,8.59,0.916,0.551,38.65,0.646,0.567,0.84,23.29,10.35,11.12,3.71,14.82,0.334,14.29,0.765,0.5702666666666667,20.71933333333333,11.994666666666667,0.1937257396997679,14
2023,1,546888,0.4680277562767098,51,4,24,0,28,0.1428571428571428,0.4665446481622953,0.4704054181400621,0.3865879643304489,Hampton,CAA,2-12,3.71,9.71,0.755,0.456,30.29,0.596,0.395,0.865,11.14,12.21,16.79,-9.36,7.43,0.25,23.64,0.143,0.46645454545454546,18.551818181818184,12.008181818181818,0.1143076897408232,51
2023,1,546890,0.5393807189796257,18,10,14,0,24,0.4166666666666667,0.538030923325041,0.5376811794507841,0.5076024231918832,Harvard,Ivy League,5-7,7.33,10.5,0.891,0.44,35.58,0.667,0.377,0.789,19.83,11.33,13.42,-0.92,12.5,0.271,15.17,0.417,0.5379999999999999,20.889999999999997,12.149166666666666,0.1761235361898006,19
2023,1,546938,0.4954670850461141,33,18,16,0,34,0.5294117647058824,0.5180825189387496,0.4995709841376824,0.516286946680266,High Point,Atlantic 10,9-8,8.82,9.88,0.85,0.545,35.0,0.6,0.258,0.779,22.94,10.47,13.06,1.06,14.12,0.305,17.65,0.529,0.4954285714285714,18.20714285714286,12.34,0.2348405885719424,33
2023,1,546891,0.47444013523176204,46,10,16,0,26,0.3846153846153846,0.4749938786703492,0.4902260242494206,0.4562072915513759,Hobart,Atlantic 10,5-8,6.31,6.0,0.845,0.505,27.92,0.58,0.451,0.817,19.54,12.0,14.38,-1.15,13.23,0.299,14.23,0.385,0.4749230769230769,18.846153846153847,12.411538461538461,0.2101393169884653,46
2023,1,546892,0.4435649689272657,60,10,18,0,28,0.3571428571428571,0.4429747540041657,0.4966328910801633,0.4349313140578379,Hofstra,CAA,5-9,5.93,7.5,0.875,0.572,30.21,0.667,0.279,0.886,16.29,11.14,10.64,-0.29,10.36,0.25,16.64,0.357,0.4429230769230769,18.117692307692305,12.17,0.1964024367459918,60
2023,1,546893,0.4437253700491716,59,2,26,0,28,0.0714285714285714,0.4439223672255347,0.5004015774672119,0.3649187208367132,Holy Cross,Patriot,1-13,4.57,6.14,0.792,0.421,28.64,0.52,0.239,0.895,13.36,15.43,15.79,-7.0,8.79,0.266,20.07,0.071,0.4439230769230769,18.32923076923077,12.397692307692308,0.2093386882316132,59
2023,1,546894,0.46806895742065724,50,24,8,0,32,0.75,0.4702945618193296,0.5330437732755468,0.5559082242285515,Jacksonville,ASUN,12-4,8.44,11.94,0.877,0.536,35.56,0.784,0.273,0.806,22.88,12.19,10.25,4.19,14.44,0.315,16.31,0.75,0.46807692307692317,18.686923076923076,12.825384615384614,0.25690778397599323,50
2023,1,546895,0.6363717923822236,2,24,12,0,36,0.6666666666666666,0.6373398433447455,0.5582537669363847,0.6249000300731355,Johns Hopkins,Big Ten,12-6,7.44,7.5,0.882,0.496,31.94,0.667,0.341,0.867,20.0,11.61,11.06,1.5,12.56,0.329,16.0,0.667,0.6380588235294118,21.588235294117652,11.291764705882352,0.1254940685677006,2
2023,1,546866,0.38260860155517346,71,10,18,0,28,0.3571428571428571,0.3816633597883598,0.440308243070632,0.3901944549475521,LIU,MAAC,5-9,4.79,7.36,0.875,0.456,30.21,0.654,0.278,0.86,15.5,11.57,12.07,-1.36,10.71,0.266,16.57,0.357,0.38166666666666665,16.003333333333334,12.286666666666667,0.18534487374141811,71
2023,1,546896,0.5018850486912354,30,12,20,0,32,0.375,0.5119160608590755,0.4952648817795953,0.4735242508744365,Lafayette,Patriot,6-10,6.19,6.63,0.861,0.443,28.19,0.684,0.446,0.874,17.31,11.38,12.81,-1.69,11.13,0.298,15.19,0.375,0.5016,19.160666666666664,11.908,0.23634996650447546,32
2023,1,546897,0.4805208851241903,44,20,10,0,30,0.6666666666666666,0.4926519885343413,0.4930011896972506,0.5362429583581501,Lehigh,Patriot,10-5,8.8,9.67,0.824,0.634,37.33,0.542,0.444,0.843,22.53,11.87,11.53,2.2,13.73,0.342,18.8,0.667,0.4807692307692308,18.906923076923075,12.045384615384616,0.22597520416941386,44
2023,1,546899,0.5262057227056925,24,18,16,0,34,0.5294117647058824,0.5502101310332963,0.524922839227168,0.5386887164999107,Loyola Maryland,Patriot,9-8,6.82,9.82,0.872,0.401,31.53,0.537,0.396,0.85,17.71,13.24,11.71,-0.82,10.88,0.283,14.82,0.529,0.5267857142857142,19.29785714285714,11.463571428571427,0.23188056610845054,24
2023,1,546900,0.39414164665644896,68,20,10,0,30,0.6666666666666666,0.4059090473796355,0.4610007042718899,0.4848713664244569,Manhattan,MAAC,10-5,5.6,6.73,0.919,0.526,26.53,0.75,0.298,0.892,15.07,10.73,8.0,1.47,9.47,0.253,15.6,0.667,0.39471428571428574,17.23142857142857,12.529285714285715,0.18758290684061676,68
2023,1,546901,0.4812349406027838,41,20,16,0,36,0.5555555555555556,0.488560994198249,0.4393264406998447,0.4930009961629746,Marist,MAAC,10-8,7.33,7.78,0.842,0.482,33.0,0.606,0.364,0.919,20.78,11.78,12.78,0.67,13.44,0.326,15.0,0.556,0.48206666666666664,17.938666666666666,11.621333333333332,0.18852072093598152,41
2023,1,546902,0.5353142358592355,20,12,16,0,28,0.4285714285714285,0.5354095188371206,0.5511347695414484,0.5126313089467796,Marquette,Big East,6-8,6.29,6.57,0.809,0.517,29.93,0.647,0.431,0.881,19.57,11.0,12.5,0.79,13.29,0.34,16.14,0.429,0.5354615384615383,19.395384615384618,12.43846153846154,0.27392576630135945,21
2023,1,546904,0.6114033428886511,3,20,12,0,32,0.625,0.6100183823529411,0.5745124242176781,0.6048872972308901,Maryland,Big Ten,10-6,7.44,7.75,0.93,0.596,34.38,0.649,0.395,0.895,19.69,10.5,10.94,1.31,12.25,0.293,15.56,0.625,0.6103076923076923,20.813076923076924,11.333846153846155,0.1450063046986815,5
2023,1,546905,0.4954670850461141,33,16,12,0,28,0.5714285714285714,0.508855080493736,0.5100163239193453,0.5247887640838471,Massachusetts,Atlantic 10,8-6,5.5,8.07,0.815,0.556,29.79,0.756,0.389,0.901,15.57,13.79,9.43,0.64,10.07,0.266,16.57,0.571,0.49515384615384606,18.840769230769233,12.399999999999999,0.22924821823109154,34
2023,1,546906,0.5183941918695314,27,12,20,0,32,0.375,0.5273022670606704,0.4947648274365813,0.4810923403894805,Mercer,ASUN,6-10,6.38,7.5,0.852,0.593,30.38,0.621,0.361,0.895,16.94,10.38,13.44,-2.88,10.56,0.267,17.44,0.375,0.5181538461538462,19.123076923076923,11.824615384615383,0.22191919740643168,27
2023,1,546907,0.5850739331288695,10,20,14,0,34,0.5882352941176471,0.5794389375977429,0.5709014254909608,0.5795036487010234,Michigan,Big Ten,10-7,7.65,5.76,0.871,0.599,31.41,0.538,0.356,0.904,21.18,11.12,12.65,0.88,13.53,0.336,15.0,0.588,0.5843571428571428,20.560000000000002,11.463571428571429,0.2075670656310723,11
2023,1,546908,0.44917503195337216,57,10,18,0,28,0.3571428571428571,0.4487255799755799,0.4728819439780311,0.431868990268012,Monmouth,CAA,5-9,5.0,6.86,0.853,0.556,31.29,0.682,0.215,0.926,14.21,10.64,12.0,-2.79,9.21,0.251,15.79,0.357,0.44871428571428573,17.828571428571426,11.785,0.17551777629607312,57
2023,1,546909,0.436561771544163,63,16,16,0,32,0.5,0.4439932463369963,0.4499850260004875,0.45949287966862,Mount St. Mary's,MAAC,8-8,6.31,9.69,0.88,0.614,35.06,0.648,0.235,0.877,17.06,9.69,12.06,-1.31,10.75,0.257,17.81,0.5,0.4365333333333334,16.924,11.605999999999998,0.16627602219068013,63
2023,1,546911,0.4805208851241903,44,6,20,0,26,0.2307692307692307,0.4802342265577559,0.4562431660063165,0.4118702124727648,NJIT,America East,3-10,5.46,7.15,0.853,0.499,27.92,0.689,0.45,0.928,15.92,14.77,13.08,-2.62,10.46,0.283,20.38,0.231,0.48027272727272724,16.429090909090913,11.49,0.21148956170634944,45
2023,1,546931,0.49414640775339724,36,16,16,0,32,0.5,0.496670159905454,0.4965903976857521,0.497482679374165,Navy,Patriot,8-8,6.25,7.19,0.868,0.577,32.56,0.5,0.244,0.849,16.5,11.25,10.44,-0.19,10.25,0.226,15.94,0.5,0.4943571428571428,18.555714285714284,11.584285714285715,0.2108508637276449,36
2023,1,546910,0.577803576666272,12,14,14,0,28,0.5,0.5962097997093575,0.5708189324019911,0.5658096329551765,North Carolina,ACC,7-7,8.86,9.43,0.863,0.5,34.86,0.638,0.4,0.797,23.5,10.29,10.93,3.71,14.64,0.33,15.79,0.5,0.57825,20.641666666666666,12.284999999999998,0.1739636576031519,12
2023,1,546912,0.6032115598449316,6,28,4,0,32,0.875,0.6318377781274452,0.5973722153739661,0.6840119429072141,Notre Dame,ACC,14-2,8.31,9.69,0.894,0.469,35.06,0.632,0.537,0.867,23.81,13.13,9.69,5.81,15.5,0.342,12.94,0.875,0.60325,21.74416666666667,11.904166666666667,0.14468478669162144,6
2023,1,546913,0.6114033428886511,3,10,18,0,28,0.3571428571428571,0.6092296533998215,0.5744074288509574,0.5375023981983644,Ohio St.,Big Ten,5-9,5.5,6.0,0.904,0.454,28.86,0.549,0.421,0.918,16.79,10.71,13.0,-1.71,11.29,0.31,15.43,0.357,0.6109230769230769,20.499230769230767,11.476153846153846,0.16813202758018728,4
2023,1,546915,0.5999506261013666,7,14,12,0,26,0.5384615384615384,0.5959909672370972,0.5496243298821836,0.5700169507044791,Penn,Ivy League,7-6,7.54,5.85,0.884,0.452,27.77,0.587,0.31,0.895,19.38,13.69,11.23,0.62,11.85,0.3,15.31,0.538,0.6013333333333334,20.823333333333334,11.990833333333333,0.14376562716990302,7
2023,1,546914,0.5895350278460437,8,22,10,0,32,0.6875,0.5900866330844079,0.5630421123724716,0.6076788446353218,Penn St.,Big Ten,11-5,8.06,7.25,0.862,0.455,32.06,0.739,0.471,0.853,21.56,14.19,11.0,2.5,13.5,0.343,16.88,0.688,0.5902000000000001,20.185333333333332,11.58,0.13197029968898305,8
2023,1,546916,0.5706606973020336,13,16,14,0,30,0.5333333333333333,0.5707514544279249,0.5438465105586351,0.5546706881869545,Princeton,Ivy League,8-7,8.67,8.4,0.87,0.466,33.13,0.583,0.488,0.876,22.73,14.87,11.07,3.0,14.07,0.3,13.13,0.533,0.571,19.80461538461538,11.81,0.12018959381551493,13
2023,1,546917,0.48369025362827456,39,12,18,0,30,0.4,0.5020415858651153,0.5138830361499428,0.4794915519700433,Providence,Big East,6-9,6.27,5.33,0.82,0.4,25.53,0.595,0.333,0.88,17.2,13.8,14.27,-3.33,10.93,0.304,16.67,0.4,0.48349999999999993,19.275714285714287,12.351428571428572,0.22010573757693305,39
2023,1,546918,0.405880695234838,67,14,14,0,28,0.5,0.4163712921065862,0.4540111559604287,0.4466884350434003,Quinnipiac,MAAC,7-7,8.0,5.36,0.84,0.538,28.86,0.634,0.483,0.902,21.07,12.93,14.5,-1.43,13.07,0.304,16.0,0.5,0.4048333333333334,16.410833333333333,12.3225,0.20384096469769977,67
2023,1,546919,0.4406064582250466,61,22,10,0,32,0.6875,0.4754013143719026,0.5386756306684417,0.5442445648530617,Richmond,Atlantic 10,11-5,7.5,9.5,0.899,0.484,30.69,0.686,0.407,0.883,20.38,11.56,11.25,1.63,12.88,0.316,15.5,0.688,0.4416153846153846,19.13307692307692,12.466923076923077,0.23390219470195342,61
2023,1,546920,0.42465677695923454,66,16,16,0,32,0.5,0.4633572659833164,0.5034548284523307,0.4825423401047408,Robert Morris,ASUN,8-8,7.38,7.38,0.864,0.534,32.94,0.591,0.449,0.871,19.0,12.94,11.75,-0.13,11.63,0.295,17.13,0.5,0.42416666666666664,18.505000000000003,12.959166666666667,0.22750231989049158,66
2023,1,546921,0.5488566642383986,17,16,12,0,28,0.5714285714285714,0.5551687341603307,0.5630989261286186,0.5612162414694628,Rutgers,Big Ten,8-6,6.43,8.36,0.892,0.527,32.21,0.658,0.364,0.887,18.79,11.07,10.79,1.57,12.36,0.27,11.93,0.571,0.5498461538461539,19.56692307692308,11.713846153846154,0.18635939065474297,17
2023,1,546922,0.4596968339555525,53,10,20,0,30,0.3333333333333333,0.4656481481481481,0.4383100745183732,0.4257349260370007,Sacred Heart,MAAC,5-10,5.67,5.67,0.818,0.452,25.73,0.632,0.161,0.889,16.0,13.33,11.73,-1.4,10.33,0.301,17.67,0.333,0.45878571428571435,17.472142857142856,12.069285714285714,0.15379029254680757,53
2023,1,546924,0.4535502512738834,55,20,10,0,30,0.6666666666666666,0.4588622858050102,0.5292775549659241,0.5284171983106528,Saint Joseph's,Atlantic 10,10-5,6.07,7.0,0.888,0.62,32.4,0.704,0.367,0.846,20.53,8.87,10.87,3.6,14.47,0.324,15.6,0.667,0.4537142857142857,18.002857142857142,12.325000000000001,0.220093301180408,55
2023,1,546925,0.36928462488519753,72,18,14,0,32,0.5625,0.3966651404151404,0.4478696945883919,0.4509249938546682,Siena,MAAC,9-7,6.81,10.0,0.918,0.44,31.38,0.694,0.524,0.892,18.0,11.31,11.19,0.0,11.19,0.256,13.56,0.563,0.3685384615384616,16.17230769230769,12.880769230769232,0.17835600327806592,72
2023,1,546867,0.5148545386828186,29,2,26,0,28,0.0714285714285714,0.514407108997445,0.4711932211889464,0.392859002653102,St. Bonaventure,Atlantic 10,1-13,4.0,6.64,0.748,0.469,26.5,0.558,0.184,0.868,11.71,12.43,15.64,-7.93,7.71,0.23,17.79,0.071,0.5144285714285713,19.173571428571424,12.002142857142857,0.14317108361562914,29
2023,1,546923,0.6114033428886511,3,0,28,0,28,0.0,0.6109710550887021,0.4866534417406355,0.4271488879795099,St. John's (NY),Big East,0-14,5.07,9.14,0.849,0.265,24.79,0.528,0.236,0.845,14.36,14.57,15.43,-6.14,9.29,0.25,19.0,0.0,0.6111428571428572,19.707857142857144,10.952857142857143,0.12561838874876854,3
2023,1,546926,0.4283620237737425,65,18,14,0,32,0.5625,0.4543424661531279,0.5056931408239496,0.4942195182825513,Stony Brook,CAA,9-7,6.94,6.56,0.853,0.471,31.69,0.827,0.373,0.897,20.0,12.38,11.5,1.56,13.06,0.302,14.94,0.563,0.42678571428571427,17.613571428571426,12.156428571428572,0.1951190766727658,65
2023,1,546927,0.5153816409450079,28,16,14,0,30,0.5333333333333333,0.5367592624094172,0.5677837075617539,0.5436588914284805,Syracuse,ACC,8-7,8.67,8.47,0.89,0.419,27.93,0.677,0.565,0.865,23.0,14.33,12.13,2.2,14.33,0.336,12.4,0.533,0.5160769230769231,19.736923076923077,11.937692307692307,0.24913495309183536,28
2023,1,546928,0.5353142358592355,20,12,18,0,30,0.4,0.5481996217290335,0.4844063819746151,0.4952014063581705,Towson,CAA,6-9,7.0,8.73,0.891,0.546,33.87,0.568,0.293,0.833,18.93,11.13,10.47,1.47,11.93,0.282,17.47,0.4,0.5357857142857142,18.706428571428575,11.610714285714284,0.16999461275977817,20
2023,1,546869,0.5393807189796257,18,12,20,0,32,0.375,0.5572983552395316,0.507817286580139,0.4993534992648005,UAlbany,America East,6-10,5.81,9.0,0.901,0.47,31.13,0.583,0.396,0.871,16.5,9.56,11.75,-1.06,10.69,0.253,16.25,0.375,0.5391538461538461,19.005384615384614,11.805384615384613,0.19444589761831366,18
2023,1,546903,0.436561771544163,63,16,10,0,26,0.6153846153846154,0.4364537695420048,0.4915310905769289,0.4949558112613885,UMBC,America East,8-5,5.31,8.46,0.868,0.459,27.85,0.625,0.257,0.831,17.15,10.0,9.62,2.23,11.85,0.281,14.77,0.615,0.4364166666666666,17.6025,12.304166666666667,0.23036147621124115,64
2023,1,546898,0.5018850486912354,30,0,26,0,26,0.0,0.5021042070674424,0.4566179144838143,0.3652065821546748,UMass Lowell,America East,0-13,3.85,5.54,0.818,0.347,24.38,0.647,0.241,0.918,11.77,15.0,15.77,-7.85,7.92,0.293,18.23,0.0,0.5020833333333333,18.01,11.830833333333333,0.19589387362095378,30
2023,1,546868,0.5686020742692987,15,24,10,0,34,0.7058823529411765,0.5786540257128493,0.5260385425676379,0.5973072367336283,Utah,ASUN,12-5,8.47,8.29,0.909,0.543,37.24,0.564,0.233,0.897,24.59,12.24,12.59,3.53,16.12,0.304,14.12,0.706,0.5682307692307693,19.037692307692307,11.527692307692307,0.17735585863375353,15
2023,1,546934,0.3836426555062742,69,12,18,0,30,0.4,0.3833871369060443,0.456307791031841,0.4057705162109824,VMI,MAAC,6-9,5.53,7.67,0.866,0.493,28.93,0.641,0.313,0.832,15.87,13.93,13.33,-3.0,10.33,0.266,17.2,0.4,0.38335714285714284,16.349285714285713,12.87857142857143,0.2005341464129015,69
2023,1,546932,0.4954670850461141,33,18,10,0,28,0.6428571428571429,0.4857739545522351,0.5111163264020302,0.5313803445909109,Vermont,America East,9-5,7.0,8.29,0.875,0.609,31.5,0.673,0.235,0.844,18.21,11.79,10.29,0.93,11.21,0.268,17.21,0.643,0.49499999999999994,19.0425,12.172500000000001,0.20818421329838308,35
2023,1,546933,0.5018850486912354,30,20,10,0,30,0.6666666666666666,0.5126053412818118,0.5323492218136594,0.5560566427609874,Villanova,Big East,10-5,7.33,8.87,0.886,0.536,32.87,0.725,0.5,0.813,20.27,10.2,10.87,2.07,12.93,0.288,15.2,0.667,0.5016428571428572,18.944285714285712,11.937142857142858,0.1908943638855409,31
2023,1,546935,0.5863385123557462,9,26,8,0,34,0.7647058823529411,0.6418212486232884,0.5819130441608459,0.6575653559400909,Virginia,ACC,13-4,11.47,8.82,0.908,0.542,39.65,0.632,0.55,0.852,28.71,13.06,12.12,5.12,17.24,0.381,15.18,0.765,0.587076923076923,20.787692307692307,11.566153846153846,0.16868197730479573,9
2023,1,546936,0.44006072106561706,62,6,22,0,28,0.2142857142857142,0.4398686594953563,0.440668209832387,0.3836728107772035,Wagner,MAAC,3-11,3.07,5.93,0.825,0.401,22.29,0.676,0.154,0.881,10.79,14.29,11.71,-4.0,7.71,0.211,16.64,0.214,0.43992307692307697,17.094615384615384,12.023076923076921,0.16746639687662787,62
2023,1,546937,0.5850739331288695,10,18,12,0,30,0.6,0.5908857645622353,0.5404048262733803,0.5805440888494626,Yale,Ivy League,9-6,7.8,7.67,0.835,0.525,34.0,0.519,0.255,0.845,22.93,14.67,14.0,1.13,15.13,0.324,15.53,0.6,0.5843846153846154,19.99230769230769,11.537692307692307,0.1252662017536061,10
2023,2,547011,0.48369025362827456,45,2,8,0,10,0.2,0.5350140056022408,0.4694279322946643,0.4348639858747865,Adams St.,RMAC,2-8,2.2,4.5,0.776,0.263,16.0,0.548,0.143,0.885,7.0,10.7,15.6,-10.8,4.8,0.223,15.1,0.2,0.48274999999999996,20.625,11.9325,0.2894014296785695,45
2023,2,547003,0.4812349406027838,46,16,4,0,20,0.8,0.5193601863822452,0.544062854058485,0.5956958067057438,Adelphi,NE10,16-4,7.8,10.65,0.906,0.525,33.25,0.75,0.347,0.725,21.95,11.35,7.5,6.65,14.15,0.32,16.25,0.8,0.48087500000000005,18.753125,11.80375,0.2346880575892178,48
2023,2,547004,0.44917503195337216,59,10,7,0,17,0.5882352941176471,0.4509919578691205,0.4997263446790628,0.4974863886337377,Alabama Huntsville,Peach Belt,10-7,5.88,11.76,0.819,0.529,42.06,0.676,0.238,0.792,18.71,10.94,10.88,1.94,12.82,0.294,20.94,0.588,0.44773333333333326,18.482000000000003,12.854666666666668,0.20389816630421723,59
2023,2,547012,0.46206839231268465,54,0,14,0,14,0.0,0.4606986451800693,0.4607450905934989,0.3455355952384094,Alderson Broaddus,G-MAC,0-14,1.79,5.21,0.759,0.327,16.71,0.8,0.058,0.92,5.86,18.86,20.86,-16.79,4.07,0.178,18.21,0.0,0.4606923076923076,20.254615384615384,13.153076923076924,0.20979454587593535,55
2023,2,547005,0.48731575717712705,41,2,13,0,15,0.1333333333333333,0.4873723934018051,0.5008228102683991,0.4022252326013357,American Int'l,NE10,2-13,4.6,10.8,0.784,0.306,26.33,0.547,0.246,0.901,11.53,14.0,13.27,-6.33,6.93,0.209,21.47,0.133,0.48746666666666655,18.15,11.779333333333334,0.23587620105093737,42
2023,2,546956,0.5018850486912354,35,12,6,0,18,0.6666666666666666,0.5160489338185417,0.5356260870883303,0.5585976553480201,Anderson (SC),SAC,12-6,9.0,10.72,0.845,0.557,36.78,0.731,0.488,0.74,24.0,13.28,11.72,3.28,15.0,0.315,19.56,0.667,0.5017058823529412,19.666470588235295,12.531176470588235,0.26686960127194137,35
2023,2,547006,0.5400159615061642,19,4,10,0,14,0.2857142857142857,0.5410786109315522,0.5216404042232043,0.4723779779501486,Assumption,NE10,4-10,4.5,9.57,0.861,0.481,31.0,0.696,0.3,0.847,16.71,13.5,12.43,-0.21,12.21,0.253,16.21,0.286,0.5410714285714285,18.989285714285717,11.23142857142857,0.2189551370505299,19
2023,2,547002,0.42073141271095843,65,11,7,0,18,0.6111111111111112,0.4340939153439153,0.4966833821212317,0.4939955809800434,Barton,Conference Carolinas,11-7,8.28,8.5,0.839,0.53,32.83,0.808,0.337,0.812,21.94,11.5,11.39,2.28,13.67,0.315,18.78,0.611,0.41953333333333337,18.104,13.424,0.2680900014713135,65
2023,2,546973,0.4805208851241903,49,10,5,0,15,0.6666666666666666,0.4890315185903421,0.508260315863377,0.538247504927682,Belmont Abbey,Conference Carolinas,10-5,7.47,7.33,0.862,0.591,31.53,0.712,0.429,0.866,19.2,13.47,10.47,1.27,11.73,0.282,19.73,0.667,0.4803571428571428,19.44142857142857,12.278571428571427,0.2683844809072178,49
2023,2,546940,0.5521028764078837,17,10,6,0,16,0.625,0.6144904115492351,0.53807381959962,0.5980136606745226,Bentley,NE10,10-6,7.06,7.81,0.867,0.564,31.0,0.719,0.418,0.82,19.69,10.38,9.5,3.13,12.63,0.286,16.75,0.625,0.55175,19.495833333333334,11.070833333333333,0.2392983232285592,18
2023,2,551553,0.4283620237737425,64,1,12,0,13,0.0769230769230769,0.4274381868131868,0.4526456555569181,0.3461112765265922,Bridgeport,CACC,1-12,4.31,7.85,0.668,0.405,28.38,0.641,0.288,0.833,12.15,14.77,15.69,-7.85,7.85,0.252,25.54,0.077,0.42758333333333326,17.794166666666666,12.549166666666666,0.18318954588682787,64
2023,2,546974,0.48731575717712705,41,1,13,0,14,0.0714285714285714,0.4980956386499373,0.5035851991086594,0.3928012619592763,CSU Pueblo,RMAC,1-13,3.64,6.14,0.785,0.331,19.86,0.595,0.262,0.847,10.07,16.5,15.86,-9.43,6.43,0.249,20.93,0.071,0.4875555555555555,18.796666666666663,11.71,0.19580495460256764,41
2023,2,546958,0.40724479421492044,67,2,10,0,12,0.1666666666666666,0.4064980158730158,0.4569817537750338,0.359161113046933,Caldwell,CACC,2-10,4.58,5.92,0.657,0.436,28.25,0.635,0.2,0.82,13.58,16.83,14.33,-5.33,9.0,0.235,23.17,0.167,0.4065833333333333,16.70916666666667,13.27833333333333,0.25290098798190214,67
2023,2,546961,0.6055073235244592,2,3,10,0,13,0.2307692307692307,0.6063797313797313,0.5259058548842274,0.4923586371032302,Catawba,SAC,3-10,4.23,7.54,0.799,0.431,28.23,0.667,0.205,0.861,12.31,11.62,12.92,-4.85,8.08,0.221,20.62,0.231,0.6065384615384615,20.524615384615384,11.221538461538461,0.20790664154286445,2
2023,2,546985,0.39015177915864324,70,11,4,0,15,0.7333333333333333,0.4137383900928793,0.4887058652314389,0.5123789946876327,Chestnut Hill,CACC,11-4,7.53,8.07,0.852,0.604,32.07,0.723,0.267,0.684,18.6,12.47,7.07,4.0,11.07,0.283,20.33,0.733,0.39069230769230767,17.924615384615386,13.630000000000003,0.2532452094209771,70
2023,2,546976,0.36011336281716294,73,4,11,0,15,0.2666666666666666,0.3756971677559912,0.471758051640621,0.3724547634548175,Chowan,Conference Carolinas,4-11,9.07,9.6,0.776,0.393,29.07,0.64,0.431,0.864,22.8,16.93,15.73,-2.0,13.73,0.399,21.2,0.267,0.359,16.000714285714285,14.287142857142856,0.2248399430706208,73
2023,2,546962,0.5018850486912354,35,7,8,0,15,0.4666666666666667,0.5014801647154588,0.502690112097772,0.4930792770488391,Coker,SAC,7-8,5.27,11.73,0.767,0.353,24.6,0.767,0.145,0.918,15.0,13.8,12.13,-2.4,9.73,0.293,19.13,0.467,0.5016,20.23933333333333,12.678666666666665,0.2465156654927498,36
2023,2,546980,0.4449337796292005,61,16,2,0,18,0.8888888888888888,0.4001977261492832,0.5338712165364543,0.5557888894309774,Colorado Mesa,RMAC,16-2,11.83,9.72,0.946,0.671,40.44,0.723,0.318,0.787,30.83,8.28,8.33,10.67,19.0,0.345,16.33,0.889,0.4444166666666667,16.959166666666665,12.44083333333333,0.27207120953080566,61
2023,2,546960,0.5108853978782903,31,5,8,0,13,0.3846153846153846,0.5119290771864301,0.5100217683482877,0.4796238268341331,Davenport,GLVC,5-8,7.54,9.62,0.84,0.363,32.46,0.676,0.234,0.882,18.69,13.31,12.54,-1.38,11.15,0.328,20.92,0.385,0.5119166666666667,18.916666666666668,11.58,0.17844348233793492,31
2023,2,546941,0.4812349406027838,46,3,14,0,17,0.1764705882352941,0.4808579045653349,0.483824343780654,0.4055026852866544,Davis & Elkins,G-MAC,3-14,7.12,7.06,0.792,0.319,25.47,0.707,0.25,0.873,16.76,17.0,17.18,-7.53,9.65,0.311,20.47,0.176,0.4809333333333334,20.136666666666667,12.941333333333336,0.23295191683168343,47
2023,2,546942,0.5522102123590636,16,0,10,0,10,0.0,0.5537291412291413,0.4678479673904485,0.3938265624621828,Dist. Columbia,ECC,0-10,2.0,4.8,0.595,0.658,33.0,0.5,0.129,0.961,6.8,20.8,23.1,-18.3,4.8,0.175,29.0,0.0,0.5538888888888889,20.92222222222222,11.38111111111111,0.19730430216880976,16
2023,2,546977,0.41526730493838826,66,5,11,0,16,0.3125,0.4287745098039215,0.4705317791479776,0.4101451996889551,Dominican (NY),CACC,5-11,6.25,7.31,0.745,0.409,29.94,0.642,0.375,0.827,15.19,13.94,14.63,-5.69,8.94,0.26,21.5,0.313,0.41485714285714276,18.19857142857143,13.006428571428573,0.2548186630143251,66
2023,2,546996,0.6054013225465626,3,5,9,0,14,0.3571428571428571,0.6059423769507803,0.5287558943724608,0.5244458763542197,Embry-Riddle (FL),Sunshine State,5-9,4.79,9.5,0.803,0.39,31.0,0.649,0.282,0.884,15.36,13.21,14.43,-3.86,10.57,0.258,18.14,0.357,0.6060714285714285,22.067857142857143,11.536428571428571,0.1823722505073128,3
2023,2,546992,0.43049682575160225,63,2,13,0,15,0.1333333333333333,0.4318191721132897,0.474018898585075,0.3677476440362469,Emmanuel (GA),Conference Carolinas,2-13,3.8,6.6,0.763,0.407,21.87,0.719,0.157,0.884,11.6,16.2,17.07,-9.27,7.8,0.249,20.93,0.133,0.4295,17.89428571428571,13.138571428571428,0.2084438088036472,63
2023,2,546999,0.38629341513529936,71,3,9,0,12,0.25,0.3869588744588745,0.4418869148659746,0.3664511659459309,Felician,CACC,3-9,3.5,6.5,0.809,0.465,32.17,0.674,0.196,0.858,11.58,12.83,14.5,-6.42,8.08,0.206,18.83,0.25,0.38718181818181824,16.963636363636365,13.711818181818183,0.23009002909209975,71
2023,2,546944,0.5133011137511152,30,13,5,0,18,0.7222222222222222,0.5490470698083155,0.5403746123624432,0.5901727435503241,Fla. Southern,Sunshine State,13-5,9.67,14.06,0.884,0.502,40.0,0.623,0.406,0.732,27.17,11.11,10.06,7.44,17.5,0.337,18.28,0.722,0.5126,20.302666666666664,12.591999999999997,0.20430917747374933,30
2023,2,547015,0.5105527053634132,32,7,10,0,17,0.4117647058823529,0.5314061899269511,0.5068415067385653,0.4953546481187051,Flagler,Peach Belt,7-10,7.12,10.53,0.844,0.491,31.12,0.654,0.273,0.886,18.94,12.65,13.18,-1.35,11.82,0.271,17.59,0.412,0.5106666666666666,20.111333333333334,12.534666666666665,0.21587053733404402,32
2023,2,546943,0.5646094496985398,13,7,7,0,14,0.5,0.5797098326510091,0.5344463886460274,0.5484665134870114,Florida Tech,Sunshine State,7-7,7.36,9.71,0.851,0.549,34.79,0.655,0.286,0.812,20.64,12.0,12.07,1.21,13.29,0.322,18.5,0.5,0.5643333333333332,21.634166666666673,11.8975,0.259004933457947,13
2023,2,546945,0.47604882346125055,51,5,9,0,14,0.3571428571428571,0.4759798396676225,0.5281467666020457,0.459312325770037,Franklin Pierce,NE10,5-9,6.0,7.21,0.866,0.321,27.43,0.473,0.32,0.852,17.0,15.07,14.36,-3.36,11.0,0.298,17.5,0.357,0.476,17.81461538461538,11.363846153846152,0.26189163936489224,51
2023,2,547000,0.45237392763850315,57,13,5,0,18,0.7222222222222222,0.4822700021502608,0.5156885783166503,0.5506127012098485,Frostburg St.,ECC,13-5,11.83,10.17,0.87,0.534,40.28,0.757,0.309,0.757,29.72,9.56,10.22,7.67,17.89,0.318,14.83,0.722,0.45193333333333335,19.052000000000003,13.439333333333334,0.25690529167163706,57
2023,2,546978,0.4437253700491716,62,12,6,0,18,0.6666666666666666,0.4700986876231974,0.4791223474989257,0.5214965973529968,Georgian Court,CACC,12-6,8.5,6.67,0.823,0.545,36.06,0.722,0.422,0.829,21.83,15.06,11.39,1.94,13.33,0.31,18.22,0.667,0.4440625,17.90375,12.497499999999999,0.24817520745181218,62
2023,2,546975,0.4841678046141792,44,7,9,0,16,0.4375,0.5078044155133938,0.5148993602758272,0.4920020478256537,Lake Erie,G-MAC,7-9,6.88,6.19,0.806,0.654,33.25,0.838,0.213,0.806,20.44,12.13,12.75,0.81,13.56,0.294,19.31,0.438,0.484,20.07,12.788571428571428,0.223568142376579,44
2023,2,547001,0.45023466226437636,58,13,4,0,17,0.7647058823529411,0.4561473609051464,0.4904587471109659,0.54186483781855,Lander,Peach Belt,13-4,10.29,14.18,0.907,0.471,39.59,0.686,0.404,0.768,25.35,13.65,10.29,4.76,15.06,0.328,17.06,0.765,0.45039999999999997,18.133333333333333,13.184666666666667,0.18444468005339704,58
2023,2,546947,0.5398325698712686,20,17,1,0,18,0.9444444444444444,0.5662234814453596,0.5560629180823329,0.6582385813543741,Le Moyne,NE10,17-1,7.72,6.78,0.858,0.581,27.89,0.892,0.42,0.833,20.28,10.5,7.33,5.22,12.56,0.312,16.83,0.944,0.5400666666666666,19.666,11.123333333333333,0.22481028050830376,20
2023,2,546983,0.495748529574715,40,0,14,0,14,0.0,0.4960842670401494,0.4616063972419,0.3634437328305497,Lees-McRae,Conference Carolinas,0-14,2.21,7.21,0.722,0.423,26.0,0.536,0.151,0.873,7.93,14.29,16.64,-10.93,5.71,0.206,27.43,0.0,0.4962142857142857,19.527142857142856,12.385714285714284,0.20119257958889203,40
2023,2,546963,0.5895350278460437,6,18,3,0,21,0.8571428571428571,0.6182944770350787,0.5558427071545448,0.6623936295918899,Lenoir-Rhyne,SAC,18-3,9.95,9.86,0.876,0.542,31.48,0.703,0.446,0.792,26.33,11.1,8.1,8.29,16.38,0.325,14.76,0.857,0.5888235294117647,20.132352941176475,11.214705882352941,0.19870884266244707,6
2023,2,546959,0.5228492886271014,27,10,6,0,16,0.625,0.5468085070566688,0.5257847826935939,0.5611004492017329,Lewis,GLVC,10-6,7.0,7.31,0.858,0.54,27.56,0.677,0.316,0.864,19.44,13.13,9.06,3.38,12.44,0.332,17.38,0.625,0.5237857142857142,19.245,11.525000000000002,0.20532350034985858,27
2023,2,546964,0.5850739331288695,8,16,5,0,21,0.7619047619047619,0.6256043015496797,0.5464586736615319,0.6398930096664133,Limestone,SAC,16-5,9.95,10.33,0.893,0.603,45.1,0.764,0.333,0.772,27.0,10.9,11.19,5.86,17.05,0.325,20.33,0.762,0.5858235294117646,20.682941176470585,11.534705882352942,0.20828889306868606,8
2023,2,546965,0.46206839231268465,54,7,9,0,16,0.4375,0.4749032064748976,0.5220574135218918,0.4773409566179218,Lincoln Memorial,SAC,7-9,4.94,11.5,0.84,0.51,31.38,0.73,0.263,0.743,15.5,9.25,12.06,-1.5,10.56,0.252,20.06,0.438,0.4608666666666667,19.041999999999998,12.947999999999999,0.2742482735689608,54
2023,2,546984,0.5083978221798221,34,7,9,0,16,0.4375,0.508318549642079,0.5373654890107944,0.4978756470737381,Lynn,Sunshine State,7-9,7.69,7.94,0.882,0.517,33.56,0.75,0.274,0.843,20.31,12.06,11.94,0.69,12.63,0.326,17.31,0.438,0.5083333333333333,19.947333333333336,12.444666666666667,0.248679356244587,34
2023,2,550213,0.39347583824126525,69,7,8,0,15,0.4666666666666667,0.3921001813803672,0.4918145517822704,0.4356703953024178,Malone,G-MAC,7-8,6.13,6.67,0.813,0.411,29.73,0.651,0.364,0.877,18.8,17.8,16.6,-3.93,12.67,0.304,16.67,0.467,0.39209090909090905,17.86909090909091,13.50181818181818,0.2690506726674548,69
2023,2,546966,0.5226793999491097,28,4,12,0,16,0.25,0.5226294021882257,0.5161741316447842,0.4528582340053089,Mars Hill,SAC,4-12,5.13,7.44,0.833,0.489,33.31,0.514,0.279,0.861,14.88,15.94,13.0,-3.25,9.75,0.264,20.81,0.25,0.5227999999999999,19.314000000000004,12.310666666666666,0.24231252547072346,28
2023,2,546948,0.5521028764078837,17,8,6,0,14,0.5714285714285714,0.5604328607286371,0.5242797693502312,0.5541435155590192,Maryville (MO),GLVC,8-6,5.71,10.14,0.847,0.599,33.07,0.667,0.273,0.809,17.14,8.79,9.71,1.71,11.43,0.251,17.5,0.571,0.5523076923076923,19.205384615384613,10.936923076923076,0.20615505166122847,17
2023,2,546949,0.5767381873326238,11,14,4,0,18,0.7777777777777778,0.5804565618420108,0.5259880205140625,0.6161697304939654,Mercy,ECC,14-4,10.61,9.56,0.855,0.621,39.44,0.683,0.493,0.799,28.06,11.72,9.56,7.89,17.44,0.387,17.28,0.778,0.5764666666666667,20.587333333333333,11.507333333333332,0.2352669028052088,11
2023,2,546950,0.5724462288019275,12,16,3,0,19,0.8421052631578947,0.5748836646669464,0.5273003904781481,0.629793245742484,Mercyhurst,G-MAC,16-3,8.05,7.74,0.856,0.706,39.63,0.7,0.397,0.814,23.42,11.42,8.84,6.53,15.37,0.307,15.95,0.842,0.5752352941176471,20.90058823529412,11.637058823529411,0.24757043665847187,12
2023,2,546951,0.5290259313522562,22,9,9,0,18,0.5,0.5435981934251831,0.4953244647415029,0.5206302128979673,Molloy,ECC,9-9,7.28,11.83,0.848,0.467,36.44,0.686,0.297,0.768,19.11,11.89,10.67,1.17,11.83,0.272,19.5,0.5,0.529,19.80875,11.801875,0.2411342986802168,22
2023,2,546994,0.4456211152470233,60,11,7,0,18,0.6111111111111112,0.4294390975763524,0.5143145204026633,0.4960759566666198,Montevallo,Peach Belt,11-7,7.44,8.83,0.829,0.606,37.22,0.759,0.434,0.806,20.5,14.0,11.44,1.61,13.06,0.289,23.78,0.611,0.445,18.08875,12.675,0.22258650003987213,60
2023,2,546967,0.5194278609136118,29,7,8,0,15,0.4666666666666667,0.498472850678733,0.4861078660191374,0.4874300585108175,Mount Olive,Conference Carolinas,7-8,6.47,7.13,0.863,0.659,30.87,0.577,0.281,0.884,17.47,12.2,10.6,0.4,11.0,0.271,18.93,0.467,0.5197692307692308,20.543846153846154,12.18923076923077,0.27050981891638887,29
2023,2,546998,0.5272554767244328,24,11,5,0,16,0.6875,0.5420403738418444,0.5381268520283962,0.5774268999280212,Newberry,SAC,11-5,8.94,8.44,0.847,0.51,36.13,0.674,0.52,0.881,24.0,11.25,12.44,2.63,15.06,0.37,18.38,0.688,0.5272142857142857,19.45785714285714,11.940714285714284,0.23509669092020982,25
2023,2,546979,0.478124070406951,50,10,7,0,17,0.5882352941176471,0.4857465535233701,0.4956918284057935,0.5138550573925452,North Greenville,Conference Carolinas,10-7,7.82,10.18,0.871,0.476,27.59,0.729,0.286,0.829,20.29,10.94,11.0,1.47,12.47,0.303,18.35,0.588,0.47879999999999995,18.92666666666667,12.777333333333331,0.27978996884568014,50
2023,2,546954,0.5099073395758945,33,11,4,0,15,0.7333333333333333,0.5200219660513778,0.5411897530919915,0.5786417546320202,Pace,NE10,11-4,6.93,12.07,0.864,0.57,34.87,0.684,0.382,0.813,19.87,10.93,9.8,3.13,12.93,0.299,17.93,0.733,0.5096428571428571,19.27857142857143,11.394285714285713,0.20828195420866302,33
2023,2,546995,0.5820625692640237,9,2,12,0,14,0.1428571428571428,0.5819819594504467,0.5186580319706559,0.456369773432173,Palm Beach Atl.,Sunshine State,2-12,4.64,9.0,0.831,0.497,31.43,0.672,0.2,0.83,15.36,11.43,17.07,-6.36,10.71,0.28,21.0,0.143,0.5835384615384616,21.933846153846158,11.505384615384616,0.2094269159780917,9
2023,2,546968,0.34850263775844226,74,10,6,0,16,0.625,0.3664881850175968,0.4642527778005469,0.4555572869589351,Post,CACC,10-6,8.38,10.0,0.835,0.467,34.56,0.67,0.5,0.81,23.19,11.31,11.06,3.75,14.81,0.349,17.63,0.625,0.34769230769230763,16.203076923076928,13.466923076923074,0.2147185580512258,74
2023,2,547013,0.46864741630149365,52,8,9,0,17,0.4705882352941176,0.4818618473030238,0.5118788559757734,0.4865476964689846,Quincy,GLVC,8-9,7.24,8.47,0.88,0.495,34.0,0.835,0.351,0.837,19.47,14.94,12.29,-0.06,12.24,0.291,19.35,0.471,0.4687142857142857,18.260714285714283,12.577857142857143,0.22619126816903956,52
2023,2,546989,0.4596968339555525,56,9,5,0,14,0.6428571428571429,0.4790351051663268,0.5205639474882191,0.5303728251695039,Roberts Wesleyan,ECC,9-5,9.79,9.43,0.875,0.494,32.86,0.779,0.279,0.814,26.29,10.86,11.71,4.79,16.5,0.344,18.29,0.643,0.45874999999999994,19.1925,12.807499999999997,0.2589524168002042,56
2023,2,546969,0.5262057227056925,26,10,5,0,15,0.6666666666666666,0.5329747283528796,0.5088765877836571,0.5603731777890207,Rockhurst,GLVC,10-5,6.33,10.13,0.875,0.519,32.8,0.761,0.423,0.84,17.47,12.0,8.8,2.33,11.13,0.259,18.67,0.667,0.5267272727272727,19.813636363636363,11.50090909090909,0.2072964898659497,26
2023,2,546955,0.5912860006887398,5,15,2,0,17,0.8823529411764706,0.5974487834349427,0.5384170246506368,0.6539168831742481,Rollins,Sunshine State,15-2,7.94,9.82,0.861,0.543,31.94,0.675,0.286,0.849,23.12,12.71,9.76,5.41,15.18,0.334,16.29,0.882,0.5915999999999999,22.843999999999998,11.640666666666666,0.1966508920227247,5
2023,2,547008,0.4812349406027838,46,9,7,0,16,0.5625,0.4855610994397759,0.5391234460421741,0.5181864112304315,Saint Leo,Sunshine State,9-7,8.94,8.81,0.804,0.593,35.75,0.833,0.3,0.838,25.0,12.75,12.56,3.5,16.06,0.359,19.75,0.563,0.48171428571428565,19.791428571428572,13.130714285714285,0.23923491998196147,46
2023,2,547009,0.4983625824671155,39,6,7,0,13,0.4615384615384615,0.4983981265089863,0.5205912361706171,0.4947314876817628,Saint Michael's,NE10,6-7,8.85,11.0,0.805,0.473,34.0,0.603,0.385,0.82,21.23,15.62,12.54,-0.15,12.38,0.34,20.08,0.462,0.4983846153846153,18.330769230769228,11.412307692307694,0.25217104648708294,39
2023,2,546970,0.5863385123557462,7,5,12,0,17,0.2941176470588235,0.5875017955900309,0.5057478267934702,0.4937172662580888,Saint Rose,NE10,5-12,6.82,8.53,0.819,0.579,33.82,0.605,0.338,0.825,19.29,11.76,13.35,-0.88,12.47,0.29,20.59,0.294,0.5875294117647059,20.43176470588235,10.805294117647058,0.20819422991582215,7
2023,2,546986,0.528544669610379,23,12,5,0,17,0.7058823529411765,0.5383013112365689,0.514468664379608,0.5742384099484806,Seton Hill,G-MAC,12-5,9.35,8.88,0.883,0.588,31.59,0.724,0.309,0.781,25.35,10.0,8.53,7.47,16.0,0.3,16.59,0.706,0.5289333333333334,19.976666666666667,12.046000000000001,0.23526508925512563,23
2023,2,546990,0.37959349771234807,72,3,12,0,15,0.2,0.398338779956427,0.461595798456671,0.3645683395923813,Shorter,Peach Belt,3-12,4.87,7.73,0.73,0.339,22.67,0.755,0.284,0.847,14.93,14.93,17.87,-7.8,10.07,0.266,20.67,0.2,0.3790909090909091,17.740909090909092,14.47272727272727,0.23033195591874647,72
2023,2,546952,0.5272554767244328,24,6,6,0,12,0.5,0.5501075857693505,0.5397670169517425,0.5349955471226109,Southern N.H.,NE10,6-6,7.0,6.75,0.862,0.544,31.25,0.686,0.35,0.88,17.0,13.67,12.25,-2.25,10.0,0.242,18.33,0.5,0.5273636363636364,18.714545454545455,10.892727272727273,0.2377004504249653,24
2023,2,547007,0.5646094496985398,13,10,5,0,15,0.6666666666666666,0.6038190120852659,0.5477740321901663,0.6055196807568413,St. Anselm,NE10,10-5,6.2,8.2,0.899,0.55,35.6,0.711,0.393,0.811,19.2,9.33,9.07,3.93,13.0,0.3,16.47,0.667,0.5628333333333332,19.66916666666667,10.894166666666665,0.2497891888951339,14
2023,2,546971,0.40724479421492044,67,6,7,0,13,0.4615384615384615,0.4061622405372405,0.4677264880670433,0.4353973576699965,St. Thomas Aquinas,ECC,6-7,5.85,7.77,0.79,0.484,32.23,0.6,0.284,0.883,15.92,15.77,12.85,-2.77,10.08,0.285,23.54,0.462,0.40625,18.2525,13.344166666666666,0.26724493291111556,68
2023,2,547010,0.5820625692640237,9,13,4,0,17,0.7647058823529411,0.601845866551749,0.5477411614879925,0.6290346942361079,Tampa,Sunshine State,13-4,8.29,9.82,0.929,0.605,36.53,0.836,0.317,0.842,23.65,13.18,8.88,6.47,15.35,0.332,14.35,0.765,0.5823571428571428,23.216428571428573,11.53,0.21307933034531568,10
2023,2,546982,0.46514023595275833,53,4,11,0,15,0.2666666666666666,0.4655013287366228,0.5135548754787275,0.42780604990466,Tusculum,SAC,4-11,6.27,7.53,0.705,0.392,30.6,0.591,0.438,0.853,16.13,13.73,14.93,-5.07,9.87,0.322,23.6,0.267,0.46559999999999996,18.800666666666665,12.699999999999998,0.27956604467161844,53
2023,2,546946,0.6203764422184483,1,12,4,0,16,0.75,0.6325779244727581,0.5407167293291568,0.6389681445686682,UIndy,GLVC,12-4,7.06,10.81,0.904,0.545,35.38,0.745,0.404,0.872,21.44,9.56,9.75,4.63,14.38,0.278,12.94,0.75,0.6212142857142856,21.025714285714287,10.393571428571429,0.169850849937496,1
2023,2,546988,0.5009949749966803,37,6,10,0,16,0.375,0.51579333825298,0.51821498557404,0.48120041552,Walsh,G-MAC,6-10,5.25,7.38,0.813,0.502,30.13,0.73,0.246,0.888,16.5,14.06,11.31,-0.06,11.25,0.299,20.19,0.375,0.5011538461538461,19.669230769230772,12.47,0.23086054603586195,37
2023,2,546993,0.594650699613747,4,8,8,0,16,0.5,0.5383885776532834,0.5165035925729003,0.5233201869698668,Westminster (UT),RMAC,8-8,7.13,6.19,0.844,0.559,33.94,0.766,0.419,0.883,22.13,11.94,11.25,3.75,15.0,0.354,17.0,0.5,0.5955,19.82,10.869,0.26436083295374907,4
2023,2,546957,0.4843109711046171,43,5,10,0,15,0.3333333333333333,0.4844457992373737,0.4915011354119458,0.4484315168050066,Wheeling,G-MAC,5-10,7.67,7.53,0.785,0.287,23.53,0.784,0.127,0.84,19.53,17.4,15.4,-3.53,11.87,0.303,17.73,0.333,0.4845714285714285,20.072142857142858,12.60142857142857,0.2257057864584254,43
2023,2,546997,0.5322590200440349,21,6,7,0,13,0.4615384615384615,0.5476804102726941,0.4691342857231561,0.5065083919517515,Wilmington (DE),CACC,6-7,9.92,10.38,0.817,0.457,34.15,0.552,0.44,0.761,24.77,11.46,13.92,0.92,14.85,0.313,16.77,0.462,0.5323333333333333,19.296666666666667,11.541666666666666,0.25741514243640673,21
2023,2,546972,0.5595428853863725,15,12,3,0,15,0.8,0.587106976843819,0.5514061667283249,0.6314050301039907,Wingate,SAC,12-3,10.0,10.87,0.854,0.581,42.47,0.696,0.256,0.768,26.53,11.87,10.47,6.07,16.53,0.335,17.27,0.8,0.5613076923076922,19.955384615384613,11.466923076923077,0.21437220852289188,15
2023,2,546991,0.5006439737748386,38,3,13,0,16,0.1875,0.5056117238562092,0.4709313899007054,0.4174137094032809,Young Harris,Peach Belt,3-13,4.81,10.63,0.786,0.453,35.63,0.533,0.329,0.838,14.63,12.69,17.88,-8.06,9.81,0.266,23.69,0.188,0.5001999999999999,20.374,12.712666666666667,0.19662254872385992,38
2024,1,571437,0.4843109711046171,45,18,12,0,30,0.6,0.5034693561842883,0.5127224167515321,0.5299152822800272,Air Force,ASUN,9-6,7.13,8.73,0.882,0.478,31.4,0.775,0.185,0.822,18.67,10.6,9.67,1.87,11.53,0.293,15.8,0.6,0.48525,17.915000000000003,11.588333333333333,0.19814856589606364,46
2024,1,571438,0.4626376369612048,54,22,6,0,28,0.7857142857142857,0.4720897974574445,0.5258883897339723,0.5639455675907867,Army West Point,Patriot,11-3,8.14,7.64,0.897,0.601,35.71,0.622,0.448,0.84,22.29,11.29,10.79,3.36,14.14,0.31,15.43,0.786,0.4633076923076922,17.770769230769233,11.683076923076923,0.1386236657647574,54
2024,1,571378,0.40951828082896297,67,18,16,0,34,0.5294117647058824,0.4171113177614725,0.5102783121889481,0.4684781781044438,Bellarmine,ASUN,9-8,7.29,8.29,0.926,0.491,27.65,0.73,0.191,0.878,19.47,12.88,11.41,0.76,12.18,0.293,17.65,0.529,0.4089999999999999,16.529285714285717,12.543571428571427,0.21960874299535527,67
2024,1,571379,0.40951828082896297,67,12,14,0,26,0.4615384615384615,0.4086104066873298,0.4836036830063249,0.4405907394798615,Binghamton,America East,6-7,5.54,7.08,0.803,0.521,30.08,0.694,0.271,0.819,17.54,13.38,12.85,-0.85,12.0,0.268,15.77,0.462,0.4086923076923077,17.48153846153846,12.225384615384614,0.226877257434121,68
2024,1,571380,0.5262057227056925,21,20,14,0,34,0.5882352941176471,0.5452657712287107,0.5182639299118236,0.549257691621723,Boston U.,Patriot,10-7,8.71,10.53,0.809,0.481,34.65,0.58,0.412,0.776,21.88,13.59,11.41,1.76,13.18,0.306,18.18,0.588,0.5259285714285714,18.407142857142862,11.662857142857144,0.1901354645981627,22
2024,1,571381,0.5895350278460437,9,6,22,0,28,0.2142857142857142,0.5895211930926216,0.530673799362924,0.4810004749584703,Brown,Ivy League,3-11,4.0,8.07,0.864,0.481,31.0,0.741,0.31,0.832,13.29,12.64,12.14,-2.86,9.29,0.23,16.64,0.214,0.589642857142857,19.83214285714286,11.392857142857142,0.13194728771253267,9
2024,1,571382,0.4596968339555525,56,18,10,0,28,0.6428571428571429,0.459752875509178,0.483845805547719,0.5115521748558044,Bryant,America East,9-5,6.93,7.93,0.889,0.594,37.57,0.768,0.286,0.884,20.14,11.5,10.21,3.0,13.21,0.297,16.5,0.643,0.4597857142857143,17.858571428571427,12.144285714285715,0.16477308144034614,56
2024,1,571383,0.5039431521836563,33,8,20,0,28,0.2857142857142857,0.5034274360631827,0.5041895629509562,0.4491896801979018,Bucknell,Patriot,4-10,5.5,10.21,0.791,0.45,32.0,0.64,0.282,0.828,15.93,9.79,13.0,-2.57,10.43,0.278,18.29,0.286,0.5034615384615384,18.355384615384615,11.843846153846151,0.16094318891823786,33
2024,1,571384,0.436561771544163,64,10,20,0,30,0.3333333333333333,0.436980296392061,0.4669072542771503,0.4185502950986514,Canisius,MAAC,5-10,5.0,6.07,0.848,0.507,31.4,0.545,0.22,0.878,14.6,12.2,12.53,-2.93,9.6,0.256,17.2,0.333,0.43693333333333334,16.95,11.963999999999999,0.21321865667796416,64
2024,1,571385,0.47604882346125055,49,18,16,0,34,0.5294117647058824,0.4953091407503171,0.4915684653284595,0.5028996278837441,Cleveland St.,ASUN,9-8,5.0,6.59,0.854,0.47,28.71,0.605,0.362,0.844,14.82,12.06,12.59,-2.76,9.82,0.281,18.41,0.529,0.4764615384615384,18.33230769230769,11.693076923076923,0.2240743748039632,49
2024,1,571386,0.5290259313522562,19,16,14,0,30,0.5333333333333333,0.5329289066053772,0.5275883689646773,0.5316948788771912,Colgate,Patriot,8-7,7.73,11.4,0.802,0.39,33.87,0.646,0.525,0.725,20.67,13.13,12.07,0.87,12.93,0.31,21.6,0.533,0.5292142857142856,18.75357142857143,11.654285714285715,0.17296580114966928,20
2024,1,571387,0.5709255058419359,13,18,10,0,28,0.6428571428571429,0.5740892510850494,0.5684403339435908,0.5898689947427082,Cornell,Ivy League,9-5,9.5,8.29,0.863,0.47,33.71,0.643,0.408,0.83,24.57,14.14,13.0,2.07,15.07,0.34,14.43,0.643,0.5721538461538461,19.043846153846154,11.24,0.21156590031835185,13
2024,1,571388,0.5053974483054562,32,6,20,0,26,0.2307692307692307,0.505505900585086,0.5248787767181621,0.4416649521643913,Dartmouth,Ivy League,3-10,6.23,8.38,0.831,0.525,35.15,0.605,0.393,0.873,16.31,13.15,13.77,-3.69,10.08,0.283,19.08,0.231,0.5055384615384615,18.64153846153846,11.86076923076923,0.1968953706470737,32
2024,1,571389,0.4456211152470233,61,18,10,0,28,0.6428571428571429,0.47496537076369,0.5032204890801382,0.5240020933661653,Delaware,CAA,9-5,7.21,7.93,0.854,0.499,31.43,0.683,0.528,0.919,19.86,13.71,9.43,3.21,12.64,0.279,13.71,0.643,0.44608333333333333,17.666666666666664,12.249166666666667,0.19723440298848022,61
2024,1,571390,0.5993369812624321,7,26,8,0,34,0.7647058823529411,0.5974134555137844,0.5741244050646913,0.6334142996113004,Denver,Big East,13-4,6.94,8.76,0.875,0.571,29.82,0.848,0.465,0.878,18.76,9.41,9.41,2.41,11.82,0.304,15.82,0.765,0.5998666666666667,20.133999999999997,11.104666666666668,0.17554785355819333,7
2024,1,571391,0.48731575717712705,43,6,20,0,26,0.2307692307692307,0.4871233341821576,0.5021607878621255,0.4267941717489178,Detroit Mercy,ASUN,3-10,4.08,6.54,0.82,0.353,24.69,0.582,0.268,0.878,13.85,14.38,14.92,-5.15,9.77,0.281,16.54,0.231,0.4870909090909091,17.867272727272727,11.392727272727273,0.14527056546349174,43
2024,1,571392,0.5105527053634132,28,12,18,0,30,0.4,0.5274054322583734,0.4818208219467108,0.4841579216158644,Drexel,CAA,6-9,5.67,6.67,0.875,0.497,29.13,0.761,0.238,0.931,15.4,13.27,11.8,-2.07,9.73,0.257,17.4,0.4,0.5106428571428572,18.576428571428572,11.525714285714287,0.2007680278839441,28
2024,1,571393,0.6394199728883843,1,26,12,0,38,0.6842105263157895,0.6578001375988994,0.5601145564574541,0.6399813394927607,Duke,ACC,13-6,7.84,8.47,0.892,0.512,31.58,0.685,0.439,0.892,22.74,11.63,10.42,4.47,14.89,0.353,14.84,0.684,0.6407058823529411,20.764117647058825,10.702352941176471,0.11768490567707249,1
2024,1,571394,0.42073141271095843,65,16,14,0,30,0.5333333333333333,0.4338265220618162,0.4828207814288337,0.4709517897214498,Fairfield,CAA,8-7,6.8,10.27,0.924,0.456,30.73,0.681,0.421,0.851,18.07,10.07,11.6,-0.33,11.27,0.278,15.53,0.533,0.419,16.720714285714283,12.055714285714286,0.2455163654713993,65
2024,1,571395,0.5262057227056925,21,26,8,0,34,0.7647058823529411,0.5489408659391358,0.5599913971074785,0.6056447528346728,Georgetown,Big East,13-4,8.18,7.47,0.875,0.525,32.24,0.629,0.361,0.88,20.88,10.41,9.65,3.06,12.71,0.319,14.41,0.765,0.5260714285714284,18.252857142857142,11.138571428571428,0.20973808983236833,21
2024,1,571396,0.47767479194115575,48,0,26,0,26,0.0,0.4764214339581987,0.4612243203973679,0.3535167970784413,Hampton,CAA,0-13,2.23,7.77,0.771,0.323,27.62,0.586,0.163,0.933,6.92,14.54,20.77,-16.08,4.69,0.161,24.0,0.0,0.47658333333333336,18.62333333333333,11.274166666666666,0.1345804953261141,48
2024,1,571398,0.5133011137511152,26,16,10,0,26,0.6153846153846154,0.512221959789833,0.5426124279168781,0.5456102407202899,Harvard,Ivy League,8-5,7.69,9.54,0.885,0.431,33.54,0.622,0.571,0.802,21.62,11.92,11.85,2.08,13.92,0.334,14.92,0.615,0.5123076923076922,19.063076923076924,12.226923076923075,0.17214411878753247,27
2024,1,571446,0.48731575717712705,43,18,14,0,32,0.5625,0.4959463389494349,0.5141545248050196,0.5171368006759723,High Point,Atlantic 10,9-7,8.25,9.69,0.844,0.574,36.0,0.641,0.388,0.818,21.63,11.56,11.06,2.31,13.38,0.294,16.44,0.563,0.4867857142857143,18.20357142857143,12.008571428571429,0.23458997012155627,44
2024,1,571399,0.5083978221798221,29,8,18,0,26,0.3076923076923077,0.5085599517584812,0.517230436949002,0.460510662039568,Hobart,Atlantic 10,4-9,6.15,6.69,0.858,0.575,30.46,0.714,0.326,0.87,16.85,12.15,13.77,-3.08,10.69,0.248,17.62,0.308,0.5085833333333333,19.409166666666668,11.685,0.17706517553965515,29
2024,1,571400,0.4456211152470233,61,12,18,0,30,0.4,0.4449150685915392,0.4957315477887002,0.4463904212429447,Hofstra,CAA,6-9,7.53,6.47,0.893,0.578,32.33,0.471,0.233,0.838,19.73,10.4,12.4,-0.2,12.2,0.278,15.93,0.4,0.44499999999999995,17.063333333333333,12.039333333333335,0.2107975331923977,62
2024,1,571401,0.47444013523176204,51,4,22,0,26,0.1538461538461538,0.4742996450717038,0.5025790475439339,0.4012561228833738,Holy Cross,Patriot,2-11,4.23,8.46,0.832,0.423,29.92,0.5,0.375,0.864,12.54,10.62,14.0,-5.69,8.31,0.245,18.54,0.154,0.47441666666666665,17.831666666666667,11.988333333333332,0.20727415755199416,51
2024,1,571402,0.4843109711046171,45,26,10,0,36,0.7222222222222222,0.4968889187760124,0.5071862977345571,0.555796589377201,Jacksonville,ASUN,13-5,10.06,8.56,0.881,0.564,34.33,0.696,0.508,0.869,24.39,12.83,10.0,4.33,14.33,0.325,16.0,0.722,0.48546153846153844,18.048461538461535,12.106153846153843,0.15186209097255382,45
2024,1,571403,0.6114033428886511,4,22,10,0,32,0.6875,0.6139093137254902,0.5756218455990649,0.6227351182625114,Johns Hopkins,Big Ten,11-5,6.81,8.25,0.88,0.478,29.31,0.582,0.452,0.863,18.38,12.63,9.63,1.94,11.56,0.309,14.81,0.688,0.6121428571428572,19.26785714285714,10.504999999999999,0.11272207106916751,4
2024,1,571374,0.382692861726966,72,20,8,0,28,0.7142857142857143,0.389041375919204,0.4663216188165331,0.4896725212351638,LIU,MAAC,10-4,7.36,10.14,0.845,0.497,31.21,0.617,0.475,0.848,18.79,9.64,10.29,1.14,11.43,0.285,16.57,0.714,0.38233333333333336,15.836666666666666,12.083333333333334,0.22035930255431063,72
2024,1,571404,0.4560060709633308,57,12,14,0,26,0.4615384615384615,0.4557200764921353,0.5009790308688856,0.4684894113479044,Lafayette,Patriot,6-7,6.23,7.46,0.844,0.517,30.0,0.528,0.343,0.813,18.31,11.92,11.69,0.38,12.08,0.303,17.38,0.462,0.45583333333333337,16.899166666666666,12.450000000000001,0.20964805163787134,57
2024,1,571405,0.5133011137511152,26,20,14,0,34,0.5882352941176471,0.5195731460004817,0.5222147992179975,0.537399096334152,Lehigh,Patriot,10-7,4.0,7.94,0.826,0.543,31.59,0.649,0.366,0.865,14.71,11.47,11.0,-0.29,10.71,0.306,18.47,0.588,0.5123333333333333,18.447333333333333,11.670666666666666,0.1690990505262785,26
2024,1,571407,0.5709255058419359,13,14,16,0,30,0.4666666666666667,0.5713198815288598,0.5319863226431484,0.5353231880918837,Loyola Maryland,Patriot,7-8,6.53,8.27,0.843,0.398,29.27,0.667,0.351,0.879,17.8,13.33,11.53,-0.27,11.27,0.294,14.0,0.467,0.5720714285714285,18.78,11.072142857142856,0.17481355957775388,14
2024,1,571408,0.5083978221798221,29,16,18,0,34,0.4705882352941176,0.5408146591970121,0.4503729817986656,0.5006476338717019,Manhattan,MAAC,8-9,5.18,6.65,0.877,0.44,25.94,0.588,0.378,0.924,14.88,12.76,10.65,-0.94,9.71,0.272,14.12,0.471,0.5082142857142857,18.31357142857143,11.399285714285714,0.20845560629524545,30
2024,1,571409,0.4535502512738834,58,16,14,0,30,0.5333333333333333,0.4566137566137566,0.4522405284463718,0.4747003437518046,Marist,MAAC,8-7,6.0,7.47,0.868,0.491,32.67,0.736,0.34,0.867,17.8,12.67,11.4,0.4,11.8,0.269,14.27,0.533,0.4535714285714286,17.720714285714283,11.532142857142857,0.20721097402189403,58
2024,1,571410,0.5522102123590636,16,8,20,0,28,0.2857142857142857,0.553196426499594,0.5347336890032055,0.4817102069291698,Marquette,Big East,4-10,5.57,7.07,0.885,0.576,26.86,0.679,0.39,0.91,15.57,11.0,11.43,-1.43,10.0,0.262,16.64,0.286,0.5533076923076922,18.707692307692305,11.397692307692308,0.23203958038210923,17
2024,1,571412,0.5999506261013666,6,22,12,0,34,0.6470588235294118,0.6351912436801347,0.5902014992313722,0.6269107025302634,Maryland,Big Ten,11-6,6.82,6.76,0.878,0.616,30.94,0.5,0.378,0.93,17.76,10.59,10.41,0.53,10.94,0.292,16.06,0.647,0.6013076923076923,19.787692307692307,10.557692307692305,0.16938321804775414,6
2024,1,571413,0.44917503195337216,60,12,16,0,28,0.4285714285714285,0.4691010378510379,0.5023039834119069,0.4672693719213527,Massachusetts,Atlantic 10,6-8,5.93,7.64,0.859,0.479,30.86,0.789,0.194,0.877,17.79,13.21,10.79,1.07,11.86,0.316,14.36,0.429,0.4475384615384615,17.357692307692307,12.114615384615385,0.22952882017285067,60
2024,1,571414,0.5006439737748386,38,8,20,0,28,0.2857142857142857,0.4999313594901829,0.4920048825784976,0.4443954718182873,Mercer,ASUN,4-10,5.21,7.29,0.885,0.522,32.57,0.727,0.346,0.872,14.57,14.43,13.14,-3.79,9.36,0.221,18.93,0.286,0.4999090909090908,18.295454545454547,12.356363636363636,0.2214450289043452,38
2024,1,571447,0.5018850486912354,35,12,18,0,30,0.4,0.5052869352869352,0.4606824571395322,0.4678140819283507,Merrimack,America East,6-9,5.73,8.47,0.818,0.362,27.27,0.479,0.46,0.889,16.13,13.27,14.33,-3.93,10.4,0.261,17.0,0.4,0.5017857142857143,18.514285714285712,11.699285714285711,0.1827555660951959,37
2024,1,571415,0.5850739331288695,11,20,14,0,34,0.5882352941176471,0.5868712794318331,0.5642248714925261,0.5815506811184599,Michigan,Big Ten,10-7,7.65,8.88,0.876,0.588,30.94,0.59,0.455,0.83,20.53,10.76,11.24,1.65,12.88,0.3,15.18,0.588,0.5859285714285715,19.074285714285715,10.709285714285713,0.18613108448683388,11
2024,1,571416,0.439010545283447,63,10,16,0,26,0.3846153846153846,0.4381275587157941,0.4739908399030795,0.433715335487513,Monmouth,CAA,5-8,5.0,7.08,0.859,0.474,28.92,0.675,0.231,0.929,14.54,12.69,10.54,-1.0,9.54,0.267,16.92,0.385,0.43823076923076926,17.07384615384615,11.95615384615385,0.25162339191924654,63
2024,1,571417,0.5073168293282724,31,2,28,0,30,0.0666666666666666,0.5074272187507481,0.4408124558271375,0.3805833899988251,Mount St. Mary's,MAAC,1-14,4.87,8.2,0.88,0.439,32.27,0.575,0.333,0.912,12.73,12.0,13.33,-5.47,7.87,0.229,17.47,0.067,0.5075333333333333,17.887333333333334,11.164666666666665,0.17007208929026407,31
2024,1,571419,0.36725862176145546,73,16,12,0,28,0.5714285714285714,0.3639862651174868,0.4855378386709291,0.4462347350836185,NJIT,America East,8-6,7.57,8.43,0.83,0.589,31.0,0.792,0.378,0.873,19.36,13.29,10.71,1.07,11.79,0.303,19.93,0.571,0.3642307692307692,16.02230769230769,12.44923076923077,0.19525492364368327,73
2024,1,571439,0.5018850486912354,35,18,14,0,32,0.5625,0.5054411428032751,0.5192283475639398,0.5231526582926225,Navy,Patriot,9-7,6.38,6.75,0.845,0.571,33.13,0.647,0.365,0.879,17.25,12.38,10.75,0.13,10.88,0.267,17.25,0.563,0.5025,18.333571428571425,11.444285714285714,0.2085154156685509,35
2024,1,571418,0.5595428853863725,15,14,14,0,28,0.5,0.560954513384301,0.5448315496936219,0.541685144115556,North Carolina,ACC,7-7,7.57,8.57,0.886,0.618,35.43,0.652,0.422,0.854,19.93,10.71,10.43,1.93,12.36,0.267,16.29,0.5,0.5611428571428572,19.740000000000002,11.212142857142856,0.22174626978433098,15
2024,1,571420,0.5912860006887398,8,32,2,0,34,0.9411764705882352,0.6152017876293964,0.5937520850728025,0.6913330327299576,Notre Dame,ACC,16-1,9.41,8.76,0.902,0.571,34.24,0.553,0.675,0.84,25.06,11.88,8.94,6.71,15.65,0.374,14.59,0.941,0.5920769230769231,19.793076923076917,10.943846153846154,0.13285125374380843,8
2024,1,571421,0.6220549959839494,3,12,18,0,30,0.4,0.620627379156791,0.5577042479098172,0.5497397515558499,Ohio St.,Big Ten,6-9,5.0,9.2,0.888,0.541,34.0,0.629,0.35,0.897,15.53,10.8,10.13,0.4,10.53,0.266,16.13,0.4,0.623,19.562857142857144,11.035714285714286,0.15300746947219837,3
2024,1,571423,0.5820625692640237,12,18,12,0,30,0.6,0.5942877524379072,0.547970615971501,0.5841365302118289,Penn,Ivy League,9-6,6.6,6.07,0.861,0.461,28.27,0.62,0.467,0.815,17.47,15.87,10.93,-0.07,10.87,0.304,16.07,0.6,0.5834615384615385,19.913846153846155,11.204615384615384,0.17120460785702962,12
2024,1,571422,0.5522102123590636,16,22,10,0,32,0.6875,0.558046656162465,0.56667102156492,0.5925660834724624,Penn St.,Big Ten,11-5,7.44,7.44,0.885,0.444,31.31,0.676,0.308,0.839,20.63,13.19,9.94,3.25,13.19,0.315,15.75,0.688,0.5534615384615384,18.974615384615383,11.076153846153847,0.14757611615424632,16
2024,1,571424,0.5228492886271014,23,22,10,0,32,0.6875,0.5494831535853208,0.5630229786165413,0.5873723214467957,Princeton,Ivy League,11-5,6.75,9.56,0.851,0.508,34.06,0.577,0.435,0.899,19.94,13.06,10.44,2.75,13.19,0.289,14.88,0.688,0.5239230769230769,18.220000000000002,11.462307692307693,0.1573714183503773,23
2024,1,571425,0.49414640775339724,39,14,16,0,30,0.4666666666666667,0.512575358078454,0.5342308664143129,0.5065120623094719,Providence,Big East,7-8,6.8,7.0,0.874,0.444,28.8,0.625,0.353,0.875,18.47,11.13,13.07,-1.4,11.67,0.307,16.4,0.467,0.49464285714285705,17.809999999999995,11.535714285714288,0.21255742321374077,39
2024,1,571426,0.41571828213875284,66,18,10,0,28,0.6428571428571429,0.4191543283980258,0.4816157296915087,0.4906953823361758,Quinnipiac,MAAC,9-5,7.21,6.5,0.879,0.42,29.14,0.643,0.276,0.857,20.29,15.43,10.86,2.21,13.07,0.341,14.5,0.643,0.4152307692307692,16.275384615384613,11.959230769230768,0.21014359700201846,66
2024,1,571427,0.47604882346125055,49,20,12,0,32,0.625,0.4981973988988308,0.5233217321619394,0.5361791324899003,Richmond,Atlantic 10,10-6,7.69,9.38,0.877,0.481,33.19,0.745,0.32,0.863,21.31,11.13,9.38,4.25,13.63,0.325,15.56,0.625,0.47578571428571426,18.217857142857138,11.950000000000001,0.20070240178341825,50
2024,1,571428,0.46806895742065724,52,10,20,0,30,0.3333333333333333,0.4878199603312725,0.4971075004022447,0.4515201885995307,Robert Morris,ASUN,5-10,5.53,8.2,0.885,0.532,30.87,0.725,0.211,0.886,15.93,12.33,13.4,-3.0,10.4,0.269,18.73,0.333,0.46825,18.078333333333333,12.000833333333333,0.20240599669970255,52
2024,1,571429,0.5290259313522562,19,14,14,0,28,0.5,0.5407832363714716,0.5410246996328633,0.5306477930939516,Rutgers,Big Ten,7-7,5.21,6.21,0.879,0.521,27.86,0.656,0.423,0.889,15.64,13.0,11.07,-0.64,10.43,0.26,13.29,0.5,0.5296923076923077,18.330769230769228,11.132307692307693,0.16588939068194927,19
2024,1,571430,0.40951828082896297,67,26,10,0,36,0.7222222222222222,0.4172609013439463,0.4690426516322067,0.5064466691355805,Sacred Heart,MAAC,13-5,7.44,6.28,0.91,0.525,31.61,0.702,0.5,0.912,20.78,12.44,9.61,3.72,13.33,0.298,15.94,0.722,0.4082666666666667,16.608666666666668,12.002666666666666,0.18896965070849045,69
2024,1,571432,0.5039431521836563,33,24,8,0,32,0.75,0.5061137625596797,0.5275721082144277,0.5724499083334468,Saint Joseph's,Atlantic 10,12-4,6.31,9.44,0.883,0.501,32.94,0.759,0.291,0.749,19.38,9.38,10.25,2.81,13.06,0.292,15.56,0.75,0.5032857142857143,18.92428571428571,11.538571428571426,0.18133017579283714,34
2024,1,571433,0.40029874743300725,70,16,16,0,32,0.5,0.431624889271948,0.448243351354284,0.452873282474545,Siena,MAAC,8-8,7.31,9.0,0.891,0.473,29.13,0.684,0.382,0.887,19.38,10.69,11.25,0.81,12.06,0.287,15.38,0.5,0.4014615384615385,16.475384615384613,12.003846153846155,0.23738790565544673,70
2024,1,571375,0.4680277562767098,53,2,22,0,24,0.0833333333333333,0.4677644455217984,0.4722215010810762,0.3727709313645015,St. Bonaventure,Atlantic 10,1-11,4.75,7.75,0.748,0.39,24.0,0.635,0.231,0.893,12.67,13.17,14.33,-6.42,7.92,0.262,19.33,0.083,0.4678333333333333,17.790833333333328,11.755,0.1345893961482685,53
2024,1,571431,0.5895350278460437,9,8,22,0,30,0.2666666666666666,0.5892458659992597,0.4902932510640471,0.4838629124323083,St. John's (NY),Big East,4-11,4.6,6.4,0.852,0.469,27.67,0.538,0.2,0.862,13.73,12.67,14.4,-5.27,9.13,0.243,16.07,0.267,0.5893846153846153,19.436153846153847,10.75,0.14470954381451806,10
2024,1,571434,0.48827227150394964,42,8,20,0,28,0.2857142857142857,0.4880478473440658,0.490231449018995,0.4380103573553531,Stony Brook,CAA,4-10,7.5,6.79,0.835,0.467,30.07,0.604,0.468,0.913,19.36,12.71,11.5,0.36,11.86,0.292,14.71,0.286,0.48814285714285716,17.77785714285714,11.658571428571431,0.19659561728251693,42
2024,1,571435,0.6348146564702299,2,24,12,0,36,0.6666666666666666,0.6384255321561825,0.5579843784579064,0.6253755273592345,Syracuse,ACC,12-6,9.28,8.17,0.871,0.58,35.89,0.644,0.418,0.893,24.0,12.11,11.0,3.72,14.72,0.316,14.94,0.667,0.6358823529411765,20.724117647058822,10.82529411764706,0.1430001572820777,2
2024,1,571436,0.46240139521640244,55,26,8,0,34,0.7647058823529411,0.4689829778065071,0.5130166499048263,0.5539221219676954,Towson,CAA,13-4,9.41,10.29,0.914,0.565,34.88,0.694,0.439,0.812,23.94,10.41,9.12,5.41,14.53,0.338,15.41,0.765,0.4622,17.70933333333333,11.833333333333334,0.2132579658535643,55
2024,1,571377,0.5194278609136118,24,20,16,0,36,0.5555555555555556,0.512527033605465,0.5006044700367005,0.5203035232007965,UAlbany,America East,10-8,7.06,7.06,0.861,0.559,33.44,0.651,0.317,0.863,19.83,10.83,11.17,1.61,12.78,0.307,16.22,0.556,0.520375,18.8525,11.848749999999999,0.20556594896772176,24
2024,1,571411,0.4535502512738834,58,10,14,0,24,0.4166666666666667,0.4573126900332782,0.4756510501468995,0.4517357742200307,UMBC,America East,5-7,7.75,8.25,0.884,0.491,31.75,0.633,0.361,0.858,19.83,10.33,11.58,0.5,12.08,0.288,16.17,0.417,0.45354545454545464,17.746363636363636,11.881818181818181,0.22353985352885622,59
2024,1,571406,0.49014544276585775,40,0,24,0,24,0.0,0.4898402523402523,0.4490222982638522,0.3571757007360892,UMass Lowell,America East,0-12,3.0,5.58,0.845,0.467,28.08,0.526,0.176,0.896,9.58,13.83,15.17,-8.58,6.58,0.202,21.08,0.0,0.4899166666666666,18.22083333333333,11.784166666666666,0.1345922597658903,40
2024,1,571376,0.5018850486912354,35,24,10,0,34,0.7058823529411765,0.518919596628575,0.5286808187118752,0.5681005912275504,Utah,ASUN,12-5,8.53,9.88,0.879,0.457,33.76,0.721,0.409,0.915,23.35,12.06,10.88,3.94,14.82,0.307,14.06,0.706,0.5024615384615384,18.273076923076925,11.549999999999999,0.17424545701377933,36
2024,1,571442,0.39015177915864324,71,14,16,0,30,0.4666666666666667,0.389711974533403,0.4650004095587602,0.4277727563230583,VMI,MAAC,7-8,6.4,8.67,0.9,0.527,32.33,0.583,0.36,0.779,18.6,12.0,11.6,0.6,12.2,0.308,17.0,0.467,0.38971428571428574,15.704999999999998,12.665714285714284,0.24656277918946454,71
2024,1,571440,0.48369025362827456,47,16,16,0,32,0.5,0.4828979027508439,0.4935881649784441,0.489845992620033,Vermont,America East,8-8,6.94,7.94,0.878,0.553,35.31,0.554,0.393,0.864,19.25,13.69,12.63,-0.31,12.31,0.336,18.19,0.5,0.4825714285714286,18.731428571428573,11.883571428571429,0.18170687316417625,47
2024,1,571441,0.5183941918695314,25,18,14,0,32,0.5625,0.5488546380090498,0.548004196028966,0.5520533680117664,Villanova,Big East,9-7,6.25,11.13,0.827,0.518,31.31,0.622,0.2,0.796,17.13,10.13,10.31,0.56,10.88,0.282,18.69,0.563,0.5181428571428571,17.483571428571427,11.42357142857143,0.18017287616653746,25
2024,1,571443,0.6114033428886511,4,24,12,0,36,0.6666666666666666,0.6352534701089914,0.572586225391556,0.6274399580690513,Virginia,ACC,12-6,8.61,11.67,0.898,0.518,37.78,0.491,0.594,0.818,22.39,12.06,11.39,2.39,13.78,0.307,15.78,0.667,0.6106,20.089333333333336,10.61133333333333,0.15276072793751672,5
2024,1,571444,0.48838978651853954,41,2,28,0,30,0.0666666666666666,0.4885236145740347,0.4450313805922173,0.3721863191017383,Wagner,MAAC,1-14,3.8,6.47,0.823,0.418,21.8,0.714,0.288,0.934,10.73,12.0,13.73,-6.8,6.93,0.221,17.8,0.067,0.4885,17.819999999999997,11.22857142857143,0.16067480467435727,41
2024,1,571445,0.5449280208023384,18,22,8,0,30,0.7333333333333333,0.5550090549040129,0.5438959924198236,0.5968118588902956,Yale,Ivy League,11-4,7.87,8.0,0.862,0.544,36.13,0.578,0.194,0.822,23.4,12.8,12.8,2.73,15.53,0.324,15.0,0.733,0.544923076923077,19.37153846153846,11.44923076923077,0.1613517235675679,18
2024,2,571518,0.439010545283447,64,1,13,0,14,0.0714285714285714,0.4904811924769908,0.4669665123373531,0.3798393671799766,Adams St.,RMAC,1-13,3.57,10.43,0.76,0.273,25.57,0.815,0.169,0.902,10.36,13.36,18.71,-11.93,6.79,0.252,22.43,0.071,0.43822222222222224,19.39111111111111,13.254444444444443,0.24656564497908187,64
2024,2,571510,0.5706606973020336,11,17,2,0,19,0.8947368421052632,0.6137792335486649,0.5711261142730698,0.6733553558689157,Adelphi,NE10,17-2,8.42,10.79,0.895,0.341,28.26,0.87,0.321,0.772,22.42,14.05,7.74,6.26,14.0,0.33,14.53,0.895,0.5707857142857142,20.208571428571428,10.834285714285713,0.20370608328507753,11
2024,2,571511,0.47604882346125055,51,7,9,0,16,0.4375,0.4933142445574722,0.5178023503015574,0.4854827098541254,Alabama Huntsville,Peach Belt,7-9,6.19,11.44,0.824,0.481,32.13,0.659,0.32,0.761,19.75,9.44,12.19,1.38,13.56,0.294,17.5,0.438,0.47633333333333333,18.757333333333335,12.478666666666667,0.2086137313047463,51
2024,2,571512,0.49414640775339724,43,5,10,0,15,0.3333333333333333,0.4939864902326203,0.5132532381038669,0.4586398879756101,American Int'l,NE10,5-10,8.07,13.33,0.831,0.335,30.07,0.788,0.266,0.877,19.4,14.6,11.73,-0.4,11.33,0.314,22.0,0.333,0.4942,18.358,11.767333333333335,0.21060743893161357,43
2024,2,571465,0.5522102123590636,18,7,9,0,16,0.4375,0.565062664320114,0.5260226047454699,0.5234119833464245,Anderson (SC),SAC,7-9,6.56,9.31,0.899,0.64,39.19,0.667,0.318,0.862,20.25,12.06,11.63,2.06,13.69,0.262,18.88,0.438,0.5528666666666666,20.421333333333333,11.990666666666666,0.22402138786781547,18
2024,2,571513,0.5575638630231748,14,7,7,0,14,0.5,0.5727994841661361,0.5401125163732435,0.5464278711763789,Assumption,NE10,7-7,6.0,8.71,0.892,0.518,32.36,0.694,0.25,0.866,17.71,11.79,12.43,-0.71,11.71,0.243,16.86,0.5,0.558076923076923,20.015384615384615,11.228461538461538,0.2121546828789212,14
2024,2,571509,0.5133011137511152,34,7,10,0,17,0.4117647058823529,0.5231410483322704,0.4975176733002849,0.4888911189617947,Barton,Conference Carolinas,7-10,7.82,9.0,0.863,0.465,32.65,0.683,0.194,0.818,19.76,11.12,11.24,0.71,11.94,0.277,16.24,0.412,0.513,18.83,12.619333333333335,0.21767927477522214,34
2024,2,571482,0.5312387480409371,26,10,7,0,17,0.5882352941176471,0.5486346771563491,0.5073753671830689,0.5482200039033536,Belmont Abbey,Conference Carolinas,10-7,7.12,6.35,0.855,0.696,38.41,0.711,0.307,0.906,20.35,12.82,11.29,1.94,13.24,0.288,16.59,0.588,0.5315333333333333,20.021333333333335,12.391333333333334,0.236882493138593,26
2024,2,571450,0.5850739331288695,8,9,6,0,15,0.6,0.6253870914087633,0.5568788013711415,0.601913246047167,Bentley,NE10,9-6,6.4,10.0,0.852,0.556,34.27,0.659,0.286,0.848,18.67,9.13,11.07,1.2,12.27,0.285,16.2,0.6,0.5848181818181818,20.480909090909094,10.675454545454546,0.22677735103433228,8
2024,2,571524,0.4134599796538414,72,7,8,0,15,0.4666666666666667,0.4223065551006726,0.4645043433242174,0.4439460300480573,Bridgeport,CACC,7-8,7.93,12.4,0.809,0.594,33.6,0.628,0.377,0.753,19.53,11.73,10.93,0.67,11.6,0.262,21.4,0.467,0.4127857142857142,17.302857142857142,12.858571428571427,0.1946770874226008,73
2024,2,571483,0.43049682575160225,68,2,12,0,14,0.1428571428571428,0.4583979745744451,0.4740589753689918,0.3834280168437562,CSU Pueblo,RMAC,2-12,5.14,13.36,0.718,0.406,34.07,0.623,0.176,0.819,13.86,10.5,18.57,-9.86,8.71,0.272,24.36,0.143,0.43022222222222223,19.00222222222222,13.270000000000001,0.2569633686724747,68
2024,2,584259,0.4535502512738834,61,7,8,0,15,0.4666666666666667,0.4739079874373992,0.4792004926067334,0.4734207835370497,CUI,RMAC,7-8,7.53,11.8,0.826,0.65,38.13,0.902,0.338,0.84,21.0,9.6,11.0,2.47,13.47,0.295,19.2,0.467,0.453375,18.61125,13.78375,0.2809657174371991,61
2024,2,571467,0.4330344735988592,67,4,8,0,12,0.3333333333333333,0.4333395430821901,0.4658640526729693,0.4164691180426707,Caldwell,CACC,4-8,6.25,9.25,0.76,0.324,27.0,0.622,0.209,0.851,15.58,12.0,17.25,-7.92,9.33,0.317,23.0,0.333,0.4334166666666666,17.602500000000003,12.354166666666666,0.18093896684302757,67
2024,2,571470,0.5039431521836563,36,7,8,0,15,0.4666666666666667,0.5029087092244987,0.5183837986609876,0.4977169709441629,Catawba,SAC,7-8,5.47,8.53,0.849,0.339,26.67,0.691,0.286,0.901,16.8,12.07,12.67,-1.33,11.33,0.276,16.33,0.467,0.5030666666666668,19.994000000000003,12.107333333333333,0.25287268645616034,37
2024,2,571493,0.439010545283447,64,11,4,0,15,0.7333333333333333,0.4639395245277598,0.4854253310877919,0.5366594283691613,Chestnut Hill,CACC,11-4,8.13,10.0,0.85,0.503,31.33,0.809,0.357,0.817,20.2,12.13,6.87,5.2,12.07,0.327,18.27,0.733,0.43815384615384606,18.56923076923077,13.099230769230768,0.20219405992714645,65
2024,2,571485,0.3715394491834932,78,5,9,0,14,0.3571428571428571,0.3838409606266749,0.4673927600144273,0.3980543846026586,Chowan,Conference Carolinas,5-9,7.57,9.57,0.792,0.429,31.36,0.452,0.255,0.82,20.07,15.93,15.86,-3.36,12.5,0.38,19.43,0.357,0.3707692307692308,16.565384615384616,13.876153846153844,0.2114980101183547,78
2024,2,571471,0.5018850486912354,38,6,9,0,15,0.4,0.5148973741543401,0.5250260543147788,0.4887052006558647,Coker,SAC,6-9,4.6,12.4,0.839,0.328,22.87,0.678,0.224,0.93,12.4,14.87,13.07,-5.27,7.8,0.24,19.67,0.4,0.5027857142857142,20.37142857142857,12.31642857142857,0.2552128463435482,38
2024,2,571489,0.5018850486912354,38,13,4,0,17,0.7647058823529411,0.4389309287311416,0.512270802996871,0.5387096357030239,Colorado Mesa,RMAC,13-4,10.12,10.65,0.895,0.624,40.59,0.63,0.367,0.758,26.47,8.59,8.88,7.47,16.35,0.335,16.24,0.765,0.5018999999999999,19.971000000000004,12.834,0.27969070417159025,40
2024,2,571521,0.4626376369612048,58,2,14,0,16,0.125,0.4624506773863391,0.485251181473131,0.3837881340614523,D'Youville,ECC,2-14,3.63,9.69,0.768,0.479,30.81,0.763,0.387,0.868,11.06,13.13,16.06,-8.63,7.44,0.234,25.06,0.125,0.46256250000000004,19.194375,12.221875,0.1939784036787343,58
2024,2,571469,0.48838978651853954,45,10,4,0,14,0.7142857142857143,0.4884362663193933,0.529636437165545,0.5551986710225115,Davenport,GLVC,10-4,6.57,10.79,0.898,0.378,31.0,0.773,0.439,0.89,19.0,13.0,10.21,2.21,12.43,0.335,18.93,0.714,0.4885833333333333,19.16166666666667,12.270000000000001,0.17057865162114774,47
2024,2,571451,0.39862728722015,75,4,11,0,15,0.2666666666666666,0.3968138071079247,0.4823026746223977,0.3856492388762285,Davis & Elkins,G-MAC,4-11,4.07,11.73,0.82,0.436,27.33,0.726,0.147,0.912,11.53,15.93,16.4,-8.93,7.47,0.278,28.87,0.267,0.39684615384615385,18.186923076923076,13.603076923076923,0.2176241806961456,75
2024,2,571452,0.439010545283447,64,1,11,0,12,0.0833333333333333,0.4381206144073791,0.4556395057046263,0.3538035169631794,Dist. Columbia,ECC,1-11,2.75,9.33,0.633,0.219,25.08,0.676,0.167,0.893,8.25,19.25,19.33,-13.83,5.5,0.251,26.17,0.083,0.4380833333333334,18.268333333333334,12.995833333333332,0.25674872876456906,66
2024,2,584134,0.5226793999491097,30,2,10,0,12,0.1666666666666666,0.5400760889150983,0.4823183031160676,0.4322842869032327,Dominican (CA),DII Independent,2-10,4.42,8.83,0.849,0.429,27.17,0.667,0.173,0.887,14.0,13.42,17.25,-7.67,9.58,0.281,20.25,0.167,0.5229,19.821,12.093,0.2514245214771224,30
2024,2,571486,0.4134599796538414,72,4,9,0,13,0.3076923076923077,0.4129642416407123,0.4489088488753521,0.3956324099622711,Dominican (NY),CACC,4-9,4.92,8.69,0.83,0.434,34.15,0.587,0.296,0.84,14.23,12.0,13.92,-4.62,9.31,0.219,17.69,0.308,0.4129230769230769,17.810000000000002,13.088461538461539,0.21214706855911267,72
2024,2,571503,0.5393807189796257,23,6,8,0,14,0.4285714285714285,0.5378897771229704,0.5390502123175138,0.5108502987837208,Embry-Riddle (FL),Sunshine State,6-8,6.36,7.79,0.888,0.357,26.07,0.75,0.373,0.884,19.57,14.14,12.07,1.14,13.21,0.333,14.29,0.429,0.5379285714285714,20.612142857142857,12.250714285714285,0.14949412997826764,23
2024,2,571499,0.5148545386828186,33,1,15,0,16,0.0625,0.5146904310966811,0.4795383973383246,0.3928548148829217,Emmanuel (GA),Conference Carolinas,1-15,5.31,9.31,0.734,0.236,25.19,0.607,0.281,0.836,13.56,16.25,16.94,-8.69,8.25,0.304,25.06,0.063,0.51475,19.652500000000003,12.673125,0.15856367017699863,33
2024,2,571506,0.40759745907041905,74,4,10,0,14,0.2857142857142857,0.4070713658423742,0.4477569586745439,0.3869034940183946,Felician,CACC,4-10,3.71,8.57,0.776,0.469,35.21,0.655,0.235,0.871,12.5,14.57,15.07,-6.29,8.79,0.235,21.79,0.286,0.40714285714285714,17.132142857142856,13.217857142857143,0.19856983555373345,74
2024,2,571454,0.6055073235244592,4,10,7,0,17,0.5882352941176471,0.6245610191726564,0.5509473043327605,0.5970761591989301,Fla. Southern,Sunshine State,10-7,7.65,9.94,0.895,0.577,39.59,0.612,0.377,0.853,21.41,12.35,12.29,1.47,13.76,0.298,17.47,0.588,0.6079333333333333,21.961999999999996,11.204666666666666,0.1736350451057876,4
2024,2,571522,0.5967531025170719,5,7,9,0,16,0.4375,0.6068029678976854,0.5255949052558324,0.5441752102628008,Flagler,Peach Belt,7-9,6.63,7.94,0.823,0.536,31.88,0.772,0.27,0.894,19.0,11.88,12.69,-0.31,12.38,0.298,17.13,0.438,0.5971428571428571,21.69285714285714,11.605714285714287,0.18154057285311384,5
2024,2,571453,0.6114033428886511,3,6,9,0,15,0.4,0.630903048619767,0.5511419670706795,0.5532370160775534,Florida Tech,Sunshine State,6-9,6.0,8.73,0.857,0.415,27.4,0.615,0.264,0.856,17.53,14.2,13.73,-2.2,11.53,0.323,16.6,0.4,0.611909090909091,21.865454545454547,11.359999999999998,0.18591124693126337,3
2024,2,571455,0.5108853978782903,35,3,10,0,13,0.2307692307692307,0.5108867786707749,0.5241199738413443,0.4441656904880312,Franklin Pierce,NE10,3-10,3.69,9.38,0.802,0.312,25.77,0.712,0.283,0.876,11.38,13.23,12.31,-4.62,7.69,0.249,21.08,0.231,0.5109999999999999,19.055384615384614,11.664615384615386,0.20433720245636208,35
2024,2,571507,0.48369025362827456,48,13,4,0,17,0.7647058823529411,0.5145184544405997,0.5061551007729742,0.5749744730017787,Frostburg St.,ECC,13-4,10.0,11.29,0.859,0.616,39.24,0.738,0.301,0.792,26.06,8.82,9.41,6.65,16.06,0.317,17.18,0.765,0.48313333333333336,19.675333333333334,12.654,0.2178114985231241,48
2024,2,571487,0.49014544276585775,44,9,8,0,17,0.5294117647058824,0.5040459229655186,0.483231948057285,0.5051838896735512,Georgian Court,CACC,9-8,8.06,8.71,0.807,0.568,38.41,0.66,0.469,0.748,22.18,12.29,11.12,3.0,14.12,0.297,18.12,0.529,0.48975,18.554375,12.523125,0.24276699219622094,44
2024,2,571799,0.42465677695923454,69,2,13,0,15,0.1333333333333333,0.4228506039167803,0.4379060289622277,0.3542351425322804,Holy Family,CACC,2-13,3.87,10.2,0.62,0.414,34.47,0.759,0.143,0.82,10.47,16.27,17.47,-10.87,6.6,0.23,26.8,0.133,0.4229166666666666,17.634166666666665,13.173333333333332,0.18644188474934725,69
2024,2,571484,0.5353142358592355,25,8,8,0,16,0.5,0.5381859878454306,0.5183229739743662,0.5236737374163069,Lake Erie,G-MAC,8-8,6.25,11.31,0.89,0.29,26.94,0.595,0.233,0.849,18.81,10.25,11.81,0.75,12.56,0.301,17.31,0.5,0.535076923076923,20.372307692307693,12.037692307692307,0.20778149082387987,25
2024,2,571508,0.48838978651853954,45,12,4,0,16,0.75,0.4820954807361541,0.5251505945936674,0.559835389016494,Lander,Peach Belt,12-4,9.13,11.06,0.845,0.409,33.69,0.769,0.344,0.762,23.75,12.25,11.5,3.13,14.63,0.339,16.38,0.75,0.4886428571428571,19.96,12.907857142857143,0.212756268043592,46
2024,2,571491,0.4596968339555525,59,3,8,0,11,0.2727272727272727,0.4593998015873016,0.4697390213354877,0.4153164743093409,Lees-McRae,Conference Carolinas,3-8,3.91,8.09,0.819,0.451,34.0,0.783,0.111,0.766,13.36,12.82,14.36,-4.91,9.45,0.236,22.73,0.273,0.4595,18.965,13.60375,0.1990351727710457,59
2024,2,571472,0.5571425474436819,15,17,2,0,19,0.8947368421052632,0.6355215631959156,0.5624456958154972,0.6820564160781478,Lenoir-Rhyne,SAC,17-2,8.37,10.0,0.884,0.598,34.16,0.706,0.455,0.851,22.84,10.58,7.79,6.68,14.47,0.313,14.63,0.895,0.5575,20.303571428571427,11.304999999999998,0.23881246378098203,15
2024,2,571468,0.5521028764078837,19,14,5,0,19,0.7368421052631579,0.5855320832036519,0.5508193047155584,0.614681394096505,Lewis,GLVC,14-5,9.63,8.0,0.944,0.609,32.0,0.726,0.421,0.91,23.89,15.05,9.32,4.95,14.26,0.326,16.37,0.737,0.5519285714285714,19.504285714285718,11.452857142857145,0.20424546306753907,19
2024,2,571473,0.5219127667482446,31,17,2,0,19,0.8947368421052632,0.5725908876939512,0.5573227185455191,0.6493103340096712,Limestone,SAC,17-2,11.05,11.74,0.897,0.581,46.89,0.648,0.444,0.731,29.42,10.16,9.95,8.42,18.37,0.355,18.11,0.895,0.521375,19.825625,12.036875,0.19415324971527004,31
2024,2,571474,0.47347090591462715,52,4,11,0,15,0.2666666666666666,0.4728720791878686,0.5087903148013871,0.4303002849609477,Lincoln Memorial,SAC,4-11,5.27,7.93,0.866,0.511,28.07,0.659,0.17,0.805,15.87,10.93,13.13,-2.53,10.6,0.269,17.13,0.267,0.4730666666666667,19.828,12.874666666666664,0.2553610428828607,52
2024,2,571492,0.5724462288019275,10,5,10,0,15,0.3333333333333333,0.5622987073617326,0.5566111279768777,0.503635469008419,Lynn,Sunshine State,5-10,6.13,9.6,0.88,0.441,28.13,0.593,0.349,0.843,16.13,12.27,12.93,-2.93,10.0,0.256,17.87,0.333,0.5748461538461539,20.946153846153848,11.725384615384614,0.15873095096073545,10
2024,2,571523,0.44917503195337216,63,8,9,0,17,0.4705882352941176,0.4521359250771015,0.4888733079093731,0.4659333483394235,Malone,G-MAC,8-9,9.47,9.71,0.852,0.531,36.82,0.696,0.352,0.88,24.76,14.71,15.59,-0.29,15.29,0.334,20.94,0.471,0.44878571428571423,17.934285714285714,12.857857142857144,0.20640396541436773,63
2024,2,571475,0.5009949749966803,41,5,10,0,15,0.3333333333333333,0.5009144072301966,0.5059561781483469,0.4602795814855184,Mars Hill,SAC,5-10,5.13,5.67,0.795,0.577,33.53,0.662,0.309,0.906,14.53,15.33,13.93,-4.53,9.4,0.278,23.47,0.333,0.5010666666666667,19.78266666666667,12.373999999999997,0.23416417792271776,41
2024,2,571458,0.5652411997844625,12,13,5,0,18,0.7222222222222222,0.5888010467344833,0.5282465200287041,0.6070177089299733,Maryville (MO),GLVC,13-5,8.11,9.0,0.907,0.555,33.33,0.597,0.262,0.881,21.94,11.67,9.11,4.72,13.83,0.295,15.56,0.722,0.5666153846153845,20.977692307692312,11.135384615384616,0.18714434513807723,12
2024,2,571459,0.5262057227056925,28,14,2,0,16,0.875,0.5359506686446509,0.5373850155408899,0.6210715882075479,Mercy,ECC,14-2,11.25,9.56,0.851,0.685,43.06,0.594,0.341,0.751,28.25,11.5,9.44,7.56,17.0,0.396,18.69,0.875,0.5261428571428571,19.454285714285714,11.669285714285715,0.2262804382501808,29
2024,2,571460,0.594650699613747,6,13,5,0,18,0.7222222222222222,0.5852224635984423,0.5413467774151223,0.6085034817085573,Mercyhurst,G-MAC,13-5,9.06,8.61,0.915,0.553,32.78,0.708,0.333,0.788,25.17,10.28,9.83,6.28,16.11,0.346,14.67,0.722,0.5952666666666667,21.846666666666668,11.274,0.18148185094444627,6
2024,2,571461,0.5562628414099327,16,8,10,0,18,0.4444444444444444,0.5725893547552474,0.5025910155140096,0.5230535423672372,Molloy,ECC,8-10,8.17,8.67,0.835,0.515,30.61,0.667,0.414,0.802,21.11,13.28,11.61,1.33,12.94,0.311,19.22,0.444,0.5548823529411765,20.14764705882353,11.210588235294116,0.24282888730979008,17
2024,2,571501,0.4713110198074569,53,9,6,0,15,0.6,0.4683317771553065,0.5294502394059698,0.5165284484291457,Montevallo,Peach Belt,9-6,9.93,10.67,0.841,0.663,43.07,0.694,0.361,0.759,25.53,14.47,11.93,3.67,15.6,0.346,25.47,0.6,0.47064285714285703,18.861428571428572,13.022857142857143,0.19354202465129489,53
2024,2,571476,0.4805208851241903,50,12,3,0,15,0.8,0.4823189773189772,0.5014841311629665,0.5665305214502303,Mount Olive,Conference Carolinas,12-3,9.4,8.73,0.84,0.542,34.33,0.717,0.4,0.84,23.07,12.53,10.8,2.87,13.67,0.341,20.53,0.8,0.4797692307692308,19.875384615384615,12.457692307692309,0.19614992454601732,50
2024,2,571505,0.495748529574715,42,12,4,0,16,0.75,0.516844040247678,0.5473574936531362,0.5827613935371231,Newberry,SAC,12-4,10.56,9.19,0.87,0.564,35.69,0.675,0.675,0.888,27.19,13.31,9.88,6.75,16.63,0.385,16.06,0.75,0.49564285714285716,18.945,12.069285714285714,0.2567760578355214,42
2024,2,571488,0.4680277562767098,55,10,8,0,18,0.5555555555555556,0.4675124010263329,0.4968324392130169,0.4968531992053096,North Greenville,Conference Carolinas,10-8,8.94,7.5,0.855,0.583,33.39,0.659,0.329,0.839,23.56,11.83,13.44,1.17,14.61,0.313,19.0,0.556,0.467,19.093125,12.723125,0.2079194555591179,56
2024,2,571463,0.5562628414099327,16,13,4,0,17,0.7647058823529411,0.5817882475686155,0.5565271753514553,0.6212023882104069,Pace,NE10,13-4,8.53,11.59,0.886,0.588,40.88,0.694,0.26,0.805,23.59,10.35,10.18,4.88,15.06,0.34,17.29,0.765,0.5563571428571429,20.146428571428572,10.778571428571428,0.18730060145691593,16
2024,2,571502,0.48838978651853954,45,6,5,0,11,0.5454545454545454,0.4886449579831933,0.5434887478005791,0.5165583023053778,Palm Beach Atl.,Sunshine State,6-5,5.09,10.55,0.818,0.322,26.0,0.651,0.429,0.815,16.36,13.0,12.82,-1.55,11.27,0.288,14.64,0.545,0.4887,19.79,12.553,0.22235199571850037,45
2024,2,571477,0.39015177915864324,77,10,8,0,18,0.5555555555555556,0.4145468670122649,0.4679416350312881,0.4631477311528434,Post,CACC,10-8,9.33,10.17,0.851,0.494,34.67,0.621,0.545,0.79,23.28,12.28,10.06,3.89,13.94,0.345,17.5,0.556,0.3898,17.41733333333333,12.960666666666667,0.17538498605448907,77
2024,2,571520,0.4680277562767098,55,5,9,0,14,0.3571428571428571,0.4995836931263734,0.5283193676459853,0.4711574027603973,Quincy,GLVC,5-9,6.64,9.29,0.864,0.501,37.21,0.702,0.443,0.89,17.36,14.79,13.5,-2.79,10.71,0.277,21.43,0.357,0.4671818181818182,18.098181818181818,12.890909090909092,0.24141583068594555,55
2024,2,571496,0.46864741630149365,54,10,6,0,16,0.625,0.4874475351037851,0.5046813637692051,0.5261441084941938,Roberts Wesleyan,ECC,10-6,8.38,9.44,0.854,0.555,32.19,0.759,0.296,0.823,22.25,10.25,10.94,2.94,13.88,0.298,16.63,0.625,0.469,18.850666666666665,12.189999999999998,0.22759291143032845,54
2024,2,571478,0.5262057227056925,28,10,5,0,15,0.6666666666666666,0.5244311321019636,0.5316392133132337,0.561792036045957,Rockhurst,GLVC,10-5,7.73,9.73,0.899,0.601,34.2,0.719,0.455,0.883,21.87,10.33,10.27,3.87,14.13,0.297,16.27,0.667,0.5269090909090909,18.795454545454547,12.031818181818183,0.24712251453496226,28
2024,2,571464,0.5458562523187784,20,12,4,0,16,0.75,0.5494263524787906,0.5822468921412914,0.6077748992747182,Rollins,Sunshine State,12-4,7.75,11.81,0.868,0.485,31.69,0.76,0.333,0.814,21.31,11.69,9.81,3.75,13.56,0.305,15.5,0.75,0.5455384615384615,19.89923076923077,11.365384615384613,0.17318181436976104,20
2024,2,571515,0.528544669610379,27,9,6,0,15,0.6,0.5329928622166571,0.5573128920655489,0.5558246541247158,Saint Leo,Sunshine State,9-6,8.6,7.53,0.892,0.642,36.4,0.605,0.354,0.858,22.07,11.73,12.0,1.47,13.47,0.322,17.4,0.6,0.528846153846154,20.216153846153848,12.112307692307693,0.233270673468809,27
2024,2,571516,0.4812349406027838,49,9,5,0,14,0.6428571428571429,0.489376114818397,0.536220707575023,0.53945752001724,Saint Michael's,NE10,9-5,7.5,12.5,0.842,0.553,38.71,0.767,0.395,0.809,20.5,10.5,10.21,2.79,13.0,0.291,18.29,0.643,0.4809999999999999,18.03769230769231,11.726153846153846,0.21873517532184192,49
2024,2,571479,0.5421054183508555,22,7,10,0,17,0.4117647058823529,0.5425457497438921,0.5160755494180043,0.5032329386970353,Saint Rose,NE10,7-10,7.24,8.88,0.784,0.602,35.41,0.5,0.365,0.801,19.29,11.24,12.94,-0.88,12.06,0.321,21.88,0.412,0.5425882352941176,19.57,11.14,0.2155068059041372,22
2024,2,571494,0.5767381873326238,9,11,6,0,17,0.6470588235294118,0.5811639239028945,0.5279911960818762,0.5843444668542692,Seton Hill,G-MAC,11-6,8.24,11.24,0.907,0.585,33.06,0.702,0.357,0.847,24.06,10.12,8.41,7.41,15.82,0.303,15.59,0.647,0.5769285714285715,21.09785714285714,11.432857142857143,0.19813071597368465,9
2024,2,571497,0.42073141271095843,70,8,8,0,16,0.5,0.4182387601505249,0.4885799944793322,0.4562643786950955,Shorter,Peach Belt,8-8,4.94,6.56,0.77,0.394,30.19,0.667,0.33,0.836,15.75,17.88,15.06,-4.25,10.81,0.297,23.25,0.5,0.4184444444444445,18.871111111111112,13.703333333333333,0.1830465096399219,71
2024,2,571462,0.5449280208023384,21,4,9,0,13,0.3076923076923077,0.5446826836205259,0.5393852707344121,0.4841107364169429,Southern N.H.,NE10,4-9,5.31,9.08,0.877,0.632,36.0,0.583,0.353,0.882,15.69,13.62,11.69,-1.31,10.38,0.234,18.62,0.308,0.5447692307692307,19.033846153846152,11.393076923076924,0.20021033318685855,21
2024,2,571514,0.5595428853863725,13,12,5,0,17,0.7058823529411765,0.6165709222483945,0.5723008975447179,0.6278312737456708,St. Anselm,NE10,12-5,6.94,9.12,0.91,0.634,34.59,0.775,0.268,0.868,21.0,9.24,9.35,4.71,14.06,0.298,14.88,0.706,0.5606666666666665,20.265000000000004,10.931666666666665,0.21417217891738932,13
2024,2,571480,0.39414164665644896,76,5,11,0,16,0.3125,0.3944110117823353,0.4521778376472318,0.3883749653029756,St. Thomas Aquinas,ECC,5-11,5.06,9.13,0.785,0.497,31.88,0.667,0.169,0.813,13.13,14.63,13.13,-5.06,8.06,0.216,21.88,0.313,0.39437500000000003,17.945625,13.614999999999998,0.2279722776457699,76
2024,2,571517,0.6130001300675628,2,18,2,0,20,0.9,0.6243763318724619,0.5648004726732475,0.6783882841045429,Tampa,Sunshine State,18-2,8.8,7.5,0.903,0.622,37.15,0.7,0.442,0.862,25.25,9.9,8.9,7.55,16.45,0.356,12.65,0.9,0.616,21.768750000000004,10.79625,0.15218163489725034,2
2024,2,571809,0.5183941918695314,32,4,10,0,14,0.2857142857142857,0.5185044719642243,0.5023920744562637,0.4562788260247495,Tiffin,G-MAC,4-10,4.5,8.14,0.789,0.363,28.14,0.545,0.234,0.848,13.29,12.29,16.36,-7.57,8.79,0.265,18.79,0.286,0.5186,20.047000000000004,12.083,0.16942207648355628,32
2024,2,571490,0.5018850486912354,38,2,14,0,16,0.125,0.5021950710108605,0.5129013911968372,0.4105728833046395,Tusculum,SAC,2-14,6.25,6.44,0.733,0.39,31.25,0.609,0.365,0.877,15.63,16.44,18.19,-8.81,9.38,0.314,23.81,0.125,0.5023333333333334,19.639333333333337,12.472666666666665,0.24559551208349786,39
2024,2,571456,0.6394199728883843,1,11,6,0,17,0.6470588235294118,0.6454072392630943,0.5429755738676074,0.6202122189808019,UIndy,GLVC,11-6,6.0,10.35,0.887,0.567,37.65,0.71,0.283,0.88,17.94,9.35,8.71,3.24,11.94,0.248,17.35,0.647,0.63975,21.896875,10.458124999999999,0.1630964055397911,1
2024,2,583242,0.32905653542986624,79,1,10,0,11,0.0909090909090909,0.3288155471979002,0.4370332263180232,0.2963933529057286,Virginia St.,DII Independent,1-10,4.64,9.0,0.803,0.369,30.09,0.61,0.18,0.862,12.91,16.18,17.64,-9.36,8.27,0.256,23.73,0.091,0.329,15.95818181818182,14.639090909090909,0.1086286417947947,79
2024,2,571495,0.5368534379052887,24,6,10,0,16,0.375,0.5440465542942323,0.5154444022369137,0.4946343777063445,Walsh,G-MAC,6-10,6.63,5.13,0.822,0.567,30.75,0.676,0.469,0.863,16.88,13.31,12.19,-1.94,10.25,0.272,20.44,0.375,0.5363846153846153,20.13,11.926923076923076,0.19724000938393596,24
2024,2,571500,0.45505569069669444,60,11,3,0,14,0.7857142857142857,0.408109910630919,0.5086840542095901,0.5276545402964286,Westminster (UT),RMAC,11-3,11.5,13.0,0.884,0.511,34.29,0.81,0.389,0.849,29.0,12.21,10.5,7.0,17.5,0.348,19.71,0.786,0.45437500000000003,18.80125,13.26875,0.2950262435360624,60
2024,2,571466,0.45237392763850315,62,7,8,0,15,0.4666666666666667,0.4453123673711909,0.4873767083717172,0.4611670274451914,Wheeling,G-MAC,7-8,9.47,11.87,0.828,0.404,34.73,0.789,0.258,0.793,23.87,14.53,12.0,2.4,14.4,0.324,17.47,0.467,0.4507692307692307,18.89384615384615,12.854615384615384,0.21571924554709598,62
2024,2,583174,0.4680277562767098,55,7,8,0,15,0.4666666666666667,0.4736206560896962,0.5223547470444927,0.4840656814726379,William Jewell,GLVC,7-8,5.53,9.0,0.863,0.5,32.6,0.7,0.235,0.873,15.33,14.53,11.13,-1.33,9.8,0.287,23.0,0.467,0.46672727272727277,18.611818181818183,13.039090909090909,0.24046965066835768,57
2024,2,571504,0.5039431521836563,36,11,4,0,15,0.7333333333333333,0.5220005267064091,0.4767903682557756,0.5635311887504817,Wilmington (DE),CACC,11-4,10.07,9.53,0.808,0.587,37.27,0.71,0.528,0.724,27.33,10.6,12.0,5.27,17.27,0.37,17.73,0.733,0.5031538461538462,19.43923076923077,11.963846153846152,0.1955925301994493,36
2024,2,571481,0.5912860006887398,7,11,5,0,16,0.6875,0.5997535582215343,0.5524690982695438,0.6098690536781531,Wingate,SAC,11-5,11.19,13.19,0.918,0.529,40.75,0.714,0.388,0.779,26.44,12.0,7.94,7.31,15.25,0.314,15.25,0.688,0.593,20.840714285714284,11.512142857142857,0.24604180829397965,7
2024,2,571498,0.42073141271095843,70,6,9,0,15,0.4,0.4195349149760914,0.4910422429370448,0.4325280182223069,Young Harris,Conference Carolinas,6-9,5.47,8.53,0.813,0.498,33.0,0.702,0.23,0.858,15.6,11.33,14.2,-4.07,10.13,0.285,21.87,0.4,0.4202142857142857,18.39785714285714,13.566428571428572,0.18490390499292506,70
2025,1,594020,0.5425068913613497,20,9,8,0,17,0.5294117647058824,0.5390738346620699,0.4993467929341262,0.5267265567410371,Air Force,ASUN,9-8,6.94,7.41,0.836,0.456,29.59,0.75,0.463,0.841,19.12,10.76,11.35,0.82,12.18,0.332,16.41,0.529,0.5426428571428571,18.291428571428572,11.090714285714284,0.18865600105666894,20
2025,1,594022,0.44917503195337216,56,12,2,0,14,0.8571428571428571,0.4550715157858014,0.5320881815213468,0.5748435175589517,Army West Point,Patriot,12-2,9.93,9.93,0.879,0.543,34.93,0.659,0.436,0.834,24.14,12.43,7.5,6.71,14.21,0.278,16.21,0.857,0.4474615384615385,17.32923076923077,11.219999999999999,0.170611396221677,57
2025,1,593910,0.46514023595275833,48,8,9,0,17,0.4705882352941176,0.4618192918192919,0.4925763874223473,0.4717008015887621,Bellarmine,ASUN,8-9,5.94,7.0,0.853,0.499,25.59,0.543,0.255,0.898,17.18,13.0,13.24,-2.0,11.24,0.315,19.18,0.471,0.46464285714285714,16.48857142857143,12.154285714285711,0.21329342871896892,48
2025,1,593912,0.4983625824671155,30,5,9,0,14,0.3571428571428571,0.5098696259880471,0.4569382361697338,0.4584550863221713,Binghamton,America East,5-9,4.5,6.86,0.832,0.407,25.64,0.529,0.3,0.84,13.86,12.5,11.21,-1.86,9.36,0.238,15.43,0.357,0.4978461538461538,17.57461538461538,11.26769230769231,0.16375584365561108,31
2025,1,593915,0.4909328592300994,35,11,5,0,16,0.6875,0.5038233161854485,0.5232062752381812,0.5545882269022695,Boston U.,Patriot,11-5,7.94,9.0,0.843,0.524,34.88,0.627,0.564,0.747,19.63,12.69,9.81,1.88,11.69,0.28,18.81,0.688,0.4915,18.400714285714287,10.935714285714287,0.19188603388469935,36
2025,1,593918,0.6234489407077718,1,3,10,0,13,0.2307692307692307,0.6249618673380284,0.5137296781136885,0.498605660889744,Brown,Ivy League,3-10,4.08,8.92,0.862,0.48,28.46,0.6,0.276,0.846,12.46,13.54,11.31,-2.92,8.38,0.227,16.31,0.231,0.6250769230769231,19.38,10.649230769230769,0.1697602207361274,1
2025,1,593920,0.3738853110854813,73,10,5,0,15,0.6666666666666666,0.3813991332025387,0.4934333429381888,0.4807245690024832,Bryant,America East,10-5,7.4,9.6,0.905,0.554,32.13,0.622,0.429,0.863,19.73,11.2,10.07,2.27,12.33,0.297,16.87,0.667,0.3731538461538462,16.259230769230772,12.070000000000002,0.1864675043473119,73
2025,1,593922,0.48731575717712705,39,5,9,0,14,0.3571428571428571,0.4859831407908331,0.4930601543878977,0.4555423232781053,Bucknell,Patriot,5-9,8.07,9.14,0.823,0.465,32.5,0.509,0.429,0.827,21.0,12.21,13.07,-0.14,12.93,0.294,14.71,0.357,0.48600000000000004,17.542307692307688,11.186923076923076,0.19486050237186442,39
2025,1,593925,0.42073141271095843,64,6,10,0,16,0.375,0.4031880700998348,0.4694363627005239,0.4127031257250484,Canisius,MAAC,6-10,4.88,6.38,0.849,0.524,30.63,0.632,0.262,0.865,13.75,10.75,11.06,-2.19,8.88,0.258,20.0,0.375,0.4195714285714286,16.38642857142857,11.974285714285715,0.18745426653137648,65
2025,1,593927,0.5183941918695314,26,4,10,0,14,0.2857142857142857,0.5206627522803994,0.4761127440177344,0.4507881335732047,Cleveland St.,NEC,4-10,4.21,7.29,0.805,0.531,30.86,0.469,0.279,0.83,12.21,12.57,13.0,-5.0,8.0,0.24,19.43,0.286,0.51875,17.24,11.050833333333335,0.18855508699935233,26
2025,1,593929,0.5290259313522562,23,10,8,0,18,0.5555555555555556,0.5557357445902338,0.5374644493938537,0.5511228735324692,Colgate,Patriot,10-8,8.44,11.22,0.856,0.431,35.56,0.639,0.403,0.775,22.5,12.39,12.11,1.94,14.06,0.311,18.33,0.556,0.5299285714285715,18.49571428571429,10.797142857142857,0.18173311054782437,23
2025,1,593931,0.543626057938671,19,18,1,0,19,0.9473684210526316,0.5668207193382361,0.5859792903455733,0.6667472875186693,Cornell,Ivy League,18-1,10.32,7.11,0.895,0.582,34.53,0.558,0.474,0.843,26.05,11.95,10.26,5.47,15.74,0.361,14.47,0.947,0.5436428571428572,18.234285714285715,10.811428571428573,0.18821135806885422,19
2025,1,593933,0.49014544276585775,37,8,5,0,13,0.6153846153846154,0.4896122245223221,0.5443864409687227,0.5347488763494956,Dartmouth,Ivy League,8-5,6.62,9.15,0.837,0.495,36.77,0.621,0.368,0.864,18.08,14.92,10.69,0.77,11.46,0.294,16.23,0.615,0.4897692307692307,18.596153846153847,11.597692307692306,0.21219807649608666,37
2025,1,593934,0.46233725805555054,51,7,6,0,13,0.5384615384615384,0.4619379803203332,0.5034508578808098,0.4914470892457536,Delaware,CAA,7-6,6.54,7.38,0.877,0.643,32.85,0.514,0.294,0.865,18.69,12.38,11.31,0.85,12.15,0.264,14.15,0.538,0.462,17.345384615384617,11.65230769230769,0.2067305939176359,51
2025,1,593936,0.5262057227056925,24,7,7,0,14,0.5,0.5243008640703245,0.5243070817123654,0.5182272024632536,Denver,Big East,7-7,6.79,7.71,0.808,0.412,28.57,0.75,0.444,0.839,17.64,11.57,10.0,0.86,10.86,0.302,16.07,0.5,0.5252857142857142,18.575714285714287,11.477142857142857,0.19671096583981446,25
2025,1,593938,0.46206839231268465,52,6,7,0,13,0.4615384615384615,0.4826330532212886,0.4711464209041279,0.4744877472212916,Detroit Mercy,NEC,6-7,3.77,9.54,0.854,0.466,27.62,0.6,0.258,0.849,12.31,13.0,11.46,-2.92,8.54,0.224,16.77,0.462,0.46177777777777773,16.613333333333333,12.667777777777777,0.2708750338267026,52
2025,1,593940,0.4626376369612048,50,8,8,0,16,0.5,0.4955135824572744,0.4702115238937674,0.490309672202079,Drexel,CAA,8-8,7.38,7.94,0.864,0.502,29.94,0.513,0.195,0.858,19.63,10.25,10.13,2.13,12.25,0.319,17.38,0.5,0.46278571428571436,16.784285714285712,11.75357142857143,0.2224998165557602,50
2025,1,593943,0.5850739331288695,10,12,6,0,18,0.6666666666666666,0.594682614761304,0.5519376995745308,0.6019923989409514,Duke,ACC,12-6,7.0,8.72,0.838,0.502,30.72,0.574,0.426,0.867,19.0,11.11,9.78,2.22,12.0,0.311,14.83,0.667,0.5847500000000001,19.239375,10.20625,0.13148645367489384,11
2025,1,593946,0.42073141271095843,64,12,3,0,15,0.8,0.4254083171730231,0.4832226554060718,0.5335098224380295,Fairfield,CAA,12-3,8.2,11.6,0.878,0.562,34.2,0.75,0.375,0.813,22.13,9.93,9.27,4.67,13.93,0.301,16.13,0.8,0.42007142857142865,16.537142857142857,11.782857142857143,0.18853626566098036,64
2025,1,594056,0.48369025362827456,40,12,5,0,17,0.7058823529411765,0.4875432831702182,0.5530758738822475,0.5585111982909652,Georgetown,Big East,12-5,8.18,8.82,0.888,0.553,33.35,0.757,0.231,0.856,20.65,10.53,9.12,3.35,12.47,0.307,15.0,0.706,0.48379999999999995,17.44,10.766,0.17605877806384246,40
2025,1,593948,0.495748529574715,33,0,15,0,15,0.0,0.4963419687401588,0.4527954360172365,0.3613698433743885,Hampton,CAA,0-15,2.53,5.73,0.758,0.262,20.4,0.614,0.179,0.96,7.33,18.07,21.33,-16.53,4.8,0.19,21.07,0.0,0.4963076923076924,18.144615384615385,11.429230769230768,0.1875651208413041,33
2025,1,593949,0.5368534379052887,22,10,5,0,15,0.6666666666666666,0.5619033222825792,0.564460787697828,0.5887335247324132,Harvard,Ivy League,10-5,7.93,11.67,0.861,0.376,35.4,0.553,0.5,0.745,21.8,11.4,12.0,1.87,13.87,0.324,15.0,0.667,0.537,18.638461538461538,11.037692307692309,0.19428725758921622,22
2025,1,594040,0.5820625692640237,12,7,9,0,16,0.4375,0.597654360889655,0.5039976545993164,0.5342015940946566,High Point,Atlantic 10,7-9,6.19,6.44,0.854,0.589,32.13,0.657,0.297,0.878,16.5,12.69,11.5,-1.19,10.31,0.293,16.63,0.438,0.5836153846153846,18.96076923076923,10.437692307692307,0.12655831034412462,12
2025,1,593952,0.5400159615061642,21,5,9,0,14,0.3571428571428571,0.5404011500790495,0.5094838913929866,0.4868572621734857,Hobart,Atlantic 10,5-9,6.79,5.43,0.825,0.629,33.64,0.625,0.321,0.877,18.43,11.64,14.29,-2.64,11.64,0.265,17.79,0.357,0.5403846153846152,18.24153846153846,10.778461538461539,0.18000706757985427,21
2025,1,593954,0.42145324455186656,63,8,7,0,15,0.5333333333333333,0.4371383681677799,0.4940642161358661,0.4754185714511899,Hofstra,CAA,8-7,7.27,7.13,0.834,0.472,32.0,0.667,0.217,0.841,20.2,12.73,10.07,2.87,12.93,0.287,15.73,0.533,0.42214285714285715,16.896428571428572,12.320714285714285,0.23430195936710668,63
2025,1,593956,0.5108853978782903,29,4,11,0,15,0.2666666666666666,0.5119385574742717,0.4825009018649575,0.4432611708700419,Holy Cross,Patriot,4-11,4.93,8.67,0.847,0.417,29.07,0.694,0.3,0.897,13.27,11.73,12.67,-4.33,8.33,0.228,16.87,0.267,0.5119285714285715,18.342857142857145,10.863571428571428,0.1947916338353496,29
2025,1,594940,0.4699189528863625,47,2,13,0,15,0.1333333333333333,0.4704639804639804,0.4347800847201873,0.3772603447453704,Iona,MAAC,2-13,4.4,7.13,0.82,0.371,26.87,0.6,0.255,0.894,11.73,13.13,15.07,-7.73,7.33,0.224,18.27,0.133,0.46973333333333334,17.5,11.762666666666666,0.21358166796073322,47
2025,1,593958,0.40951828082896297,70,9,5,0,14,0.6428571428571429,0.4183309060154738,0.524101937061891,0.5009052229874954,Jacksonville,ASUN,9-5,9.14,8.79,0.877,0.541,32.5,0.816,0.388,0.859,22.21,11.0,11.79,1.29,13.07,0.322,17.29,0.643,0.4091666666666667,16.775000000000002,12.839999999999998,0.21695730506766123,70
2025,1,593960,0.5863385123557462,9,6,8,0,14,0.4285714285714285,0.5950414815048826,0.56724107429581,0.546473866469251,Johns Hopkins,Big Ten,6-8,6.21,6.36,0.888,0.573,25.86,0.706,0.321,0.862,16.29,10.14,10.79,-0.71,10.07,0.293,15.36,0.429,0.5866153846153848,18.340769230769233,9.866153846153846,0.16284184798638618,9
2025,1,593904,0.40029874743300725,71,10,5,0,15,0.6666666666666666,0.4191017111972994,0.4721712832327556,0.4942603430735052,LIU,NEC,9-5,7.29,7.64,0.852,0.515,29.79,0.65,0.386,0.871,19.64,11.0,11.0,1.36,12.36,0.294,12.93,0.643,0.3996363636363636,16.17,11.890000000000002,0.2128590112672845,71
2025,1,593962,0.439010545283447,61,10,6,0,16,0.625,0.4616168689698101,0.5162601446117276,0.516123470637837,Lafayette,Patriot,10-6,6.38,8.19,0.857,0.517,31.88,0.511,0.298,0.754,17.69,11.31,9.63,1.69,11.31,0.321,18.38,0.625,0.4386923076923077,17.656153846153845,11.264615384615384,0.19666425298555623,61
2025,1,594058,0.5967531025170719,7,5,10,0,15,0.3333333333333333,0.5941911969466148,0.5210010405731518,0.5106791919499287,Lehigh,Patriot,5-10,5.0,7.27,0.834,0.614,31.8,0.61,0.34,0.876,13.87,12.93,10.6,-1.73,8.87,0.236,19.87,0.333,0.5970000000000001,19.438571428571432,10.444285714285714,0.21542350316129788,8
2025,1,593966,0.5483239020480607,18,3,11,0,14,0.2142857142857142,0.5485094037615046,0.5249494301919256,0.4590634880001623,Loyola Maryland,Patriot,3-11,6.21,7.64,0.813,0.443,29.71,0.682,0.419,0.901,15.5,14.5,11.71,-2.43,9.29,0.27,16.29,0.214,0.5486428571428573,18.439999999999998,10.377857142857142,0.16975764537500307,18
2025,1,593968,0.4313344250021212,62,6,9,0,15,0.4,0.435284364758049,0.4575046542188307,0.4320183459337322,Manhattan,MAAC,6-9,4.67,8.53,0.876,0.397,26.33,0.621,0.257,0.898,13.53,13.6,10.6,-1.73,8.87,0.273,14.87,0.4,0.43157142857142855,17.14642857142857,11.547142857142857,0.2319937543142408,62
2025,1,593970,0.41571828213875284,68,8,8,0,16,0.5,0.4318147691769015,0.458688063646321,0.455579400500031,Marist,MAAC,8-8,5.69,6.25,0.878,0.574,30.19,0.594,0.319,0.86,17.38,10.19,12.25,-0.56,11.69,0.265,14.69,0.5,0.4167142857142857,16.814285714285713,11.723571428571429,0.19992906905465552,68
2025,1,593972,0.49414640775339724,34,7,7,0,14,0.5,0.5096577092375412,0.5141813662840626,0.5083741961897863,Marquette,Big East,7-7,7.21,6.64,0.823,0.54,27.64,0.581,0.556,0.863,18.64,11.57,12.5,-1.07,11.43,0.29,16.79,0.5,0.49469230769230776,17.74076923076923,11.296153846153848,0.12581939719319582,34
2025,1,593977,0.6055073235244592,4,14,4,0,18,0.7777777777777778,0.6301465574233893,0.5736084637535275,0.652919839094521,Maryland,Big Ten,14-4,6.56,7.11,0.908,0.512,26.61,0.786,0.286,0.906,17.67,11.78,8.11,3.0,11.11,0.312,13.5,0.778,0.6086666666666666,19.372000000000003,10.043333333333331,0.18481546351849337,4
2025,1,593979,0.4449337796292005,58,9,6,0,15,0.6,0.4658335475440738,0.5218909323999228,0.5133895068720176,Massachusetts,Atlantic 10,9-6,5.73,7.53,0.872,0.46,26.07,0.756,0.536,0.842,16.33,12.47,9.6,1.0,10.6,0.297,15.33,0.6,0.4445,16.620714285714286,11.169999999999998,0.20861370657612258,58
2025,1,593982,0.4780281805431861,42,2,11,0,13,0.1538461538461538,0.4778138528138528,0.4616547303723667,0.3927821474615566,Mercer,ASUN,2-11,5.08,6.54,0.786,0.47,28.92,0.684,0.3,0.911,15.38,14.38,14.0,-3.69,10.31,0.251,18.23,0.154,0.47781818181818175,18.05636363636364,12.286363636363633,0.2173973396934404,42
2025,1,594042,0.42073141271095843,64,3,10,0,13,0.2307692307692307,0.4179909833755987,0.4462409791596874,0.3782480441700289,Merrimack,MAAC,3-10,5.31,8.38,0.861,0.456,26.92,0.65,0.267,0.921,14.69,12.85,13.69,-4.31,9.38,0.246,18.54,0.231,0.419076923076923,16.89923076923077,11.753076923076925,0.19153286985968335,66
2025,1,594060,0.5646094496985398,16,7,7,0,14,0.5,0.5551053754835268,0.563360851261135,0.5433929005570471,Michigan,Big Ten,7-7,6.21,9.93,0.842,0.438,30.21,0.756,0.367,0.82,16.86,10.07,9.21,1.43,10.64,0.288,16.64,0.5,0.5643846153846153,17.876923076923077,10.565384615384614,0.16771704122467626,17
2025,1,593985,0.45505569069669444,55,5,9,0,14,0.3571428571428571,0.4543654000061563,0.4559219071166257,0.4304488910679488,Monmouth,CAA,5-9,5.5,7.36,0.841,0.429,26.5,0.618,0.396,0.896,16.43,11.57,10.71,0.21,10.93,0.29,15.43,0.357,0.45428571428571424,17.133571428571425,11.671428571428573,0.24491264581812155,55
2025,1,593988,0.4134599796538414,69,4,10,0,14,0.2857142857142857,0.412897999436461,0.4428470496934902,0.3885893335701744,Mount St. Mary's,MAAC,4-10,6.86,6.29,0.861,0.402,26.36,0.567,0.356,0.905,17.5,14.86,11.93,-1.29,10.64,0.32,17.07,0.286,0.4119999999999999,15.815384615384612,11.735384615384616,0.2139014870304696,69
2025,1,593992,0.44006072106561706,59,1,11,0,12,0.0833333333333333,0.4398379763511342,0.4665158986911541,0.3573812961816889,NJIT,America East,1-11,3.58,6.92,0.771,0.49,24.83,0.605,0.222,0.92,10.75,11.17,14.75,-7.58,7.17,0.198,19.42,0.083,0.4398333333333333,16.793333333333333,11.2425,0.16847840283615648,59
2025,1,594025,0.4805208851241903,41,8,7,0,15,0.5333333333333333,0.4909980658930238,0.5264401336319094,0.5104423996878226,Navy,Patriot,8-7,7.13,7.27,0.843,0.471,30.53,0.614,0.395,0.858,18.33,11.67,10.6,0.6,11.2,0.293,16.0,0.533,0.48076923076923084,17.800769230769234,11.18,0.2091720505841116,41
2025,1,593990,0.5820625692640237,12,10,5,0,15,0.6666666666666666,0.5877716759218308,0.5577531079037333,0.5999907816035154,North Carolina,ACC,10-5,6.4,7.73,0.894,0.635,34.33,0.6,0.429,0.795,19.2,10.07,9.33,3.47,12.8,0.292,16.0,0.667,0.5822857142857142,19.362142857142857,10.064999999999998,0.1566658995494318,13
2025,1,594063,0.5850739331288695,10,9,5,0,14,0.6428571428571429,0.6098825495110324,0.5751136805783774,0.6094339806143962,Notre Dame,ACC,9-5,8.14,8.36,0.868,0.555,33.79,0.615,0.357,0.829,21.79,12.14,9.14,4.5,13.64,0.324,14.36,0.643,0.5860833333333333,18.08583333333333,10.098333333333331,0.17427825372725717,10
2025,1,593994,0.5183941918695314,26,14,3,0,17,0.8235294117647058,0.5348949685454876,0.5575957898173478,0.6127287846682572,Ohio St.,Big Ten,14-3,6.88,9.18,0.864,0.484,31.06,0.632,0.389,0.85,19.18,12.76,9.12,3.18,12.29,0.323,17.0,0.824,0.517,17.33142857142857,10.504285714285713,0.13007140895896926,28
2025,1,593999,0.6055073235244592,4,4,10,0,14,0.2857142857142857,0.6064066922315485,0.551741760090332,0.5125673575669287,Penn,Ivy League,4-10,5.5,6.29,0.853,0.437,21.36,0.674,0.35,0.844,14.07,11.5,10.36,-1.79,8.57,0.249,16.64,0.286,0.6064285714285714,19.234285714285715,10.665714285714285,0.1625746924101193,5
2025,1,593997,0.6128606510822429,3,12,5,0,17,0.7058823529411765,0.6285576281000612,0.5682077429249679,0.6328013380165667,Penn St.,Big Ten,12-5,7.65,10.47,0.888,0.572,32.65,0.679,0.373,0.847,19.94,8.76,9.35,2.94,12.29,0.296,14.35,0.706,0.6136923076923076,19.060000000000002,10.368461538461535,0.16495658385227616,3
2025,1,594066,0.5646094496985398,16,13,4,0,17,0.7647058823529411,0.5929597944599765,0.5790265560853897,0.6324130068395709,Princeton,Ivy League,13-4,7.35,7.29,0.871,0.468,32.35,0.613,0.531,0.88,21.12,14.53,10.94,2.82,13.76,0.303,12.88,0.765,0.5645333333333332,18.194666666666667,10.483333333333333,0.1965403662242328,16
2025,1,594001,0.49014544276585775,37,7,8,0,15,0.4666666666666667,0.4921137685843568,0.5023343874750341,0.4883071478276036,Providence,Big East,7-8,7.53,6.4,0.816,0.519,29.07,0.579,0.29,0.844,19.27,11.47,10.87,0.87,11.73,0.302,16.07,0.467,0.4892857142857144,17.57428571428571,11.194285714285714,0.2001215446998679,38
2025,1,594003,0.47277059904905977,46,3,13,0,16,0.1875,0.4885455384076708,0.4401006305439177,0.4011729268398148,Quinnipiac,MAAC,3-12,5.47,8.53,0.868,0.462,27.87,0.648,0.162,0.924,14.6,13.2,13.33,-4.2,9.13,0.268,17.0,0.2,0.47278571428571425,17.21928571428571,11.409999999999998,0.19028444068642852,46
2025,1,594005,0.5785083551280463,14,14,4,0,18,0.7777777777777778,0.5947747107098773,0.5424414505237483,0.6274421624303201,Richmond,Atlantic 10,14-4,7.61,10.94,0.891,0.479,32.44,0.688,0.24,0.817,21.28,8.78,8.17,5.5,13.67,0.312,13.67,0.778,0.5804999999999999,18.078571428571426,10.31642857142857,0.17027907765111452,14
2025,1,594007,0.47767479194115575,43,11,6,0,17,0.6470588235294118,0.4904094543800426,0.4890841381463255,0.5292404676089557,Robert Morris,NEC,11-6,8.47,7.94,0.856,0.613,36.12,0.768,0.346,0.835,20.41,12.0,10.18,1.76,11.94,0.303,17.47,0.647,0.47730769230769216,16.729230769230767,11.547692307692309,0.18969140307975707,43
2025,1,594009,0.5724462288019275,15,7,9,0,16,0.4375,0.5851307189542483,0.5356112419492939,0.5358431699644476,Rutgers,Big Ten,7-9,5.5,8.5,0.873,0.571,31.31,0.553,0.222,0.813,14.5,11.44,8.88,0.13,9.0,0.23,16.88,0.438,0.5725714285714286,18.14785714285714,10.092142857142857,0.19966068154522074,15
2025,1,594068,0.39015177915864324,72,12,3,0,15,0.8,0.3941941391941392,0.4589588061998794,0.5118367711470394,Sacred Heart,MAAC,12-3,7.87,9.13,0.893,0.557,32.67,0.722,0.205,0.858,20.2,10.93,8.73,3.6,12.33,0.275,16.67,0.8,0.38853846153846155,16.120769230769227,11.766153846153847,0.21133954283773757,72
2025,1,594069,0.5183941918695314,26,9,6,0,15,0.6,0.511933551198257,0.5238457125928246,0.5369282037473346,Saint Joseph's,Atlantic 10,9-6,6.53,10.47,0.88,0.411,30.4,0.776,0.439,0.724,18.2,12.2,8.67,3.0,11.67,0.308,16.07,0.6,0.5173571428571427,17.29857142857143,10.58642857142857,0.15463071545868665,27
2025,1,594012,0.44917503195337216,56,11,5,0,16,0.6875,0.4749162569886254,0.4481029600625921,0.5213588685099607,Siena,MAAC,11-5,8.75,8.94,0.866,0.589,33.0,0.72,0.373,0.89,22.5,11.63,10.06,3.69,13.75,0.322,15.94,0.688,0.44907142857142857,16.710714285714285,11.482857142857142,0.19149616344001488,56
2025,1,593908,0.4596968339555525,53,6,10,0,16,0.375,0.4584938462564512,0.4856810762436764,0.4444171921891447,St. Bonaventure,Atlantic 10,6-10,4.69,6.56,0.773,0.471,27.31,0.481,0.367,0.872,12.19,12.25,12.06,-4.56,7.5,0.221,19.06,0.375,0.4585714285714286,17.476428571428574,11.397142857142857,0.1759921728315188,54
2025,1,594011,0.47444013523176204,44,4,11,0,15,0.2666666666666666,0.4737682252388134,0.4766712370978867,0.422718588560545,St. John's (NY),Big East,4-11,6.67,7.6,0.799,0.43,30.6,0.789,0.356,0.825,17.33,14.6,14.33,-3.67,10.67,0.275,19.2,0.267,0.4746,17.854666666666667,11.456666666666667,0.19726557395213865,45
2025,1,594015,0.47444013523176204,44,7,7,0,14,0.5,0.4746645699699998,0.4810290714276035,0.4825895528419008,Stony Brook,CAA,7-7,5.93,6.29,0.873,0.586,34.0,0.741,0.44,0.907,18.0,13.14,10.36,1.71,12.07,0.294,17.29,0.5,0.47461538461538466,16.675384615384615,11.397692307692308,0.22584628484590627,44
2025,1,594017,0.6032115598449316,6,13,6,0,19,0.6842105263157895,0.6213662380926517,0.562337546545979,0.6223201372617679,Syracuse,ACC,13-6,8.11,8.58,0.861,0.592,34.58,0.662,0.482,0.839,21.68,11.89,10.37,3.21,13.58,0.293,13.32,0.684,0.6036666666666668,19.672000000000004,10.644666666666668,0.1575642373411203,6
2025,1,594071,0.4983625824671155,30,11,6,0,17,0.6470588235294118,0.4999578064138253,0.5061261615054535,0.538275149465629,Towson,CAA,11-6,7.06,8.88,0.866,0.502,36.06,0.644,0.438,0.829,19.35,9.53,11.53,0.76,12.29,0.273,15.94,0.647,0.49766666666666665,17.875333333333334,11.146000000000003,0.19610156098874437,32
2025,1,594053,0.4909328592300994,35,10,9,0,19,0.5263157894736842,0.5297133616569007,0.5013790549851724,0.5217803919431645,UAlbany,America East,10-9,7.16,7.26,0.871,0.442,29.37,0.821,0.362,0.895,19.16,10.16,11.32,0.68,12.0,0.316,15.11,0.526,0.49181250000000004,18.098750000000003,11.290625,0.20109581632582513,35
2025,1,593974,0.4399509375654113,60,7,5,0,12,0.5833333333333334,0.446779247011445,0.4852562140405665,0.4905370103491975,UMBC,America East,7-5,5.58,8.0,0.908,0.549,26.67,0.694,0.29,0.784,16.67,9.67,10.0,1.08,11.08,0.284,15.92,0.583,0.43963636363636377,16.993636363636362,11.426363636363638,0.19668908216096367,60
2025,1,593964,0.42073141271095843,64,4,9,0,13,0.3076923076923077,0.4183930104982736,0.4627008664997772,0.401794798797158,UMass Lowell,America East,4-9,5.31,5.62,0.826,0.503,26.54,0.656,0.275,0.897,15.23,12.54,13.08,-3.15,9.92,0.29,16.77,0.308,0.4183636363636363,16.004545454545454,11.582727272727272,0.22844584507543886,67
2025,1,594051,0.5262057227056925,24,6,9,0,15,0.4,0.5216805345620029,0.5112358046737994,0.4886492184494513,Utah,ASUN,6-9,7.0,8.93,0.886,0.524,34.6,0.5,0.409,0.848,19.47,11.47,11.53,0.93,12.47,0.264,15.27,0.4,0.5253333333333333,18.575,11.344166666666666,0.1580022854968314,24
2025,1,594032,0.3270590637173134,74,10,4,0,14,0.7142857142857143,0.3262935593817946,0.4845285199389551,0.4628503382470647,VMI,NEC,10-4,8.0,8.86,0.919,0.44,28.0,0.714,0.541,0.794,22.64,14.5,9.64,5.0,14.64,0.325,14.21,0.714,0.32418181818181824,14.22,13.11909090909091,0.20837676461894175,74
2025,1,594027,0.4983625824671155,30,5,7,0,12,0.4166666666666667,0.499065442641294,0.4877274215539512,0.4756312433758015,Vermont,America East,5-7,6.67,7.42,0.86,0.703,32.08,0.565,0.357,0.902,17.17,11.5,10.83,-0.33,10.5,0.284,19.17,0.417,0.49899999999999994,17.13416666666667,11.18,0.18573053958176436,30
2025,1,594029,0.46514023595275833,48,8,7,0,15,0.5333333333333333,0.4805089899207546,0.5405662581187148,0.5087293928233894,Villanova,Big East,8-7,5.07,9.53,0.805,0.573,31.33,0.633,0.349,0.809,15.0,9.6,11.6,-1.67,9.93,0.238,19.93,0.533,0.4643846153846153,17.86769230769231,11.015384615384615,0.15093734740029283,49
2025,1,594033,0.6203764422184483,2,6,8,0,14,0.4285714285714285,0.6185348262111863,0.5667799623966344,0.5581052608476089,Virginia,ACC,6-8,6.93,9.93,0.855,0.497,35.93,0.868,0.447,0.832,17.93,11.0,10.93,0.07,11.0,0.267,16.14,0.429,0.6187142857142858,19.34,10.17357142857143,0.1288007478746192,2
2025,1,594036,0.4596968339555525,53,1,13,0,14,0.0714285714285714,0.4618733390792214,0.4359343157394015,0.3577773913316039,Wagner,NEC,1-13,3.79,6.5,0.877,0.497,27.07,0.636,0.286,0.873,12.29,11.79,14.0,-5.5,8.5,0.254,16.86,0.071,0.4599166666666667,16.754166666666666,11.262500000000003,0.20287535513763674,53
2025,1,594037,0.5967531025170719,7,5,8,0,13,0.3846153846153846,0.6241527068628758,0.5434443128625038,0.54409127780091,Yale,Ivy League,5-8,6.0,6.54,0.81,0.505,30.92,0.692,0.318,0.897,18.08,12.23,13.85,-1.77,12.08,0.28,15.69,0.385,0.5971666666666667,19.138333333333332,10.449999999999998,0.20181420223121618,7
2025,2,594209,0.4909328592300994,39,0,8,0,8,0.0,0.4911764705882352,0.4721374822953542,0.3636226058679562,Adams St.,RMAC,0-8,2.0,7.88,0.68,0.252,16.63,0.556,0.212,0.904,7.38,10.13,19.63,-14.25,5.38,0.224,22.13,0.0,0.49125,19.6425,11.39,0.213246776060038,40
2025,2,594247,0.5393807189796257,19,19,1,0,20,0.95,0.5849449965239439,0.5537331838446428,0.6684057942231327,Adelphi,NE10,19-1,10.95,11.95,0.9,0.549,33.25,0.571,0.269,0.772,28.1,10.05,6.55,10.6,17.15,0.357,14.75,0.95,0.5394375,18.145625000000003,10.939375,0.24370396199846647,19
2025,2,594194,0.5488566642383986,13,2,14,0,16,0.125,0.5500239859469735,0.5219238134249959,0.4367429463297357,Alabama Huntsville,Peach Belt,2-14,4.81,9.25,0.746,0.505,28.38,0.519,0.255,0.883,14.63,13.06,14.38,-4.56,9.81,0.26,22.94,0.125,0.5494,19.311333333333334,10.957999999999998,0.19654034361083897,14
2025,2,594196,0.5194278609136118,26,2,11,0,13,0.1538461538461538,0.5192155685070664,0.522525954462865,0.4287008113307879,American Int'l,NE10,2-11,7.0,11.77,0.763,0.358,29.31,0.608,0.407,0.888,16.46,14.23,15.54,-6.08,9.46,0.291,19.85,0.154,0.5193076923076924,17.447692307692307,11.103076923076923,0.26018643747997455,28
2025,2,594107,0.5322590200440349,20,13,5,0,18,0.7222222222222222,0.5593430403350425,0.5331656477911577,0.5935184876708661,Anderson (SC),SAC,13-5,13.06,10.56,0.903,0.614,42.17,0.593,0.5,0.75,32.06,13.44,11.83,7.17,19.0,0.35,18.72,0.722,0.534,19.756875,12.508750000000001,0.20762135005822496,20
2025,2,594199,0.4843109711046171,46,10,4,0,14,0.7142857142857143,0.4890361205210829,0.5371586601290094,0.5573791538642224,Assumption,NE10,10-4,6.14,10.57,0.897,0.614,34.14,0.76,0.321,0.859,18.5,12.79,7.36,5.0,12.36,0.254,16.36,0.714,0.4857692307692308,18.14923076923077,11.550000000000002,0.2647056867385285,46
2025,2,594192,0.5322590200440349,20,5,10,0,15,0.3333333333333333,0.5424162057985586,0.470560434595712,0.4721815448815406,Barton,Conference Carolinas,5-10,7.67,6.6,0.86,0.561,28.2,0.529,0.324,0.841,19.47,10.67,12.53,-0.73,11.8,0.291,16.87,0.333,0.5336923076923077,19.504615384615384,12.276153846153845,0.20572138911845894,21
2025,2,594138,0.4349258478078456,65,11,4,0,15,0.7333333333333333,0.4539295889295889,0.4979123714823856,0.5347762206687242,Belmont Abbey,Conference Carolinas,11-4,5.67,8.87,0.908,0.448,29.0,0.725,0.327,0.867,17.27,14.87,7.47,4.13,11.6,0.266,17.13,0.733,0.4340769230769231,18.650769230769228,13.08153846153846,0.1675596158150018,65
2025,2,594078,0.5521028764078837,12,8,7,0,15,0.5333333333333333,0.6267094017094017,0.5462992039912926,0.5832628351858573,Bentley,NE10,8-7,6.53,9.4,0.816,0.581,31.8,0.794,0.364,0.868,17.6,10.27,9.4,1.67,11.07,0.272,17.33,0.533,0.5510909090909091,18.544545454545457,10.317272727272728,0.25204236820800746,12
2025,2,594220,0.42897433564254933,66,7,8,0,15,0.4666666666666667,0.4372884133410449,0.4837412970365661,0.4562461975963306,Bridgeport,CACC,7-8,6.2,12.13,0.81,0.576,35.67,0.644,0.244,0.811,16.27,13.6,12.6,-2.53,10.07,0.254,23.47,0.467,0.4285,17.43,12.01357142857143,0.22027734141953217,66
2025,2,594224,0.5183941918695314,29,8,7,0,15,0.5333333333333333,0.4909558469852587,0.5122087109270083,0.5068634345577148,CUI,RMAC,8-7,7.53,9.33,0.914,0.579,33.27,0.702,0.388,0.847,18.67,9.27,9.4,1.73,11.13,0.254,18.13,0.533,0.5188888888888888,18.28111111111111,11.596666666666668,0.32081993719026475,29
2025,2,594111,0.5073168293282724,36,0,12,0,12,0.0,0.5068478487886382,0.4598000393040187,0.3683739342203238,Caldwell,CACC,0-12,3.5,8.08,0.765,0.448,33.25,0.518,0.164,0.911,9.33,14.83,19.08,-13.25,5.83,0.191,24.83,0.0,0.5070833333333332,18.887500000000003,10.995833333333332,0.18096659836064283,36
2025,2,594117,0.47211325596015064,53,9,7,0,16,0.5625,0.4911323959408324,0.5022593284525643,0.5117560300835573,Catawba,SAC,9-7,6.75,7.75,0.797,0.507,31.94,0.7,0.49,0.865,20.06,10.88,11.25,2.06,13.31,0.303,17.38,0.563,0.47200000000000003,19.467333333333332,12.868000000000002,0.25488402591505543,53
2025,2,594245,0.5311345476985015,23,7,6,0,13,0.5384615384615384,0.538417048538506,0.4739339823746525,0.5223074044783007,Chestnut Hill,CACC,7-6,5.92,7.46,0.845,0.316,26.23,0.615,0.306,0.831,15.77,12.23,9.85,0.0,9.85,0.264,15.85,0.538,0.5309166666666666,19.576666666666668,11.288333333333334,0.2339079086354761,23
2025,2,594145,0.42145324455186656,68,1,11,0,12,0.0833333333333333,0.4222565628815629,0.4517684622848325,0.3449037303453229,Chowan,Conference Carolinas,1-11,5.08,9.42,0.779,0.374,26.08,0.717,0.279,0.894,13.25,14.58,17.58,-9.42,8.17,0.285,21.83,0.083,0.4223333333333333,18.270000000000003,13.049166666666665,0.17634215478879564,68
2025,2,594118,0.48838978651853954,43,7,9,0,16,0.4375,0.4886035879432744,0.5020249496289707,0.4791830313788798,Coker,SAC,7-9,5.19,9.75,0.822,0.529,25.81,0.714,0.313,0.927,14.81,13.0,13.5,-3.88,9.63,0.267,19.44,0.438,0.488625,20.705,13.125625,0.2474779977593968,43
2025,2,594244,0.4406064582250466,62,13,4,0,17,0.7647058823529411,0.396714487934211,0.5229575524900272,0.5202731026778475,Colorado Mesa,RMAC,13-4,9.47,10.29,0.889,0.573,37.06,0.621,0.317,0.771,24.41,12.47,8.88,6.06,14.94,0.324,17.29,0.765,0.44045454545454543,16.19090909090909,12.004545454545456,0.2810462154283732,62
2025,2,594214,0.4456211152470233,60,6,8,0,14,0.4285714285714285,0.4469608356162978,0.4642003141627625,0.4466733534916966,D'Youville,ECC,6-8,6.43,12.5,0.799,0.315,29.93,0.623,0.345,0.805,17.71,14.57,13.36,-2.07,11.29,0.314,21.0,0.429,0.4470714285714286,17.604285714285712,12.257142857142854,0.2146297357529654,60
2025,2,594114,0.48731575717712705,44,6,9,0,15,0.4,0.4895266400020933,0.4862914103647829,0.4663361725922423,Davenport,G-MAC,6-9,6.2,5.27,0.806,0.67,35.07,0.697,0.303,0.859,18.07,12.87,13.53,-1.67,11.87,0.279,19.73,0.4,0.4862307692307693,18.378461538461536,11.83923076923077,0.2031884891675154,45
2025,2,594081,0.41571828213875284,70,2,15,0,17,0.1176470588235294,0.4165560134310134,0.4250197492815046,0.3439447087417652,Davis & Elkins,G-MAC,2-15,4.0,8.12,0.746,0.282,26.47,0.543,0.144,0.922,10.65,19.88,21.29,-14.65,6.65,0.253,25.24,0.118,0.416625,18.060000000000002,12.428125000000001,0.19316148522673976,70
2025,2,594083,0.4680277562767098,55,0,12,0,12,0.0,0.4668142712550607,0.442134192581493,0.3439406837729036,Dist. Columbia,ECC,0-12,2.5,13.08,0.622,0.256,31.17,0.75,0.15,0.858,7.17,16.33,21.83,-17.17,4.67,0.17,27.5,0.0,0.46708333333333335,18.698333333333334,11.458333333333336,0.17307775628954233,55
2025,2,594228,0.5396100809118708,18,2,10,0,12,0.1666666666666666,0.52842394533571,0.4762297813035777,0.4249360846604161,Dominican (CA),RMAC,2-10,4.83,9.25,0.717,0.489,30.92,0.565,0.276,0.872,14.42,11.0,16.92,-7.33,9.58,0.282,19.67,0.167,0.5398571428571428,19.08285714285714,10.974285714285713,0.2826099930350399,18
2025,2,594147,0.37959349771234807,74,4,11,0,15,0.2666666666666666,0.3797639933166248,0.4729377707638645,0.3747831060159452,Dominican (NY),CACC,4-11,4.2,9.87,0.79,0.379,28.87,0.646,0.264,0.858,12.07,14.47,13.27,-5.4,7.87,0.207,21.0,0.267,0.3799333333333332,16.476666666666667,13.034,0.23539370330481563,74
2025,2,594178,0.5686020742692987,6,9,7,0,16,0.5625,0.5787768705967236,0.5604346468585188,0.5701220970129914,Embry-Riddle (FL),Sunshine State,9-7,6.25,6.19,0.859,0.433,25.75,0.721,0.4,0.914,16.81,13.13,11.75,-1.19,10.56,0.285,15.88,0.563,0.5678461538461538,19.467692307692307,10.778461538461537,0.2315927613302966,8
2025,2,594170,0.3738853110854813,75,8,7,0,15,0.5333333333333333,0.3700134669252317,0.4719093462300746,0.4363174033534678,Emmanuel (GA),Conference Carolinas,8-7,9.33,11.53,0.787,0.33,28.53,0.698,0.434,0.808,24.07,13.93,15.67,-0.93,14.73,0.386,19.73,0.533,0.37271428571428566,17.22857142857143,14.192142857142859,0.21967847562531295,75
2025,2,594942,0.5488566642383986,13,0,14,0,14,0.0,0.5495736452475727,0.4820017711629041,0.3952872654145123,Emory & Henry,SAC,0-14,1.36,8.93,0.604,0.352,26.21,0.514,0.063,0.876,4.86,18.43,22.14,-18.64,3.5,0.168,29.43,0.0,0.5496428571428571,22.22357142857143,12.222142857142858,0.17639388033718223,13
2025,2,594185,0.40759745907041905,72,4,9,0,13,0.3076923076923077,0.4069268956414704,0.4689899462892918,0.397634011316135,Felician,CACC,4-9,4.92,7.08,0.817,0.614,28.62,0.807,0.282,0.878,13.0,13.15,11.69,-3.62,8.08,0.233,22.15,0.308,0.40707692307692306,16.306923076923077,12.947692307692309,0.21388546954583015,72
2025,2,594087,0.6530660223265898,1,3,11,0,14,0.2142857142857142,0.6744254799208359,0.5373335469601416,0.5251175552718819,Fla. Southern,Sunshine State,3-11,4.5,8.57,0.847,0.625,33.79,0.707,0.189,0.903,14.36,12.93,11.64,-1.79,9.86,0.238,17.71,0.214,0.6530769230769231,19.609230769230773,9.995384615384616,0.17220938129474003,1
2025,2,594216,0.528544669610379,24,14,3,0,17,0.8235294117647058,0.5361549254282818,0.5414766448135487,0.6093289768587046,Flagler,Peach Belt,14-3,6.18,12.29,0.871,0.403,29.71,0.709,0.262,0.81,18.24,9.29,9.59,2.47,12.06,0.29,15.47,0.824,0.5286666666666665,19.144666666666673,10.838,0.2123762907880465,24
2025,2,594085,0.5686020742692987,6,6,10,0,16,0.375,0.5915467294143765,0.546852628960449,0.5262365219473004,Florida Tech,Sunshine State,6-10,5.38,7.63,0.884,0.413,27.69,0.653,0.179,0.853,15.56,11.56,11.63,-1.44,10.19,0.299,19.0,0.375,0.5684285714285714,19.125714285714285,11.129999999999999,0.23980608662766145,6
2025,2,594089,0.5686020742692987,6,2,10,0,12,0.1666666666666666,0.568307387057387,0.5186528909643336,0.4554835829364436,Franklin Pierce,NE10,2-10,3.08,8.08,0.814,0.371,27.75,0.646,0.342,0.899,9.58,15.33,12.92,-6.42,6.5,0.211,19.08,0.167,0.5683333333333334,19.085,10.426666666666666,0.2265819694699666,7
2025,2,594187,0.5133011137511152,33,7,9,0,16,0.4375,0.5284447833620627,0.4950686148409742,0.4973645453912749,Frostburg St.,ECC,7-9,6.44,11.38,0.863,0.639,41.88,0.802,0.243,0.807,17.69,12.38,8.75,2.5,11.25,0.259,21.38,0.438,0.5129333333333334,19.59,12.004666666666667,0.24957950414424837,35
2025,2,594149,0.478124070406951,50,12,7,0,19,0.631578947368421,0.5176571235781762,0.4924782532122821,0.5398428619342639,Georgian Court,CACC,12-7,7.21,10.21,0.824,0.502,31.21,0.66,0.4,0.794,18.42,13.68,12.05,-0.84,11.21,0.3,20.0,0.632,0.47887500000000005,18.331875,11.931875,0.27310938170447385,51
2025,2,594073,0.35560255414922015,76,9,7,0,16,0.5625,0.3527078631722594,0.4528641285665322,0.4301949637277628,Holy Family,CACC,9-7,8.56,11.69,0.797,0.404,37.0,0.658,0.338,0.702,22.5,14.25,12.25,1.69,13.94,0.295,24.25,0.563,0.3528666666666666,15.278666666666668,13.830000000000002,0.21100485513108197,76
2025,2,594143,0.478124070406951,50,7,7,0,14,0.5,0.4839375493787258,0.4844500028934133,0.4880812754127162,Lake Erie,G-MAC,7-7,4.07,9.57,0.843,0.301,27.57,0.794,0.289,0.847,13.0,11.57,9.43,-0.5,8.93,0.249,16.57,0.5,0.47808333333333336,19.14,12.313333333333333,0.20597995789774198,52
2025,2,594190,0.5459867778458296,15,9,7,0,16,0.5625,0.5372249522815506,0.5013870238030704,0.5345842320915429,Lander,Peach Belt,9-7,9.75,10.69,0.882,0.516,35.44,0.655,0.474,0.771,24.19,11.25,10.69,3.75,14.44,0.355,17.31,0.563,0.5462857142857143,21.215714285714284,11.982857142857142,0.2094166825703614,15
2025,2,594155,0.4134599796538414,71,3,10,0,13,0.2307692307692307,0.4128959276018099,0.4820470568564981,0.3846520357073372,Lees-McRae,Conference Carolinas,3-10,6.23,6.31,0.802,0.52,32.69,0.477,0.322,0.848,18.69,10.62,16.31,-3.85,12.46,0.342,21.38,0.231,0.41292307692307695,18.19,13.603076923076921,0.21482746620645693,71
2025,2,594239,0.5183941918695314,29,14,4,0,18,0.7777777777777778,0.5441424230510917,0.53863067838568,0.6011733255664103,Lenoir-Rhyne,SAC,14-4,9.0,10.44,0.907,0.644,37.33,0.522,0.549,0.816,25.22,7.5,10.33,5.89,16.22,0.31,12.11,0.778,0.5174666666666666,20.081333333333337,12.479999999999999,0.21395727507041107,31
2025,2,594237,0.48731575717712705,44,12,5,0,17,0.7058823529411765,0.5063376762657403,0.5105740546633729,0.5572829400340076,Lewis,GLVC,12-5,9.59,9.59,0.916,0.611,33.76,0.745,0.488,0.906,23.76,11.65,8.82,5.35,14.18,0.302,15.53,0.706,0.48666666666666664,18.982666666666667,11.107333333333333,0.22015075642739806,44
2025,2,594121,0.5194278609136118,26,16,3,0,19,0.8421052631578947,0.5325704494842509,0.5441773149215164,0.6128558692619782,Limestone,SAC,16-3,10.63,9.68,0.901,0.501,37.58,0.746,0.368,0.737,28.47,11.26,8.68,9.16,17.84,0.372,18.79,0.842,0.5206666666666666,19.91722222222222,12.075555555555557,0.2459335953734937,26
2025,2,594123,0.5646094496985398,9,4,10,0,14,0.2857142857142857,0.564156978580906,0.5083147166685859,0.4805857398861708,Lincoln Memorial,SAC,4-10,4.79,8.71,0.864,0.473,28.14,0.6,0.294,0.826,14.29,12.07,14.36,-4.86,9.5,0.255,18.36,0.286,0.5642857142857143,21.277142857142856,11.742857142857144,0.1810873619363351,9
2025,2,594157,0.478124070406951,50,10,5,0,15,0.6666666666666666,0.4844703032728242,0.5679594120888714,0.5508916713252967,Lynn,Sunshine State,10-5,7.07,11.6,0.869,0.521,26.07,0.729,0.264,0.789,17.4,12.67,9.0,1.33,10.33,0.275,16.33,0.667,0.47923076923076924,17.16923076923077,11.77692307692308,0.23749272178197015,50
2025,2,594218,0.4283620237737425,67,5,10,0,15,0.3333333333333333,0.4258495064692544,0.4692112675347855,0.4135609034516569,Malone,G-MAC,5-10,7.07,8.47,0.728,0.424,30.13,0.644,0.286,0.87,18.13,15.27,15.73,-4.67,11.07,0.289,22.4,0.333,0.42592857142857143,17.31,12.47857142857143,0.20000730853993248,67
2025,2,594125,0.5133011137511152,33,8,8,0,16,0.5,0.5135703228659885,0.509523676316622,0.5091660805121497,Mars Hill,SAC,8-8,5.69,6.56,0.852,0.467,32.19,0.658,0.324,0.918,17.38,14.38,13.81,-2.13,11.69,0.297,20.0,0.5,0.5136,20.560666666666673,12.662000000000003,0.22880437058762668,33
2025,2,594094,0.5575638630231748,11,14,5,0,19,0.7368421052631579,0.5724914094740556,0.533365120959282,0.6037975112926378,Maryville (MO),GLVC,14-5,8.0,10.63,0.882,0.574,37.26,0.661,0.406,0.8,21.58,8.79,8.89,4.68,13.58,0.275,17.42,0.737,0.5583571428571428,20.319285714285716,11.140714285714285,0.2346342464173479,11
2025,2,594233,0.49014544276585775,42,10,4,0,14,0.7142857142857143,0.5045940744718941,0.5225936508770876,0.5615168785266476,Mercy,ECC,10-4,9.29,10.79,0.857,0.573,35.79,0.704,0.381,0.775,23.07,12.5,9.29,4.5,13.79,0.322,19.71,0.714,0.48966666666666664,17.979166666666664,11.455833333333333,0.26852012132344116,42
2025,2,594096,0.4908883718320607,41,16,5,0,21,0.7619047619047619,0.5079987933094965,0.5090430645589838,0.5717363532706847,Molloy,ECC,16-5,8.71,11.9,0.894,0.589,38.71,0.795,0.346,0.825,23.43,12.43,7.57,7.14,14.71,0.299,17.67,0.762,0.4907222222222222,18.04388888888889,11.896666666666668,0.24548881068765538,41
2025,2,594174,0.4812349406027838,48,10,6,0,16,0.625,0.5043764640359066,0.5099281318858613,0.5359202649894186,Montevallo,Peach Belt,10-6,9.44,11.44,0.836,0.665,44.94,0.737,0.42,0.716,24.5,15.75,10.75,4.31,15.06,0.334,27.75,0.625,0.4817142857142857,17.74642857142857,12.502857142857144,0.23872531392838103,48
2025,2,594241,0.44917503195337216,58,7,7,0,14,0.5,0.4653455613014436,0.4654881089590392,0.4740448078904816,Mount Olive,Conference Carolinas,7-7,7.64,9.86,0.89,0.665,35.71,0.741,0.4,0.87,19.43,11.86,9.64,2.14,11.79,0.307,21.86,0.5,0.4484166666666667,19.223333333333333,12.849999999999996,0.21159728193486374,58
2025,2,594183,0.5228492886271014,25,10,7,0,17,0.5882352941176471,0.5375216804988249,0.5245780608463423,0.5469641789904097,Newberry,SAC,10-7,10.0,11.29,0.925,0.508,30.47,0.619,0.386,0.848,24.0,11.59,9.65,4.35,14.0,0.332,17.41,0.588,0.5244375,20.23,12.37375,0.20864412547145916,25
2025,2,594151,0.5148545386828186,32,12,6,0,18,0.6666666666666666,0.5166808581282266,0.5004110524451401,0.550109858842065,North Greenville,Conference Carolinas,12-6,8.44,9.06,0.844,0.554,31.67,0.615,0.342,0.829,22.06,11.83,11.44,2.17,13.61,0.308,17.61,0.667,0.5146249999999999,20.496875000000003,12.013749999999998,0.20804142466105158,32
2025,2,594943,0.44917503195337216,58,5,9,0,14,0.3571428571428571,0.4560945590357355,0.4757698512112766,0.4362754566064012,Northwood,G-MAC,5-9,5.86,6.86,0.84,0.416,31.71,0.763,0.338,0.925,16.79,12.64,15.43,-4.5,10.93,0.299,21.14,0.357,0.44783333333333336,17.599999999999998,12.31,0.21819403953565938,59
2025,2,594102,0.5999506261013666,4,11,5,0,16,0.6875,0.6173268206574127,0.5415920950650058,0.6159364340949578,Pace,NE10,11-5,7.5,12.31,0.839,0.557,39.75,0.696,0.351,0.86,20.63,9.56,9.69,3.44,13.13,0.306,17.13,0.688,0.6006153846153847,20.050769230769227,9.733076923076924,0.24709996060814007,4
2025,2,594176,0.5449280208023384,16,4,7,0,11,0.3636363636363636,0.5460226790440694,0.5715317292616485,0.5068033627465378,Palm Beach Atl.,Sunshine State,4-7,4.82,8.64,0.801,0.511,29.36,0.667,0.472,0.887,16.55,11.55,13.0,-1.27,11.73,0.295,15.27,0.364,0.5447,17.577,11.161000000000001,0.23307983610771651,16
2025,2,594127,0.39862728722015,73,9,7,0,16,0.5625,0.4186031484962406,0.4769692906123767,0.4691688969012144,Post,CACC,9-7,9.44,12.06,0.815,0.479,38.63,0.662,0.375,0.838,22.63,12.5,10.63,2.56,13.19,0.322,20.06,0.563,0.3961428571428571,16.205714285714286,12.837142857142855,0.2521699702136458,73
2025,2,594211,0.439010545283447,63,4,7,0,11,0.3636363636363636,0.4506315923498585,0.5155529658809485,0.4451131285542573,Quincy,GLVC,4-7,6.0,8.73,0.814,0.229,31.27,0.705,0.226,0.841,15.18,19.73,13.36,-4.18,9.18,0.256,20.64,0.364,0.43825000000000003,17.8275,11.86875,0.21585686808623902,63
2025,2,594163,0.42073141271095843,69,6,8,0,14,0.4285714285714285,0.4405865551348745,0.4941962582247636,0.4509851992664853,Roberts Wesleyan,ECC,6-8,8.57,9.79,0.865,0.656,36.57,0.707,0.293,0.762,21.79,10.29,10.14,3.07,13.21,0.314,19.43,0.429,0.4196153846153846,17.17230769230769,13.264615384615384,0.30273358139092393,69
2025,2,594130,0.5183941918695314,29,8,6,0,14,0.5714285714285714,0.5092140564359715,0.5076526765055883,0.5243773402015257,Rockhurst,GLVC,8-6,6.57,8.36,0.925,0.593,35.43,0.568,0.357,0.908,19.36,14.14,11.0,1.79,12.79,0.27,16.36,0.571,0.5181999999999999,18.246,11.111,0.2616523647896193,30
2025,2,594105,0.6290076216285767,2,10,8,0,18,0.5555555555555556,0.6373546946689361,0.5500027925710945,0.5950669343661306,Rollins,Sunshine State,10-8,5.5,7.5,0.907,0.464,25.94,0.69,0.302,0.86,17.11,10.72,11.94,-0.33,11.61,0.293,15.0,0.556,0.6318666666666667,20.038000000000004,9.992666666666668,0.20712761498382798,2
2025,2,594204,0.543626057938671,17,9,7,0,16,0.5625,0.5450152090341718,0.5506338014790033,0.5507910548868367,Saint Leo,Sunshine State,9-7,6.25,9.38,0.838,0.532,34.81,0.709,0.463,0.893,17.5,11.63,11.0,0.25,11.25,0.3,19.13,0.563,0.544,18.243333333333332,10.910666666666666,0.22633927336338838,17
2025,2,594207,0.5006439737748386,37,7,6,0,13,0.5384615384615384,0.5005212735981966,0.5239675891154723,0.515867918693351,Saint Michael's,NE10,7-6,7.46,11.92,0.848,0.559,34.92,0.75,0.479,0.851,18.85,12.77,10.23,1.15,11.38,0.3,19.38,0.538,0.5006923076923077,17.859230769230773,10.65846153846154,0.23668882025380092,37
2025,2,594159,0.5194278609136118,26,18,2,0,20,0.9,0.521975182540198,0.5054004898864839,0.6123377137417201,Seton Hill,G-MAC,18-2,12.75,12.0,0.919,0.721,40.4,0.742,0.368,0.719,33.3,8.65,5.5,15.05,20.55,0.345,16.15,0.9,0.5194705882352941,18.109411764705882,11.339411764705883,0.20817614646850754,27
2025,2,594165,0.126294433035868,78,0,3,0,3,0.0,0.1176470588235294,0.4165560134310134,0.162962532769518,Shorter,Conference Carolinas,0-3,2.33,3.67,0.754,0.569,22.67,0.667,0.15,0.908,5.33,14.0,13.33,-10.33,3.0,0.15,26.67,0.0,0.118,10.65,21.29,0.0,78
2025,2,594099,0.5312387480409371,22,5,9,0,14,0.3571428571428571,0.5425170068027211,0.5278788044032927,0.492513918787898,Southern N.H.,NE10,5-9,5.43,8.14,0.851,0.381,27.86,0.698,0.328,0.732,14.71,13.57,12.0,-2.71,9.29,0.258,20.57,0.357,0.5314615384615384,18.024615384615387,10.49923076923077,0.25988417993838814,22
2025,2,594201,0.5595428853863725,10,14,2,0,16,0.875,0.6033138736263737,0.5658506758704662,0.6618696057808033,St. Anselm,NE10,14-2,7.69,7.75,0.869,0.606,34.56,0.643,0.372,0.81,20.13,9.56,8.56,3.88,12.44,0.286,16.63,0.875,0.5593636363636364,19.862727272727273,9.748181818181818,0.25371826634613037,10
2025,2,594134,0.4843109711046171,46,4,10,0,14,0.2857142857142857,0.4844410132474043,0.4604147921437008,0.4287527760881988,St. Thomas Aquinas,ECC,4-10,7.36,7.36,0.694,0.617,39.57,0.697,0.198,0.817,18.57,17.14,14.71,-3.5,11.21,0.335,28.43,0.286,0.4846428571428572,18.504285714285714,11.719999999999999,0.23307712002157355,47
2025,2,594250,0.6234489407077718,3,21,1,0,22,0.9545454545454546,0.5946790413279999,0.5634108389496462,0.6768285940377752,Tampa,Sunshine State,21-1,6.68,7.95,0.857,0.596,32.5,0.741,0.432,0.863,20.18,10.77,7.45,6.05,13.5,0.327,14.64,0.955,0.6259411764705882,20.661176470588234,9.886470588235296,0.19789969847738384,3
2025,2,594076,0.4805208851241903,49,3,9,0,12,0.25,0.4793715271656448,0.4561173806892485,0.4162151087551345,Tiffin,G-MAC,3-9,3.67,7.92,0.836,0.428,29.92,0.622,0.175,0.934,10.75,16.42,12.17,-5.08,7.08,0.21,23.25,0.25,0.47945454545454547,18.80363636363636,12.466363636363637,0.20161004828690443,49
2025,2,594153,0.46206839231268465,56,5,11,0,16,0.3125,0.4618517636474292,0.4860062085182865,0.4305524339532863,Tusculum,SAC,5-11,8.31,8.19,0.755,0.358,33.25,0.654,0.4,0.803,21.25,13.31,17.56,-4.63,12.94,0.367,20.44,0.313,0.4618666666666666,19.64533333333333,13.53666666666667,0.24962742014628297,56
2025,2,594091,0.5863385123557462,5,7,8,0,15,0.4666666666666667,0.5980101620658896,0.5215839263361813,0.5460677292836568,UIndy,GLVC,7-8,6.53,8.47,0.853,0.527,31.0,0.707,0.452,0.871,17.07,10.93,9.47,1.07,10.53,0.252,18.4,0.467,0.588142857142857,20.900714285714283,10.37142857142857,0.2501556250310871,5
2025,2,594226,0.31921735696986786,77,3,11,0,14,0.2142857142857142,0.316925231631114,0.4479639237782492,0.3240250253315478,Virginia St.,DII Independent,3-11,4.57,11.36,0.777,0.442,34.79,0.639,0.117,0.81,13.5,14.64,13.79,-4.86,8.93,0.226,24.36,0.214,0.31707692307692315,16.63076923076923,15.662307692307689,0.20769076922507115,77
2025,2,594161,0.47008276292432105,54,10,8,0,18,0.5555555555555556,0.490389685285879,0.4803670089431248,0.5041754837676096,Walsh,G-MAC,10-8,7.22,9.28,0.859,0.499,31.06,0.733,0.393,0.797,20.11,14.0,11.33,1.56,12.89,0.31,19.67,0.556,0.47007142857142864,19.13285714285714,11.98,0.18732457099366112,54
2025,2,594172,0.5133011137511152,33,7,7,0,14,0.5,0.4724556489262371,0.4970958277364259,0.485501781397225,Westminster (UT),RMAC,7-7,8.36,7.93,0.888,0.523,29.29,0.805,0.311,0.865,21.07,12.71,10.36,2.36,12.71,0.314,19.29,0.5,0.5131111111111112,17.71777777777778,11.967777777777778,0.2622748534751894,34
2025,2,594109,0.436561771544163,64,8,7,0,15,0.5333333333333333,0.4669896163593642,0.4827806542503264,0.487523305075597,Wheeling,G-MAC,8-7,6.33,11.13,0.803,0.339,27.73,0.886,0.174,0.814,17.53,16.73,12.13,-0.93,11.2,0.296,21.33,0.533,0.4365833333333334,17.5875,12.468333333333332,0.19076401579496646,64
2025,2,594231,0.45237392763850315,57,2,12,0,14,0.1428571428571428,0.4538393347769729,0.4940002207329926,0.3861340082860203,William Jewell,GLVC,2-12,3.86,8.93,0.838,0.338,30.21,0.754,0.262,0.88,11.36,15.36,13.43,-5.93,7.5,0.236,22.86,0.143,0.4515833333333332,18.579166666666666,12.387500000000001,0.2216601972740157,57
2025,2,594180,0.4983625824671155,38,11,5,0,16,0.6875,0.5093989480913823,0.4810357463746145,0.5468334106393448,Wilmington (DE),CACC,11-5,9.63,11.88,0.884,0.601,38.19,0.727,0.379,0.769,25.81,11.31,9.0,7.19,16.19,0.329,17.38,0.688,0.49707142857142855,18.39357142857143,11.063571428571427,0.217887410075451,38
2025,2,594136,0.4909328592300994,39,15,5,0,20,0.75,0.5397997899932885,0.534608078640622,0.5910519146567997,Wingate,SAC,15-5,10.2,10.85,0.906,0.524,36.6,0.662,0.347,0.815,26.75,10.35,10.15,6.4,16.55,0.311,14.65,0.75,0.49175,19.675625,12.529375,0.2461631826654831,39
2025,2,594168,0.4437253700491716,61,6,9,0,15,0.4,0.4475876247935071,0.4862835098388767,0.4453646898564727,Young Harris,Conference Carolinas,6-9,6.53,10.73,0.872,0.518,32.87,0.737,0.227,0.881,17.27,10.8,14.0,-3.27,10.73,0.284,20.67,0.4,0.44353846153846155,19.844615384615388,13.563076923076922,0.22564935882048207,61
