academic_year,division,team_org_id,opp_org_id,team_name,opp_name,game_date,location,team_score,opp_score,result,goal_margin
2022,1,530081,530087.0,Air Force,Virginia,2022-02-05,A,11,21,L,-10
2022,1,530081,530034.0,Air Force,Denver,2022-02-12,A,9,13,L,-4
2022,1,530081,530030.0,Air Force,Colgate,2022-02-19,A,8,11,L,-3
2022,1,530081,530046.0,Air Force,Jacksonville,2022-02-27,H,9,15,L,-6
2022,1,530081,530028.0,Air Force,Canisius,2022-02-28,H,9,8,W,1
2022,1,530081,530053.0,Air Force,Marist,2022-03-05,H,17,8,W,9
2022,1,530081,530026.0,Air Force,Bryant,2022-03-12,A,16,10,W,6
2022,1,530081,530058.0,Air Force,Mercer,2022-03-19,A,13,10,W,3
2022,1,530081,530054.0,Air Force,Marquette,2022-03-26,A,16,9,W,7
2022,1,530081,530020.0,Air Force,Utah,2022-04-02,H,8,10,L,-2
2022,1,530081,530035.0,Air Force,Detroit Mercy,2022-04-09,A,13,4,W,9
2022,1,530081,530029.0,Air Force,Cleveland St.,2022-04-16,H,12,8,W,4
2022,1,530081,530072.0,Air Force,Robert Morris,2022-04-23,A,10,11,L,-1
2022,1,530081,530022.0,Air Force,Bellarmine,2022-04-30,H,9,7,W,2
2022,1,530081,530072.0,Air Force,"#2 Robert Morris @Huntsville, AL (2022 ASUN MLA Tournament)",2022-05-05,H,7,9,L,-2
2022,1,530082,530057.0,Army West Point,Massachusetts,2022-02-12,H,14,13,W,1
2022,1,530082,530073.0,Army West Point,Rutgers,2022-02-19,A,10,13,L,-3
2022,1,530082,530077.0,Army West Point,Siena,2022-02-23,H,20,10,W,10
2022,1,530082,530063.0,Army West Point,NJIT,2022-02-26,H,18,4,W,14
2022,1,530082,530079.0,Army West Point,Syracuse,2022-03-02,A,17,13,W,4
2022,1,530082,530045.0,Army West Point,Holy Cross,2022-03-06,H,14,8,W,6
2022,1,530082,530048.0,Army West Point,Lafayette,2022-03-11,A,18,12,W,6
2022,1,530082,530049.0,Army West Point,Lehigh,2022-03-19,H,10,11,L,-1
2022,1,530082,530051.0,Army West Point,Loyola Maryland,2022-03-26,A,14,12,W,2
2022,1,530082,530027.0,Army West Point,Bucknell,2022-04-02,A,10,9,W,1
2022,1,530082,530030.0,Army West Point,Colgate,2022-04-09,H,13,11,W,2
2022,1,530082,530031.0,Army West Point,Cornell,2022-04-16,A,17,10,W,7
2022,1,530082,530083.0,Army West Point,Navy,2022-04-23,H,11,12,L,-1
2022,1,530082,530024.0,Army West Point,Boston U.,2022-04-29,A,15,14,W,1
2022,1,530082,530051.0,Army West Point,"#3 Loyola Maryland @Boston, MA (2022 Patriot League MLA Tournament)",2022-05-06,H,14,13,W,1
2022,1,530082,530024.0,Army West Point,#1 Boston U. 2022 Patriot League MLA Tournament,2022-05-08,A,10,14,L,-4
2022,1,530022,530058.0,Bellarmine,Mercer,2022-01-29,A,4,9,L,-5
2022,1,530022,530059.0,Bellarmine,Michigan,2022-02-05,A,13,22,L,-9
2022,1,530022,530054.0,Bellarmine,Marquette,2022-02-12,H,8,9,L,-1
2022,1,530022,530028.0,Bellarmine,Canisius,2022-02-19,H,11,13,L,-2
2022,1,530022,530019.0,Bellarmine,St. Bonaventure,2022-02-22,A,12,13,L,-1
2022,1,530022,530040.0,Bellarmine,Hampton,2022-02-26,H,23,3,W,20
2022,1,530022,530026.0,Bellarmine,Bryant,2022-03-01,A,12,16,L,-4
2022,1,530022,530090.0,Bellarmine,High Point,2022-03-05,A,4,15,L,-11
2022,1,530022,530046.0,Bellarmine,Jacksonville,2022-03-11,H,2,16,L,-14
2022,1,530022,530086.0,Bellarmine,VMI,2022-03-19,A,17,8,W,9
2022,1,530022,530062.0,Bellarmine,North Carolina,2022-03-26,A,8,15,L,-7
2022,1,530022,530029.0,Bellarmine,Cleveland St.,2022-04-02,H,15,11,W,4
2022,1,530022,530072.0,Bellarmine,Robert Morris,2022-04-09,A,9,12,L,-3
2022,1,530022,530035.0,Bellarmine,Detroit Mercy,2022-04-16,H,13,8,W,5
2022,1,530022,530020.0,Bellarmine,Utah,2022-04-23,H,11,12,L,-1
2022,1,530022,530081.0,Bellarmine,Air Force,2022-04-30,A,7,9,L,-2
2022,1,530022,530020.0,Bellarmine,"#1 Utah @Huntsville, AL (2022 ASUN MLA Tournament)",2022-05-05,H,11,12,L,-1
2022,1,530023,530053.0,Binghamton,Marist,2022-02-12,H,9,11,L,-2
2022,1,530023,530068.0,Binghamton,Princeton,2022-02-22,A,9,22,L,-13
2022,1,530023,530048.0,Binghamton,Lafayette,2022-02-26,A,13,12,W,1
2022,1,530023,530027.0,Binghamton,Bucknell,2022-03-05,A,11,17,L,-6
2022,1,530023,530044.0,Binghamton,Hofstra,2022-03-08,A,12,6,W,6
2022,1,530023,530038.0,Binghamton,Fairfield,2022-03-14,H,11,16,L,-5
2022,1,530023,530021.0,Binghamton,UAlbany,2022-03-19,A,18,10,W,8
2022,1,530023,530055.0,Binghamton,UMBC,2022-03-26,H,12,8,W,4
2022,1,530023,530049.0,Binghamton,Lehigh,2022-03-29,H,10,12,L,-2
2022,1,530023,530078.0,Binghamton,Stony Brook,2022-04-16,H,3,7,L,-4
2022,1,530023,530063.0,Binghamton,NJIT,2022-04-19,A,18,8,W,10
2022,1,530023,530084.0,Binghamton,Vermont,2022-04-23,A,10,17,L,-7
2022,1,530023,530050.0,Binghamton,UMass Lowell,2022-04-30,H,7,9,L,-2
2022,1,530023,530055.0,Binghamton,"#3 UMBC @Burlington, VT (2022 AE MLA Tournament)",2022-05-05,H,6,7,L,-1
2022,1,530024,530091.0,Boston U.,Merrimack,2022-02-12,H,12,10,W,2
2022,1,530024,530026.0,Boston U.,Bryant,2022-02-19,H,13,8,W,5
2022,1,530024,530057.0,Boston U.,Massachusetts,2022-02-26,H,16,7,W,9
2022,1,530024,530030.0,Boston U.,Colgate,2022-03-05,A,18,6,W,12
2022,1,530024,530027.0,Boston U.,Bucknell,2022-03-12,H,12,7,W,5
2022,1,530024,530045.0,Boston U.,Holy Cross,2022-03-19,A,16,10,W,6
2022,1,530024,530042.0,Boston U.,Harvard,2022-03-22,A,10,13,L,-3
2022,1,530024,530048.0,Boston U.,Lafayette,2022-03-26,H,21,11,W,10
2022,1,530024,530083.0,Boston U.,Navy,2022-04-02,H,17,9,W,8
2022,1,530024,530089.0,Boston U.,Yale,2022-04-05,H,15,22,L,-7
2022,1,530024,530068.0,Boston U.,Princeton,2022-04-09,A,7,12,L,-5
2022,1,530024,530051.0,Boston U.,Loyola Maryland,2022-04-16,A,14,9,W,5
2022,1,530024,530049.0,Boston U.,Lehigh,2022-04-23,A,9,8,W,1
2022,1,530024,530082.0,Boston U.,Army West Point,2022-04-29,H,14,15,L,-1
2022,1,530024,530049.0,Boston U.,#4 Lehigh 2022 Patriot League MLA Tournament,2022-05-06,H,13,12,W,1
2022,1,530024,530082.0,Boston U.,#2 Army West Point 2022 Patriot League MLA Tournament,2022-05-08,H,14,10,W,4
2022,1,530024,530068.0,Boston U.,#5 Princeton 2022 NCAA DI MLA Championship,2022-05-14,A,5,12,L,-7
2022,1,530025,530070.0,Brown,Quinnipiac,2022-02-19,H,19,13,W,6
2022,1,530025,530062.0,Brown,North Carolina,2022-02-23,A,11,14,L,-3
2022,1,530025,530084.0,Brown,Vermont,2022-02-26,H,12,11,W,1
2022,1,530025,530085.0,Brown,Villanova,2022-03-01,H,15,14,W,1
2022,1,530025,530069.0,Brown,Providence,2022-03-05,A,22,10,W,12
2022,1,530025,530078.0,Brown,Stony Brook,2022-03-12,H,10,7,W,3
2022,1,530025,530042.0,Brown,Harvard,2022-03-19,A,11,12,L,-1
2022,1,530025,530057.0,Brown,Massachusetts,2022-03-26,H,7,10,L,-3
2022,1,530025,530068.0,Brown,Princeton,2022-04-02,H,9,17,L,-8
2022,1,530025,530067.0,Brown,Penn,2022-04-09,A,12,10,W,2
2022,1,530025,530089.0,Brown,Yale,2022-04-16,H,20,13,W,7
2022,1,530025,530031.0,Brown,Cornell,2022-04-23,A,13,8,W,5
2022,1,530025,530026.0,Brown,Bryant,2022-04-26,H,16,9,W,7
2022,1,530025,530032.0,Brown,Dartmouth,2022-04-30,H,15,6,W,9
2022,1,530025,530067.0,Brown,#4 Penn 2022 Ivy League MLA Tournament,2022-05-06,H,9,14,L,-5
2022,1,530025,530087.0,Brown,Virginia 2022 NCAA DI MLA Championship,2022-05-14,H,10,17,L,-7
2022,1,530026,530069.0,Bryant,Providence,2022-02-12,A,19,7,W,12
2022,1,530026,530024.0,Bryant,Boston U.,2022-02-19,A,8,13,L,-5
2022,1,530026,530032.0,Bryant,Dartmouth,2022-02-26,H,9,11,L,-2
2022,1,530026,530022.0,Bryant,Bellarmine,2022-03-01,H,16,12,W,4
2022,1,530026,530084.0,Bryant,Vermont,2022-03-05,A,6,16,L,-10
2022,1,530026,530081.0,Bryant,Air Force,2022-03-12,H,10,16,L,-6
2022,1,530026,530091.0,Bryant,Merrimack,2022-03-19,H,16,4,W,12
2022,1,530026,530043.0,Bryant,Hobart,2022-03-26,A,14,11,W,3
2022,1,530026,530018.0,Bryant,LIU,2022-04-02,H,8,4,W,4
2022,1,530026,530076.0,Bryant,Saint Joseph's,2022-04-09,A,10,11,L,-1
2022,1,530026,530074.0,Bryant,Sacred Heart,2022-04-16,H,22,10,W,12
2022,1,530026,530061.0,Bryant,Mount St. Mary's,2022-04-23,A,14,7,W,7
2022,1,530026,530025.0,Bryant,Brown,2022-04-26,A,9,16,L,-7
2022,1,530026,530088.0,Bryant,Wagner,2022-04-30,H,15,6,W,9
2022,1,530026,530043.0,Bryant,"#3 Hobart @Philadelphia, PA (2022 NEC MLA Tournament)",2022-05-05,H,5,21,L,-16
2022,1,530027,530058.0,Bucknell,Mercer,2022-02-05,A,16,14,W,2
2022,1,530027,530072.0,Bucknell,Robert Morris,2022-02-12,A,14,12,W,2
2022,1,530027,530075.0,Bucknell,St. John's (NY),2022-02-19,H,23,7,W,16
2022,1,530027,530053.0,Bucknell,Marist,2022-02-26,A,15,7,W,8
2022,1,530027,530023.0,Bucknell,Binghamton,2022-03-05,H,17,11,W,6
2022,1,530027,530024.0,Bucknell,Boston U.,2022-03-12,A,7,12,L,-5
2022,1,530027,530066.0,Bucknell,Penn St.,2022-03-15,H,12,11,W,1
2022,1,530027,530051.0,Bucknell,Loyola Maryland,2022-03-19,A,9,13,L,-4
2022,1,530027,530030.0,Bucknell,Colgate,2022-03-26,H,14,6,W,8
2022,1,530027,530082.0,Bucknell,Army West Point,2022-04-02,H,9,10,L,-1
2022,1,530027,530049.0,Bucknell,Lehigh,2022-04-10,A,12,13,L,-1
2022,1,530027,530045.0,Bucknell,Holy Cross,2022-04-17,H,23,7,W,16
2022,1,530027,530048.0,Bucknell,Lafayette,2022-04-22,H,19,16,W,3
2022,1,530027,530083.0,Bucknell,Navy,2022-04-29,A,6,13,L,-7
2022,1,530027,530051.0,Bucknell,#3 Loyola Maryland 2022 Patriot League MLA Tournament,2022-05-03,A,7,11,L,-4
2022,1,530028,530043.0,Canisius,Hobart,2022-02-12,A,13,22,L,-9
2022,1,530028,530022.0,Canisius,Bellarmine,2022-02-19,A,13,11,W,2
2022,1,530028,530059.0,Canisius,Michigan,2022-02-22,A,10,23,L,-13
2022,1,530028,530034.0,Canisius,Denver,2022-02-27,A,9,20,L,-11
2022,1,530028,530081.0,Canisius,Air Force,2022-02-28,A,8,9,L,-1
2022,1,530028,530029.0,Canisius,Cleveland St.,2022-03-06,H,10,12,L,-2
2022,1,530028,530072.0,Canisius,Robert Morris,2022-03-09,A,6,23,L,-17
2022,1,530028,530077.0,Canisius,Siena,2022-03-20,H,9,8,W,1
2022,1,530028,530084.0,Canisius,Vermont,2022-03-26,A,6,15,L,-9
2022,1,530028,530052.0,Canisius,Manhattan,2022-04-02,A,11,14,L,-3
2022,1,530028,530070.0,Canisius,Quinnipiac,2022-04-09,H,10,15,L,-5
2022,1,530028,530060.0,Canisius,Monmouth,2022-04-16,A,4,6,L,-2
2022,1,530028,530053.0,Canisius,Marist,2022-04-23,H,7,13,L,-6
2022,1,530028,530019.0,Canisius,St. Bonaventure,2022-04-30,A,12,13,L,-1
2022,1,530029,530065.0,Cleveland St.,Ohio St.,2022-02-12,A,9,17,L,-8
2022,1,530029,530058.0,Cleveland St.,Mercer,2022-02-19,H,9,11,L,-2
2022,1,530029,530059.0,Cleveland St.,Michigan,2022-02-26,A,5,13,L,-8
2022,1,530029,530028.0,Cleveland St.,Canisius,2022-03-06,A,12,10,W,2
2022,1,530029,530019.0,Cleveland St.,St. Bonaventure,2022-03-11,A,5,12,L,-7
2022,1,530029,530019.0,Cleveland St.,St. Bonaventure,2022-03-13,H,10,11,L,-1
2022,1,530029,530040.0,Cleveland St.,Hampton,2022-03-19,A,19,6,W,13
2022,1,530029,530086.0,Cleveland St.,VMI,2022-03-26,H,22,10,W,12
2022,1,530029,530022.0,Cleveland St.,Bellarmine,2022-04-02,A,11,15,L,-4
2022,1,530029,530020.0,Cleveland St.,Utah,2022-04-09,H,11,15,L,-4
2022,1,530029,530081.0,Cleveland St.,Air Force,2022-04-16,A,8,12,L,-4
2022,1,530029,530035.0,Cleveland St.,Detroit Mercy,2022-04-23,A,12,13,L,-1
2022,1,530029,530072.0,Cleveland St.,Robert Morris,2022-04-30,H,12,19,L,-7
2022,1,530030,530090.0,Colgate,High Point,2022-02-11,A,10,11,L,-1
2022,1,530030,530062.0,Colgate,North Carolina,2022-02-13,A,9,15,L,-6
2022,1,530030,530081.0,Colgate,Air Force,2022-02-19,H,11,8,W,3
2022,1,530030,530024.0,Colgate,Boston U.,2022-03-05,H,6,18,L,-12
2022,1,530030,530083.0,Colgate,Navy,2022-03-13,A,10,11,L,-1
2022,1,530030,530048.0,Colgate,Lafayette,2022-03-19,H,14,7,W,7
2022,1,530030,530027.0,Colgate,Bucknell,2022-03-26,A,6,14,L,-8
2022,1,530030,530031.0,Colgate,Cornell,2022-03-29,H,9,16,L,-7
2022,1,530030,530042.0,Colgate,Harvard,2022-04-02,A,6,7,L,-1
2022,1,530030,530082.0,Colgate,Army West Point,2022-04-09,A,11,13,L,-2
2022,1,530030,530049.0,Colgate,Lehigh,2022-04-16,H,9,8,W,1
2022,1,530030,530051.0,Colgate,Loyola Maryland,2022-04-23,H,10,11,L,-1
2022,1,530030,530045.0,Colgate,Holy Cross,2022-04-29,A,14,12,W,2
2022,1,530031,530021.0,Cornell,UAlbany,2022-02-19,H,16,8,W,8
2022,1,530031,530049.0,Cornell,Lehigh,2022-02-26,A,9,5,W,4
2022,1,530031,530043.0,Cornell,Hobart,2022-03-01,H,15,12,W,3
2022,1,530031,530065.0,Cornell,Ohio St.,2022-03-05,H,14,11,W,3
2022,1,530031,530066.0,Cornell,Penn St.,2022-03-12,A,16,15,W,1
2022,1,530031,530089.0,Cornell,Yale,2022-03-19,H,13,12,W,1
2022,1,530031,530067.0,Cornell,Penn,2022-03-26,A,11,15,L,-4
2022,1,530031,530030.0,Cornell,Colgate,2022-03-29,A,16,9,W,7
2022,1,530031,530032.0,Cornell,Dartmouth,2022-04-02,A,8,7,W,1
2022,1,530031,530042.0,Cornell,Harvard,2022-04-09,H,17,9,W,8
2022,1,530031,530079.0,Cornell,Syracuse,2022-04-11,A,16,15,W,1
2022,1,530031,530082.0,Cornell,Army West Point,2022-04-16,H,10,17,L,-7
2022,1,530031,530025.0,Cornell,Brown,2022-04-23,H,8,13,L,-5
2022,1,530031,530068.0,Cornell,Princeton,2022-04-30,A,18,15,W,3
2022,1,530031,530089.0,Cornell,"#3 Yale @Providence, RI (2022 Ivy League MLA Tournament)",2022-05-06,H,11,14,L,-3
2022,1,530031,530065.0,Cornell,Ohio St. 2022 NCAA DI MLA Championship,2022-05-15,H,15,8,W,7
2022,1,530031,530033.0,Cornell,"Delaware @Columbus, OH (2022 NCAA DI MLA Championship)",2022-05-22,H,10,8,W,2
2022,1,530031,530073.0,Cornell,"#6 Rutgers @East Hartford, CT (2022 NCAA DI MLA Championship)",2022-05-28,H,17,10,W,7
2022,1,530031,530056.0,Cornell,"#1 Maryland @East Hartford, CT (2022 NCAA DI MLA Championship)",2022-05-30,H,7,9,L,-2
2022,1,530032,530091.0,Dartmouth,Merrimack,2022-02-19,H,6,8,L,-2
2022,1,530032,530026.0,Dartmouth,Bryant,2022-02-26,A,11,9,W,2
2022,1,530032,530077.0,Dartmouth,Siena,2022-03-05,A,11,9,W,2
2022,1,530032,530084.0,Dartmouth,Vermont,2022-03-08,H,8,7,W,1
2022,1,530032,530075.0,Dartmouth,St. John's (NY),2022-03-19,H,17,10,W,7
2022,1,530032,530065.0,Dartmouth,Ohio St.,2022-03-22,A,6,12,L,-6
2022,1,530032,530042.0,Dartmouth,Harvard,2022-03-26,A,10,19,L,-9
2022,1,530032,530031.0,Dartmouth,Cornell,2022-04-02,H,7,8,L,-1
2022,1,530032,530078.0,Dartmouth,Stony Brook,2022-04-05,H,13,14,L,-1
2022,1,530032,530089.0,Dartmouth,Yale,2022-04-09,H,6,23,L,-17
2022,1,530032,530068.0,Dartmouth,Princeton,2022-04-16,A,10,12,L,-2
2022,1,530032,530067.0,Dartmouth,Penn,2022-04-23,H,12,16,L,-4
2022,1,530032,530025.0,Dartmouth,Brown,2022-04-30,A,6,15,L,-9
2022,1,530033,530063.0,Delaware,NJIT,2022-02-05,H,19,9,W,10
2022,1,530033,530061.0,Delaware,Mount St. Mary's,2022-02-12,H,12,6,W,6
2022,1,530033,530076.0,Delaware,Saint Joseph's,2022-02-15,A,12,11,W,1
2022,1,530033,530037.0,Delaware,Duke,2022-02-22,A,14,19,L,-5
2022,1,530033,530060.0,Delaware,Monmouth,2022-02-26,H,17,6,W,11
2022,1,530033,530059.0,Delaware,Michigan,2022-03-05,A,8,18,L,-10
2022,1,530033,530053.0,Delaware,Marist,2022-03-11,H,18,9,W,9
2022,1,530033,530047.0,Delaware,Johns Hopkins,2022-03-20,H,12,10,W,2
2022,1,530033,530085.0,Delaware,Villanova,2022-03-26,A,13,18,L,-5
2022,1,530033,530057.0,Delaware,Massachusetts,2022-04-02,A,10,11,L,-1
2022,1,530033,530044.0,Delaware,Hofstra,2022-04-09,H,11,12,L,-1
2022,1,530033,530080.0,Delaware,Towson,2022-04-16,H,11,10,W,1
2022,1,530033,530036.0,Delaware,Drexel,2022-04-23,A,16,15,W,1
2022,1,530033,530038.0,Delaware,Fairfield,2022-04-30,A,14,12,W,2
2022,1,530033,530036.0,Delaware,#4 Drexel 2022 CAA MLA Tournament,2022-05-05,A,19,6,W,13
2022,1,530033,530080.0,Delaware,"#2 Towson @Philadelphia, PA (2022 CAA MLA Tournament)",2022-05-07,H,11,6,W,5
2022,1,530033,530072.0,Delaware,Robert Morris 2022 NCAA DI MLA Championship,2022-05-11,H,20,8,W,12
2022,1,530033,530039.0,Delaware,#2 Georgetown 2022 NCAA DI MLA Championship,2022-05-15,A,10,9,W,1
2022,1,530033,530031.0,Delaware,"#7 Cornell @Columbus, OH (2022 NCAA DI MLA Championship)",2022-05-22,H,8,10,L,-2
2022,1,530034,530020.0,Denver,Utah,2022-02-05,A,14,13,W,1
2022,1,530034,530081.0,Denver,Air Force,2022-02-12,H,13,9,W,4
2022,1,530034,530037.0,Denver,Duke,2022-02-19,A,10,19,L,-9
2022,1,530034,530046.0,Denver,Jacksonville,2022-02-26,H,9,11,L,-2
2022,1,530034,530028.0,Denver,Canisius,2022-02-27,H,20,9,W,11
2022,1,530034,530062.0,Denver,North Carolina,2022-03-05,A,16,17,L,-1
2022,1,530034,530089.0,Denver,Yale,2022-03-13,H,13,16,L,-3
2022,1,530034,530065.0,Denver,Ohio St.,2022-03-20,A,14,12,W,2
2022,1,530034,530080.0,Denver,Towson,2022-03-26,H,12,9,W,3
2022,1,530034,530039.0,Denver,Georgetown,2022-04-02,H,9,17,L,-8
2022,1,530034,530085.0,Denver,Villanova,2022-04-09,A,12,10,W,2
2022,1,530034,530075.0,Denver,St. John's (NY),2022-04-16,H,18,4,W,14
2022,1,530034,530069.0,Denver,Providence,2022-04-23,A,16,3,W,13
2022,1,530034,530054.0,Denver,Marquette,2022-04-29,H,16,8,W,8
2022,1,530034,530085.0,Denver,"#3 Villanova @Washington, DC (2022 Big East MLA Tournament)",2022-05-05,H,14,15,L,-1
2022,1,530035,530065.0,Detroit Mercy,Ohio St.,2022-02-05,A,7,18,L,-11
2022,1,530035,530059.0,Detroit Mercy,Michigan,2022-02-12,A,5,21,L,-16
2022,1,530035,530064.0,Detroit Mercy,Notre Dame,2022-02-19,A,2,24,L,-22
2022,1,530035,530054.0,Detroit Mercy,Marquette,2022-03-05,A,7,13,L,-6
2022,1,530035,530086.0,Detroit Mercy,VMI,2022-03-12,H,16,11,W,5
2022,1,530035,530090.0,Detroit Mercy,High Point,2022-03-26,A,8,18,L,-10
2022,1,530035,530072.0,Detroit Mercy,Robert Morris,2022-04-02,H,5,12,L,-7
2022,1,530035,530081.0,Detroit Mercy,Air Force,2022-04-09,H,4,13,L,-9
2022,1,530035,530022.0,Detroit Mercy,Bellarmine,2022-04-16,A,8,13,L,-5
2022,1,530035,530029.0,Detroit Mercy,Cleveland St.,2022-04-23,H,13,12,W,1
2022,1,530035,530020.0,Detroit Mercy,Utah,2022-04-30,A,9,16,L,-7
2022,1,530036,530055.0,Drexel,UMBC,2022-02-19,A,8,12,L,-4
2022,1,530036,530048.0,Drexel,Lafayette,2022-02-22,A,11,13,L,-2
2022,1,530036,530021.0,Drexel,UAlbany,2022-02-26,H,14,12,W,2
2022,1,530036,530018.0,Drexel,LIU,2022-03-05,A,10,8,W,2
2022,1,530036,530076.0,Drexel,Saint Joseph's,2022-03-08,H,18,17,W,1
2022,1,530036,530054.0,Drexel,Marquette,2022-03-12,A,11,10,W,1
2022,1,530036,530085.0,Drexel,Villanova,2022-03-19,A,12,15,L,-3
2022,1,530036,530072.0,Drexel,Robert Morris,2022-03-26,A,14,15,L,-1
2022,1,530036,530080.0,Drexel,Towson,2022-04-02,H,12,13,L,-1
2022,1,530036,530038.0,Drexel,Fairfield,2022-04-09,H,19,18,W,1
2022,1,530036,530044.0,Drexel,Hofstra,2022-04-16,A,10,7,W,3
2022,1,530036,530033.0,Drexel,Delaware,2022-04-23,H,15,16,L,-1
2022,1,530036,530057.0,Drexel,Massachusetts,2022-04-29,A,7,13,L,-6
2022,1,530036,530033.0,Drexel,#1 Delaware 2022 CAA MLA Tournament,2022-05-05,H,6,19,L,-13
2022,1,530037,530072.0,Duke,Robert Morris,2022-02-04,H,21,12,W,9
2022,1,530037,530084.0,Duke,Vermont,2022-02-06,H,15,7,W,8
2022,1,530037,530052.0,Duke,Manhattan,2022-02-11,H,17,7,W,10
2022,1,530037,530046.0,Duke,Jacksonville,2022-02-13,H,12,14,L,-2
2022,1,530037,530034.0,Duke,Denver,2022-02-19,H,19,10,W,9
2022,1,530037,530033.0,Duke,Delaware,2022-02-22,H,19,14,W,5
2022,1,530037,530067.0,Duke,Penn,2022-02-26,H,13,14,L,-1
2022,1,530037,530090.0,Duke,High Point,2022-03-01,A,18,14,W,4
2022,1,530037,530071.0,Duke,Richmond,2022-03-05,H,14,8,W,6
2022,1,530037,530051.0,Duke,Loyola Maryland,2022-03-13,A,10,12,L,-2
2022,1,530037,530080.0,Duke,"Towson @Washington, DC",2022-03-19,H,14,7,W,7
2022,1,530037,530079.0,Duke,Syracuse,2022-03-26,A,10,14,L,-4
2022,1,530037,530062.0,Duke,North Carolina,2022-04-02,A,15,6,W,9
2022,1,530037,530064.0,Duke,Notre Dame,2022-04-09,H,15,16,L,-1
2022,1,530037,530087.0,Duke,Virginia,2022-04-14,H,17,8,W,9
2022,1,530037,530062.0,Duke,North Carolina,2022-05-01,H,19,11,W,8
2022,1,530037,530064.0,Duke,Notre Dame,2022-05-07,A,14,16,L,-2
2022,1,530038,530078.0,Fairfield,Stony Brook,2022-02-12,A,12,13,L,-1
2022,1,530038,530088.0,Fairfield,Wagner,2022-02-19,H,16,9,W,7
2022,1,530038,530085.0,Fairfield,Villanova,2022-02-26,A,9,16,L,-7
2022,1,530038,530074.0,Fairfield,Sacred Heart,2022-03-01,A,19,16,W,3
2022,1,530038,530042.0,Fairfield,Harvard,2022-03-05,H,12,16,L,-4
2022,1,530038,530070.0,Fairfield,Quinnipiac,2022-03-08,H,14,10,W,4
2022,1,530038,530023.0,Fairfield,Binghamton,2022-03-14,A,16,11,W,5
2022,1,530038,530069.0,Fairfield,Providence,2022-03-19,H,15,11,W,4
2022,1,530038,530075.0,Fairfield,St. John's (NY),2022-03-22,H,14,17,L,-3
2022,1,530038,530044.0,Fairfield,Hofstra,2022-04-02,H,12,10,W,2
2022,1,530038,530036.0,Fairfield,Drexel,2022-04-09,A,18,19,L,-1
2022,1,530038,530057.0,Fairfield,Massachusetts,2022-04-16,A,16,13,W,3
2022,1,530038,530080.0,Fairfield,Towson,2022-04-23,H,8,12,L,-4
2022,1,530038,530033.0,Fairfield,Delaware,2022-04-30,H,12,14,L,-2
2022,1,530039,530047.0,Georgetown,Johns Hopkins,2022-02-13,H,16,8,W,8
2022,1,530039,530067.0,Georgetown,Penn,2022-02-19,A,10,8,W,2
2022,1,530039,530064.0,Georgetown,Notre Dame,2022-02-26,A,16,11,W,5
2022,1,530039,530061.0,Georgetown,Mount St. Mary's,2022-03-01,H,21,4,W,17
2022,1,530039,530068.0,Georgetown,Princeton,2022-03-05,H,8,10,L,-2
2022,1,530039,530071.0,Georgetown,Richmond,2022-03-12,A,15,10,W,5
2022,1,530039,530020.0,Georgetown,Utah,2022-03-19,H,16,6,W,10
2022,1,530039,530049.0,Georgetown,Lehigh,2022-03-26,A,14,11,W,3
2022,1,530039,530034.0,Georgetown,Denver,2022-04-02,A,17,9,W,8
2022,1,530039,530069.0,Georgetown,Providence,2022-04-09,A,15,5,W,10
2022,1,530039,530054.0,Georgetown,Marquette,2022-04-16,H,20,10,W,10
2022,1,530039,530051.0,Georgetown,Loyola Maryland,2022-04-19,H,14,7,W,7
2022,1,530039,530075.0,Georgetown,St. John's (NY),2022-04-23,H,23,6,W,17
2022,1,530039,530085.0,Georgetown,Villanova,2022-04-29,A,13,7,W,6
2022,1,530039,530054.0,Georgetown,#4 Marquette 2022 Big East MLA Tournament,2022-05-05,H,15,5,W,10
2022,1,530039,530085.0,Georgetown,#3 Villanova 2022 Big East MLA Tournament,2022-05-07,H,14,12,W,2
2022,1,530039,530033.0,Georgetown,Delaware 2022 NCAA DI MLA Championship,2022-05-15,H,9,10,L,-1
2022,1,530040,530061.0,Hampton,Mount St. Mary's,2022-02-19,A,5,17,L,-12
2022,1,530040,530086.0,Hampton,VMI,2022-02-21,H,6,15,L,-9
2022,1,530040,530022.0,Hampton,Bellarmine,2022-02-26,A,3,23,L,-20
2022,1,530040,530019.0,Hampton,St. Bonaventure,2022-03-05,A,0,21,L,-21
2022,1,530040,530029.0,Hampton,Cleveland St.,2022-03-19,H,6,19,L,-13
2022,1,530040,530071.0,Hampton,Richmond,2022-03-26,H,5,20,L,-15
2022,1,530040,530058.0,Hampton,Mercer,2022-04-09,A,6,22,L,-16
2022,1,530040,530090.0,Hampton,High Point,2022-04-15,H,8,25,L,-17
2022,1,530040,530046.0,Hampton,Jacksonville,2022-04-17,H,3,26,L,-23
2022,1,530040,530086.0,Hampton,VMI,2022-04-23,A,5,21,L,-16
2022,1,530042,530063.0,Harvard,NJIT,2022-02-19,H,17,4,W,13
2022,1,530042,530065.0,Harvard,"Ohio St. @Naples, FL",2022-02-26,H,12,17,L,-5
2022,1,530042,530038.0,Harvard,Fairfield,2022-03-05,A,16,12,W,4
2022,1,530042,530059.0,Harvard,Michigan,2022-03-12,A,14,9,W,5
2022,1,530042,530025.0,Harvard,Brown,2022-03-19,H,12,11,W,1
2022,1,530042,530024.0,Harvard,Boston U.,2022-03-22,H,13,10,W,3
2022,1,530042,530032.0,Harvard,Dartmouth,2022-03-26,H,19,10,W,9
2022,1,530042,530030.0,Harvard,Colgate,2022-04-02,H,7,6,W,1
2022,1,530042,530031.0,Harvard,Cornell,2022-04-09,A,9,17,L,-8
2022,1,530042,530067.0,Harvard,Penn,2022-04-16,A,8,11,L,-3
2022,1,530042,530068.0,Harvard,Princeton,2022-04-23,H,19,16,W,3
2022,1,530042,530089.0,Harvard,Yale,2022-04-30,A,16,17,L,-1
2022,1,530042,530073.0,Harvard,#6 Rutgers 2022 NCAA DI MLA Championship,2022-05-15,A,9,19,L,-10
2022,1,530090,530056.0,High Point,Maryland,2022-02-05,A,13,21,L,-8
2022,1,530090,530030.0,High Point,Colgate,2022-02-11,H,11,10,W,1
2022,1,530090,530087.0,High Point,Virginia,2022-02-13,A,10,11,L,-1
2022,1,530090,530083.0,High Point,Navy,2022-02-26,A,14,13,W,1
2022,1,530090,530037.0,High Point,Duke,2022-03-01,H,14,18,L,-4
2022,1,530090,530022.0,High Point,Bellarmine,2022-03-05,H,15,4,W,11
2022,1,530090,530072.0,High Point,Robert Morris,2022-03-11,A,13,11,W,2
2022,1,530090,530062.0,High Point,North Carolina,2022-03-20,H,12,14,L,-2
2022,1,530090,530035.0,High Point,Detroit Mercy,2022-03-26,H,18,8,W,10
2022,1,530090,530046.0,High Point,Jacksonville,2022-04-02,A,13,14,L,-1
2022,1,530090,530086.0,High Point,VMI,2022-04-08,H,16,5,W,11
2022,1,530090,530040.0,High Point,Hampton,2022-04-15,A,25,8,W,17
2022,1,530090,530071.0,High Point,Richmond,2022-04-23,H,5,16,L,-11
2022,1,530090,530058.0,High Point,Mercer,2022-04-30,A,11,14,L,-3
2022,1,530090,530071.0,High Point,#2 Richmond 2022 SoCon MLA Tournament,2022-05-05,H,11,12,L,-1
2022,1,530043,530028.0,Hobart,Canisius,2022-02-12,H,22,13,W,9
2022,1,530043,530049.0,Hobart,Lehigh,2022-02-19,H,14,13,W,1
2022,1,530043,530031.0,Hobart,Cornell,2022-03-01,A,12,15,L,-3
2022,1,530043,530079.0,Hobart,Syracuse,2022-03-06,A,16,18,L,-2
2022,1,530043,530074.0,Hobart,Sacred Heart,2022-03-19,A,8,9,L,-1
2022,1,530043,530026.0,Hobart,Bryant,2022-03-26,H,11,14,L,-3
2022,1,530043,530076.0,Hobart,Saint Joseph's,2022-04-02,A,12,16,L,-4
2022,1,530043,530088.0,Hobart,Wagner,2022-04-09,H,12,3,W,9
2022,1,530043,530091.0,Hobart,Merrimack,2022-04-16,A,12,11,W,1
2022,1,530043,530018.0,Hobart,LIU,2022-04-23,H,22,19,W,3
2022,1,530043,530061.0,Hobart,Mount St. Mary's,2022-04-30,H,14,7,W,7
2022,1,530043,530026.0,Hobart,"#2 Bryant @Philadelphia, PA (2022 NEC MLA Tournament)",2022-05-05,H,21,5,W,16
2022,1,530043,530076.0,Hobart,#1 Saint Joseph's 2022 NEC MLA Tournament,2022-05-07,A,7,14,L,-7
2022,1,530044,530091.0,Hofstra,Merrimack,2022-02-06,H,8,7,W,1
2022,1,530044,530074.0,Hofstra,Sacred Heart,2022-02-12,H,21,9,W,12
2022,1,530044,530083.0,Hofstra,Navy,2022-02-18,H,6,13,L,-7
2022,1,530044,530018.0,Hofstra,LIU,2022-02-25,H,11,14,L,-3
2022,1,530044,530075.0,Hofstra,St. John's (NY),2022-02-27,H,12,6,W,6
2022,1,530044,530085.0,Hofstra,Villanova,2022-03-05,A,6,8,L,-2
2022,1,530044,530023.0,Hofstra,Binghamton,2022-03-08,H,6,12,L,-6
2022,1,530044,530052.0,Hofstra,Manhattan,2022-03-12,H,8,4,W,4
2022,1,530044,530073.0,Hofstra,Rutgers,2022-03-19,H,10,22,L,-12
2022,1,530044,530069.0,Hofstra,Providence,2022-03-26,A,9,10,L,-1
2022,1,530044,530038.0,Hofstra,Fairfield,2022-04-02,A,10,12,L,-2
2022,1,530044,530033.0,Hofstra,Delaware,2022-04-09,A,12,11,W,1
2022,1,530044,530036.0,Hofstra,Drexel,2022-04-16,H,7,10,L,-3
2022,1,530044,530057.0,Hofstra,Massachusetts,2022-04-23,H,9,13,L,-4
2022,1,530044,530080.0,Hofstra,Towson,2022-04-30,A,15,14,W,1
2022,1,530045,530069.0,Holy Cross,"Providence @Smithfield, R.I.",2022-02-05,H,9,16,L,-7
2022,1,530045,530079.0,Holy Cross,Syracuse,2022-02-12,A,5,28,L,-23
2022,1,530045,530059.0,Holy Cross,Michigan,2022-02-19,A,3,20,L,-17
2022,1,530045,530091.0,Holy Cross,Merrimack,2022-02-27,H,9,11,L,-2
2022,1,530045,530082.0,Holy Cross,Army West Point,2022-03-06,A,8,14,L,-6
2022,1,530045,530049.0,Holy Cross,Lehigh,2022-03-13,A,7,17,L,-10
2022,1,530045,530024.0,Holy Cross,Boston U.,2022-03-19,H,10,16,L,-6
2022,1,530045,530083.0,Holy Cross,Navy,2022-03-26,A,8,14,L,-6
2022,1,530045,530051.0,Holy Cross,Loyola Maryland,2022-04-02,H,8,16,L,-8
2022,1,530045,530048.0,Holy Cross,Lafayette,2022-04-09,H,11,21,L,-10
2022,1,530045,530027.0,Holy Cross,Bucknell,2022-04-17,A,7,23,L,-16
2022,1,530045,530050.0,Holy Cross,UMass Lowell,2022-04-20,A,15,14,W,1
2022,1,530045,530077.0,Holy Cross,Siena,2022-04-23,H,8,11,L,-3
2022,1,530045,530030.0,Holy Cross,Colgate,2022-04-29,H,12,14,L,-2
2022,1,530046,530047.0,Jacksonville,Johns Hopkins,2022-02-05,A,8,11,L,-3
2022,1,530046,530037.0,Jacksonville,Duke,2022-02-13,A,14,12,W,2
2022,1,530046,530058.0,Jacksonville,"Mercer @Savannah, GA",2022-02-15,H,21,12,W,9
2022,1,530046,530054.0,Jacksonville,Marquette,2022-02-19,H,14,10,W,4
2022,1,530046,530034.0,Jacksonville,Denver,2022-02-26,A,11,9,W,2
2022,1,530046,530081.0,Jacksonville,Air Force,2022-02-27,A,15,9,W,6
2022,1,530046,530020.0,Jacksonville,Utah,2022-03-06,H,10,16,L,-6
2022,1,530046,530022.0,Jacksonville,Bellarmine,2022-03-11,A,16,2,W,14
2022,1,530046,530050.0,Jacksonville,UMass Lowell,2022-03-19,A,22,8,W,14
2022,1,530046,530075.0,Jacksonville,St. John's (NY),2022-03-26,H,25,4,W,21
2022,1,530046,530090.0,Jacksonville,High Point,2022-04-02,H,14,13,W,1
2022,1,530046,530071.0,Jacksonville,Richmond,2022-04-09,H,13,11,W,2
2022,1,530046,530086.0,Jacksonville,VMI,2022-04-16,A,25,6,W,19
2022,1,530046,530040.0,Jacksonville,Hampton,2022-04-17,A,26,3,W,23
2022,1,530046,530058.0,Jacksonville,Mercer,2022-04-23,H,17,5,W,12
2022,1,530046,530086.0,Jacksonville,"#4 VMI @High Point , NC (2022 SoCon MLA Tournament)",2022-05-05,H,13,5,W,8
2022,1,530046,530071.0,Jacksonville,"#2 Richmond @High Point, NC (2022 SoCon MLA Tournament)",2022-05-07,H,9,10,L,-1
2022,1,530047,530046.0,Johns Hopkins,Jacksonville,2022-02-05,H,11,8,W,3
2022,1,530047,530080.0,Johns Hopkins,Towson,2022-02-11,A,18,12,W,6
2022,1,530047,530039.0,Johns Hopkins,Georgetown,2022-02-13,A,8,16,L,-8
2022,1,530047,530051.0,Johns Hopkins,Loyola Maryland,2022-02-19,H,11,10,W,1
2022,1,530047,530062.0,Johns Hopkins,North Carolina,2022-02-27,A,10,15,L,-5
2022,1,530047,530087.0,Johns Hopkins,Virginia,2022-03-05,A,8,19,L,-11
2022,1,530047,530079.0,Johns Hopkins,Syracuse,2022-03-13,H,10,7,W,3
2022,1,530047,530083.0,Johns Hopkins,Navy,2022-03-18,H,10,11,L,-1
2022,1,530047,530033.0,Johns Hopkins,Delaware,2022-03-20,A,10,12,L,-2
2022,1,530047,530059.0,Johns Hopkins,Michigan,2022-03-26,H,15,12,W,3
2022,1,530047,530073.0,Johns Hopkins,Rutgers,2022-04-03,A,7,12,L,-5
2022,1,530047,530065.0,Johns Hopkins,Ohio St.,2022-04-09,A,10,12,L,-2
2022,1,530047,530066.0,Johns Hopkins,Penn St.,2022-04-16,H,13,10,W,3
2022,1,530047,530056.0,Johns Hopkins,Maryland,2022-04-23,H,7,22,L,-15
2022,1,530047,530066.0,Johns Hopkins,#5 Penn St. 2022 Big Ten MLA Tournament,2022-04-30,H,16,8,W,8
2022,1,530047,530056.0,Johns Hopkins,#1 Maryland 2022 Big Ten MLA Tournament,2022-05-05,A,11,16,L,-5
2022,1,530018,530073.0,LIU,Rutgers,2022-02-05,A,6,15,L,-9
2022,1,530018,530077.0,LIU,Siena,2022-02-12,H,14,7,W,7
2022,1,530018,530070.0,LIU,Quinnipiac,2022-02-16,H,12,7,W,5
2022,1,530018,530044.0,LIU,Hofstra,2022-02-25,A,14,11,W,3
2022,1,530018,530078.0,LIU,"Stony Brook @Hempstead, NY",2022-02-27,H,6,10,L,-4
2022,1,530018,530036.0,LIU,Drexel,2022-03-05,H,8,10,L,-2
2022,1,530018,530057.0,LIU,Massachusetts,2022-03-12,A,7,12,L,-5
2022,1,530018,530088.0,LIU,Wagner,2022-03-19,H,12,7,W,5
2022,1,530018,530091.0,LIU,Merrimack,2022-03-26,H,16,7,W,9
2022,1,530018,530026.0,LIU,Bryant,2022-04-02,A,4,8,L,-4
2022,1,530018,530061.0,LIU,Mount St. Mary's,2022-04-09,A,14,10,W,4
2022,1,530018,530076.0,LIU,Saint Joseph's,2022-04-16,H,10,14,L,-4
2022,1,530018,530043.0,LIU,Hobart,2022-04-23,A,19,22,L,-3
2022,1,530018,530074.0,LIU,Sacred Heart,2022-04-30,A,15,10,W,5
2022,1,530018,530076.0,LIU,#1 Saint Joseph's 2022 NEC MLA Tournament,2022-05-05,A,10,11,L,-1
2022,1,530048,530066.0,Lafayette,Penn St.,2022-02-05,A,15,20,L,-5
2022,1,530048,530086.0,Lafayette,VMI,2022-02-12,A,14,6,W,8
2022,1,530048,530036.0,Lafayette,Drexel,2022-02-22,H,13,11,W,2
2022,1,530048,530023.0,Lafayette,Binghamton,2022-02-26,H,12,13,L,-1
2022,1,530048,530051.0,Lafayette,Loyola Maryland,2022-03-05,H,12,14,L,-2
2022,1,530048,530082.0,Lafayette,Army West Point,2022-03-11,H,12,18,L,-6
2022,1,530048,530073.0,Lafayette,Rutgers,2022-03-15,A,10,22,L,-12
2022,1,530048,530030.0,Lafayette,Colgate,2022-03-19,A,7,14,L,-7
2022,1,530048,530024.0,Lafayette,Boston U.,2022-03-26,A,11,21,L,-10
2022,1,530048,530074.0,Lafayette,Sacred Heart,2022-03-29,A,16,8,W,8
2022,1,530048,530049.0,Lafayette,Lehigh,2022-04-02,H,7,14,L,-7
2022,1,530048,530045.0,Lafayette,Holy Cross,2022-04-09,A,21,11,W,10
2022,1,530048,530083.0,Lafayette,Navy,2022-04-16,H,5,9,L,-4
2022,1,530048,530027.0,Lafayette,Bucknell,2022-04-22,A,16,19,L,-3
2022,1,530048,530087.0,Lafayette,Virginia,2022-04-28,A,10,20,L,-10
2022,1,530049,530063.0,Lehigh,NJIT,2022-02-12,A,10,5,W,5
2022,1,530049,530043.0,Lehigh,Hobart,2022-02-19,A,13,14,L,-1
2022,1,530049,530031.0,Lehigh,Cornell,2022-02-26,H,5,9,L,-4
2022,1,530049,530083.0,Lehigh,Navy,2022-03-05,H,11,7,W,4
2022,1,530049,530045.0,Lehigh,Holy Cross,2022-03-13,H,17,7,W,10
2022,1,530049,530082.0,Lehigh,Army West Point,2022-03-19,A,11,10,W,1
2022,1,530049,530039.0,Lehigh,Georgetown,2022-03-26,H,11,14,L,-3
2022,1,530049,530023.0,Lehigh,Binghamton,2022-03-29,A,12,10,W,2
2022,1,530049,530048.0,Lehigh,Lafayette,2022-04-02,A,14,7,W,7
2022,1,530049,530027.0,Lehigh,Bucknell,2022-04-10,H,13,12,W,1
2022,1,530049,530030.0,Lehigh,Colgate,2022-04-16,A,8,9,L,-1
2022,1,530049,530024.0,Lehigh,Boston U.,2022-04-23,H,8,9,L,-1
2022,1,530049,530051.0,Lehigh,Loyola Maryland,2022-04-29,A,12,13,L,-1
2022,1,530049,530083.0,Lehigh,#5 Navy 2022 Patriot League MLA Tournament,2022-05-03,H,14,8,W,6
2022,1,530049,530024.0,Lehigh,#1 Boston U. 2022 Patriot League MLA Tournament,2022-05-06,A,12,13,L,-1
2022,1,530051,530056.0,Loyola Maryland,Maryland,2022-02-12,A,8,20,L,-12
2022,1,530051,530047.0,Loyola Maryland,Johns Hopkins,2022-02-19,A,10,11,L,-1
2022,1,530051,530073.0,Loyola Maryland,Rutgers,2022-02-26,H,12,13,L,-1
2022,1,530051,530080.0,Loyola Maryland,Towson,2022-03-02,H,8,11,L,-3
2022,1,530051,530048.0,Loyola Maryland,Lafayette,2022-03-05,A,14,12,W,2
2022,1,530051,530037.0,Loyola Maryland,Duke,2022-03-13,H,12,10,W,2
2022,1,530051,530027.0,Loyola Maryland,Bucknell,2022-03-19,H,13,9,W,4
2022,1,530051,530082.0,Loyola Maryland,Army West Point,2022-03-26,H,12,14,L,-2
2022,1,530051,530045.0,Loyola Maryland,Holy Cross,2022-04-02,A,16,8,W,8
2022,1,530051,530083.0,Loyola Maryland,Navy,2022-04-09,A,18,7,W,11
2022,1,530051,530024.0,Loyola Maryland,Boston U.,2022-04-16,H,9,14,L,-5
2022,1,530051,530039.0,Loyola Maryland,Georgetown,2022-04-19,A,7,14,L,-7
2022,1,530051,530030.0,Loyola Maryland,Colgate,2022-04-23,A,11,10,W,1
2022,1,530051,530049.0,Loyola Maryland,Lehigh,2022-04-29,H,13,12,W,1
2022,1,530051,530027.0,Loyola Maryland,#6 Bucknell 2022 Patriot League MLA Tournament,2022-05-03,H,11,7,W,4
2022,1,530051,530082.0,Loyola Maryland,"#2 Army West Point @Boston, MA (2022 Patriot League MLA Tournament)",2022-05-06,H,13,14,L,-1
2022,1,530052,530037.0,Manhattan,Duke,2022-02-11,A,7,17,L,-10
2022,1,530052,530086.0,Manhattan,VMI,2022-02-16,H,14,10,W,4
2022,1,530052,530083.0,Manhattan,"Navy @Hempstead, NY",2022-02-20,H,6,9,L,-3
2022,1,530052,530088.0,Manhattan,Wagner,2022-02-26,H,11,5,W,6
2022,1,530052,530075.0,Manhattan,St. John's (NY),2022-03-05,A,7,9,L,-2
2022,1,530052,530044.0,Manhattan,Hofstra,2022-03-12,A,4,8,L,-4
2022,1,530052,530070.0,Manhattan,Quinnipiac,2022-03-19,H,9,7,W,2
2022,1,530052,530019.0,Manhattan,St. Bonaventure,2022-03-26,A,9,15,L,-6
2022,1,530052,530028.0,Manhattan,Canisius,2022-04-02,H,14,11,W,3
2022,1,530052,530077.0,Manhattan,Siena,2022-04-09,A,8,7,W,1
2022,1,530052,530053.0,Manhattan,Marist,2022-04-16,H,12,13,L,-1
2022,1,530052,530060.0,Manhattan,Monmouth,2022-04-22,A,11,4,W,7
2022,1,530052,530053.0,Manhattan,#2 Marist 2022 MAAC MLA Tournament,2022-05-05,A,13,12,W,1
2022,1,530052,530019.0,Manhattan,#1 St. Bonaventure 2022 MAAC MLA Tournament,2022-05-07,A,8,7,W,1
2022,1,530052,530084.0,Manhattan,Vermont 2022 NCAA DI MLA Championship,2022-05-11,A,3,15,L,-12
2022,1,530053,530073.0,Marist,Rutgers,2022-02-09,A,10,13,L,-3
2022,1,530053,530023.0,Marist,Binghamton,2022-02-12,A,11,9,W,2
2022,1,530053,530071.0,Marist,Richmond,2022-02-19,A,4,18,L,-14
2022,1,530053,530027.0,Marist,Bucknell,2022-02-26,H,7,15,L,-8
2022,1,530053,530081.0,Marist,Air Force,2022-03-05,A,8,17,L,-9
2022,1,530053,530033.0,Marist,Delaware,2022-03-11,A,9,18,L,-9
2022,1,530053,530019.0,Marist,St. Bonaventure,2022-03-19,H,6,7,L,-1
2022,1,530053,530077.0,Marist,Siena,2022-03-26,H,11,10,W,1
2022,1,530053,530070.0,Marist,Quinnipiac,2022-04-02,A,17,10,W,7
2022,1,530053,530068.0,Marist,Princeton,2022-04-05,A,7,18,L,-11
2022,1,530053,530063.0,Marist,NJIT,2022-04-12,H,12,11,W,1
2022,1,530053,530052.0,Marist,Manhattan,2022-04-16,A,13,12,W,1
2022,1,530053,530028.0,Marist,Canisius,2022-04-23,A,13,7,W,6
2022,1,530053,530060.0,Marist,Monmouth,2022-04-30,H,9,8,W,1
2022,1,530053,530052.0,Marist,#3 Manhattan 2022 MAAC MLA Tournament,2022-05-05,H,12,13,L,-1
2022,1,530054,530022.0,Marquette,Bellarmine,2022-02-12,A,9,8,W,1
2022,1,530054,530046.0,Marquette,Jacksonville,2022-02-19,A,10,14,L,-4
2022,1,530054,530020.0,Marquette,Utah,2022-02-26,H,11,12,L,-1
2022,1,530054,530059.0,Marquette,Michigan,2022-03-01,H,10,12,L,-2
2022,1,530054,530035.0,Marquette,Detroit Mercy,2022-03-05,H,13,7,W,6
2022,1,530054,530036.0,Marquette,Drexel,2022-03-12,H,10,11,L,-1
2022,1,530054,530072.0,Marquette,Robert Morris,2022-03-19,A,7,10,L,-3
2022,1,530054,530081.0,Marquette,Air Force,2022-03-26,H,9,16,L,-7
2022,1,530054,530069.0,Marquette,Providence,2022-04-02,H,16,11,W,5
2022,1,530054,530075.0,Marquette,St. John's (NY),2022-04-09,A,23,13,W,10
2022,1,530054,530064.0,Marquette,Notre Dame,2022-04-12,H,8,18,L,-10
2022,1,530054,530039.0,Marquette,Georgetown,2022-04-16,A,10,20,L,-10
2022,1,530054,530085.0,Marquette,Villanova,2022-04-23,H,8,10,L,-2
2022,1,530054,530034.0,Marquette,Denver,2022-04-29,A,8,16,L,-8
2022,1,530054,530039.0,Marquette,#1 Georgetown 2022 Big East MLA Tournament,2022-05-05,A,5,15,L,-10
2022,1,530056,530090.0,Maryland,High Point,2022-02-05,H,21,13,W,8
2022,1,530056,530051.0,Maryland,Loyola Maryland,2022-02-12,H,20,8,W,12
2022,1,530056,530079.0,Maryland,Syracuse,2022-02-20,A,14,10,W,4
2022,1,530056,530068.0,Maryland,Princeton,2022-02-26,H,15,10,W,5
2022,1,530056,530064.0,Maryland,Notre Dame,2022-03-05,A,11,9,W,2
2022,1,530056,530021.0,Maryland,UAlbany,2022-03-12,H,24,6,W,18
2022,1,530056,530087.0,Maryland,"Virginia @Washington, D.C.",2022-03-19,H,23,12,W,11
2022,1,530056,530066.0,Maryland,Penn St.,2022-03-27,A,18,7,W,11
2022,1,530056,530059.0,Maryland,Michigan,2022-04-02,A,20,12,W,8
2022,1,530056,530073.0,Maryland,Rutgers,2022-04-10,H,17,9,W,8
2022,1,530056,530065.0,Maryland,Ohio St.,2022-04-16,H,19,12,W,7
2022,1,530056,530047.0,Maryland,Johns Hopkins,2022-04-23,A,22,7,W,15
2022,1,530056,530047.0,Maryland,#4 Johns Hopkins 2022 Big Ten MLA Tournament,2022-05-05,H,16,11,W,5
2022,1,530056,530073.0,Maryland,#2 Rutgers 2022 Big Ten MLA Tournament,2022-05-07,H,17,7,W,10
2022,1,530056,530084.0,Maryland,Vermont 2022 NCAA DI MLA Championship,2022-05-15,H,21,5,W,16
2022,1,530056,530087.0,Maryland,"Virginia @Columbus, OH (2022 NCAA DI MLA Championship)",2022-05-22,H,18,9,W,9
2022,1,530056,530068.0,Maryland,"#5 Princeton @East Hartford, CT (2022 NCAA DI MLA Championship)",2022-05-28,H,13,8,W,5
2022,1,530056,530031.0,Maryland,"#7 Cornell @East Hartford, CT (2022 NCAA DI MLA Championship)",2022-05-30,H,9,7,W,2
2022,1,530057,530082.0,Massachusetts,Army West Point,2022-02-12,A,13,14,L,-1
2022,1,530057,530050.0,Massachusetts,UMass Lowell,2022-02-19,H,19,9,W,10
2022,1,530057,530024.0,Massachusetts,Boston U.,2022-02-26,A,7,16,L,-9
2022,1,530057,530089.0,Massachusetts,Yale,2022-03-05,A,12,13,L,-1
2022,1,530057,530021.0,Massachusetts,UAlbany,2022-03-08,H,12,9,W,3
2022,1,530057,530018.0,Massachusetts,LIU,2022-03-12,H,12,7,W,5
2022,1,530057,530084.0,Massachusetts,Vermont,2022-03-16,H,12,10,W,2
2022,1,530057,530025.0,Massachusetts,Brown,2022-03-26,A,10,7,W,3
2022,1,530057,530033.0,Massachusetts,Delaware,2022-04-02,H,11,10,W,1
2022,1,530057,530080.0,Massachusetts,Towson,2022-04-09,A,9,12,L,-3
2022,1,530057,530038.0,Massachusetts,Fairfield,2022-04-16,H,13,16,L,-3
2022,1,530057,530044.0,Massachusetts,Hofstra,2022-04-23,A,13,9,W,4
2022,1,530057,530036.0,Massachusetts,Drexel,2022-04-29,H,13,7,W,6
2022,1,530057,530080.0,Massachusetts,"#2 Towson @Philadelphia, PA (2022 CAA MLA Tournament)",2022-05-05,H,10,18,L,-8
2022,1,530058,530022.0,Mercer,Bellarmine,2022-01-29,H,9,4,W,5
2022,1,530058,530027.0,Mercer,Bucknell,2022-02-05,H,14,16,L,-2
2022,1,530058,530083.0,Mercer,Navy,2022-02-12,A,5,15,L,-10
2022,1,530058,530046.0,Mercer,"Jacksonville @Savannah, GA",2022-02-15,H,12,21,L,-9
2022,1,530058,530029.0,Mercer,Cleveland St.,2022-02-19,A,11,9,W,2
2022,1,530058,530072.0,Mercer,Robert Morris,2022-03-05,H,11,13,L,-2
2022,1,530058,530061.0,Mercer,Mount St. Mary's,2022-03-10,A,12,11,W,1
2022,1,530058,530088.0,Mercer,Wagner,2022-03-12,A,4,13,L,-9
2022,1,530058,530081.0,Mercer,Air Force,2022-03-19,H,10,13,L,-3
2022,1,530058,530020.0,Mercer,Utah,2022-03-26,A,9,23,L,-14
2022,1,530058,530086.0,Mercer,VMI,2022-04-02,A,10,13,L,-3
2022,1,530058,530040.0,Mercer,Hampton,2022-04-09,H,22,6,W,16
2022,1,530058,530071.0,Mercer,Richmond,2022-04-16,A,9,22,L,-13
2022,1,530058,530046.0,Mercer,Jacksonville,2022-04-23,A,5,17,L,-12
2022,1,530058,530090.0,Mercer,High Point,2022-04-30,H,14,11,W,3
2022,1,530059,530022.0,Michigan,Bellarmine,2022-02-05,H,22,13,W,9
2022,1,530059,530035.0,Michigan,Detroit Mercy,2022-02-12,H,21,5,W,16
2022,1,530059,530045.0,Michigan,Holy Cross,2022-02-19,H,20,3,W,17
2022,1,530059,530028.0,Michigan,Canisius,2022-02-22,H,23,10,W,13
2022,1,530059,530029.0,Michigan,Cleveland St.,2022-02-26,H,13,5,W,8
2022,1,530059,530054.0,Michigan,Marquette,2022-03-01,A,12,10,W,2
2022,1,530059,530033.0,Michigan,Delaware,2022-03-05,H,18,8,W,10
2022,1,530059,530042.0,Michigan,Harvard,2022-03-12,H,9,14,L,-5
2022,1,530059,530064.0,Michigan,Notre Dame,2022-03-19,A,7,12,L,-5
2022,1,530059,530047.0,Michigan,Johns Hopkins,2022-03-26,A,12,15,L,-3
2022,1,530059,530056.0,Michigan,Maryland,2022-04-02,H,12,20,L,-8
2022,1,530059,530066.0,Michigan,Penn St.,2022-04-08,A,8,9,L,-1
2022,1,530059,530073.0,Michigan,Rutgers,2022-04-16,H,12,13,L,-1
2022,1,530059,530065.0,Michigan,Ohio St.,2022-04-24,A,12,14,L,-2
2022,1,530059,530065.0,Michigan,#3 Ohio St. 2022 Big Ten MLA Tournament,2022-04-30,A,10,16,L,-6
2022,1,530060,530068.0,Monmouth,Princeton,2022-02-19,A,6,22,L,-16
2022,1,530060,530033.0,Monmouth,Delaware,2022-02-26,A,6,17,L,-11
2022,1,530060,530088.0,Monmouth,Wagner,2022-03-01,H,9,7,W,2
2022,1,530060,530076.0,Monmouth,Saint Joseph's,2022-03-05,A,10,15,L,-5
2022,1,530060,530063.0,Monmouth,NJIT,2022-03-11,A,15,7,W,8
2022,1,530060,530086.0,Monmouth,VMI,2022-03-15,H,11,6,W,5
2022,1,530060,530070.0,Monmouth,Quinnipiac,2022-03-26,A,9,8,W,1
2022,1,530060,530077.0,Monmouth,Siena,2022-04-02,H,1,10,L,-9
2022,1,530060,530019.0,Monmouth,St. Bonaventure,2022-04-09,A,3,6,L,-3
2022,1,530060,530028.0,Monmouth,Canisius,2022-04-16,H,6,4,W,2
2022,1,530060,530052.0,Monmouth,Manhattan,2022-04-22,H,4,11,L,-7
2022,1,530060,530053.0,Monmouth,Marist,2022-04-30,A,8,9,L,-1
2022,1,530061,530083.0,Mount St. Mary's,Navy,2022-02-05,A,11,9,W,2
2022,1,530061,530033.0,Mount St. Mary's,Delaware,2022-02-12,A,6,12,L,-6
2022,1,530061,530080.0,Mount St. Mary's,Towson,2022-02-15,A,8,13,L,-5
2022,1,530061,530040.0,Mount St. Mary's,Hampton,2022-02-19,H,17,5,W,12
2022,1,530061,530055.0,Mount St. Mary's,UMBC,2022-02-25,H,9,8,W,1
2022,1,530061,530039.0,Mount St. Mary's,Georgetown,2022-03-01,A,4,21,L,-17
2022,1,530061,530086.0,Mount St. Mary's,VMI,2022-03-04,H,7,8,L,-1
2022,1,530061,530058.0,Mount St. Mary's,Mercer,2022-03-10,H,11,12,L,-1
2022,1,530061,530076.0,Mount St. Mary's,Saint Joseph's,2022-03-19,H,6,19,L,-13
2022,1,530061,530074.0,Mount St. Mary's,Sacred Heart,2022-03-26,A,14,13,W,1
2022,1,530061,530091.0,Mount St. Mary's,Merrimack,2022-04-02,A,9,14,L,-5
2022,1,530061,530018.0,Mount St. Mary's,LIU,2022-04-09,H,10,14,L,-4
2022,1,530061,530088.0,Mount St. Mary's,Wagner,2022-04-16,A,9,5,W,4
2022,1,530061,530026.0,Mount St. Mary's,Bryant,2022-04-23,H,7,14,L,-7
2022,1,530061,530043.0,Mount St. Mary's,Hobart,2022-04-30,A,7,14,L,-7
2022,1,530063,530033.0,NJIT,Delaware,2022-02-05,A,9,19,L,-10
2022,1,530063,530049.0,NJIT,Lehigh,2022-02-12,H,5,10,L,-5
2022,1,530063,530042.0,NJIT,Harvard,2022-02-19,A,4,17,L,-13
2022,1,530063,530082.0,NJIT,Army West Point,2022-02-26,A,4,18,L,-14
2022,1,530063,530088.0,NJIT,Wagner,2022-03-05,A,5,7,L,-2
2022,1,530063,530060.0,NJIT,Monmouth,2022-03-11,H,7,15,L,-8
2022,1,530063,530084.0,NJIT,Vermont,2022-03-19,A,3,14,L,-11
2022,1,530063,530050.0,NJIT,UMass Lowell,2022-03-26,H,7,8,L,-1
2022,1,530063,530078.0,NJIT,Stony Brook,2022-04-09,A,12,20,L,-8
2022,1,530063,530053.0,NJIT,Marist,2022-04-12,A,11,12,L,-1
2022,1,530063,530023.0,NJIT,Binghamton,2022-04-19,H,8,18,L,-10
2022,1,530063,530021.0,NJIT,UAlbany,2022-04-22,H,6,16,L,-10
2022,1,530063,530055.0,NJIT,UMBC,2022-04-29,A,9,19,L,-10
2022,1,530083,530061.0,Navy,Mount St. Mary's,2022-02-05,H,9,11,L,-2
2022,1,530083,530058.0,Navy,Mercer,2022-02-12,H,15,5,W,10
2022,1,530083,530044.0,Navy,Hofstra,2022-02-18,A,13,6,W,7
2022,1,530083,530052.0,Navy,"Manhattan @Hempstead, NY",2022-02-20,H,9,6,W,3
2022,1,530083,530090.0,Navy,High Point,2022-02-26,H,13,14,L,-1
2022,1,530083,530049.0,Navy,Lehigh,2022-03-05,A,7,11,L,-4
2022,1,530083,530030.0,Navy,Colgate,2022-03-13,H,11,10,W,1
2022,1,530083,530047.0,Navy,Johns Hopkins,2022-03-18,A,11,10,W,1
2022,1,530083,530045.0,Navy,Holy Cross,2022-03-26,H,14,8,W,6
2022,1,530083,530024.0,Navy,Boston U.,2022-04-02,A,9,17,L,-8
2022,1,530083,530051.0,Navy,Loyola Maryland,2022-04-09,H,7,18,L,-11
2022,1,530083,530048.0,Navy,Lafayette,2022-04-16,A,9,5,W,4
2022,1,530083,530082.0,Navy,Army West Point,2022-04-23,A,12,11,W,1
2022,1,530083,530027.0,Navy,Bucknell,2022-04-29,H,13,6,W,7
2022,1,530083,530049.0,Navy,#4 Lehigh 2022 Patriot League MLA Tournament,2022-05-03,A,8,14,L,-6
2022,1,530062,530071.0,North Carolina,Richmond,2022-02-11,H,13,9,W,4
2022,1,530062,530030.0,North Carolina,Colgate,2022-02-13,H,15,9,W,6
2022,1,530062,530065.0,North Carolina,Ohio St.,2022-02-19,H,8,20,L,-12
2022,1,530062,530025.0,North Carolina,Brown,2022-02-23,H,14,11,W,3
2022,1,530062,530047.0,North Carolina,Johns Hopkins,2022-02-27,H,15,10,W,5
2022,1,530062,530034.0,North Carolina,Denver,2022-03-05,H,17,16,W,1
2022,1,530062,530087.0,North Carolina,Virginia,2022-03-10,H,11,15,L,-4
2022,1,530062,530090.0,North Carolina,High Point,2022-03-20,A,14,12,W,2
2022,1,530062,530022.0,North Carolina,Bellarmine,2022-03-26,H,15,8,W,7
2022,1,530062,530037.0,North Carolina,Duke,2022-04-02,H,6,15,L,-9
2022,1,530062,530087.0,North Carolina,Virginia,2022-04-09,A,4,11,L,-7
2022,1,530062,530079.0,North Carolina,Syracuse,2022-04-16,H,14,13,W,1
2022,1,530062,530064.0,North Carolina,Notre Dame,2022-04-21,A,5,12,L,-7
2022,1,530062,530037.0,North Carolina,Duke,2022-05-01,A,11,19,L,-8
2022,1,530064,530035.0,Notre Dame,Detroit Mercy,2022-02-19,H,24,2,W,22
2022,1,530064,530039.0,Notre Dame,Georgetown,2022-02-26,H,11,16,L,-5
2022,1,530064,530056.0,Notre Dame,Maryland,2022-03-05,H,9,11,L,-2
2022,1,530064,530065.0,Notre Dame,Ohio St.,2022-03-12,A,11,14,L,-3
2022,1,530064,530059.0,Notre Dame,Michigan,2022-03-19,H,12,7,W,5
2022,1,530064,530087.0,Notre Dame,Virginia,2022-03-26,A,8,12,L,-4
2022,1,530064,530079.0,Notre Dame,Syracuse,2022-04-02,H,22,6,W,16
2022,1,530064,530037.0,Notre Dame,Duke,2022-04-09,A,16,15,W,1
2022,1,530064,530054.0,Notre Dame,Marquette,2022-04-12,A,18,8,W,10
2022,1,530064,530062.0,Notre Dame,North Carolina,2022-04-21,H,12,5,W,7
2022,1,530064,530079.0,Notre Dame,Syracuse,2022-05-01,A,18,11,W,7
2022,1,530064,530037.0,Notre Dame,Duke,2022-05-07,H,16,14,W,2
2022,1,530065,530035.0,Ohio St.,Detroit Mercy,2022-02-05,H,18,7,W,11
2022,1,530065,530029.0,Ohio St.,Cleveland St.,2022-02-12,H,17,9,W,8
2022,1,530065,530062.0,Ohio St.,North Carolina,2022-02-19,A,20,8,W,12
2022,1,530065,530042.0,Ohio St.,"Harvard @Naples, FL",2022-02-26,H,17,12,W,5
2022,1,530065,530031.0,Ohio St.,Cornell,2022-03-05,A,11,14,L,-3
2022,1,530065,530064.0,Ohio St.,Notre Dame,2022-03-12,H,14,11,W,3
2022,1,530065,530034.0,Ohio St.,Denver,2022-03-20,H,12,14,L,-2
2022,1,530065,530032.0,Ohio St.,Dartmouth,2022-03-22,H,12,6,W,6
2022,1,530065,530073.0,Ohio St.,Rutgers,2022-03-27,A,7,18,L,-11
2022,1,530065,530066.0,Ohio St.,Penn St.,2022-04-01,H,18,9,W,9
2022,1,530065,530047.0,Ohio St.,Johns Hopkins,2022-04-09,H,12,10,W,2
2022,1,530065,530056.0,Ohio St.,Maryland,2022-04-16,A,12,19,L,-7
2022,1,530065,530059.0,Ohio St.,Michigan,2022-04-24,H,14,12,W,2
2022,1,530065,530059.0,Ohio St.,#6 Michigan 2022 Big Ten MLA Tournament,2022-04-30,H,16,10,W,6
2022,1,530065,530073.0,Ohio St.,"#2 Rutgers @College Park, MD (2022 Big Ten MLA Tournament)",2022-05-05,H,10,12,L,-2
2022,1,530065,530031.0,Ohio St.,#7 Cornell 2022 NCAA DI MLA Championship,2022-05-15,A,8,15,L,-7
2022,1,530067,530039.0,Penn,Georgetown,2022-02-19,H,8,10,L,-2
2022,1,530067,530037.0,Penn,Duke,2022-02-26,A,14,13,W,1
2022,1,530067,530066.0,Penn,"Penn St. @Charlotte, NC",2022-03-05,H,10,9,W,1
2022,1,530067,530085.0,Penn,Villanova,2022-03-13,A,8,7,W,1
2022,1,530067,530068.0,Penn,Princeton,2022-03-19,A,20,21,L,-1
2022,1,530067,530031.0,Penn,Cornell,2022-03-26,H,15,11,W,4
2022,1,530067,530089.0,Penn,Yale,2022-04-02,A,11,12,L,-1
2022,1,530067,530025.0,Penn,Brown,2022-04-09,H,10,12,L,-2
2022,1,530067,530042.0,Penn,Harvard,2022-04-16,H,11,8,W,3
2022,1,530067,530032.0,Penn,Dartmouth,2022-04-23,A,16,12,W,4
2022,1,530067,530076.0,Penn,Saint Joseph's,2022-04-26,H,13,12,W,1
2022,1,530067,530021.0,Penn,UAlbany,2022-04-30,A,19,11,W,8
2022,1,530067,530025.0,Penn,#1 Brown 2022 Ivy League MLA Tournament,2022-05-06,A,14,9,W,5
2022,1,530067,530089.0,Penn,"#3 Yale @Providence, RI (2022 Ivy League MLA Tournament)",2022-05-08,H,16,9,W,7
2022,1,530067,530071.0,Penn,Richmond 2022 NCAA DI MLA Championship,2022-05-14,H,11,10,W,1
2022,1,530067,530073.0,Penn,"#6 Rutgers @Hempstead, NY (2022 NCAA DI MLA Championship)",2022-05-21,H,9,11,L,-2
2022,1,530066,530048.0,Penn St.,Lafayette,2022-02-05,H,20,15,W,5
2022,1,530066,530085.0,Penn St.,Villanova,2022-02-12,H,12,13,L,-1
2022,1,530066,530084.0,Penn St.,Vermont,2022-02-16,H,10,16,L,-6
2022,1,530066,530076.0,Penn St.,Saint Joseph's,2022-02-19,A,13,15,L,-2
2022,1,530066,530089.0,Penn St.,Yale,2022-02-26,H,10,6,W,4
2022,1,530066,530067.0,Penn St.,"Penn @Charlotte, NC",2022-03-05,H,9,10,L,-1
2022,1,530066,530031.0,Penn St.,Cornell,2022-03-12,H,15,16,L,-1
2022,1,530066,530027.0,Penn St.,Bucknell,2022-03-15,A,11,12,L,-1
2022,1,530066,530056.0,Penn St.,Maryland,2022-03-27,H,7,18,L,-11
2022,1,530066,530065.0,Penn St.,Ohio St.,2022-04-01,A,9,18,L,-9
2022,1,530066,530059.0,Penn St.,Michigan,2022-04-08,H,9,8,W,1
2022,1,530066,530047.0,Penn St.,Johns Hopkins,2022-04-16,A,10,13,L,-3
2022,1,530066,530073.0,Penn St.,Rutgers,2022-04-24,A,14,15,L,-1
2022,1,530066,530047.0,Penn St.,#4 Johns Hopkins 2022 Big Ten MLA Tournament,2022-04-30,A,8,16,L,-8
2022,1,530068,530060.0,Princeton,Monmouth,2022-02-19,H,22,6,W,16
2022,1,530068,530023.0,Princeton,Binghamton,2022-02-22,H,22,9,W,13
2022,1,530068,530056.0,Princeton,Maryland,2022-02-26,A,10,15,L,-5
2022,1,530068,530039.0,Princeton,Georgetown,2022-03-05,A,10,8,W,2
2022,1,530068,530073.0,Princeton,Rutgers,2022-03-11,H,16,11,W,5
2022,1,530068,530067.0,Princeton,Penn,2022-03-19,H,21,20,W,1
2022,1,530068,530089.0,Princeton,Yale,2022-03-26,A,12,14,L,-2
2022,1,530068,530025.0,Princeton,Brown,2022-04-02,A,17,9,W,8
2022,1,530068,530053.0,Princeton,Marist,2022-04-05,H,18,7,W,11
2022,1,530068,530024.0,Princeton,Boston U.,2022-04-09,H,12,7,W,5
2022,1,530068,530032.0,Princeton,Dartmouth,2022-04-16,H,12,10,W,2
2022,1,530068,530042.0,Princeton,Harvard,2022-04-23,A,16,19,L,-3
2022,1,530068,530031.0,Princeton,Cornell,2022-04-30,H,15,18,L,-3
2022,1,530068,530024.0,Princeton,Boston U. 2022 NCAA DI MLA Championship,2022-05-14,H,12,5,W,7
2022,1,530068,530089.0,Princeton,"#4 Yale @Hempstead, NY (2022 NCAA DI MLA Championship)",2022-05-21,H,14,10,W,4
2022,1,530068,530056.0,Princeton,"#1 Maryland @East Hartford, CT (2022 NCAA DI MLA Championship)",2022-05-28,H,8,13,L,-5
2022,1,530069,530045.0,Providence,"Holy Cross @Smithfield, R.I.",2022-02-05,H,16,9,W,7
2022,1,530069,530026.0,Providence,Bryant,2022-02-12,H,7,19,L,-12
2022,1,530069,530077.0,Providence,Siena,2022-02-19,A,13,8,W,5
2022,1,530069,530076.0,Providence,Saint Joseph's,2022-02-26,H,8,15,L,-7
2022,1,530069,530025.0,Providence,Brown,2022-03-05,H,10,22,L,-12
2022,1,530069,530074.0,Providence,Sacred Heart,2022-03-08,H,16,12,W,4
2022,1,530069,530084.0,Providence,Vermont,2022-03-12,H,12,10,W,2
2022,1,530069,530038.0,Providence,Fairfield,2022-03-19,A,11,15,L,-4
2022,1,530069,530044.0,Providence,Hofstra,2022-03-26,H,10,9,W,1
2022,1,530069,530054.0,Providence,Marquette,2022-04-02,A,11,16,L,-5
2022,1,530069,530039.0,Providence,Georgetown,2022-04-09,H,5,15,L,-10
2022,1,530069,530085.0,Providence,Villanova,2022-04-16,A,13,18,L,-5
2022,1,530069,530034.0,Providence,Denver,2022-04-23,H,3,16,L,-13
2022,1,530069,530075.0,Providence,St. John's (NY),2022-04-30,A,20,14,W,6
2022,1,530070,530050.0,Quinnipiac,UMass Lowell,2022-02-12,A,15,14,W,1
2022,1,530070,530018.0,Quinnipiac,LIU,2022-02-16,A,7,12,L,-5
2022,1,530070,530025.0,Quinnipiac,Brown,2022-02-19,A,13,19,L,-6
2022,1,530070,530074.0,Quinnipiac,Sacred Heart,2022-02-25,A,10,13,L,-3
2022,1,530070,530038.0,Quinnipiac,Fairfield,2022-03-08,A,10,14,L,-4
2022,1,530070,530052.0,Quinnipiac,Manhattan,2022-03-19,A,7,9,L,-2
2022,1,530070,530060.0,Quinnipiac,Monmouth,2022-03-26,H,8,9,L,-1
2022,1,530070,530053.0,Quinnipiac,Marist,2022-04-02,H,10,17,L,-7
2022,1,530070,530028.0,Quinnipiac,Canisius,2022-04-09,A,15,10,W,5
2022,1,530070,530087.0,Quinnipiac,Virginia,2022-04-16,A,9,21,L,-12
2022,1,530070,530019.0,Quinnipiac,St. Bonaventure,2022-04-23,H,8,10,L,-2
2022,1,530070,530089.0,Quinnipiac,Yale,2022-04-26,A,13,20,L,-7
2022,1,530070,530077.0,Quinnipiac,Siena,2022-04-30,A,10,15,L,-5
2022,1,530071,530062.0,Richmond,North Carolina,2022-02-11,A,9,13,L,-4
2022,1,530071,530053.0,Richmond,Marist,2022-02-19,H,18,4,W,14
2022,1,530071,530080.0,Richmond,Towson,2022-02-26,A,16,15,W,1
2022,1,530071,530019.0,Richmond,St. Bonaventure,2022-03-01,H,17,3,W,14
2022,1,530071,530037.0,Richmond,Duke,2022-03-05,A,8,14,L,-6
2022,1,530071,530039.0,Richmond,Georgetown,2022-03-12,H,10,15,L,-5
2022,1,530071,530055.0,Richmond,UMBC,2022-03-20,H,14,9,W,5
2022,1,530071,530040.0,Richmond,Hampton,2022-03-26,A,20,5,W,15
2022,1,530071,530087.0,Richmond,Virginia,2022-04-02,H,17,13,W,4
2022,1,530071,530046.0,Richmond,Jacksonville,2022-04-09,A,11,13,L,-2
2022,1,530071,530058.0,Richmond,Mercer,2022-04-16,H,22,9,W,13
2022,1,530071,530090.0,Richmond,High Point,2022-04-23,A,16,5,W,11
2022,1,530071,530086.0,Richmond,VMI,2022-04-30,H,14,12,W,2
2022,1,530071,530090.0,Richmond,#3 High Point 2022 SoCon MLA Tournament,2022-05-05,A,12,11,W,1
2022,1,530071,530046.0,Richmond,"#1 Jacksonville @High Point, NC (2022 SoCon MLA Tournament)",2022-05-07,H,10,9,W,1
2022,1,530071,530067.0,Richmond,#3 Penn 2022 NCAA DI MLA Championship,2022-05-14,A,10,11,L,-1
2022,1,530072,530037.0,Robert Morris,Duke,2022-02-04,A,12,21,L,-9
2022,1,530072,530027.0,Robert Morris,Bucknell,2022-02-12,H,12,14,L,-2
2022,1,530072,530078.0,Robert Morris,Stony Brook,2022-02-19,A,14,18,L,-4
2022,1,530072,530058.0,Robert Morris,Mercer,2022-03-05,A,13,11,W,2
2022,1,530072,530028.0,Robert Morris,Canisius,2022-03-09,H,23,6,W,17
2022,1,530072,530090.0,Robert Morris,High Point,2022-03-11,H,11,13,L,-2
2022,1,530072,530054.0,Robert Morris,Marquette,2022-03-19,H,10,7,W,3
2022,1,530072,530036.0,Robert Morris,Drexel,2022-03-26,H,15,14,W,1
2022,1,530072,530035.0,Robert Morris,Detroit Mercy,2022-04-02,A,12,5,W,7
2022,1,530072,530022.0,Robert Morris,Bellarmine,2022-04-09,H,12,9,W,3
2022,1,530072,530020.0,Robert Morris,Utah,2022-04-16,A,8,18,L,-10
2022,1,530072,530081.0,Robert Morris,Air Force,2022-04-23,H,11,10,W,1
2022,1,530072,530029.0,Robert Morris,Cleveland St.,2022-04-30,A,19,12,W,7
2022,1,530072,530081.0,Robert Morris,"#3 Air Force @Huntsville, AL (2022 ASUN MLA Tournament)",2022-05-05,H,9,7,W,2
2022,1,530072,530020.0,Robert Morris,"#1 Utah @Huntsville, AL (2022 ASUN MLA Tournament)",2022-05-07,H,18,17,W,1
2022,1,530072,530033.0,Robert Morris,Delaware 2022 NCAA DI MLA Championship,2022-05-11,A,8,20,L,-12
2022,1,530073,530018.0,Rutgers,LIU,2022-02-05,H,15,6,W,9
2022,1,530073,530053.0,Rutgers,Marist,2022-02-09,H,13,10,W,3
2022,1,530073,530075.0,Rutgers,St. John's (NY),2022-02-12,A,23,6,W,17
2022,1,530073,530082.0,Rutgers,Army West Point,2022-02-19,H,13,10,W,3
2022,1,530073,530051.0,Rutgers,Loyola Maryland,2022-02-26,A,13,12,W,1
2022,1,530073,530078.0,Rutgers,Stony Brook,2022-03-05,A,17,16,W,1
2022,1,530073,530068.0,Rutgers,Princeton,2022-03-11,A,11,16,L,-5
2022,1,530073,530048.0,Rutgers,Lafayette,2022-03-15,H,22,10,W,12
2022,1,530073,530044.0,Rutgers,Hofstra,2022-03-19,A,22,10,W,12
2022,1,530073,530065.0,Rutgers,Ohio St.,2022-03-27,H,18,7,W,11
2022,1,530073,530047.0,Rutgers,Johns Hopkins,2022-04-03,H,12,7,W,5
2022,1,530073,530056.0,Rutgers,Maryland,2022-04-10,A,9,17,L,-8
2022,1,530073,530059.0,Rutgers,Michigan,2022-04-16,A,13,12,W,1
2022,1,530073,530066.0,Rutgers,Penn St.,2022-04-24,H,15,14,W,1
2022,1,530073,530065.0,Rutgers,"#3 Ohio St. @College Park, MD (2022 Big Ten MLA Tournament)",2022-05-05,H,12,10,W,2
2022,1,530073,530056.0,Rutgers,#1 Maryland 2022 Big Ten MLA Tournament,2022-05-07,A,7,17,L,-10
2022,1,530073,530042.0,Rutgers,Harvard 2022 NCAA DI MLA Championship,2022-05-15,H,19,9,W,10
2022,1,530073,530067.0,Rutgers,"#3 Penn @Hempstead, NY (2022 NCAA DI MLA Championship)",2022-05-21,H,11,9,W,2
2022,1,530073,530031.0,Rutgers,"#7 Cornell @East Hartford, CT (2022 NCAA DI MLA Championship)",2022-05-28,H,10,17,L,-7
2022,1,530074,530044.0,Sacred Heart,Hofstra,2022-02-12,A,9,21,L,-12
2022,1,530074,530070.0,Sacred Heart,Quinnipiac,2022-02-25,H,13,10,W,3
2022,1,530074,530038.0,Sacred Heart,Fairfield,2022-03-01,H,16,19,L,-3
2022,1,530074,530069.0,Sacred Heart,Providence,2022-03-08,A,12,16,L,-4
2022,1,530074,530050.0,Sacred Heart,UMass Lowell,2022-03-12,A,14,10,W,4
2022,1,530074,530043.0,Sacred Heart,Hobart,2022-03-19,H,9,8,W,1
2022,1,530074,530061.0,Sacred Heart,Mount St. Mary's,2022-03-26,H,13,14,L,-1
2022,1,530074,530048.0,Sacred Heart,Lafayette,2022-03-29,H,8,16,L,-8
2022,1,530074,530088.0,Sacred Heart,Wagner,2022-04-02,A,8,14,L,-6
2022,1,530074,530091.0,Sacred Heart,Merrimack,2022-04-09,H,8,11,L,-3
2022,1,530074,530026.0,Sacred Heart,Bryant,2022-04-16,A,10,22,L,-12
2022,1,530074,530076.0,Sacred Heart,Saint Joseph's,2022-04-23,A,7,14,L,-7
2022,1,530074,530018.0,Sacred Heart,LIU,2022-04-30,H,10,15,L,-5
2022,1,530076,530019.0,Saint Joseph's,St. Bonaventure,2022-02-12,H,12,11,W,1
2022,1,530076,530033.0,Saint Joseph's,Delaware,2022-02-15,H,11,12,L,-1
2022,1,530076,530066.0,Saint Joseph's,Penn St.,2022-02-19,H,15,13,W,2
2022,1,530076,530069.0,Saint Joseph's,Providence,2022-02-26,A,15,8,W,7
2022,1,530076,530060.0,Saint Joseph's,Monmouth,2022-03-05,H,15,10,W,5
2022,1,530076,530036.0,Saint Joseph's,Drexel,2022-03-08,A,17,18,L,-1
2022,1,530076,530080.0,Saint Joseph's,Towson,2022-03-11,H,11,8,W,3
2022,1,530076,530061.0,Saint Joseph's,Mount St. Mary's,2022-03-19,A,19,6,W,13
2022,1,530076,530088.0,Saint Joseph's,Wagner,2022-03-26,A,12,6,W,6
2022,1,530076,530043.0,Saint Joseph's,Hobart,2022-04-02,H,16,12,W,4
2022,1,530076,530026.0,Saint Joseph's,Bryant,2022-04-09,H,11,10,W,1
2022,1,530076,530018.0,Saint Joseph's,LIU,2022-04-16,A,14,10,W,4
2022,1,530076,530074.0,Saint Joseph's,Sacred Heart,2022-04-23,H,14,7,W,7
2022,1,530076,530067.0,Saint Joseph's,Penn,2022-04-26,A,12,13,L,-1
2022,1,530076,530091.0,Saint Joseph's,Merrimack,2022-04-30,A,17,9,W,8
2022,1,530076,530018.0,Saint Joseph's,#4 LIU 2022 NEC MLA Tournament,2022-05-05,H,11,10,W,1
2022,1,530076,530043.0,Saint Joseph's,#3 Hobart 2022 NEC MLA Tournament,2022-05-07,H,14,7,W,7
2022,1,530076,530089.0,Saint Joseph's,#4 Yale 2022 NCAA DI MLA Championship,2022-05-14,A,16,18,L,-2
2022,1,530077,530018.0,Siena,LIU,2022-02-12,A,7,14,L,-7
2022,1,530077,530069.0,Siena,Providence,2022-02-19,H,8,13,L,-5
2022,1,530077,530082.0,Siena,Army West Point,2022-02-23,A,10,20,L,-10
2022,1,530077,530050.0,Siena,UMass Lowell,2022-02-27,A,14,10,W,4
2022,1,530077,530021.0,Siena,UAlbany,2022-03-02,A,7,11,L,-4
2022,1,530077,530032.0,Siena,Dartmouth,2022-03-05,H,9,11,L,-2
2022,1,530077,530075.0,Siena,St. John's (NY),2022-03-11,H,13,10,W,3
2022,1,530077,530028.0,Siena,Canisius,2022-03-20,A,8,9,L,-1
2022,1,530077,530053.0,Siena,Marist,2022-03-26,A,10,11,L,-1
2022,1,530077,530060.0,Siena,Monmouth,2022-04-02,A,10,1,W,9
2022,1,530077,530052.0,Siena,Manhattan,2022-04-09,H,7,8,L,-1
2022,1,530077,530019.0,Siena,St. Bonaventure,2022-04-16,H,14,11,W,3
2022,1,530077,530045.0,Siena,Holy Cross,2022-04-23,A,11,8,W,3
2022,1,530077,530070.0,Siena,Quinnipiac,2022-04-30,H,15,10,W,5
2022,1,530077,530019.0,Siena,"#1 St. Bonaventure @Poughkeepsie, NY (2022 MAAC MLA Tournament)",2022-05-05,H,10,12,L,-2
2022,1,530019,530076.0,St. Bonaventure,Saint Joseph's,2022-02-12,A,11,12,L,-1
2022,1,530019,530022.0,St. Bonaventure,Bellarmine,2022-02-22,H,13,12,W,1
2022,1,530019,530086.0,St. Bonaventure,VMI,2022-02-26,A,9,8,W,1
2022,1,530019,530071.0,St. Bonaventure,Richmond,2022-03-01,A,3,17,L,-14
2022,1,530019,530040.0,St. Bonaventure,Hampton,2022-03-05,H,21,0,W,21
2022,1,530019,530029.0,St. Bonaventure,Cleveland St.,2022-03-11,H,12,5,W,7
2022,1,530019,530029.0,St. Bonaventure,Cleveland St.,2022-03-13,A,11,10,W,1
2022,1,530019,530053.0,St. Bonaventure,Marist,2022-03-19,A,7,6,W,1
2022,1,530019,530052.0,St. Bonaventure,Manhattan,2022-03-26,H,15,9,W,6
2022,1,530019,530060.0,St. Bonaventure,Monmouth,2022-04-09,H,6,3,W,3
2022,1,530019,530077.0,St. Bonaventure,Siena,2022-04-16,A,11,14,L,-3
2022,1,530019,530070.0,St. Bonaventure,Quinnipiac,2022-04-23,A,10,8,W,2
2022,1,530019,530028.0,St. Bonaventure,Canisius,2022-04-30,H,13,12,W,1
2022,1,530019,530077.0,St. Bonaventure,"#4 Siena @Poughkeepsie, NY (2022 MAAC MLA Tournament)",2022-05-05,H,12,10,W,2
2022,1,530019,530052.0,St. Bonaventure,#3 Manhattan 2022 MAAC MLA Tournament,2022-05-07,H,7,8,L,-1
2022,1,530075,530073.0,St. John's (NY),Rutgers,2022-02-12,H,6,23,L,-17
2022,1,530075,530027.0,St. John's (NY),Bucknell,2022-02-19,A,7,23,L,-16
2022,1,530075,530078.0,St. John's (NY),"Stony Brook @Hempstead, NY",2022-02-25,H,10,17,L,-7
2022,1,530075,530044.0,St. John's (NY),Hofstra,2022-02-27,A,6,12,L,-6
2022,1,530075,530052.0,St. John's (NY),Manhattan,2022-03-05,H,9,7,W,2
2022,1,530075,530077.0,St. John's (NY),Siena,2022-03-11,A,10,13,L,-3
2022,1,530075,530032.0,St. John's (NY),Dartmouth,2022-03-19,A,10,17,L,-7
2022,1,530075,530038.0,St. John's (NY),Fairfield,2022-03-22,A,17,14,W,3
2022,1,530075,530046.0,St. John's (NY),Jacksonville,2022-03-26,A,4,25,L,-21
2022,1,530075,530085.0,St. John's (NY),Villanova,2022-04-02,H,9,22,L,-13
2022,1,530075,530054.0,St. John's (NY),Marquette,2022-04-09,H,13,23,L,-10
2022,1,530075,530034.0,St. John's (NY),Denver,2022-04-16,A,4,18,L,-14
2022,1,530075,530039.0,St. John's (NY),Georgetown,2022-04-23,A,6,23,L,-17
2022,1,530075,530069.0,St. John's (NY),Providence,2022-04-30,H,14,20,L,-6
2022,1,530078,530038.0,Stony Brook,Fairfield,2022-02-12,H,13,12,W,1
2022,1,530078,530072.0,Stony Brook,Robert Morris,2022-02-19,H,18,14,W,4
2022,1,530078,530075.0,Stony Brook,"St. John's (NY) @Hempstead, NY",2022-02-25,H,17,10,W,7
2022,1,530078,530018.0,Stony Brook,"LIU @Hempstead, NY",2022-02-27,H,10,6,W,4
2022,1,530078,530073.0,Stony Brook,Rutgers,2022-03-05,H,16,17,L,-1
2022,1,530078,530025.0,Stony Brook,Brown,2022-03-12,A,7,10,L,-3
2022,1,530078,530050.0,Stony Brook,UMass Lowell,2022-03-16,H,17,9,W,8
2022,1,530078,530079.0,Stony Brook,Syracuse,2022-03-19,H,9,14,L,-5
2022,1,530078,530021.0,Stony Brook,UAlbany,2022-03-26,A,10,12,L,-2
2022,1,530078,530032.0,Stony Brook,Dartmouth,2022-04-05,A,14,13,W,1
2022,1,530078,530063.0,Stony Brook,NJIT,2022-04-09,H,20,12,W,8
2022,1,530078,530023.0,Stony Brook,Binghamton,2022-04-16,A,7,3,W,4
2022,1,530078,530055.0,Stony Brook,UMBC,2022-04-23,A,13,11,W,2
2022,1,530078,530084.0,Stony Brook,Vermont,2022-04-30,H,10,19,L,-9
2022,1,530079,530045.0,Syracuse,Holy Cross,2022-02-12,H,28,5,W,23
2022,1,530079,530056.0,Syracuse,Maryland,2022-02-20,H,10,14,L,-4
2022,1,530079,530087.0,Syracuse,Virginia,2022-02-26,A,11,20,L,-9
2022,1,530079,530082.0,Syracuse,Army West Point,2022-03-02,H,13,17,L,-4
2022,1,530079,530043.0,Syracuse,Hobart,2022-03-06,H,18,16,W,2
2022,1,530079,530047.0,Syracuse,Johns Hopkins,2022-03-13,A,7,10,L,-3
2022,1,530079,530078.0,Syracuse,Stony Brook,2022-03-19,A,14,9,W,5
2022,1,530079,530037.0,Syracuse,Duke,2022-03-26,H,14,10,W,4
2022,1,530079,530064.0,Syracuse,Notre Dame,2022-04-02,A,6,22,L,-16
2022,1,530079,530021.0,Syracuse,UAlbany,2022-04-07,A,12,14,L,-2
2022,1,530079,530031.0,Syracuse,Cornell,2022-04-11,H,15,16,L,-1
2022,1,530079,530062.0,Syracuse,North Carolina,2022-04-16,A,13,14,L,-1
2022,1,530079,530087.0,Syracuse,Virginia,2022-04-23,H,15,21,L,-6
2022,1,530079,530064.0,Syracuse,Notre Dame,2022-05-01,H,11,18,L,-7
2022,1,530080,530047.0,Towson,Johns Hopkins,2022-02-11,H,12,18,L,-6
2022,1,530080,530061.0,Towson,Mount St. Mary's,2022-02-15,H,13,8,W,5
2022,1,530080,530087.0,Towson,Virginia,2022-02-19,H,9,18,L,-9
2022,1,530080,530071.0,Towson,Richmond,2022-02-26,H,15,16,L,-1
2022,1,530080,530051.0,Towson,Loyola Maryland,2022-03-02,A,11,8,W,3
2022,1,530080,530055.0,Towson,UMBC,2022-03-05,H,11,10,W,1
2022,1,530080,530076.0,Towson,Saint Joseph's,2022-03-11,A,8,11,L,-3
2022,1,530080,530037.0,Towson,"Duke @Washington, DC",2022-03-19,H,7,14,L,-7
2022,1,530080,530034.0,Towson,Denver,2022-03-26,A,9,12,L,-3
2022,1,530080,530036.0,Towson,Drexel,2022-04-02,A,13,12,W,1
2022,1,530080,530057.0,Towson,Massachusetts,2022-04-09,H,12,9,W,3
2022,1,530080,530033.0,Towson,Delaware,2022-04-16,A,10,11,L,-1
2022,1,530080,530038.0,Towson,Fairfield,2022-04-23,A,12,8,W,4
2022,1,530080,530044.0,Towson,Hofstra,2022-04-30,H,14,15,L,-1
2022,1,530080,530057.0,Towson,"#3 Massachusetts @Philadelphia, PA (2022 CAA MLA Tournament)",2022-05-05,H,18,10,W,8
2022,1,530080,530033.0,Towson,"#1 Delaware @Philadelphia, PA (2022 CAA MLA Tournament)",2022-05-07,H,6,11,L,-5
2022,1,530021,530031.0,UAlbany,Cornell,2022-02-19,A,8,16,L,-8
2022,1,530021,530036.0,UAlbany,Drexel,2022-02-26,A,12,14,L,-2
2022,1,530021,530077.0,UAlbany,Siena,2022-03-02,H,11,7,W,4
2022,1,530021,530057.0,UAlbany,Massachusetts,2022-03-08,A,9,12,L,-3
2022,1,530021,530056.0,UAlbany,Maryland,2022-03-12,A,6,24,L,-18
2022,1,530021,530023.0,UAlbany,Binghamton,2022-03-19,H,10,18,L,-8
2022,1,530021,530078.0,UAlbany,Stony Brook,2022-03-26,H,12,10,W,2
2022,1,530021,530050.0,UAlbany,UMass Lowell,2022-04-02,A,13,12,W,1
2022,1,530021,530079.0,UAlbany,Syracuse,2022-04-07,H,14,12,W,2
2022,1,530021,530055.0,UAlbany,UMBC,2022-04-09,A,7,16,L,-9
2022,1,530021,530084.0,UAlbany,Vermont,2022-04-16,H,6,14,L,-8
2022,1,530021,530063.0,UAlbany,NJIT,2022-04-22,A,16,6,W,10
2022,1,530021,530089.0,UAlbany,Yale,2022-04-24,A,13,17,L,-4
2022,1,530021,530067.0,UAlbany,Penn,2022-04-30,H,11,19,L,-8
2022,1,530021,530084.0,UAlbany,#1 Vermont 2022 AE MLA Tournament,2022-05-05,A,7,17,L,-10
2022,1,530055,530036.0,UMBC,Drexel,2022-02-19,H,12,8,W,4
2022,1,530055,530061.0,UMBC,Mount St. Mary's,2022-02-25,A,8,9,L,-1
2022,1,530055,530080.0,UMBC,Towson,2022-03-05,A,10,11,L,-1
2022,1,530055,530020.0,UMBC,Utah,2022-03-11,H,13,10,W,3
2022,1,530055,530071.0,UMBC,Richmond,2022-03-20,A,9,14,L,-5
2022,1,530055,530023.0,UMBC,Binghamton,2022-03-26,A,8,12,L,-4
2022,1,530055,530084.0,UMBC,Vermont,2022-04-02,A,3,12,L,-9
2022,1,530055,530021.0,UMBC,UAlbany,2022-04-09,H,16,7,W,9
2022,1,530055,530050.0,UMBC,UMass Lowell,2022-04-16,A,11,7,W,4
2022,1,530055,530078.0,UMBC,Stony Brook,2022-04-23,H,11,13,L,-2
2022,1,530055,530063.0,UMBC,NJIT,2022-04-29,H,19,9,W,10
2022,1,530055,530023.0,UMBC,"#2 Binghamton @Burlington, VT (2022 AE MLA Tournament)",2022-05-05,H,7,6,W,1
2022,1,530055,530084.0,UMBC,#1 Vermont 2022 AE MLA Tournament,2022-05-07,A,11,13,L,-2
2022,1,530050,530070.0,UMass Lowell,Quinnipiac,2022-02-12,H,14,15,L,-1
2022,1,530050,530057.0,UMass Lowell,Massachusetts,2022-02-19,A,9,19,L,-10
2022,1,530050,530077.0,UMass Lowell,Siena,2022-02-27,H,10,14,L,-4
2022,1,530050,530091.0,UMass Lowell,Merrimack,2022-03-05,A,10,16,L,-6
2022,1,530050,530074.0,UMass Lowell,Sacred Heart,2022-03-12,H,10,14,L,-4
2022,1,530050,530078.0,UMass Lowell,Stony Brook,2022-03-16,A,9,17,L,-8
2022,1,530050,530046.0,UMass Lowell,Jacksonville,2022-03-19,H,8,22,L,-14
2022,1,530050,530063.0,UMass Lowell,NJIT,2022-03-26,A,8,7,W,1
2022,1,530050,530021.0,UMass Lowell,UAlbany,2022-04-02,H,12,13,L,-1
2022,1,530050,530084.0,UMass Lowell,Vermont,2022-04-09,H,9,23,L,-14
2022,1,530050,530055.0,UMass Lowell,UMBC,2022-04-16,H,7,11,L,-4
2022,1,530050,530045.0,UMass Lowell,Holy Cross,2022-04-20,H,14,15,L,-1
2022,1,530050,530023.0,UMass Lowell,Binghamton,2022-04-30,A,9,7,W,2
2022,1,530020,530034.0,Utah,Denver,2022-02-05,H,13,14,L,-1
2022,1,530020,530084.0,Utah,Vermont,2022-02-12,A,11,10,W,1
2022,1,530020,530054.0,Utah,Marquette,2022-02-26,A,12,11,W,1
2022,1,530020,530046.0,Utah,Jacksonville,2022-03-06,A,16,10,W,6
2022,1,530020,530055.0,Utah,UMBC,2022-03-11,A,10,13,L,-3
2022,1,530020,530039.0,Utah,Georgetown,2022-03-19,A,6,16,L,-10
2022,1,530020,530058.0,Utah,Mercer,2022-03-26,H,23,9,W,14
2022,1,530020,530081.0,Utah,Air Force,2022-04-02,A,10,8,W,2
2022,1,530020,530029.0,Utah,Cleveland St.,2022-04-09,A,15,11,W,4
2022,1,530020,530072.0,Utah,Robert Morris,2022-04-16,H,18,8,W,10
2022,1,530020,530022.0,Utah,Bellarmine,2022-04-23,A,12,11,W,1
2022,1,530020,530035.0,Utah,Detroit Mercy,2022-04-30,H,16,9,W,7
2022,1,530020,530022.0,Utah,"#4 Bellarmine @Huntsville, AL (2022 ASUN MLA Tournament)",2022-05-05,H,12,11,W,1
2022,1,530020,530072.0,Utah,"#2 Robert Morris @Huntsville, AL (2022 ASUN MLA Tournament)",2022-05-07,H,17,18,L,-1
2022,1,530086,530048.0,VMI,Lafayette,2022-02-12,H,6,14,L,-8
2022,1,530086,530052.0,VMI,Manhattan,2022-02-16,A,10,14,L,-4
2022,1,530086,530040.0,VMI,Hampton,2022-02-21,A,15,6,W,9
2022,1,530086,530019.0,VMI,St. Bonaventure,2022-02-26,H,8,9,L,-1
2022,1,530086,530061.0,VMI,Mount St. Mary's,2022-03-04,A,8,7,W,1
2022,1,530086,530035.0,VMI,Detroit Mercy,2022-03-12,A,11,16,L,-5
2022,1,530086,530060.0,VMI,Monmouth,2022-03-15,A,6,11,L,-5
2022,1,530086,530022.0,VMI,Bellarmine,2022-03-19,H,8,17,L,-9
2022,1,530086,530029.0,VMI,Cleveland St.,2022-03-26,A,10,22,L,-12
2022,1,530086,530058.0,VMI,Mercer,2022-04-02,H,13,10,W,3
2022,1,530086,530090.0,VMI,High Point,2022-04-08,A,5,16,L,-11
2022,1,530086,530046.0,VMI,Jacksonville,2022-04-16,H,6,25,L,-19
2022,1,530086,530040.0,VMI,Hampton,2022-04-23,H,21,5,W,16
2022,1,530086,530071.0,VMI,Richmond,2022-04-30,A,12,14,L,-2
2022,1,530086,530046.0,VMI,"#1 Jacksonville @High Point , NC (2022 SoCon MLA Tournament)",2022-05-05,H,5,13,L,-8
2022,1,530084,530037.0,Vermont,Duke,2022-02-06,A,7,15,L,-8
2022,1,530084,530020.0,Vermont,Utah,2022-02-12,H,10,11,L,-1
2022,1,530084,530066.0,Vermont,Penn St.,2022-02-16,A,16,10,W,6
2022,1,530084,530025.0,Vermont,Brown,2022-02-26,A,11,12,L,-1
2022,1,530084,530026.0,Vermont,Bryant,2022-03-05,H,16,6,W,10
2022,1,530084,530032.0,Vermont,Dartmouth,2022-03-08,A,7,8,L,-1
2022,1,530084,530069.0,Vermont,Providence,2022-03-12,A,10,12,L,-2
2022,1,530084,530057.0,Vermont,Massachusetts,2022-03-16,A,10,12,L,-2
2022,1,530084,530063.0,Vermont,NJIT,2022-03-19,H,14,3,W,11
2022,1,530084,530028.0,Vermont,Canisius,2022-03-26,H,15,6,W,9
2022,1,530084,530055.0,Vermont,UMBC,2022-04-02,H,12,3,W,9
2022,1,530084,530050.0,Vermont,UMass Lowell,2022-04-09,A,23,9,W,14
2022,1,530084,530021.0,Vermont,UAlbany,2022-04-16,A,14,6,W,8
2022,1,530084,530023.0,Vermont,Binghamton,2022-04-23,H,17,10,W,7
2022,1,530084,530078.0,Vermont,Stony Brook,2022-04-30,A,19,10,W,9
2022,1,530084,530021.0,Vermont,#4 UAlbany 2022 AE MLA Tournament,2022-05-05,H,17,7,W,10
2022,1,530084,530055.0,Vermont,#3 UMBC 2022 AE MLA Tournament,2022-05-07,H,13,11,W,2
2022,1,530084,530052.0,Vermont,Manhattan 2022 NCAA DI MLA Championship,2022-05-11,H,15,3,W,12
2022,1,530084,530056.0,Vermont,#1 Maryland 2022 NCAA DI MLA Championship,2022-05-15,A,5,21,L,-16
2022,1,530085,530066.0,Villanova,Penn St.,2022-02-12,A,13,12,W,1
2022,1,530085,530089.0,Villanova,Yale,2022-02-19,A,14,17,L,-3
2022,1,530085,530038.0,Villanova,Fairfield,2022-02-26,H,16,9,W,7
2022,1,530085,530025.0,Villanova,Brown,2022-03-01,A,14,15,L,-1
2022,1,530085,530044.0,Villanova,Hofstra,2022-03-05,H,8,6,W,2
2022,1,530085,530067.0,Villanova,Penn,2022-03-13,H,7,8,L,-1
2022,1,530085,530036.0,Villanova,Drexel,2022-03-19,H,15,12,W,3
2022,1,530085,530033.0,Villanova,Delaware,2022-03-26,H,18,13,W,5
2022,1,530085,530075.0,Villanova,St. John's (NY),2022-04-02,A,22,9,W,13
2022,1,530085,530034.0,Villanova,Denver,2022-04-09,H,10,12,L,-2
2022,1,530085,530069.0,Villanova,Providence,2022-04-16,H,18,13,W,5
2022,1,530085,530054.0,Villanova,Marquette,2022-04-23,A,10,8,W,2
2022,1,530085,530039.0,Villanova,Georgetown,2022-04-29,H,7,13,L,-6
2022,1,530085,530034.0,Villanova,"#2 Denver @Washington, DC (2022 Big East MLA Tournament)",2022-05-05,H,15,14,W,1
2022,1,530085,530039.0,Villanova,#1 Georgetown 2022 Big East MLA Tournament,2022-05-07,A,12,14,L,-2
2022,1,530087,530081.0,Virginia,Air Force,2022-02-05,H,21,11,W,10
2022,1,530087,530090.0,Virginia,High Point,2022-02-13,H,11,10,W,1
2022,1,530087,530080.0,Virginia,Towson,2022-02-19,A,18,9,W,9
2022,1,530087,530079.0,Virginia,Syracuse,2022-02-26,H,20,11,W,9
2022,1,530087,530047.0,Virginia,Johns Hopkins,2022-03-05,H,19,8,W,11
2022,1,530087,530062.0,Virginia,North Carolina,2022-03-10,A,15,11,W,4
2022,1,530087,530056.0,Virginia,"Maryland @Washington, D.C.",2022-03-19,H,12,23,L,-11
2022,1,530087,530064.0,Virginia,Notre Dame,2022-03-26,H,12,8,W,4
2022,1,530087,530071.0,Virginia,Richmond,2022-04-02,A,13,17,L,-4
2022,1,530087,530062.0,Virginia,North Carolina,2022-04-09,H,11,4,W,7
2022,1,530087,530037.0,Virginia,Duke,2022-04-14,A,8,17,L,-9
2022,1,530087,530070.0,Virginia,Quinnipiac,2022-04-16,H,21,9,W,12
2022,1,530087,530079.0,Virginia,Syracuse,2022-04-23,A,21,15,W,6
2022,1,530087,530048.0,Virginia,Lafayette,2022-04-28,H,20,10,W,10
2022,1,530087,530025.0,Virginia,#8 Brown 2022 NCAA DI MLA Championship,2022-05-14,A,17,10,W,7
2022,1,530087,530056.0,Virginia,"#1 Maryland @Columbus, OH (2022 NCAA DI MLA Championship)",2022-05-22,H,9,18,L,-9
2022,1,530088,530038.0,Wagner,Fairfield,2022-02-19,A,9,16,L,-7
2022,1,530088,530052.0,Wagner,Manhattan,2022-02-26,A,5,11,L,-6
2022,1,530088,530060.0,Wagner,Monmouth,2022-03-01,A,7,9,L,-2
2022,1,530088,530063.0,Wagner,NJIT,2022-03-05,H,7,5,W,2
2022,1,530088,530058.0,Wagner,Mercer,2022-03-12,H,13,4,W,9
2022,1,530088,530018.0,Wagner,LIU,2022-03-19,A,7,12,L,-5
2022,1,530088,530076.0,Wagner,Saint Joseph's,2022-03-26,H,6,12,L,-6
2022,1,530088,530074.0,Wagner,Sacred Heart,2022-04-02,H,14,8,W,6
2022,1,530088,530043.0,Wagner,Hobart,2022-04-09,A,3,12,L,-9
2022,1,530088,530061.0,Wagner,Mount St. Mary's,2022-04-16,H,5,9,L,-4
2022,1,530088,530091.0,Wagner,Merrimack,2022-04-23,H,6,8,L,-2
2022,1,530088,530026.0,Wagner,Bryant,2022-04-30,A,6,15,L,-9
2022,1,530089,530085.0,Yale,Villanova,2022-02-19,H,17,14,W,3
2022,1,530089,530066.0,Yale,Penn St.,2022-02-26,A,6,10,L,-4
2022,1,530089,530057.0,Yale,Massachusetts,2022-03-05,H,13,12,W,1
2022,1,530089,530034.0,Yale,Denver,2022-03-13,A,16,13,W,3
2022,1,530089,530031.0,Yale,Cornell,2022-03-19,A,12,13,L,-1
2022,1,530089,530068.0,Yale,Princeton,2022-03-26,H,14,12,W,2
2022,1,530089,530067.0,Yale,Penn,2022-04-02,H,12,11,W,1
2022,1,530089,530024.0,Yale,Boston U.,2022-04-05,A,22,15,W,7
2022,1,530089,530032.0,Yale,Dartmouth,2022-04-09,A,23,6,W,17
2022,1,530089,530025.0,Yale,Brown,2022-04-16,A,13,20,L,-7
2022,1,530089,530021.0,Yale,UAlbany,2022-04-24,H,17,13,W,4
2022,1,530089,530070.0,Yale,Quinnipiac,2022-04-26,H,20,13,W,7
2022,1,530089,530042.0,Yale,Harvard,2022-04-30,H,17,16,W,1
2022,1,530089,530031.0,Yale,"#2 Cornell @Providence, RI (2022 Ivy League MLA Tournament)",2022-05-06,H,14,11,W,3
2022,1,530089,530067.0,Yale,"#4 Penn @Providence, RI (2022 Ivy League MLA Tournament)",2022-05-08,H,9,16,L,-7
2022,1,530089,530076.0,Yale,Saint Joseph's 2022 NCAA DI MLA Championship,2022-05-14,H,18,16,W,2
2022,1,530089,530068.0,Yale,"#5 Princeton @Hempstead, NY (2022 NCAA DI MLA Championship)",2022-05-21,H,10,14,L,-4
2023,1,546929,546913.0,Air Force,Ohio St.,2023-02-04,A,7,15,L,-8
2023,1,546929,546882.0,Air Force,Denver,2023-02-11,H,12,10,W,2
2023,1,546929,546878.0,Air Force,Colgate,2023-02-18,H,11,10,W,1
2023,1,546929,546926.0,Air Force,Stony Brook,2023-02-24,A,8,15,L,-7
2023,1,546929,546906.0,Air Force,Mercer,2023-03-04,A,14,8,W,6
2023,1,546929,546874.0,Air Force,Bryant,2023-03-11,H,11,6,W,5
2023,1,546929,546981.0,Air Force,Queens (NC),2023-03-18,A,18,6,W,12
2023,1,546929,546885.0,Air Force,Duke,2023-03-20,A,6,18,L,-12
2023,1,546929,546987.0,Air Force,Lindenwood,2023-03-25,H,15,6,W,9
2023,1,546929,546868.0,Air Force,Utah,2023-03-29,H,11,18,L,-7
2023,1,546929,546877.0,Air Force,Cleveland St.,2023-04-01,A,12,9,W,3
2023,1,546929,546870.0,Air Force,Bellarmine,2023-04-08,A,10,11,L,-1
2023,1,546929,546883.0,Air Force,Detroit Mercy,2023-04-15,H,22,7,W,15
2023,1,546929,546894.0,Air Force,Jacksonville,2023-04-22,A,15,11,W,4
2023,1,546929,546920.0,Air Force,Robert Morris,2023-04-29,H,13,5,W,8
2023,1,546929,546920.0,Air Force,#6 Robert Morris 2023 ASUN MLA Championship,2023-05-05,A,12,4,W,8
2023,1,546929,546868.0,Air Force,"#1 Utah @Coraopolis, PA (2023 ASUN MLA Championship)",2023-05-07,H,9,11,L,-2
2023,1,546930,546905.0,Army West Point,Massachusetts,2023-02-11,A,8,10,L,-2
2023,1,546930,546921.0,Army West Point,Rutgers,2023-02-18,H,14,13,W,1
2023,1,546930,546936.0,Army West Point,Wagner,2023-02-21,H,20,6,W,14
2023,1,546930,546906.0,Army West Point,Mercer,2023-02-25,A,16,5,W,11
2023,1,546930,546893.0,Army West Point,Holy Cross,2023-03-05,A,13,6,W,7
2023,1,546930,546896.0,Army West Point,Lafayette,2023-03-10,H,17,9,W,8
2023,1,546930,546897.0,Army West Point,Lehigh,2023-03-18,A,12,10,W,2
2023,1,546930,546899.0,Army West Point,Loyola Maryland,2023-03-25,H,10,5,W,5
2023,1,546930,546875.0,Army West Point,Bucknell,2023-04-01,H,12,7,W,5
2023,1,546930,546878.0,Army West Point,Colgate,2023-04-08,A,10,9,W,1
2023,1,546930,546879.0,Army West Point,Cornell,2023-04-15,H,10,11,L,-1
2023,1,546930,546931.0,Army West Point,Navy,2023-04-22,A,11,6,W,5
2023,1,546930,546872.0,Army West Point,Boston U.,2023-04-28,H,11,12,L,-1
2023,1,546930,546897.0,Army West Point,"#3 Lehigh @Boston, MA (2023 Patriot MLA Championship)",2023-05-05,H,19,13,W,6
2023,1,546930,546899.0,Army West Point,"#5 Loyola Maryland @Boston, MA (2023 Patriot MLA Championship)",2023-05-07,H,10,8,W,2
2023,1,546930,546904.0,Army West Point,#4 Maryland 2023 NCAA DI MLA Championship,2023-05-13,A,16,15,W,1
2023,1,546930,546914.0,Army West Point,"#5 Penn St. @Annapolis, MD (2023 NCAA DI MLA Championship)",2023-05-21,H,9,10,L,-1
2023,1,546870,546885.0,Bellarmine,Duke,2023-02-04,A,7,19,L,-12
2023,1,546870,546867.0,Bellarmine,St. Bonaventure,2023-02-11,H,14,10,W,4
2023,1,546870,546876.0,Bellarmine,Canisius,2023-02-18,A,14,4,W,10
2023,1,546870,546901.0,Bellarmine,Marist,2023-02-26,A,13,10,W,3
2023,1,546870,546934.0,Bellarmine,VMI,2023-03-04,H,17,6,W,11
2023,1,546870,546902.0,Bellarmine,Marquette,2023-03-11,A,11,10,W,1
2023,1,546870,546868.0,Bellarmine,Utah,2023-03-18,A,8,15,L,-7
2023,1,546870,546981.0,Bellarmine,Queens (NC),2023-03-25,H,24,12,W,12
2023,1,546870,546906.0,Bellarmine,Mercer,2023-03-29,H,12,15,L,-3
2023,1,546870,546987.0,Bellarmine,Lindenwood,2023-04-01,A,18,7,W,11
2023,1,546870,546929.0,Bellarmine,Air Force,2023-04-08,H,11,10,W,1
2023,1,546870,546920.0,Bellarmine,Robert Morris,2023-04-12,A,13,21,L,-8
2023,1,546870,546877.0,Bellarmine,Cleveland St.,2023-04-16,A,13,8,W,5
2023,1,546870,546883.0,Bellarmine,Detroit Mercy,2023-04-22,A,18,3,W,15
2023,1,546870,546894.0,Bellarmine,Jacksonville,2023-04-29,H,12,13,L,-1
2023,1,546870,546906.0,Bellarmine,"#4 Mercer @Coraopolis, PA (2023 ASUN MLA Championship)",2023-05-02,H,14,13,W,1
2023,1,546870,546868.0,Bellarmine,"#1 Utah @Coraopolis, PA (2023 ASUN MLA Championship)",2023-05-05,H,14,17,L,-3
2023,1,546871,546901.0,Binghamton,Marist,2023-02-11,A,18,11,W,7
2023,1,546871,546867.0,Binghamton,St. Bonaventure,2023-02-18,A,12,11,W,1
2023,1,546871,546896.0,Binghamton,Lafayette,2023-02-25,H,4,10,L,-6
2023,1,546871,546923.0,Binghamton,St. John's (NY),2023-03-04,H,13,12,W,1
2023,1,546871,546897.0,Binghamton,Lehigh,2023-03-07,A,13,14,L,-1
2023,1,546871,546886.0,Binghamton,Fairfield,2023-03-11,A,14,9,W,5
2023,1,546871,546939.0,Binghamton,Merrimack,2023-03-18,A,14,7,W,7
2023,1,546871,546911.0,Binghamton,NJIT,2023-03-25,H,17,16,W,1
2023,1,546871,546898.0,Binghamton,UMass Lowell,2023-04-01,A,21,10,W,11
2023,1,546871,546932.0,Binghamton,Vermont,2023-04-08,H,9,11,L,-2
2023,1,546871,546903.0,Binghamton,UMBC,2023-04-15,A,16,13,W,3
2023,1,546871,546874.0,Binghamton,Bryant,2023-04-22,A,10,14,L,-4
2023,1,546871,546869.0,Binghamton,UAlbany,2023-04-29,H,15,14,W,1
2023,1,546871,546874.0,Binghamton,"#2 Bryant @Burlington, VT (2023 America East MLA Championship)",2023-05-04,H,11,12,L,-1
2023,1,546872,546932.0,Boston U.,Vermont,2023-02-11,A,12,14,L,-2
2023,1,546872,546874.0,Boston U.,Bryant,2023-02-18,A,16,15,W,1
2023,1,546872,546905.0,Boston U.,Massachusetts,2023-02-25,A,12,6,W,6
2023,1,546872,546878.0,Boston U.,Colgate,2023-03-04,H,14,8,W,6
2023,1,546872,546875.0,Boston U.,Bucknell,2023-03-11,A,14,12,W,2
2023,1,546872,546893.0,Boston U.,Holy Cross,2023-03-18,H,23,9,W,14
2023,1,546872,546890.0,Boston U.,Harvard,2023-03-21,H,15,11,W,4
2023,1,546872,546896.0,Boston U.,Lafayette,2023-03-25,A,12,10,W,2
2023,1,546872,546931.0,Boston U.,Navy,2023-03-31,A,8,10,L,-2
2023,1,546872,546937.0,Boston U.,Yale,2023-04-04,A,14,17,L,-3
2023,1,546872,546899.0,Boston U.,Loyola Maryland,2023-04-15,H,16,9,W,7
2023,1,546872,546897.0,Boston U.,Lehigh,2023-04-22,H,14,11,W,3
2023,1,546872,546930.0,Boston U.,Army West Point,2023-04-28,A,12,11,W,1
2023,1,546872,546899.0,Boston U.,#5 Loyola Maryland 2023 Patriot MLA Championship,2023-05-05,H,11,12,L,-1
2023,1,546873,546918.0,Brown,Quinnipiac,2023-02-18,H,10,11,L,-1
2023,1,546873,546917.0,Brown,Providence,2023-02-21,H,13,7,W,6
2023,1,546873,546932.0,Brown,Vermont,2023-02-26,A,22,12,W,10
2023,1,546873,546926.0,Brown,Stony Brook,2023-03-04,A,17,12,W,5
2023,1,546873,546910.0,Brown,North Carolina,2023-03-11,A,6,19,L,-13
2023,1,546873,546890.0,Brown,Harvard,2023-03-18,H,15,16,L,-1
2023,1,546873,546905.0,Brown,Massachusetts,2023-03-25,A,9,10,L,-1
2023,1,546873,546933.0,Brown,Villanova,2023-03-27,A,13,11,W,2
2023,1,546873,546916.0,Brown,Princeton,2023-04-01,A,12,16,L,-4
2023,1,546873,546915.0,Brown,Penn,2023-04-08,H,12,11,W,1
2023,1,546873,546937.0,Brown,Yale,2023-04-15,A,10,16,L,-6
2023,1,546873,546879.0,Brown,Cornell,2023-04-22,H,9,16,L,-7
2023,1,546873,546874.0,Brown,Bryant,2023-04-25,A,12,17,L,-5
2023,1,546873,546880.0,Brown,Dartmouth,2023-04-29,A,13,11,W,2
2023,1,546874,546917.0,Bryant,Providence,2023-02-11,H,15,14,W,1
2023,1,546874,546872.0,Bryant,Boston U.,2023-02-18,H,15,16,L,-1
2023,1,546874,546918.0,Bryant,Quinnipiac,2023-02-25,A,19,12,W,7
2023,1,546874,546900.0,Bryant,Manhattan,2023-03-04,H,15,12,W,3
2023,1,546874,546886.0,Bryant,Fairfield,2023-03-07,A,14,12,W,2
2023,1,546874,546929.0,Bryant,Air Force,2023-03-11,A,6,11,L,-5
2023,1,546874,546903.0,Bryant,UMBC,2023-03-18,H,17,13,W,4
2023,1,546874,546898.0,Bryant,UMass Lowell,2023-03-25,A,20,4,W,16
2023,1,546874,546911.0,Bryant,NJIT,2023-04-01,A,16,8,W,8
2023,1,546874,546869.0,Bryant,UAlbany,2023-04-08,H,20,16,W,4
2023,1,546874,546932.0,Bryant,Vermont,2023-04-15,A,12,13,L,-1
2023,1,546874,546871.0,Bryant,Binghamton,2023-04-22,H,14,10,W,4
2023,1,546874,546873.0,Bryant,Brown,2023-04-25,H,17,12,W,5
2023,1,546874,546939.0,Bryant,Merrimack,2023-04-29,A,9,12,L,-3
2023,1,546874,546871.0,Bryant,"#3 Binghamton @Burlington, VT (2023 America East MLA Championship)",2023-05-04,H,12,11,W,1
2023,1,546874,546869.0,Bryant,"#4 UAlbany @Burlington, VT (2023 America East MLA Championship)",2023-05-06,H,12,11,W,1
2023,1,546874,546895.0,Bryant,#6 Johns Hopkins 2023 NCAA DI MLA Championship,2023-05-14,A,8,22,L,-14
2023,1,546875,546906.0,Bucknell,Mercer,2023-02-04,H,20,6,W,14
2023,1,546875,546920.0,Bucknell,Robert Morris,2023-02-11,H,9,12,L,-3
2023,1,546875,546919.0,Bucknell,Richmond,2023-02-18,A,5,18,L,-13
2023,1,546875,546890.0,Bucknell,Harvard,2023-02-25,A,8,13,L,-5
2023,1,546875,546901.0,Bucknell,Marist,2023-03-04,H,11,14,L,-3
2023,1,546875,546872.0,Bucknell,Boston U.,2023-03-11,H,12,14,L,-2
2023,1,546875,546899.0,Bucknell,Loyola Maryland,2023-03-18,H,13,14,L,-1
2023,1,546875,546878.0,Bucknell,Colgate,2023-03-25,A,14,10,W,4
2023,1,546875,546930.0,Bucknell,Army West Point,2023-04-01,A,7,12,L,-5
2023,1,546875,546897.0,Bucknell,Lehigh,2023-04-08,H,8,11,L,-3
2023,1,546875,546893.0,Bucknell,Holy Cross,2023-04-15,A,18,12,W,6
2023,1,546875,546896.0,Bucknell,Lafayette,2023-04-21,A,13,14,L,-1
2023,1,546875,546931.0,Bucknell,Navy,2023-04-28,H,9,12,L,-3
2023,1,546876,546891.0,Canisius,Hobart,2023-02-11,A,14,20,L,-6
2023,1,546876,546870.0,Canisius,Bellarmine,2023-02-18,H,4,14,L,-10
2023,1,546876,546907.0,Canisius,Michigan,2023-02-21,A,8,19,L,-11
2023,1,546876,546920.0,Canisius,Robert Morris,2023-02-26,H,8,13,L,-5
2023,1,546876,546877.0,Canisius,Cleveland St.,2023-03-04,A,12,18,L,-6
2023,1,546876,546918.0,Canisius,Quinnipiac,2023-03-11,A,12,13,L,-1
2023,1,546876,546867.0,Canisius,St. Bonaventure,2023-03-14,H,13,5,W,8
2023,1,546876,546901.0,Canisius,Marist,2023-03-18,H,18,16,W,2
2023,1,546876,546900.0,Canisius,Manhattan,2023-03-25,A,9,14,L,-5
2023,1,546876,546925.0,Canisius,Siena,2023-03-29,H,9,10,L,-1
2023,1,546876,546934.0,Canisius,VMI,2023-04-01,H,10,11,L,-1
2023,1,546876,546866.0,Canisius,LIU,2023-04-08,A,9,13,L,-4
2023,1,546876,546909.0,Canisius,Mount St. Mary's,2023-04-12,A,13,15,L,-2
2023,1,546876,546936.0,Canisius,Wagner,2023-04-15,H,8,10,L,-2
2023,1,546876,546922.0,Canisius,Sacred Heart,2023-04-22,A,8,15,L,-7
2023,1,546877,546913.0,Cleveland St.,Ohio St.,2023-02-11,A,12,19,L,-7
2023,1,546877,546912.0,Cleveland St.,Notre Dame,2023-02-19,A,8,18,L,-10
2023,1,546877,546876.0,Cleveland St.,Canisius,2023-03-04,H,18,12,W,6
2023,1,546877,546867.0,Cleveland St.,St. Bonaventure,2023-03-11,A,13,6,W,7
2023,1,546877,546987.0,Cleveland St.,Lindenwood,2023-03-18,H,14,12,W,2
2023,1,546877,546920.0,Cleveland St.,Robert Morris,2023-03-25,A,6,11,L,-5
2023,1,546877,546894.0,Cleveland St.,Jacksonville,2023-03-29,H,12,14,L,-2
2023,1,546877,546929.0,Cleveland St.,Air Force,2023-04-01,H,9,12,L,-3
2023,1,546877,546906.0,Cleveland St.,Mercer,2023-04-08,A,11,8,W,3
2023,1,546877,546981.0,Cleveland St.,Queens (NC),2023-04-12,A,13,12,W,1
2023,1,546877,546870.0,Cleveland St.,Bellarmine,2023-04-16,H,8,13,L,-5
2023,1,546877,546868.0,Cleveland St.,Utah,2023-04-22,A,12,19,L,-7
2023,1,546877,546883.0,Cleveland St.,Detroit Mercy,2023-04-29,H,14,12,W,2
2023,1,546878,546929.0,Colgate,Air Force,2023-02-18,A,10,11,L,-1
2023,1,546878,546891.0,Colgate,Hobart,2023-02-25,H,8,10,L,-2
2023,1,546878,546872.0,Colgate,Boston U.,2023-03-04,A,8,14,L,-6
2023,1,546878,546931.0,Colgate,Navy,2023-03-11,H,17,8,W,9
2023,1,546878,546896.0,Colgate,Lafayette,2023-03-18,A,9,10,L,-1
2023,1,546878,546875.0,Colgate,Bucknell,2023-03-25,H,10,14,L,-4
2023,1,546878,546890.0,Colgate,Harvard,2023-04-01,H,10,14,L,-4
2023,1,546878,546930.0,Colgate,Army West Point,2023-04-08,H,9,10,L,-1
2023,1,546878,546897.0,Colgate,Lehigh,2023-04-15,A,8,15,L,-7
2023,1,546878,546899.0,Colgate,Loyola Maryland,2023-04-22,A,11,17,L,-6
2023,1,546878,546893.0,Colgate,Holy Cross,2023-04-28,H,22,9,W,13
2023,1,546879,546869.0,Cornell,UAlbany,2023-02-18,A,12,10,W,2
2023,1,546879,546897.0,Cornell,Lehigh,2023-02-25,H,12,5,W,7
2023,1,546879,546891.0,Cornell,Hobart,2023-02-28,A,17,8,W,9
2023,1,546879,546913.0,Cornell,Ohio St.,2023-03-04,A,16,13,W,3
2023,1,546879,546914.0,Cornell,Penn St.,2023-03-11,H,6,10,L,-4
2023,1,546879,546937.0,Cornell,Yale,2023-03-18,A,20,10,W,10
2023,1,546879,546915.0,Cornell,Penn,2023-03-26,H,18,12,W,6
2023,1,546879,546880.0,Cornell,Dartmouth,2023-04-01,H,22,11,W,11
2023,1,546879,546890.0,Cornell,Harvard,2023-04-08,A,8,10,L,-2
2023,1,546879,546902.0,Cornell,Marquette,2023-04-11,H,21,11,W,10
2023,1,546879,546930.0,Cornell,Army West Point,2023-04-15,A,11,10,W,1
2023,1,546879,546873.0,Cornell,Brown,2023-04-22,A,16,9,W,7
2023,1,546879,546916.0,Cornell,Princeton,2023-04-29,H,14,13,W,1
2023,1,546879,546937.0,Cornell,"#4 Yale @New York City, NY (2023 Ivy League MLA Tournament)",2023-05-05,H,15,22,L,-7
2023,1,546879,546907.0,Cornell,Michigan 2023 NCAA DI MLA Championship,2023-05-14,H,14,15,L,-1
2023,1,546880,546939.0,Dartmouth,Merrimack,2023-02-18,A,11,10,W,1
2023,1,546880,546893.0,Dartmouth,Holy Cross,2023-02-25,A,17,6,W,11
2023,1,546880,546925.0,Dartmouth,Siena,2023-03-04,H,11,8,W,3
2023,1,546880,546891.0,Dartmouth,Hobart,2023-03-07,A,20,16,W,4
2023,1,546880,546910.0,Dartmouth,North Carolina,2023-03-19,A,7,25,L,-18
2023,1,546880,546888.0,Dartmouth,Hampton,2023-03-21,A,18,9,W,9
2023,1,546880,546890.0,Dartmouth,Harvard,2023-03-25,H,10,9,W,1
2023,1,546880,546879.0,Dartmouth,Cornell,2023-04-01,A,11,22,L,-11
2023,1,546880,546937.0,Dartmouth,Yale,2023-04-08,A,11,21,L,-10
2023,1,546880,546916.0,Dartmouth,Princeton,2023-04-15,H,7,17,L,-10
2023,1,546880,546915.0,Dartmouth,Penn,2023-04-22,A,6,17,L,-11
2023,1,546880,546873.0,Dartmouth,Brown,2023-04-29,H,11,13,L,-2
2023,1,546881,546896.0,Delaware,Lafayette,2023-02-11,A,14,5,W,9
2023,1,546881,546909.0,Delaware,Mount St. Mary's,2023-02-15,A,15,6,W,9
2023,1,546881,546923.0,Delaware,St. John's (NY),2023-02-18,H,16,9,W,7
2023,1,546881,546933.0,Delaware,Villanova,2023-02-26,H,12,13,L,-1
2023,1,546881,546907.0,Delaware,Michigan,2023-03-04,H,12,16,L,-4
2023,1,546881,546903.0,Delaware,UMBC,2023-03-07,H,17,11,W,6
2023,1,546881,546908.0,Delaware,Monmouth,2023-03-11,H,18,6,W,12
2023,1,546881,546895.0,Delaware,Johns Hopkins,2023-03-19,A,10,12,L,-2
2023,1,546881,546892.0,Delaware,Hofstra,2023-03-25,A,15,7,W,8
2023,1,546881,546888.0,Delaware,Hampton,2023-04-01,H,19,1,W,18
2023,1,546881,546886.0,Delaware,Fairfield,2023-04-08,H,17,7,W,10
2023,1,546881,546926.0,Delaware,Stony Brook,2023-04-15,A,12,9,W,3
2023,1,546881,546884.0,Delaware,Drexel,2023-04-22,H,18,13,W,5
2023,1,546881,546928.0,Delaware,Towson,2023-04-29,A,10,15,L,-5
2023,1,546881,546928.0,Delaware,#4 Towson 2023 CAA MLA Championship,2023-05-04,H,11,8,W,3
2023,1,546881,546926.0,Delaware,#3 Stony Brook 2023 CAA MLA Championship,2023-05-06,H,13,10,W,3
2023,1,546881,546901.0,Delaware,Marist 2023 NCAA DI MLA Championship,2023-05-10,H,25,10,W,15
2023,1,546881,546885.0,Delaware,#1 Duke 2023 NCAA DI MLA Championship,2023-05-14,A,11,12,L,-1
2023,1,546882,546868.0,Denver,Utah,2023-02-04,H,12,4,W,8
2023,1,546882,546929.0,Denver,Air Force,2023-02-11,A,10,12,L,-2
2023,1,546882,546885.0,Denver,Duke,2023-02-17,A,13,14,L,-1
2023,1,546882,546939.0,Denver,Merrimack,2023-02-25,H,13,9,W,4
2023,1,546882,546910.0,Denver,North Carolina,2023-03-04,A,9,8,W,1
2023,1,546882,546937.0,Denver,Yale,2023-03-11,A,9,11,L,-2
2023,1,546882,546913.0,Denver,Ohio St.,2023-03-19,H,17,12,W,5
2023,1,546882,546887.0,Denver,Georgetown,2023-04-01,A,6,13,L,-7
2023,1,546882,546933.0,Denver,Villanova,2023-04-08,H,12,6,W,6
2023,1,546882,546928.0,Denver,Towson,2023-04-13,A,12,10,W,2
2023,1,546882,546923.0,Denver,St. John's (NY),2023-04-15,A,12,10,W,2
2023,1,546882,546917.0,Denver,Providence,2023-04-21,H,13,6,W,7
2023,1,546882,546902.0,Denver,Marquette,2023-04-28,A,15,14,W,1
2023,1,546882,546933.0,Denver,"#3 Villanova @Milwaukee, WI (2023 Big East MLA Championship)",2023-05-04,H,16,9,W,7
2023,1,546882,546887.0,Denver,"#1 Georgetown @Milwaukee, WI (2023 Big East MLA Championship)",2023-05-06,H,5,14,L,-9
2023,1,546883,546934.0,Detroit Mercy,VMI,2023-02-04,A,11,14,L,-3
2023,1,546883,546938.0,Detroit Mercy,High Point,2023-02-11,A,2,17,L,-15
2023,1,546883,546902.0,Detroit Mercy,Marquette,2023-03-01,H,5,10,L,-5
2023,1,546883,546913.0,Detroit Mercy,Ohio St.,2023-03-14,A,6,19,L,-13
2023,1,546883,546906.0,Detroit Mercy,Mercer,2023-03-18,A,12,16,L,-4
2023,1,546883,546868.0,Detroit Mercy,Utah,2023-03-25,H,11,24,L,-13
2023,1,546883,546920.0,Detroit Mercy,Robert Morris,2023-03-29,H,14,8,W,6
2023,1,546883,546981.0,Detroit Mercy,Queens (NC),2023-04-01,A,5,9,L,-4
2023,1,546883,546987.0,Detroit Mercy,Lindenwood,2023-04-08,H,17,16,W,1
2023,1,546883,546894.0,Detroit Mercy,Jacksonville,2023-04-12,A,7,17,L,-10
2023,1,546883,546929.0,Detroit Mercy,Air Force,2023-04-15,A,7,22,L,-15
2023,1,546883,546870.0,Detroit Mercy,Bellarmine,2023-04-22,H,3,18,L,-15
2023,1,546883,546877.0,Detroit Mercy,Cleveland St.,2023-04-29,A,12,14,L,-2
2023,1,546884,546903.0,Drexel,UMBC,2023-02-18,H,7,12,L,-5
2023,1,546884,546896.0,Drexel,Lafayette,2023-02-21,H,16,14,W,2
2023,1,546884,546869.0,Drexel,UAlbany,2023-02-25,A,7,11,L,-4
2023,1,546884,546922.0,Drexel,Sacred Heart,2023-03-04,A,12,11,W,1
2023,1,546884,546933.0,Drexel,"Villanova @Philadelphia, PA",2023-03-08,H,7,14,L,-7
2023,1,546884,546924.0,Drexel,"Saint Joseph's @Philadelphia, PA",2023-03-11,H,18,16,W,2
2023,1,546884,546928.0,Drexel,Towson,2023-03-18,A,12,11,W,1
2023,1,546884,546888.0,Drexel,Hampton,2023-03-25,H,18,4,W,14
2023,1,546884,546886.0,Drexel,Fairfield,2023-04-01,A,15,11,W,4
2023,1,546884,546926.0,Drexel,Stony Brook,2023-04-08,H,15,14,W,1
2023,1,546884,546892.0,Drexel,Hofstra,2023-04-15,H,7,8,L,-1
2023,1,546884,546881.0,Drexel,Delaware,2023-04-22,A,13,18,L,-5
2023,1,546884,546908.0,Drexel,Monmouth,2023-04-28,H,16,7,W,9
2023,1,546884,546926.0,Drexel,"#3 Stony Brook @Newark, DE (2023 CAA MLA Championship)",2023-05-04,H,10,13,L,-3
2023,1,546885,546870.0,Duke,Bellarmine,2023-02-04,H,19,7,W,12
2023,1,546885,546938.0,Duke,High Point,2023-02-07,H,20,8,W,12
2023,1,546885,546894.0,Duke,Jacksonville,2023-02-11,A,12,13,L,-1
2023,1,546885,546882.0,Duke,Denver,2023-02-17,H,14,13,W,1
2023,1,546885,546915.0,Duke,Penn,2023-02-25,A,14,12,W,2
2023,1,546885,546927.0,Duke,Syracuse,2023-03-05,A,14,13,W,1
2023,1,546885,546899.0,Duke,Loyola Maryland,2023-03-10,H,17,9,W,8
2023,1,546885,546910.0,Duke,North Carolina,2023-03-17,H,15,8,W,7
2023,1,546885,546929.0,Duke,Air Force,2023-03-20,H,18,6,W,12
2023,1,546885,546924.0,Duke,Saint Joseph's,2023-03-25,A,12,9,W,3
2023,1,546885,546935.0,Duke,Virginia,2023-03-31,A,16,14,W,2
2023,1,546885,546912.0,Duke,Notre Dame,2023-04-08,A,12,17,L,-5
2023,1,546885,546935.0,Duke,Virginia,2023-04-15,H,15,14,W,1
2023,1,546885,546927.0,Duke,Syracuse,2023-04-29,H,18,15,W,3
2023,1,546885,546939.0,Duke,"Merrimack @Bethpage, NY",2023-05-07,H,14,2,W,12
2023,1,546885,546881.0,Duke,Delaware 2023 NCAA DI MLA Championship,2023-05-14,H,12,11,W,1
2023,1,546885,546907.0,Duke,"Michigan @Albany, NY (2023 NCAA DI MLA Championship)",2023-05-20,H,15,8,W,7
2023,1,546885,546914.0,Duke,"#5 Penn St. @Philadelphia, PA (2023 NCAA DI MLA Championship)",2023-05-27,H,16,15,W,1
2023,1,546885,546912.0,Duke,"#3 Notre Dame @Philadelphia, PA (2023 NCAA DI MLA Championship)",2023-05-29,H,9,13,L,-4
2023,1,546886,546897.0,Fairfield,Lehigh,2023-02-11,A,10,20,L,-10
2023,1,546886,546936.0,Fairfield,Wagner,2023-02-18,A,14,7,W,7
2023,1,546886,546922.0,Fairfield,Sacred Heart,2023-02-22,H,17,5,W,12
2023,1,546886,546919.0,Fairfield,Richmond,2023-02-26,A,8,10,L,-2
2023,1,546886,546917.0,Fairfield,Providence,2023-03-04,A,10,17,L,-7
2023,1,546886,546874.0,Fairfield,Bryant,2023-03-07,H,12,14,L,-2
2023,1,546886,546871.0,Fairfield,Binghamton,2023-03-11,H,9,14,L,-5
2023,1,546886,546892.0,Fairfield,Hofstra,2023-03-18,A,12,11,W,1
2023,1,546886,546928.0,Fairfield,Towson,2023-03-25,A,7,11,L,-4
2023,1,546886,546884.0,Fairfield,Drexel,2023-04-01,H,11,15,L,-4
2023,1,546886,546881.0,Fairfield,Delaware,2023-04-08,A,7,17,L,-10
2023,1,546886,546908.0,Fairfield,Monmouth,2023-04-15,H,15,14,W,1
2023,1,546886,546926.0,Fairfield,Stony Brook,2023-04-22,A,14,17,L,-3
2023,1,546886,546888.0,Fairfield,Hampton,2023-04-29,H,22,6,W,16
2023,1,546887,546895.0,Georgetown,Johns Hopkins,2023-02-11,A,12,13,L,-1
2023,1,546887,546915.0,Georgetown,Penn,2023-02-18,H,7,9,L,-2
2023,1,546887,546912.0,Georgetown,Notre Dame,2023-02-25,H,8,15,L,-7
2023,1,546887,546916.0,Georgetown,Princeton,2023-03-04,A,13,10,W,3
2023,1,546887,546919.0,Georgetown,Richmond,2023-03-11,H,13,12,W,1
2023,1,546887,546938.0,Georgetown,High Point,2023-03-18,H,22,10,W,12
2023,1,546887,546897.0,Georgetown,Lehigh,2023-03-25,H,17,15,W,2
2023,1,546887,546882.0,Georgetown,Denver,2023-04-01,H,13,6,W,7
2023,1,546887,546917.0,Georgetown,Providence,2023-04-08,H,13,11,W,2
2023,1,546887,546902.0,Georgetown,Marquette,2023-04-15,A,15,14,W,1
2023,1,546887,546899.0,Georgetown,Loyola Maryland,2023-04-18,A,23,7,W,16
2023,1,546887,546923.0,Georgetown,St. John's (NY),2023-04-22,A,18,12,W,6
2023,1,546887,546933.0,Georgetown,Villanova,2023-04-28,H,12,8,W,4
2023,1,546887,546917.0,Georgetown,"#4 Providence @Milwaukee, WI (2023 Big East MLA Championship)",2023-05-04,H,19,8,W,11
2023,1,546887,546882.0,Georgetown,"#2 Denver @Milwaukee, WI (2023 Big East MLA Championship)",2023-05-06,H,14,5,W,9
2023,1,546887,546937.0,Georgetown,Yale 2023 NCAA DI MLA Championship,2023-05-13,H,19,17,W,2
2023,1,546887,546935.0,Georgetown,"#2 Virginia @Albany, NY (2023 NCAA DI MLA Championship)",2023-05-20,H,14,17,L,-3
2023,1,546888,546981.0,Hampton,Queens (NC),2023-02-19,H,10,17,L,-7
2023,1,546888,546934.0,Hampton,VMI,2023-02-21,A,10,20,L,-10
2023,1,546888,546938.0,Hampton,High Point,2023-02-26,A,9,27,L,-18
2023,1,546888,,Hampton,St. Andrews,2023-03-01,A,16,4,W,12
2023,1,546888,547052.0,Hampton,Wabash,2023-03-10,H,16,4,W,12
2023,1,546888,546896.0,Hampton,Lafayette,2023-03-14,H,9,18,L,-9
2023,1,546888,546926.0,Hampton,Stony Brook,2023-03-18,H,3,19,L,-16
2023,1,546888,546880.0,Hampton,Dartmouth,2023-03-21,H,9,18,L,-9
2023,1,546888,546884.0,Hampton,Drexel,2023-03-25,A,4,18,L,-14
2023,1,546888,546881.0,Hampton,Delaware,2023-04-01,A,1,19,L,-18
2023,1,546888,546908.0,Hampton,Monmouth,2023-04-08,H,6,14,L,-8
2023,1,546888,546928.0,Hampton,Towson,2023-04-15,A,1,20,L,-19
2023,1,546888,546892.0,Hampton,Hofstra,2023-04-22,H,4,15,L,-11
2023,1,546888,546886.0,Hampton,Fairfield,2023-04-29,A,6,22,L,-16
2023,1,546890,546935.0,Harvard,Virginia,2023-02-18,A,21,25,L,-4
2023,1,546890,546875.0,Harvard,Bucknell,2023-02-25,H,13,8,W,5
2023,1,546890,546932.0,Harvard,Vermont,2023-03-03,H,12,5,W,7
2023,1,546890,546907.0,Harvard,Michigan,2023-03-11,H,13,19,L,-6
2023,1,546890,546873.0,Harvard,Brown,2023-03-18,A,16,15,W,1
2023,1,546890,546872.0,Harvard,Boston U.,2023-03-21,A,11,15,L,-4
2023,1,546890,546880.0,Harvard,Dartmouth,2023-03-25,A,9,10,L,-1
2023,1,546890,546878.0,Harvard,Colgate,2023-04-01,A,14,10,W,4
2023,1,546890,546879.0,Harvard,Cornell,2023-04-08,H,10,8,W,2
2023,1,546890,546915.0,Harvard,Penn,2023-04-15,H,9,15,L,-6
2023,1,546890,546916.0,Harvard,Princeton,2023-04-22,A,11,17,L,-6
2023,1,546890,546937.0,Harvard,Yale,2023-04-29,H,11,14,L,-3
2023,1,546938,546885.0,High Point,Duke,2023-02-07,A,8,20,L,-12
2023,1,546938,546883.0,High Point,Detroit Mercy,2023-02-11,H,17,2,W,15
2023,1,546938,546934.0,High Point,VMI,2023-02-17,A,17,11,W,6
2023,1,546938,546931.0,High Point,Navy,2023-02-25,H,14,13,W,1
2023,1,546938,546888.0,High Point,Hampton,2023-02-26,H,27,9,W,18
2023,1,546938,546894.0,High Point,"Jacksonville @Charlotte, NC",2023-03-04,H,15,17,L,-2
2023,1,546938,546981.0,High Point,Queens (NC),2023-03-07,H,22,6,W,16
2023,1,546938,546920.0,High Point,Robert Morris,2023-03-11,H,16,14,W,2
2023,1,546938,546887.0,High Point,Georgetown,2023-03-18,A,10,22,L,-12
2023,1,546938,546910.0,High Point,North Carolina,2023-03-22,A,9,16,L,-7
2023,1,546938,546905.0,High Point,Massachusetts,2023-04-01,A,10,12,L,-2
2023,1,546938,546891.0,High Point,Hobart,2023-04-08,H,14,13,W,1
2023,1,546938,546919.0,High Point,Richmond,2023-04-15,A,9,13,L,-4
2023,1,546938,546867.0,High Point,St. Bonaventure,2023-04-22,A,17,8,W,9
2023,1,546938,546924.0,High Point,Saint Joseph's,2023-04-29,H,11,17,L,-6
2023,1,546938,546924.0,High Point,"#1 Saint Joseph's @Richmond, VA (2023 A10 MLA Championship)",2023-05-04,H,16,14,W,2
2023,1,546938,546919.0,High Point,#2 Richmond 2023 A10 MLA Championship,2023-05-06,A,8,15,L,-7
2023,1,546891,546876.0,Hobart,Canisius,2023-02-11,H,20,14,W,6
2023,1,546891,546897.0,Hobart,Lehigh,2023-02-18,A,13,19,L,-6
2023,1,546891,546878.0,Hobart,Colgate,2023-02-25,A,10,8,W,2
2023,1,546891,546879.0,Hobart,Cornell,2023-02-28,H,8,17,L,-9
2023,1,546891,546920.0,Hobart,Robert Morris,2023-03-04,A,14,12,W,2
2023,1,546891,546880.0,Hobart,Dartmouth,2023-03-07,H,16,20,L,-4
2023,1,546891,546917.0,Hobart,"Providence @Sparks Glencoe, MD",2023-03-18,H,13,11,W,2
2023,1,546891,546927.0,Hobart,Syracuse,2023-03-25,A,7,18,L,-11
2023,1,546891,546867.0,Hobart,St. Bonaventure,2023-04-01,H,24,10,W,14
2023,1,546891,546938.0,Hobart,High Point,2023-04-08,A,13,14,L,-1
2023,1,546891,546924.0,Hobart,Saint Joseph's,2023-04-15,A,10,11,L,-1
2023,1,546891,546919.0,Hobart,Richmond,2023-04-22,H,15,20,L,-5
2023,1,546891,546905.0,Hobart,Massachusetts,2023-04-28,A,9,13,L,-4
2023,1,546892,546939.0,Hofstra,Merrimack,2023-02-05,A,7,10,L,-3
2023,1,546892,546931.0,Hofstra,Navy,2023-02-11,H,12,13,L,-1
2023,1,546892,546907.0,Hofstra,Michigan,2023-02-18,A,10,11,L,-1
2023,1,546892,546866.0,Hofstra,LIU,2023-02-21,H,13,7,W,6
2023,1,546892,546923.0,Hofstra,St. John's (NY),2023-02-25,A,16,12,W,4
2023,1,546892,546933.0,Hofstra,Villanova,2023-03-04,H,8,15,L,-7
2023,1,546892,546927.0,Hofstra,Syracuse,2023-03-14,H,8,16,L,-8
2023,1,546892,546886.0,Hofstra,Fairfield,2023-03-18,H,11,12,L,-1
2023,1,546892,546881.0,Hofstra,Delaware,2023-03-25,H,7,15,L,-8
2023,1,546892,546908.0,Hofstra,Monmouth,2023-04-01,A,12,6,W,6
2023,1,546892,546928.0,Hofstra,Towson,2023-04-08,H,8,10,L,-2
2023,1,546892,546884.0,Hofstra,Drexel,2023-04-15,A,8,7,W,1
2023,1,546892,546888.0,Hofstra,Hampton,2023-04-22,A,15,4,W,11
2023,1,546892,546926.0,Hofstra,Stony Brook,2023-04-29,H,10,11,L,-1
2023,1,546893,546917.0,Holy Cross,Providence,2023-02-05,A,9,12,L,-3
2023,1,546893,546939.0,Holy Cross,Merrimack,2023-02-08,A,9,14,L,-5
2023,1,546893,546927.0,Holy Cross,Syracuse,2023-02-12,A,6,15,L,-9
2023,1,546893,546906.0,Holy Cross,Mercer,2023-02-18,A,6,15,L,-9
2023,1,546893,546880.0,Holy Cross,Dartmouth,2023-02-25,H,6,17,L,-11
2023,1,546893,546930.0,Holy Cross,Army West Point,2023-03-05,H,6,13,L,-7
2023,1,546893,546897.0,Holy Cross,Lehigh,2023-03-11,H,11,18,L,-7
2023,1,546893,546872.0,Holy Cross,Boston U.,2023-03-18,A,9,23,L,-14
2023,1,546893,546931.0,Holy Cross,Navy,2023-03-25,H,8,13,L,-5
2023,1,546893,546899.0,Holy Cross,Loyola Maryland,2023-04-01,A,8,15,L,-7
2023,1,546893,546896.0,Holy Cross,Lafayette,2023-04-08,A,11,17,L,-6
2023,1,546893,546875.0,Holy Cross,Bucknell,2023-04-15,H,12,18,L,-6
2023,1,546893,546898.0,Holy Cross,UMass Lowell,2023-04-18,H,13,9,W,4
2023,1,546893,546878.0,Holy Cross,Colgate,2023-04-28,A,9,22,L,-13
2023,1,546894,546895.0,Jacksonville,Johns Hopkins,2023-02-04,H,7,12,L,-5
2023,1,546894,546885.0,Jacksonville,Duke,2023-02-11,H,13,12,W,1
2023,1,546894,546901.0,Jacksonville,Marist,2023-02-18,H,13,5,W,8
2023,1,546894,546938.0,Jacksonville,"High Point @Charlotte, NC",2023-03-04,H,17,15,W,2
2023,1,546894,546898.0,Jacksonville,UMass Lowell,2023-03-08,H,16,7,W,9
2023,1,546894,546923.0,Jacksonville,St. John's (NY),2023-03-11,A,17,9,W,8
2023,1,546894,546920.0,Jacksonville,Robert Morris,2023-03-18,A,12,6,W,6
2023,1,546894,546906.0,Jacksonville,Mercer,2023-03-25,H,18,15,W,3
2023,1,546894,546877.0,Jacksonville,Cleveland St.,2023-03-29,A,14,12,W,2
2023,1,546894,546868.0,Jacksonville,Utah,2023-03-31,A,15,18,L,-3
2023,1,546894,546981.0,Jacksonville,Queens (NC),2023-04-08,H,25,5,W,20
2023,1,546894,546883.0,Jacksonville,Detroit Mercy,2023-04-12,H,17,7,W,10
2023,1,546894,546987.0,Jacksonville,Lindenwood,2023-04-15,A,15,5,W,10
2023,1,546894,546929.0,Jacksonville,Air Force,2023-04-22,H,11,15,L,-4
2023,1,546894,546870.0,Jacksonville,Bellarmine,2023-04-29,A,13,12,W,1
2023,1,546894,546920.0,Jacksonville,#6 Robert Morris 2023 ASUN MLA Championship,2023-05-02,A,8,9,L,-1
2023,1,546895,546894.0,Johns Hopkins,Jacksonville,2023-02-04,A,12,7,W,5
2023,1,546895,546887.0,Johns Hopkins,Georgetown,2023-02-11,H,13,12,W,1
2023,1,546895,546910.0,Johns Hopkins,North Carolina,2023-02-14,H,7,11,L,-4
2023,1,546895,546899.0,Johns Hopkins,Loyola Maryland,2023-02-18,A,8,13,L,-5
2023,1,546895,546868.0,Johns Hopkins,Utah,2023-02-25,H,12,8,W,4
2023,1,546895,546924.0,Johns Hopkins,Saint Joseph's,2023-03-04,H,15,14,W,1
2023,1,546895,546935.0,Johns Hopkins,Virginia,2023-03-07,H,13,18,L,-5
2023,1,546895,546927.0,Johns Hopkins,Syracuse,2023-03-11,A,11,9,W,2
2023,1,546895,546931.0,Johns Hopkins,Navy,2023-03-17,A,12,9,W,3
2023,1,546895,546881.0,Johns Hopkins,Delaware,2023-03-19,H,12,10,W,2
2023,1,546895,546907.0,Johns Hopkins,Michigan,2023-03-25,A,15,11,W,4
2023,1,546895,546921.0,Johns Hopkins,Rutgers,2023-04-01,H,16,12,W,4
2023,1,546895,546914.0,Johns Hopkins,Penn St.,2023-04-08,A,11,12,L,-1
2023,1,546895,546913.0,Johns Hopkins,Ohio St.,2023-04-15,H,17,8,W,9
2023,1,546895,546904.0,Johns Hopkins,Maryland,2023-04-22,A,12,11,W,1
2023,1,546895,546904.0,Johns Hopkins,#3 Maryland 2023 Big Ten MLA Tournament,2023-05-04,H,9,14,L,-5
2023,1,546895,546874.0,Johns Hopkins,Bryant 2023 NCAA DI MLA Championship,2023-05-14,H,22,8,W,14
2023,1,546895,546912.0,Johns Hopkins,"#3 Notre Dame @Annapolis, MD (2023 NCAA DI MLA Championship)",2023-05-21,H,9,12,L,-3
2023,1,546866,546939.0,LIU,Merrimack,2023-02-11,A,9,15,L,-6
2023,1,546866,546987.0,LIU,Lindenwood,2023-02-18,H,8,9,L,-1
2023,1,546866,546892.0,LIU,Hofstra,2023-02-21,A,7,13,L,-6
2023,1,546866,546908.0,LIU,Monmouth,2023-02-25,H,6,10,L,-4
2023,1,546866,546898.0,LIU,UMass Lowell,2023-03-03,A,12,8,W,4
2023,1,546866,546934.0,LIU,VMI,2023-03-11,H,14,13,W,1
2023,1,546866,546909.0,LIU,Mount St. Mary's,2023-03-18,A,13,16,L,-3
2023,1,546866,546925.0,LIU,Siena,2023-03-25,H,13,11,W,2
2023,1,546866,546936.0,LIU,Wagner,2023-03-29,H,13,6,W,7
2023,1,546866,546922.0,LIU,Sacred Heart,2023-04-01,A,9,10,L,-1
2023,1,546866,546876.0,LIU,Canisius,2023-04-08,H,13,9,W,4
2023,1,546866,546900.0,LIU,Manhattan,2023-04-12,A,10,14,L,-4
2023,1,546866,546901.0,LIU,Marist,2023-04-15,H,10,16,L,-6
2023,1,546866,546918.0,LIU,Quinnipiac,2023-04-22,A,13,19,L,-6
2023,1,546896,546914.0,Lafayette,Penn St.,2023-02-04,A,11,21,L,-10
2023,1,546896,546881.0,Lafayette,Delaware,2023-02-11,H,5,14,L,-9
2023,1,546896,546922.0,Lafayette,Sacred Heart,2023-02-18,H,15,8,W,7
2023,1,546896,546884.0,Lafayette,Drexel,2023-02-21,A,14,16,L,-2
2023,1,546896,546871.0,Lafayette,Binghamton,2023-02-25,A,10,4,W,6
2023,1,546896,546899.0,Lafayette,Loyola Maryland,2023-03-04,A,11,15,L,-4
2023,1,546896,546930.0,Lafayette,Army West Point,2023-03-10,A,9,17,L,-8
2023,1,546896,546888.0,Lafayette,Hampton,2023-03-14,A,18,9,W,9
2023,1,546896,546878.0,Lafayette,Colgate,2023-03-18,H,10,9,W,1
2023,1,546896,546872.0,Lafayette,Boston U.,2023-03-25,H,10,12,L,-2
2023,1,546896,546897.0,Lafayette,Lehigh,2023-04-01,A,9,15,L,-6
2023,1,546896,546893.0,Lafayette,Holy Cross,2023-04-08,H,17,11,W,6
2023,1,546896,546931.0,Lafayette,Navy,2023-04-15,A,6,9,L,-3
2023,1,546896,546875.0,Lafayette,Bucknell,2023-04-21,H,14,13,W,1
2023,1,546896,546935.0,Lafayette,Virginia,2023-04-25,H,11,20,L,-9
2023,1,546896,546897.0,Lafayette,#3 Lehigh 2023 Patriot MLA Championship,2023-05-02,A,8,12,L,-4
2023,1,546897,546886.0,Lehigh,Fairfield,2023-02-11,H,20,10,W,10
2023,1,546897,546891.0,Lehigh,Hobart,2023-02-18,H,19,13,W,6
2023,1,546897,546879.0,Lehigh,Cornell,2023-02-25,A,5,12,L,-7
2023,1,546897,546931.0,Lehigh,Navy,2023-03-04,A,13,10,W,3
2023,1,546897,546871.0,Lehigh,Binghamton,2023-03-07,H,14,13,W,1
2023,1,546897,546893.0,Lehigh,Holy Cross,2023-03-11,A,18,11,W,7
2023,1,546897,546930.0,Lehigh,Army West Point,2023-03-18,H,10,12,L,-2
2023,1,546897,546887.0,Lehigh,Georgetown,2023-03-25,A,15,17,L,-2
2023,1,546897,546896.0,Lehigh,Lafayette,2023-04-01,H,15,9,W,6
2023,1,546897,546875.0,Lehigh,Bucknell,2023-04-08,A,11,8,W,3
2023,1,546897,546878.0,Lehigh,Colgate,2023-04-15,H,15,8,W,7
2023,1,546897,546872.0,Lehigh,Boston U.,2023-04-22,A,11,14,L,-3
2023,1,546897,546899.0,Lehigh,Loyola Maryland,2023-04-28,H,15,9,W,6
2023,1,546897,546896.0,Lehigh,#6 Lafayette 2023 Patriot MLA Championship,2023-05-02,H,12,8,W,4
2023,1,546897,546930.0,Lehigh,"#2 Army West Point @Boston, MA (2023 Patriot MLA Championship)",2023-05-05,H,13,19,L,-6
2023,1,546899,546904.0,Loyola Maryland,Maryland,2023-02-11,H,12,7,W,5
2023,1,546899,546895.0,Loyola Maryland,Johns Hopkins,2023-02-18,H,13,8,W,5
2023,1,546899,546921.0,Loyola Maryland,Rutgers,2023-02-25,A,6,10,L,-4
2023,1,546899,546928.0,Loyola Maryland,Towson,2023-03-01,A,12,11,W,1
2023,1,546899,546896.0,Loyola Maryland,Lafayette,2023-03-04,H,15,11,W,4
2023,1,546899,546885.0,Loyola Maryland,Duke,2023-03-10,A,9,17,L,-8
2023,1,546899,546875.0,Loyola Maryland,Bucknell,2023-03-18,A,14,13,W,1
2023,1,546899,546930.0,Loyola Maryland,Army West Point,2023-03-25,A,5,10,L,-5
2023,1,546899,546893.0,Loyola Maryland,Holy Cross,2023-04-01,H,15,8,W,7
2023,1,546899,546931.0,Loyola Maryland,Navy,2023-04-07,H,10,11,L,-1
2023,1,546899,546872.0,Loyola Maryland,Boston U.,2023-04-15,A,9,16,L,-7
2023,1,546899,546887.0,Loyola Maryland,Georgetown,2023-04-18,H,7,23,L,-16
2023,1,546899,546878.0,Loyola Maryland,Colgate,2023-04-22,H,17,11,W,6
2023,1,546899,546897.0,Loyola Maryland,Lehigh,2023-04-28,A,9,15,L,-6
2023,1,546899,546931.0,Loyola Maryland,#4 Navy 2023 Patriot MLA Championship,2023-05-02,A,12,7,W,5
2023,1,546899,546872.0,Loyola Maryland,#1 Boston U. 2023 Patriot MLA Championship,2023-05-05,A,12,11,W,1
2023,1,546899,546930.0,Loyola Maryland,"#2 Army West Point @Boston, MA (2023 Patriot MLA Championship)",2023-05-07,H,8,10,L,-2
2023,1,546900,546923.0,Manhattan,"St. John's (NY) @West Islip, NY",2023-02-11,H,9,5,W,4
2023,1,546900,546931.0,Manhattan,Navy,2023-02-18,A,6,5,W,1
2023,1,546900,546916.0,Manhattan,Princeton,2023-02-21,A,9,14,L,-5
2023,1,546900,546911.0,Manhattan,NJIT,2023-02-25,H,11,8,W,3
2023,1,546900,546874.0,Manhattan,Bryant,2023-03-04,A,12,15,L,-3
2023,1,546900,546909.0,Manhattan,Mount St. Mary's,2023-03-11,A,9,3,W,6
2023,1,546900,546922.0,Manhattan,Sacred Heart,2023-03-18,H,9,7,W,2
2023,1,546900,546876.0,Manhattan,Canisius,2023-03-25,H,14,9,W,5
2023,1,546900,546918.0,Manhattan,Quinnipiac,2023-03-29,A,12,5,W,7
2023,1,546900,546901.0,Manhattan,Marist,2023-04-01,H,9,10,L,-1
2023,1,546900,546934.0,Manhattan,VMI,2023-04-08,A,8,6,W,2
2023,1,546900,546866.0,Manhattan,LIU,2023-04-12,H,14,10,W,4
2023,1,546900,546925.0,Manhattan,Siena,2023-04-15,H,6,10,L,-4
2023,1,546900,546936.0,Manhattan,Wagner,2023-04-22,A,6,2,W,4
2023,1,546900,546925.0,Manhattan,#4 Siena 2023 MAAC MLA Championship,2023-05-04,H,8,11,L,-3
2023,1,546901,546921.0,Marist,Rutgers,2023-02-04,A,8,20,L,-12
2023,1,546901,546871.0,Marist,Binghamton,2023-02-11,H,11,18,L,-7
2023,1,546901,546894.0,Marist,Jacksonville,2023-02-18,A,5,13,L,-8
2023,1,546901,546870.0,Marist,Bellarmine,2023-02-26,H,10,13,L,-3
2023,1,546901,546875.0,Marist,Bucknell,2023-03-04,A,14,11,W,3
2023,1,546901,546936.0,Marist,Wagner,2023-03-11,H,16,7,W,9
2023,1,546901,546876.0,Marist,Canisius,2023-03-18,A,16,18,L,-2
2023,1,546901,546918.0,Marist,Quinnipiac,2023-03-25,A,12,14,L,-2
2023,1,546901,546922.0,Marist,Sacred Heart,2023-03-29,H,13,9,W,4
2023,1,546901,546900.0,Marist,Manhattan,2023-04-01,A,10,9,W,1
2023,1,546901,546909.0,Marist,Mount St. Mary's,2023-04-08,H,9,12,L,-3
2023,1,546901,546925.0,Marist,Siena,2023-04-12,A,14,11,W,3
2023,1,546901,546866.0,Marist,LIU,2023-04-15,A,16,10,W,6
2023,1,546901,546934.0,Marist,VMI,2023-04-22,H,18,7,W,11
2023,1,546901,546918.0,Marist,#6 Quinnipiac 2023 MAAC MLA Championship,2023-04-29,H,29,19,W,10
2023,1,546901,546909.0,Marist,"#2 Mount St. Mary's @Riverdale, NY (2023 MAAC MLA Championship)",2023-05-04,H,19,7,W,12
2023,1,546901,546925.0,Marist,"#4 Siena @Riverdale, NY (2023 MAAC MLA Championship)",2023-05-06,H,12,7,W,5
2023,1,546901,546881.0,Marist,Delaware 2023 NCAA DI MLA Championship,2023-05-10,A,10,25,L,-15
2023,1,546902,546987.0,Marquette,Lindenwood,2023-02-04,H,17,2,W,15
2023,1,546902,546868.0,Marquette,Utah,2023-02-11,A,16,18,L,-2
2023,1,546902,546912.0,Marquette,Notre Dame,2023-02-15,A,10,21,L,-11
2023,1,546902,546907.0,Marquette,"Michigan @Naples, FL",2023-02-25,H,14,9,W,5
2023,1,546902,546883.0,Marquette,Detroit Mercy,2023-03-01,A,10,5,W,5
2023,1,546902,546870.0,Marquette,Bellarmine,2023-03-11,H,10,11,L,-1
2023,1,546902,546914.0,Marquette,"Penn St. @Levittown, NY",2023-03-18,H,12,11,W,1
2023,1,546902,546867.0,Marquette,St. Bonaventure,2023-03-25,H,9,5,W,4
2023,1,546902,546917.0,Marquette,Providence,2023-04-01,A,14,16,L,-2
2023,1,546902,546923.0,Marquette,St. John's (NY),2023-04-08,H,20,10,W,10
2023,1,546902,546879.0,Marquette,Cornell,2023-04-11,A,11,21,L,-10
2023,1,546902,546887.0,Marquette,Georgetown,2023-04-15,H,14,15,L,-1
2023,1,546902,546933.0,Marquette,Villanova,2023-04-22,A,15,16,L,-1
2023,1,546902,546882.0,Marquette,Denver,2023-04-28,H,14,15,L,-1
2023,1,546904,546919.0,Maryland,Richmond,2023-02-04,H,15,4,W,11
2023,1,546904,546899.0,Maryland,Loyola Maryland,2023-02-11,A,7,12,L,-5
2023,1,546904,546927.0,Maryland,Syracuse,2023-02-18,H,15,12,W,3
2023,1,546904,546916.0,Maryland,Princeton,2023-02-25,A,11,5,W,6
2023,1,546904,546912.0,Maryland,Notre Dame,2023-03-04,H,12,13,L,-1
2023,1,546904,546869.0,Maryland,UAlbany,2023-03-11,A,16,9,W,7
2023,1,546904,546935.0,Maryland,Virginia,2023-03-18,A,14,13,W,1
2023,1,546904,546914.0,Maryland,Penn St.,2023-03-25,H,13,10,W,3
2023,1,546904,546907.0,Maryland,Michigan,2023-04-01,H,11,16,L,-5
2023,1,546904,546913.0,Maryland,Ohio St.,2023-04-07,A,12,11,W,1
2023,1,546904,546921.0,Maryland,Rutgers,2023-04-16,A,11,8,W,3
2023,1,546904,546895.0,Maryland,Johns Hopkins,2023-04-22,H,11,12,L,-1
2023,1,546904,546921.0,Maryland,#6 Rutgers 2023 Big Ten MLA Tournament,2023-04-29,H,14,11,W,3
2023,1,546904,546895.0,Maryland,#2 Johns Hopkins 2023 Big Ten MLA Tournament,2023-05-04,A,14,9,W,5
2023,1,546904,546907.0,Maryland,"#4 Michigan @Baltimore, MD (2023 Big Ten MLA Tournament)",2023-05-06,H,5,14,L,-9
2023,1,546904,546930.0,Maryland,Army West Point 2023 NCAA DI MLA Championship,2023-05-13,H,15,16,L,-1
2023,1,546905,546930.0,Massachusetts,Army West Point,2023-02-11,H,10,8,W,2
2023,1,546905,546898.0,Massachusetts,UMass Lowell,2023-02-17,A,11,3,W,8
2023,1,546905,546872.0,Massachusetts,Boston U.,2023-02-25,H,6,12,L,-6
2023,1,546905,546937.0,Massachusetts,Yale,2023-03-03,H,9,18,L,-9
2023,1,546905,546869.0,Massachusetts,UAlbany,2023-03-07,A,9,6,W,3
2023,1,546905,546932.0,Massachusetts,Vermont,2023-03-11,A,12,4,W,8
2023,1,546905,546921.0,Massachusetts,Rutgers,2023-03-18,H,5,11,L,-6
2023,1,546905,546873.0,Massachusetts,Brown,2023-03-25,H,10,9,W,1
2023,1,546905,546938.0,Massachusetts,High Point,2023-04-01,H,12,10,W,2
2023,1,546905,546919.0,Massachusetts,Richmond,2023-04-08,A,12,13,L,-1
2023,1,546905,546867.0,Massachusetts,St. Bonaventure,2023-04-15,H,14,3,W,11
2023,1,546905,546924.0,Massachusetts,Saint Joseph's,2023-04-22,A,10,11,L,-1
2023,1,546905,546891.0,Massachusetts,Hobart,2023-04-28,H,13,9,W,4
2023,1,546905,546919.0,Massachusetts,#2 Richmond 2023 A10 MLA Championship,2023-05-04,A,8,15,L,-7
2023,1,546906,546875.0,Mercer,Bucknell,2023-02-04,A,6,20,L,-14
2023,1,546906,546910.0,Mercer,North Carolina,2023-02-10,A,3,25,L,-22
2023,1,546906,546893.0,Mercer,Holy Cross,2023-02-18,H,15,6,W,9
2023,1,546906,546930.0,Mercer,Army West Point,2023-02-25,H,5,16,L,-11
2023,1,546906,546929.0,Mercer,Air Force,2023-03-04,H,8,14,L,-6
2023,1,546906,546919.0,Mercer,Richmond,2023-03-07,A,6,11,L,-5
2023,1,546906,546903.0,Mercer,UMBC,2023-03-11,A,8,13,L,-5
2023,1,546906,546883.0,Mercer,Detroit Mercy,2023-03-18,H,16,12,W,4
2023,1,546906,546894.0,Mercer,Jacksonville,2023-03-25,A,15,18,L,-3
2023,1,546906,546870.0,Mercer,Bellarmine,2023-03-29,A,15,12,W,3
2023,1,546906,546920.0,Mercer,Robert Morris,2023-04-01,H,9,8,W,1
2023,1,546906,546877.0,Mercer,Cleveland St.,2023-04-08,H,8,11,L,-3
2023,1,546906,546868.0,Mercer,Utah,2023-04-15,A,12,22,L,-10
2023,1,546906,546981.0,Mercer,Queens (NC),2023-04-22,H,18,5,W,13
2023,1,546906,546987.0,Mercer,Lindenwood,2023-04-29,A,12,8,W,4
2023,1,546906,546870.0,Mercer,"#5 Bellarmine @Coraopolis, PA (2023 ASUN MLA Championship)",2023-05-02,H,13,14,L,-1
2023,1,546907,546935.0,Michigan,Virginia,2023-02-11,A,13,17,L,-4
2023,1,546907,546892.0,Michigan,Hofstra,2023-02-18,H,11,10,W,1
2023,1,546907,546876.0,Michigan,Canisius,2023-02-21,H,19,8,W,11
2023,1,546907,546902.0,Michigan,"Marquette @Naples, FL",2023-02-25,H,9,14,L,-5
2023,1,546907,546881.0,Michigan,Delaware,2023-03-04,A,16,12,W,4
2023,1,546907,546890.0,Michigan,Harvard,2023-03-11,A,19,13,W,6
2023,1,546907,546912.0,Michigan,Notre Dame,2023-03-18,H,8,18,L,-10
2023,1,546907,546895.0,Michigan,Johns Hopkins,2023-03-25,H,11,15,L,-4
2023,1,546907,546904.0,Michigan,Maryland,2023-04-01,A,16,11,W,5
2023,1,546907,546921.0,Michigan,Rutgers,2023-04-07,A,12,13,L,-1
2023,1,546907,546914.0,Michigan,Penn St.,2023-04-16,H,9,11,L,-2
2023,1,546907,546913.0,Michigan,Ohio St.,2023-04-21,H,19,14,W,5
2023,1,546907,546913.0,Michigan,#5 Ohio St. 2023 Big Ten MLA Tournament,2023-04-29,H,14,10,W,4
2023,1,546907,546914.0,Michigan,"#1 Penn St. @Baltimore, MD (2023 Big Ten MLA Tournament)",2023-05-04,H,17,15,W,2
2023,1,546907,546904.0,Michigan,"#3 Maryland @Baltimore, MD (2023 Big Ten MLA Tournament)",2023-05-06,H,14,5,W,9
2023,1,546907,546879.0,Michigan,#8 Cornell 2023 NCAA DI MLA Championship,2023-05-14,A,15,14,W,1
2023,1,546907,546885.0,Michigan,"#1 Duke @Albany, NY (2023 NCAA DI MLA Championship)",2023-05-20,H,8,15,L,-7
2023,1,546908,546916.0,Monmouth,Princeton,2023-02-18,A,9,22,L,-13
2023,1,546908,546911.0,Monmouth,NJIT,2023-02-21,H,14,9,W,5
2023,1,546908,546866.0,Monmouth,LIU,2023-02-25,A,10,6,W,4
2023,1,546908,546936.0,Monmouth,Wagner,2023-02-28,A,9,4,W,5
2023,1,546908,546909.0,Monmouth,Mount St. Mary's,2023-03-04,A,8,7,W,1
2023,1,546908,546881.0,Monmouth,Delaware,2023-03-11,A,6,18,L,-12
2023,1,546908,546933.0,Monmouth,Villanova,2023-03-18,H,6,10,L,-4
2023,1,546908,546926.0,Monmouth,Stony Brook,2023-03-25,H,12,15,L,-3
2023,1,546908,546892.0,Monmouth,Hofstra,2023-04-01,H,6,12,L,-6
2023,1,546908,546924.0,Monmouth,Saint Joseph's,2023-04-04,H,3,13,L,-10
2023,1,546908,546888.0,Monmouth,Hampton,2023-04-08,A,14,6,W,8
2023,1,546908,546886.0,Monmouth,Fairfield,2023-04-15,A,14,15,L,-1
2023,1,546908,546928.0,Monmouth,Towson,2023-04-22,H,11,15,L,-4
2023,1,546908,546884.0,Monmouth,Drexel,2023-04-28,A,7,16,L,-9
2023,1,546909,546931.0,Mount St. Mary's,Navy,2023-02-04,A,7,13,L,-6
2023,1,546909,546928.0,Mount St. Mary's,Towson,2023-02-11,H,7,20,L,-13
2023,1,546909,546881.0,Mount St. Mary's,Delaware,2023-02-15,H,6,15,L,-9
2023,1,546909,546911.0,Mount St. Mary's,NJIT,2023-02-18,A,13,10,W,3
2023,1,546909,546903.0,Mount St. Mary's,UMBC,2023-02-24,A,6,16,L,-10
2023,1,546909,546908.0,Mount St. Mary's,Monmouth,2023-03-04,H,7,8,L,-1
2023,1,546909,546900.0,Mount St. Mary's,Manhattan,2023-03-11,H,3,9,L,-6
2023,1,546909,546866.0,Mount St. Mary's,LIU,2023-03-18,H,16,13,W,3
2023,1,546909,546936.0,Mount St. Mary's,Wagner,2023-03-25,A,10,7,W,3
2023,1,546909,546934.0,Mount St. Mary's,VMI,2023-03-29,A,20,5,W,15
2023,1,546909,546918.0,Mount St. Mary's,Quinnipiac,2023-04-01,H,18,11,W,7
2023,1,546909,546901.0,Mount St. Mary's,Marist,2023-04-08,A,12,9,W,3
2023,1,546909,546876.0,Mount St. Mary's,Canisius,2023-04-12,H,15,13,W,2
2023,1,546909,546922.0,Mount St. Mary's,Sacred Heart,2023-04-15,A,13,12,W,1
2023,1,546909,546925.0,Mount St. Mary's,Siena,2023-04-22,A,12,13,L,-1
2023,1,546909,546901.0,Mount St. Mary's,"#3 Marist @Riverdale, NY (2023 MAAC MLA Championship)",2023-05-04,H,7,19,L,-12
2023,1,546911,546925.0,NJIT,Siena,2023-02-11,A,11,12,L,-1
2023,1,546911,546909.0,NJIT,Mount St. Mary's,2023-02-18,H,10,13,L,-3
2023,1,546911,546908.0,NJIT,Monmouth,2023-02-21,A,9,14,L,-5
2023,1,546911,546900.0,NJIT,Manhattan,2023-02-25,A,8,11,L,-3
2023,1,546911,546936.0,NJIT,Wagner,2023-03-04,H,10,8,W,2
2023,1,546911,546987.0,NJIT,Lindenwood,2023-03-11,H,14,13,W,1
2023,1,546911,546932.0,NJIT,Vermont,2023-03-18,H,10,16,L,-6
2023,1,546911,546871.0,NJIT,Binghamton,2023-03-25,A,16,17,L,-1
2023,1,546911,546874.0,NJIT,Bryant,2023-04-01,H,8,16,L,-8
2023,1,546911,546939.0,NJIT,Merrimack,2023-04-08,A,12,15,L,-3
2023,1,546911,546869.0,NJIT,UAlbany,2023-04-15,A,7,13,L,-6
2023,1,546911,546903.0,NJIT,UMBC,2023-04-22,H,10,12,L,-2
2023,1,546911,546898.0,NJIT,UMass Lowell,2023-04-29,A,11,10,W,1
2023,1,546931,546909.0,Navy,Mount St. Mary's,2023-02-04,H,13,7,W,6
2023,1,546931,546981.0,Navy,Queens (NC),2023-02-05,H,19,5,W,14
2023,1,546931,546892.0,Navy,Hofstra,2023-02-11,A,13,12,W,1
2023,1,546931,546900.0,Navy,Manhattan,2023-02-18,H,5,6,L,-1
2023,1,546931,546938.0,Navy,High Point,2023-02-25,A,13,14,L,-1
2023,1,546931,546897.0,Navy,Lehigh,2023-03-04,H,10,13,L,-3
2023,1,546931,546878.0,Navy,Colgate,2023-03-11,A,8,17,L,-9
2023,1,546931,546895.0,Navy,Johns Hopkins,2023-03-17,H,9,12,L,-3
2023,1,546931,546933.0,Navy,Villanova,2023-03-21,A,6,17,L,-11
2023,1,546931,546893.0,Navy,Holy Cross,2023-03-25,A,13,8,W,5
2023,1,546931,546872.0,Navy,Boston U.,2023-03-31,H,10,8,W,2
2023,1,546931,546899.0,Navy,Loyola Maryland,2023-04-07,A,11,10,W,1
2023,1,546931,546896.0,Navy,Lafayette,2023-04-15,H,9,6,W,3
2023,1,546931,546930.0,Navy,Army West Point,2023-04-22,H,6,11,L,-5
2023,1,546931,546875.0,Navy,Bucknell,2023-04-28,A,12,9,W,3
2023,1,546931,546899.0,Navy,#5 Loyola Maryland 2023 Patriot MLA Championship,2023-05-02,H,7,12,L,-5
2023,1,546910,546906.0,North Carolina,Mercer,2023-02-10,H,25,3,W,22
2023,1,546910,546895.0,North Carolina,Johns Hopkins,2023-02-14,A,11,7,W,4
2023,1,546910,546913.0,North Carolina,Ohio St.,2023-02-19,A,5,8,L,-3
2023,1,546910,546927.0,North Carolina,Syracuse,2023-02-25,A,19,13,W,6
2023,1,546910,546882.0,North Carolina,Denver,2023-03-04,H,8,9,L,-1
2023,1,546910,546873.0,North Carolina,Brown,2023-03-11,H,19,6,W,13
2023,1,546910,546885.0,North Carolina,Duke,2023-03-17,A,8,15,L,-7
2023,1,546910,546880.0,North Carolina,Dartmouth,2023-03-19,H,25,7,W,18
2023,1,546910,546938.0,North Carolina,High Point,2023-03-22,H,16,9,W,7
2023,1,546910,546917.0,North Carolina,Providence,2023-03-25,H,25,8,W,17
2023,1,546910,546935.0,North Carolina,Virginia,2023-04-07,H,12,19,L,-7
2023,1,546910,546927.0,North Carolina,"Syracuse @Olney, MD",2023-04-15,H,14,15,L,-1
2023,1,546910,546912.0,North Carolina,Notre Dame,2023-04-22,A,9,16,L,-7
2023,1,546910,546912.0,North Carolina,Notre Dame,2023-05-06,H,9,18,L,-9
2023,1,546912,546902.0,Notre Dame,Marquette,2023-02-15,H,21,10,W,11
2023,1,546912,546877.0,Notre Dame,Cleveland St.,2023-02-19,H,18,8,W,10
2023,1,546912,546887.0,Notre Dame,Georgetown,2023-02-25,A,15,8,W,7
2023,1,546912,546904.0,Notre Dame,Maryland,2023-03-04,A,13,12,W,1
2023,1,546912,546913.0,Notre Dame,Ohio St.,2023-03-11,H,16,3,W,13
2023,1,546912,546907.0,Notre Dame,Michigan,2023-03-18,A,18,8,W,10
2023,1,546912,546935.0,Notre Dame,Virginia,2023-03-25,H,10,15,L,-5
2023,1,546912,546927.0,Notre Dame,Syracuse,2023-04-01,A,20,12,W,8
2023,1,546912,546885.0,Notre Dame,Duke,2023-04-08,H,17,12,W,5
2023,1,546912,546910.0,Notre Dame,North Carolina,2023-04-22,H,16,9,W,7
2023,1,546912,546935.0,Notre Dame,Virginia,2023-04-30,A,8,12,L,-4
2023,1,546912,546910.0,Notre Dame,North Carolina,2023-05-06,A,18,9,W,9
2023,1,546912,546868.0,Notre Dame,Utah 2023 NCAA DI MLA Championship,2023-05-13,H,20,7,W,13
2023,1,546912,546895.0,Notre Dame,"#6 Johns Hopkins @Annapolis, MD (2023 NCAA DI MLA Championship)",2023-05-21,H,12,9,W,3
2023,1,546912,546935.0,Notre Dame,"#2 Virginia @Philadelphia, PA (2023 NCAA DI MLA Championship)",2023-05-27,H,13,12,W,1
2023,1,546912,546885.0,Notre Dame,"#1 Duke @Philadelphia, PA (2023 NCAA DI MLA Championship)",2023-05-29,H,13,9,W,4
2023,1,546913,546929.0,Ohio St.,Air Force,2023-02-04,H,15,7,W,8
2023,1,546913,546877.0,Ohio St.,Cleveland St.,2023-02-11,H,19,12,W,7
2023,1,546913,546910.0,Ohio St.,North Carolina,2023-02-19,H,8,5,W,3
2023,1,546913,546935.0,Ohio St.,"Virginia @Naples, FL",2023-02-25,H,6,17,L,-11
2023,1,546913,546879.0,Ohio St.,Cornell,2023-03-04,H,13,16,L,-3
2023,1,546913,546912.0,Ohio St.,Notre Dame,2023-03-11,A,3,16,L,-13
2023,1,546913,546883.0,Ohio St.,Detroit Mercy,2023-03-14,H,19,6,W,13
2023,1,546913,546882.0,Ohio St.,Denver,2023-03-19,A,12,17,L,-5
2023,1,546913,546921.0,Ohio St.,Rutgers,2023-03-26,H,11,7,W,4
2023,1,546913,546914.0,Ohio St.,Penn St.,2023-04-02,A,9,17,L,-8
2023,1,546913,546904.0,Ohio St.,Maryland,2023-04-07,H,11,12,L,-1
2023,1,546913,546895.0,Ohio St.,Johns Hopkins,2023-04-15,A,8,17,L,-9
2023,1,546913,546907.0,Ohio St.,Michigan,2023-04-21,A,14,19,L,-5
2023,1,546913,546907.0,Ohio St.,#4 Michigan 2023 Big Ten MLA Tournament,2023-04-29,A,10,14,L,-4
2023,1,546915,546887.0,Penn,Georgetown,2023-02-18,A,9,7,W,2
2023,1,546915,546885.0,Penn,Duke,2023-02-25,H,12,14,L,-2
2023,1,546915,546914.0,Penn,Penn St.,2023-03-04,A,9,15,L,-6
2023,1,546915,546924.0,Penn,Saint Joseph's,2023-03-08,A,13,12,W,1
2023,1,546915,546933.0,Penn,Villanova,2023-03-11,H,8,9,L,-1
2023,1,546915,546916.0,Penn,Princeton,2023-03-18,H,9,8,W,1
2023,1,546915,546879.0,Penn,Cornell,2023-03-26,A,12,18,L,-6
2023,1,546915,546937.0,Penn,Yale,2023-04-01,H,17,16,W,1
2023,1,546915,546873.0,Penn,Brown,2023-04-08,A,11,12,L,-1
2023,1,546915,546890.0,Penn,Harvard,2023-04-15,A,15,9,W,6
2023,1,546915,546880.0,Penn,Dartmouth,2023-04-22,H,17,6,W,11
2023,1,546915,546869.0,Penn,UAlbany,2023-04-26,A,14,11,W,3
2023,1,546915,546916.0,Penn,"#3 Princeton @New York City, NY (2023 Ivy League MLA Tournament)",2023-05-05,H,8,9,L,-1
2023,1,546914,546896.0,Penn St.,Lafayette,2023-02-04,H,21,11,W,10
2023,1,546914,546933.0,Penn St.,Villanova,2023-02-12,A,12,14,L,-2
2023,1,546914,546926.0,Penn St.,Stony Brook,2023-02-18,H,17,12,W,5
2023,1,546914,546937.0,Penn St.,Yale,2023-02-25,A,13,11,W,2
2023,1,546914,546915.0,Penn St.,Penn,2023-03-04,H,15,9,W,6
2023,1,546914,546879.0,Penn St.,Cornell,2023-03-11,A,10,6,W,4
2023,1,546914,546902.0,Penn St.,"Marquette @Levittown, NY",2023-03-18,H,11,12,L,-1
2023,1,546914,546904.0,Penn St.,Maryland,2023-03-25,A,10,13,L,-3
2023,1,546914,546913.0,Penn St.,Ohio St.,2023-04-02,H,17,9,W,8
2023,1,546914,546895.0,Penn St.,Johns Hopkins,2023-04-08,H,12,11,W,1
2023,1,546914,546907.0,Penn St.,Michigan,2023-04-16,A,11,9,W,2
2023,1,546914,546921.0,Penn St.,Rutgers,2023-04-21,H,14,5,W,9
2023,1,546914,546907.0,Penn St.,"#4 Michigan @Baltimore, MD (2023 Big Ten MLA Tournament)",2023-05-04,H,15,17,L,-2
2023,1,546914,546916.0,Penn St.,Princeton 2023 NCAA DI MLA Championship,2023-05-14,H,13,12,W,1
2023,1,546914,546930.0,Penn St.,"Army West Point @Annapolis, MD (2023 NCAA DI MLA Championship)",2023-05-21,H,10,9,W,1
2023,1,546914,546885.0,Penn St.,"#1 Duke @Philadelphia, PA (2023 NCAA DI MLA Championship)",2023-05-27,H,15,16,L,-1
2023,1,546916,546908.0,Princeton,Monmouth,2023-02-18,H,22,9,W,13
2023,1,546916,546900.0,Princeton,Manhattan,2023-02-21,H,14,9,W,5
2023,1,546916,546904.0,Princeton,Maryland,2023-02-25,H,5,11,L,-6
2023,1,546916,546887.0,Princeton,Georgetown,2023-03-04,H,10,13,L,-3
2023,1,546916,546921.0,Princeton,Rutgers,2023-03-11,A,13,14,L,-1
2023,1,546916,546915.0,Princeton,Penn,2023-03-18,A,8,9,L,-1
2023,1,546916,546937.0,Princeton,Yale,2023-03-25,H,23,10,W,13
2023,1,546916,546873.0,Princeton,Brown,2023-04-01,H,16,12,W,4
2023,1,546916,546927.0,Princeton,Syracuse,2023-04-08,H,13,16,L,-3
2023,1,546916,546880.0,Princeton,Dartmouth,2023-04-15,A,17,7,W,10
2023,1,546916,546890.0,Princeton,Harvard,2023-04-22,H,17,11,W,6
2023,1,546916,546879.0,Princeton,Cornell,2023-04-29,A,13,14,L,-1
2023,1,546916,546915.0,Princeton,"#2 Penn @New York City, NY (2023 Ivy League MLA Tournament)",2023-05-05,H,9,8,W,1
2023,1,546916,546937.0,Princeton,"#4 Yale @New York City, NY (2023 Ivy League MLA Tournament)",2023-05-07,H,19,10,W,9
2023,1,546916,546914.0,Princeton,#5 Penn St. 2023 NCAA DI MLA Championship,2023-05-14,A,12,13,L,-1
2023,1,546917,546893.0,Providence,Holy Cross,2023-02-05,H,12,9,W,3
2023,1,546917,546874.0,Providence,Bryant,2023-02-11,A,14,15,L,-1
2023,1,546917,546925.0,Providence,Siena,2023-02-18,H,18,11,W,7
2023,1,546917,546873.0,Providence,Brown,2023-02-21,A,7,13,L,-6
2023,1,546917,546924.0,Providence,Saint Joseph's,2023-02-25,A,6,19,L,-13
2023,1,546917,546886.0,Providence,Fairfield,2023-03-04,H,17,10,W,7
2023,1,546917,546926.0,Providence,Stony Brook,2023-03-11,H,10,9,W,1
2023,1,546917,546891.0,Providence,"Hobart @Sparks Glencoe, MD",2023-03-18,H,11,13,L,-2
2023,1,546917,546910.0,Providence,North Carolina,2023-03-25,A,8,25,L,-17
2023,1,546917,546902.0,Providence,Marquette,2023-04-01,H,16,14,W,2
2023,1,546917,546887.0,Providence,Georgetown,2023-04-08,A,11,13,L,-2
2023,1,546917,546933.0,Providence,Villanova,2023-04-15,H,8,20,L,-12
2023,1,546917,546882.0,Providence,Denver,2023-04-21,A,6,13,L,-7
2023,1,546917,546923.0,Providence,St. John's (NY),2023-04-29,H,12,11,W,1
2023,1,546917,546887.0,Providence,"#1 Georgetown @Milwaukee, WI (2023 Big East MLA Championship)",2023-05-04,H,8,19,L,-11
2023,1,546918,546898.0,Quinnipiac,UMass Lowell,2023-02-11,H,21,12,W,9
2023,1,546918,546873.0,Quinnipiac,Brown,2023-02-18,A,11,10,W,1
2023,1,546918,546874.0,Quinnipiac,Bryant,2023-02-25,H,12,19,L,-7
2023,1,546918,546939.0,Quinnipiac,Merrimack,2023-03-05,H,8,16,L,-8
2023,1,546918,546876.0,Quinnipiac,Canisius,2023-03-11,H,13,12,W,1
2023,1,546918,546936.0,Quinnipiac,Wagner,2023-03-18,A,11,12,L,-1
2023,1,546918,546901.0,Quinnipiac,Marist,2023-03-25,H,14,12,W,2
2023,1,546918,546900.0,Quinnipiac,Manhattan,2023-03-29,H,5,12,L,-7
2023,1,546918,546909.0,Quinnipiac,Mount St. Mary's,2023-04-01,A,11,18,L,-7
2023,1,546918,546925.0,Quinnipiac,Siena,2023-04-08,H,14,12,W,2
2023,1,546918,546922.0,Quinnipiac,Sacred Heart,2023-04-12,A,11,13,L,-2
2023,1,546918,546934.0,Quinnipiac,VMI,2023-04-15,A,14,13,W,1
2023,1,546918,546866.0,Quinnipiac,LIU,2023-04-22,H,19,13,W,6
2023,1,546918,546901.0,Quinnipiac,#3 Marist 2023 MAAC MLA Championship,2023-04-29,A,19,29,L,-10
2023,1,546919,546904.0,Richmond,Maryland,2023-02-04,A,4,15,L,-11
2023,1,546919,546875.0,Richmond,Bucknell,2023-02-18,H,18,5,W,13
2023,1,546919,546928.0,Richmond,Towson,2023-02-24,H,10,7,W,3
2023,1,546919,546886.0,Richmond,Fairfield,2023-02-26,H,10,8,W,2
2023,1,546919,546935.0,Richmond,Virginia,2023-03-04,A,8,25,L,-17
2023,1,546919,546906.0,Richmond,Mercer,2023-03-07,H,11,6,W,5
2023,1,546919,546887.0,Richmond,Georgetown,2023-03-11,A,12,13,L,-1
2023,1,546919,546923.0,Richmond,St. John's (NY),2023-03-25,A,11,8,W,3
2023,1,546919,546924.0,Richmond,Saint Joseph's,2023-04-01,A,12,14,L,-2
2023,1,546919,546905.0,Richmond,Massachusetts,2023-04-08,H,13,12,W,1
2023,1,546919,546938.0,Richmond,High Point,2023-04-15,H,13,9,W,4
2023,1,546919,546891.0,Richmond,Hobart,2023-04-22,A,20,15,W,5
2023,1,546919,546867.0,Richmond,St. Bonaventure,2023-04-29,H,26,10,W,16
2023,1,546919,546905.0,Richmond,#3 Massachusetts 2023 A10 MLA Championship,2023-05-04,H,15,8,W,7
2023,1,546919,546938.0,Richmond,#4 High Point 2023 A10 MLA Championship,2023-05-06,H,15,8,W,7
2023,1,546919,546935.0,Richmond,#2 Virginia 2023 NCAA DI MLA Championship,2023-05-13,A,8,17,L,-9
2023,1,546920,546875.0,Robert Morris,Bucknell,2023-02-11,A,12,9,W,3
2023,1,546920,546867.0,Robert Morris,St. Bonaventure,2023-02-21,H,15,6,W,9
2023,1,546920,546876.0,Robert Morris,Canisius,2023-02-26,A,13,8,W,5
2023,1,546920,546891.0,Robert Morris,Hobart,2023-03-04,H,12,14,L,-2
2023,1,546920,546938.0,Robert Morris,High Point,2023-03-11,A,14,16,L,-2
2023,1,546920,546894.0,Robert Morris,Jacksonville,2023-03-18,H,6,12,L,-6
2023,1,546920,546877.0,Robert Morris,Cleveland St.,2023-03-25,H,11,6,W,5
2023,1,546920,546883.0,Robert Morris,Detroit Mercy,2023-03-29,A,8,14,L,-6
2023,1,546920,546906.0,Robert Morris,Mercer,2023-04-01,A,8,9,L,-1
2023,1,546920,546868.0,Robert Morris,Utah,2023-04-08,H,16,26,L,-10
2023,1,546920,546870.0,Robert Morris,Bellarmine,2023-04-12,H,21,13,W,8
2023,1,546920,546981.0,Robert Morris,Queens (NC),2023-04-15,A,14,10,W,4
2023,1,546920,546987.0,Robert Morris,Lindenwood,2023-04-22,H,18,12,W,6
2023,1,546920,546929.0,Robert Morris,Air Force,2023-04-29,A,5,13,L,-8
2023,1,546920,546894.0,Robert Morris,#3 Jacksonville 2023 ASUN MLA Championship,2023-05-02,H,9,8,W,1
2023,1,546920,546929.0,Robert Morris,#2 Air Force 2023 ASUN MLA Championship,2023-05-05,H,4,12,L,-8
2023,1,546921,546901.0,Rutgers,Marist,2023-02-04,H,20,8,W,12
2023,1,546921,546926.0,Rutgers,Stony Brook,2023-02-11,H,11,7,W,4
2023,1,546921,546930.0,Rutgers,Army West Point,2023-02-18,A,13,14,L,-1
2023,1,546921,546899.0,Rutgers,Loyola Maryland,2023-02-25,H,10,6,W,4
2023,1,546921,546923.0,Rutgers,St. John's (NY),2023-02-28,H,20,6,W,14
2023,1,546921,546868.0,Rutgers,Utah,2023-03-04,H,18,14,W,4
2023,1,546921,546916.0,Rutgers,Princeton,2023-03-11,H,14,13,W,1
2023,1,546921,546905.0,Rutgers,Massachusetts,2023-03-18,A,11,5,W,6
2023,1,546921,546913.0,Rutgers,Ohio St.,2023-03-26,A,7,11,L,-4
2023,1,546921,546895.0,Rutgers,Johns Hopkins,2023-04-01,A,12,16,L,-4
2023,1,546921,546907.0,Rutgers,Michigan,2023-04-07,H,13,12,W,1
2023,1,546921,546904.0,Rutgers,Maryland,2023-04-16,H,8,11,L,-3
2023,1,546921,546914.0,Rutgers,Penn St.,2023-04-21,A,5,14,L,-9
2023,1,546921,546904.0,Rutgers,#3 Maryland 2023 Big Ten MLA Tournament,2023-04-29,A,11,14,L,-3
2023,1,546922,546924.0,Sacred Heart,Saint Joseph's,2023-02-11,A,5,17,L,-12
2023,1,546922,546896.0,Sacred Heart,Lafayette,2023-02-18,A,8,15,L,-7
2023,1,546922,546886.0,Sacred Heart,Fairfield,2023-02-22,A,5,17,L,-12
2023,1,546922,546926.0,Sacred Heart,Stony Brook,2023-02-26,A,12,15,L,-3
2023,1,546922,546884.0,Sacred Heart,Drexel,2023-03-04,H,11,12,L,-1
2023,1,546922,546925.0,Sacred Heart,Siena,2023-03-11,A,8,11,L,-3
2023,1,546922,546900.0,Sacred Heart,Manhattan,2023-03-18,A,7,9,L,-2
2023,1,546922,546934.0,Sacred Heart,VMI,2023-03-25,H,16,4,W,12
2023,1,546922,546901.0,Sacred Heart,Marist,2023-03-29,A,9,13,L,-4
2023,1,546922,546866.0,Sacred Heart,LIU,2023-04-01,H,10,9,W,1
2023,1,546922,546936.0,Sacred Heart,Wagner,2023-04-08,A,13,9,W,4
2023,1,546922,546918.0,Sacred Heart,Quinnipiac,2023-04-12,H,13,11,W,2
2023,1,546922,546909.0,Sacred Heart,Mount St. Mary's,2023-04-15,H,12,13,L,-1
2023,1,546922,546876.0,Sacred Heart,Canisius,2023-04-22,H,15,8,W,7
2023,1,546922,546925.0,Sacred Heart,#4 Siena 2023 MAAC MLA Championship,2023-04-29,A,11,13,L,-2
2023,1,546924,546922.0,Saint Joseph's,Sacred Heart,2023-02-11,H,17,5,W,12
2023,1,546924,546928.0,Saint Joseph's,Towson,2023-02-18,A,16,13,W,3
2023,1,546924,546917.0,Saint Joseph's,Providence,2023-02-25,H,19,6,W,13
2023,1,546924,546895.0,Saint Joseph's,Johns Hopkins,2023-03-04,A,14,15,L,-1
2023,1,546924,546915.0,Saint Joseph's,Penn,2023-03-08,H,12,13,L,-1
2023,1,546924,546884.0,Saint Joseph's,"Drexel @Philadelphia, PA",2023-03-11,H,16,18,L,-2
2023,1,546924,546923.0,Saint Joseph's,St. John's (NY),2023-03-18,A,16,10,W,6
2023,1,546924,546885.0,Saint Joseph's,Duke,2023-03-25,H,9,12,L,-3
2023,1,546924,546919.0,Saint Joseph's,Richmond,2023-04-01,H,14,12,W,2
2023,1,546924,546908.0,Saint Joseph's,Monmouth,2023-04-04,A,13,3,W,10
2023,1,546924,546867.0,Saint Joseph's,St. Bonaventure,2023-04-08,A,18,9,W,9
2023,1,546924,546891.0,Saint Joseph's,Hobart,2023-04-15,H,11,10,W,1
2023,1,546924,546905.0,Saint Joseph's,Massachusetts,2023-04-22,H,11,10,W,1
2023,1,546924,546938.0,Saint Joseph's,High Point,2023-04-29,A,17,11,W,6
2023,1,546924,546938.0,Saint Joseph's,"#4 High Point @Richmond, VA (2023 A10 MLA Championship)",2023-05-04,H,14,16,L,-2
2023,1,546925,546911.0,Siena,NJIT,2023-02-11,H,12,11,W,1
2023,1,546925,546917.0,Siena,Providence,2023-02-18,A,11,18,L,-7
2023,1,546925,546898.0,Siena,UMass Lowell,2023-02-26,H,16,12,W,4
2023,1,546925,546880.0,Siena,Dartmouth,2023-03-04,A,8,11,L,-3
2023,1,546925,546922.0,Siena,Sacred Heart,2023-03-11,H,11,8,W,3
2023,1,546925,546934.0,Siena,VMI,2023-03-18,A,10,14,L,-4
2023,1,546925,546866.0,Siena,LIU,2023-03-25,A,11,13,L,-2
2023,1,546925,546876.0,Siena,Canisius,2023-03-29,A,10,9,W,1
2023,1,546925,546936.0,Siena,Wagner,2023-04-01,H,13,6,W,7
2023,1,546925,546918.0,Siena,Quinnipiac,2023-04-08,A,12,14,L,-2
2023,1,546925,546901.0,Siena,Marist,2023-04-12,H,11,14,L,-3
2023,1,546925,546900.0,Siena,Manhattan,2023-04-15,A,10,6,W,4
2023,1,546925,546909.0,Siena,Mount St. Mary's,2023-04-22,H,13,12,W,1
2023,1,546925,546922.0,Siena,#5 Sacred Heart 2023 MAAC MLA Championship,2023-04-29,H,13,11,W,2
2023,1,546925,546900.0,Siena,#1 Manhattan 2023 MAAC MLA Championship,2023-05-04,A,11,8,W,3
2023,1,546925,546901.0,Siena,"#3 Marist @Riverdale, NY (2023 MAAC MLA Championship)",2023-05-06,H,7,12,L,-5
2023,1,546867,546870.0,St. Bonaventure,Bellarmine,2023-02-11,A,10,14,L,-4
2023,1,546867,546871.0,St. Bonaventure,Binghamton,2023-02-18,H,11,12,L,-1
2023,1,546867,546920.0,St. Bonaventure,Robert Morris,2023-02-21,A,6,15,L,-9
2023,1,546867,546934.0,St. Bonaventure,VMI,2023-02-25,H,15,9,W,6
2023,1,546867,546903.0,St. Bonaventure,UMBC,2023-03-01,A,4,13,L,-9
2023,1,546867,546877.0,St. Bonaventure,Cleveland St.,2023-03-11,H,6,13,L,-7
2023,1,546867,546876.0,St. Bonaventure,Canisius,2023-03-14,A,5,13,L,-8
2023,1,546867,546927.0,St. Bonaventure,Syracuse,2023-03-21,A,6,22,L,-16
2023,1,546867,546902.0,St. Bonaventure,Marquette,2023-03-25,A,5,9,L,-4
2023,1,546867,546891.0,St. Bonaventure,Hobart,2023-04-01,A,10,24,L,-14
2023,1,546867,546924.0,St. Bonaventure,Saint Joseph's,2023-04-08,H,9,18,L,-9
2023,1,546867,546905.0,St. Bonaventure,Massachusetts,2023-04-15,A,3,14,L,-11
2023,1,546867,546938.0,St. Bonaventure,High Point,2023-04-22,H,8,17,L,-9
2023,1,546867,546919.0,St. Bonaventure,Richmond,2023-04-29,A,10,26,L,-16
2023,1,546923,546900.0,St. John's (NY),"Manhattan @West Islip, NY",2023-02-11,H,5,9,L,-4
2023,1,546923,546881.0,St. John's (NY),Delaware,2023-02-18,A,9,16,L,-7
2023,1,546923,546892.0,St. John's (NY),Hofstra,2023-02-25,H,12,16,L,-4
2023,1,546923,546921.0,St. John's (NY),Rutgers,2023-02-28,A,6,20,L,-14
2023,1,546923,546871.0,St. John's (NY),Binghamton,2023-03-04,A,12,13,L,-1
2023,1,546923,546894.0,St. John's (NY),Jacksonville,2023-03-11,H,9,17,L,-8
2023,1,546923,546926.0,St. John's (NY),Stony Brook,2023-03-15,A,8,18,L,-10
2023,1,546923,546924.0,St. John's (NY),Saint Joseph's,2023-03-18,H,10,16,L,-6
2023,1,546923,546919.0,St. John's (NY),Richmond,2023-03-25,H,8,11,L,-3
2023,1,546923,546933.0,St. John's (NY),Villanova,2023-04-01,A,8,18,L,-10
2023,1,546923,546902.0,St. John's (NY),Marquette,2023-04-08,A,10,20,L,-10
2023,1,546923,546882.0,St. John's (NY),Denver,2023-04-15,H,10,12,L,-2
2023,1,546923,546887.0,St. John's (NY),Georgetown,2023-04-22,H,12,18,L,-6
2023,1,546923,546917.0,St. John's (NY),Providence,2023-04-29,A,11,12,L,-1
2023,1,546926,546921.0,Stony Brook,Rutgers,2023-02-11,A,7,11,L,-4
2023,1,546926,546914.0,Stony Brook,Penn St.,2023-02-18,A,12,17,L,-5
2023,1,546926,546929.0,Stony Brook,Air Force,2023-02-24,H,15,8,W,7
2023,1,546926,546922.0,Stony Brook,Sacred Heart,2023-02-26,H,15,12,W,3
2023,1,546926,546873.0,Stony Brook,Brown,2023-03-04,H,12,17,L,-5
2023,1,546926,546917.0,Stony Brook,Providence,2023-03-11,A,9,10,L,-1
2023,1,546926,546923.0,Stony Brook,St. John's (NY),2023-03-15,H,18,8,W,10
2023,1,546926,546888.0,Stony Brook,Hampton,2023-03-18,A,19,3,W,16
2023,1,546926,546908.0,Stony Brook,Monmouth,2023-03-25,A,15,12,W,3
2023,1,546926,546928.0,Stony Brook,Towson,2023-04-01,H,13,12,W,1
2023,1,546926,546884.0,Stony Brook,Drexel,2023-04-08,A,14,15,L,-1
2023,1,546926,546881.0,Stony Brook,Delaware,2023-04-15,H,9,12,L,-3
2023,1,546926,546886.0,Stony Brook,Fairfield,2023-04-22,H,17,14,W,3
2023,1,546926,546892.0,Stony Brook,Hofstra,2023-04-29,A,11,10,W,1
2023,1,546926,546884.0,Stony Brook,"#2 Drexel @Newark, DE (2023 CAA MLA Championship)",2023-05-04,H,13,10,W,3
2023,1,546926,546881.0,Stony Brook,#1 Delaware 2023 CAA MLA Championship,2023-05-06,A,10,13,L,-3
2023,1,546927,546932.0,Syracuse,Vermont,2023-02-04,H,7,5,W,2
2023,1,546927,546869.0,Syracuse,UAlbany,2023-02-10,H,20,7,W,13
2023,1,546927,546893.0,Syracuse,Holy Cross,2023-02-12,H,15,6,W,9
2023,1,546927,546904.0,Syracuse,Maryland,2023-02-18,A,12,15,L,-3
2023,1,546927,546910.0,Syracuse,North Carolina,2023-02-25,H,13,19,L,-6
2023,1,546927,546885.0,Syracuse,Duke,2023-03-05,H,13,14,L,-1
2023,1,546927,546895.0,Syracuse,Johns Hopkins,2023-03-11,H,9,11,L,-2
2023,1,546927,546892.0,Syracuse,Hofstra,2023-03-14,A,16,8,W,8
2023,1,546927,546867.0,Syracuse,St. Bonaventure,2023-03-21,H,22,6,W,16
2023,1,546927,546891.0,Syracuse,Hobart,2023-03-25,H,18,7,W,11
2023,1,546927,546912.0,Syracuse,Notre Dame,2023-04-01,H,12,20,L,-8
2023,1,546927,546916.0,Syracuse,Princeton,2023-04-08,A,16,13,W,3
2023,1,546927,546910.0,Syracuse,"North Carolina @Olney, MD",2023-04-15,H,15,14,W,1
2023,1,546927,546935.0,Syracuse,Virginia,2023-04-22,A,12,19,L,-7
2023,1,546927,546885.0,Syracuse,Duke,2023-04-29,A,15,18,L,-3
2023,1,546928,546909.0,Towson,Mount St. Mary's,2023-02-11,A,20,7,W,13
2023,1,546928,546924.0,Towson,Saint Joseph's,2023-02-18,H,13,16,L,-3
2023,1,546928,546919.0,Towson,Richmond,2023-02-24,A,7,10,L,-3
2023,1,546928,546899.0,Towson,Loyola Maryland,2023-03-01,H,11,12,L,-1
2023,1,546928,546903.0,Towson,UMBC,2023-03-05,A,4,8,L,-4
2023,1,546928,546935.0,Towson,Virginia,2023-03-11,A,12,19,L,-7
2023,1,546928,546884.0,Towson,Drexel,2023-03-18,H,11,12,L,-1
2023,1,546928,546886.0,Towson,Fairfield,2023-03-25,H,11,7,W,4
2023,1,546928,546926.0,Towson,Stony Brook,2023-04-01,A,12,13,L,-1
2023,1,546928,546892.0,Towson,Hofstra,2023-04-08,A,10,8,W,2
2023,1,546928,546882.0,Towson,Denver,2023-04-13,H,10,12,L,-2
2023,1,546928,546888.0,Towson,Hampton,2023-04-15,H,20,1,W,19
2023,1,546928,546908.0,Towson,Monmouth,2023-04-22,A,15,11,W,4
2023,1,546928,546881.0,Towson,Delaware,2023-04-29,H,15,10,W,5
2023,1,546928,546881.0,Towson,#1 Delaware 2023 CAA MLA Championship,2023-05-04,A,8,11,L,-3
2023,1,546869,546927.0,UAlbany,Syracuse,2023-02-10,A,7,20,L,-13
2023,1,546869,546879.0,UAlbany,Cornell,2023-02-18,H,10,12,L,-2
2023,1,546869,546884.0,UAlbany,Drexel,2023-02-25,H,11,7,W,4
2023,1,546869,546905.0,UAlbany,Massachusetts,2023-03-07,H,6,9,L,-3
2023,1,546869,546904.0,UAlbany,Maryland,2023-03-11,H,9,16,L,-7
2023,1,546869,546898.0,UAlbany,UMass Lowell,2023-03-18,H,15,7,W,8
2023,1,546869,546932.0,UAlbany,Vermont,2023-03-25,A,7,14,L,-7
2023,1,546869,546903.0,UAlbany,UMBC,2023-04-01,H,12,6,W,6
2023,1,546869,546874.0,UAlbany,Bryant,2023-04-08,A,16,20,L,-4
2023,1,546869,546911.0,UAlbany,NJIT,2023-04-15,H,13,7,W,6
2023,1,546869,546937.0,UAlbany,Yale,2023-04-21,H,6,14,L,-8
2023,1,546869,546939.0,UAlbany,Merrimack,2023-04-23,H,13,11,W,2
2023,1,546869,546915.0,UAlbany,Penn,2023-04-26,H,11,14,L,-3
2023,1,546869,546871.0,UAlbany,Binghamton,2023-04-29,A,14,15,L,-1
2023,1,546869,546932.0,UAlbany,#1 Vermont 2023 America East MLA Championship,2023-05-04,A,10,4,W,6
2023,1,546869,546874.0,UAlbany,"#2 Bryant @Burlington, VT (2023 America East MLA Championship)",2023-05-06,H,11,12,L,-1
2023,1,546903,546884.0,UMBC,Drexel,2023-02-18,A,12,7,W,5
2023,1,546903,546909.0,UMBC,Mount St. Mary's,2023-02-24,H,16,6,W,10
2023,1,546903,546867.0,UMBC,St. Bonaventure,2023-03-01,H,13,4,W,9
2023,1,546903,546928.0,UMBC,Towson,2023-03-05,H,8,4,W,4
2023,1,546903,546881.0,UMBC,Delaware,2023-03-07,A,11,17,L,-6
2023,1,546903,546906.0,UMBC,Mercer,2023-03-11,H,13,8,W,5
2023,1,546903,546874.0,UMBC,Bryant,2023-03-18,A,13,17,L,-4
2023,1,546903,546939.0,UMBC,Merrimack,2023-03-25,H,15,5,W,10
2023,1,546903,546869.0,UMBC,UAlbany,2023-04-01,A,6,12,L,-6
2023,1,546903,546898.0,UMBC,UMass Lowell,2023-04-08,H,15,8,W,7
2023,1,546903,546871.0,UMBC,Binghamton,2023-04-15,H,13,16,L,-3
2023,1,546903,546911.0,UMBC,NJIT,2023-04-22,A,12,10,W,2
2023,1,546903,546932.0,UMBC,Vermont,2023-04-29,H,7,11,L,-4
2023,1,546898,546918.0,UMass Lowell,Quinnipiac,2023-02-11,A,12,21,L,-9
2023,1,546898,546905.0,UMass Lowell,Massachusetts,2023-02-17,H,3,11,L,-8
2023,1,546898,546925.0,UMass Lowell,Siena,2023-02-26,A,12,16,L,-4
2023,1,546898,546866.0,UMass Lowell,LIU,2023-03-03,H,8,12,L,-4
2023,1,546898,546894.0,UMass Lowell,Jacksonville,2023-03-08,A,7,16,L,-9
2023,1,546898,546869.0,UMass Lowell,UAlbany,2023-03-18,A,7,15,L,-8
2023,1,546898,546874.0,UMass Lowell,Bryant,2023-03-25,H,4,20,L,-16
2023,1,546898,546871.0,UMass Lowell,Binghamton,2023-04-01,H,10,21,L,-11
2023,1,546898,546903.0,UMass Lowell,UMBC,2023-04-08,A,8,15,L,-7
2023,1,546898,546939.0,UMass Lowell,Merrimack,2023-04-14,H,10,13,L,-3
2023,1,546898,546893.0,UMass Lowell,Holy Cross,2023-04-18,A,9,13,L,-4
2023,1,546898,546932.0,UMass Lowell,Vermont,2023-04-22,A,3,21,L,-18
2023,1,546898,546911.0,UMass Lowell,NJIT,2023-04-29,H,10,11,L,-1
2023,1,546868,546882.0,Utah,Denver,2023-02-04,A,4,12,L,-8
2023,1,546868,546902.0,Utah,Marquette,2023-02-11,H,18,16,W,2
2023,1,546868,546932.0,Utah,Vermont,2023-02-18,H,13,14,L,-1
2023,1,546868,546895.0,Utah,Johns Hopkins,2023-02-25,A,8,12,L,-4
2023,1,546868,546921.0,Utah,Rutgers,2023-03-04,A,14,18,L,-4
2023,1,546868,546870.0,Utah,Bellarmine,2023-03-18,H,15,8,W,7
2023,1,546868,546883.0,Utah,Detroit Mercy,2023-03-25,A,24,11,W,13
2023,1,546868,546929.0,Utah,Air Force,2023-03-29,A,18,11,W,7
2023,1,546868,546894.0,Utah,Jacksonville,2023-03-31,H,18,15,W,3
2023,1,546868,546920.0,Utah,Robert Morris,2023-04-08,A,26,16,W,10
2023,1,546868,546987.0,Utah,Lindenwood,2023-04-12,H,22,8,W,14
2023,1,546868,546906.0,Utah,Mercer,2023-04-15,H,22,12,W,10
2023,1,546868,546877.0,Utah,Cleveland St.,2023-04-22,H,19,12,W,7
2023,1,546868,546981.0,Utah,Queens (NC),2023-04-29,A,18,6,W,12
2023,1,546868,546870.0,Utah,"#5 Bellarmine @Coraopolis, PA (2023 ASUN MLA Championship)",2023-05-05,H,17,14,W,3
2023,1,546868,546929.0,Utah,"#2 Air Force @Coraopolis, PA (2023 ASUN MLA Championship)",2023-05-07,H,11,9,W,2
2023,1,546868,546912.0,Utah,#3 Notre Dame 2023 NCAA DI MLA Championship,2023-05-13,A,7,20,L,-13
2023,1,546934,546883.0,VMI,Detroit Mercy,2023-02-04,H,14,11,W,3
2023,1,546934,546981.0,VMI,Queens (NC),2023-02-10,A,10,9,W,1
2023,1,546934,546938.0,VMI,High Point,2023-02-17,H,11,17,L,-6
2023,1,546934,546888.0,VMI,Hampton,2023-02-21,H,20,10,W,10
2023,1,546934,546867.0,VMI,St. Bonaventure,2023-02-25,A,9,15,L,-6
2023,1,546934,546870.0,VMI,Bellarmine,2023-03-04,A,6,17,L,-11
2023,1,546934,546866.0,VMI,LIU,2023-03-11,A,13,14,L,-1
2023,1,546934,546925.0,VMI,Siena,2023-03-18,H,14,10,W,4
2023,1,546934,546922.0,VMI,Sacred Heart,2023-03-25,A,4,16,L,-12
2023,1,546934,546909.0,VMI,Mount St. Mary's,2023-03-29,H,5,20,L,-15
2023,1,546934,546876.0,VMI,Canisius,2023-04-01,A,11,10,W,1
2023,1,546934,546900.0,VMI,Manhattan,2023-04-08,H,6,8,L,-2
2023,1,546934,546936.0,VMI,Wagner,2023-04-12,A,12,11,W,1
2023,1,546934,546918.0,VMI,Quinnipiac,2023-04-15,H,13,14,L,-1
2023,1,546934,546901.0,VMI,Marist,2023-04-22,A,7,18,L,-11
2023,1,546932,546927.0,Vermont,Syracuse,2023-02-04,A,5,7,L,-2
2023,1,546932,546872.0,Vermont,Boston U.,2023-02-11,H,14,12,W,2
2023,1,546932,546868.0,Vermont,Utah,2023-02-18,A,14,13,W,1
2023,1,546932,546873.0,Vermont,Brown,2023-02-26,H,12,22,L,-10
2023,1,546932,546890.0,Vermont,Harvard,2023-03-03,A,5,12,L,-7
2023,1,546932,546905.0,Vermont,Massachusetts,2023-03-11,H,4,12,L,-8
2023,1,546932,546911.0,Vermont,NJIT,2023-03-18,A,16,10,W,6
2023,1,546932,546869.0,Vermont,UAlbany,2023-03-25,H,14,7,W,7
2023,1,546932,546939.0,Vermont,Merrimack,2023-04-01,A,13,8,W,5
2023,1,546932,546871.0,Vermont,Binghamton,2023-04-08,A,11,9,W,2
2023,1,546932,546874.0,Vermont,Bryant,2023-04-15,H,13,12,W,1
2023,1,546932,546898.0,Vermont,UMass Lowell,2023-04-22,H,21,3,W,18
2023,1,546932,546903.0,Vermont,UMBC,2023-04-29,A,11,7,W,4
2023,1,546932,546869.0,Vermont,#4 UAlbany 2023 America East MLA Championship,2023-05-04,H,4,10,L,-6
2023,1,546933,546914.0,Villanova,Penn St.,2023-02-12,H,14,12,W,2
2023,1,546933,546937.0,Villanova,Yale,2023-02-19,H,14,20,L,-6
2023,1,546933,546881.0,Villanova,Delaware,2023-02-26,A,13,12,W,1
2023,1,546933,546892.0,Villanova,Hofstra,2023-03-04,A,15,8,W,7
2023,1,546933,546884.0,Villanova,"Drexel @Philadelphia, PA",2023-03-08,H,14,7,W,7
2023,1,546933,546915.0,Villanova,Penn,2023-03-11,A,9,8,W,1
2023,1,546933,546908.0,Villanova,Monmouth,2023-03-18,A,10,6,W,4
2023,1,546933,546931.0,Villanova,Navy,2023-03-21,H,17,6,W,11
2023,1,546933,546873.0,Villanova,Brown,2023-03-27,H,11,13,L,-2
2023,1,546933,546923.0,Villanova,St. John's (NY),2023-04-01,H,18,8,W,10
2023,1,546933,546882.0,Villanova,Denver,2023-04-08,A,6,12,L,-6
2023,1,546933,546917.0,Villanova,Providence,2023-04-15,A,20,8,W,12
2023,1,546933,546902.0,Villanova,Marquette,2023-04-22,H,16,15,W,1
2023,1,546933,546887.0,Villanova,Georgetown,2023-04-28,A,8,12,L,-4
2023,1,546933,546882.0,Villanova,"#2 Denver @Milwaukee, WI (2023 Big East MLA Championship)",2023-05-04,H,9,16,L,-7
2023,1,546935,546907.0,Virginia,Michigan,2023-02-11,H,17,13,W,4
2023,1,546935,546890.0,Virginia,Harvard,2023-02-18,H,25,21,W,4
2023,1,546935,546913.0,Virginia,"Ohio St. @Naples, FL",2023-02-25,H,17,6,W,11
2023,1,546935,546919.0,Virginia,Richmond,2023-03-04,H,25,8,W,17
2023,1,546935,546895.0,Virginia,Johns Hopkins,2023-03-07,A,18,13,W,5
2023,1,546935,546928.0,Virginia,Towson,2023-03-11,H,19,12,W,7
2023,1,546935,546904.0,Virginia,Maryland,2023-03-18,H,13,14,L,-1
2023,1,546935,546912.0,Virginia,Notre Dame,2023-03-25,A,15,10,W,5
2023,1,546935,546885.0,Virginia,Duke,2023-03-31,H,14,16,L,-2
2023,1,546935,546910.0,Virginia,North Carolina,2023-04-07,A,19,12,W,7
2023,1,546935,546885.0,Virginia,Duke,2023-04-15,A,14,15,L,-1
2023,1,546935,546927.0,Virginia,Syracuse,2023-04-22,H,19,12,W,7
2023,1,546935,546896.0,Virginia,Lafayette,2023-04-25,A,20,11,W,9
2023,1,546935,546912.0,Virginia,Notre Dame,2023-04-30,H,12,8,W,4
2023,1,546935,546919.0,Virginia,Richmond 2023 NCAA DI MLA Championship,2023-05-13,H,17,8,W,9
2023,1,546935,546887.0,Virginia,"#7 Georgetown @Albany, NY (2023 NCAA DI MLA Championship)",2023-05-20,H,17,14,W,3
2023,1,546935,546912.0,Virginia,"#3 Notre Dame @Philadelphia, PA (2023 NCAA DI MLA Championship)",2023-05-27,H,12,13,L,-1
2023,1,546936,546886.0,Wagner,Fairfield,2023-02-18,H,7,14,L,-7
2023,1,546936,546930.0,Wagner,Army West Point,2023-02-21,A,6,20,L,-14
2023,1,546936,546981.0,Wagner,"Queens (NC) @Baltimore, MD",2023-02-25,H,13,9,W,4
2023,1,546936,546908.0,Wagner,Monmouth,2023-02-28,H,4,9,L,-5
2023,1,546936,546911.0,Wagner,NJIT,2023-03-04,A,8,10,L,-2
2023,1,546936,546901.0,Wagner,Marist,2023-03-11,A,7,16,L,-9
2023,1,546936,546918.0,Wagner,Quinnipiac,2023-03-18,H,12,11,W,1
2023,1,546936,546909.0,Wagner,Mount St. Mary's,2023-03-25,H,7,10,L,-3
2023,1,546936,546866.0,Wagner,LIU,2023-03-29,A,6,13,L,-7
2023,1,546936,546925.0,Wagner,Siena,2023-04-01,A,6,13,L,-7
2023,1,546936,546922.0,Wagner,Sacred Heart,2023-04-08,H,9,13,L,-4
2023,1,546936,546934.0,Wagner,VMI,2023-04-12,H,11,12,L,-1
2023,1,546936,546876.0,Wagner,Canisius,2023-04-15,A,10,8,W,2
2023,1,546936,546900.0,Wagner,Manhattan,2023-04-22,H,2,6,L,-4
2023,1,546937,546933.0,Yale,Villanova,2023-02-19,A,20,14,W,6
2023,1,546937,546914.0,Yale,Penn St.,2023-02-25,H,11,13,L,-2
2023,1,546937,546905.0,Yale,Massachusetts,2023-03-03,A,18,9,W,9
2023,1,546937,546882.0,Yale,Denver,2023-03-11,H,11,9,W,2
2023,1,546937,546879.0,Yale,Cornell,2023-03-18,H,10,20,L,-10
2023,1,546937,546916.0,Yale,Princeton,2023-03-25,A,10,23,L,-13
2023,1,546937,546915.0,Yale,Penn,2023-04-01,A,16,17,L,-1
2023,1,546937,546872.0,Yale,Boston U.,2023-04-04,H,17,14,W,3
2023,1,546937,546880.0,Yale,Dartmouth,2023-04-08,H,21,11,W,10
2023,1,546937,546873.0,Yale,Brown,2023-04-15,H,16,10,W,6
2023,1,546937,546869.0,Yale,UAlbany,2023-04-21,A,14,6,W,8
2023,1,546937,546890.0,Yale,Harvard,2023-04-29,A,14,11,W,3
2023,1,546937,546879.0,Yale,"#1 Cornell @New York City, NY (2023 Ivy League MLA Tournament)",2023-05-05,H,22,15,W,7
2023,1,546937,546916.0,Yale,"#3 Princeton @New York City, NY (2023 Ivy League MLA Tournament)",2023-05-07,H,10,19,L,-9
2023,1,546937,546887.0,Yale,#7 Georgetown 2023 NCAA DI MLA Championship,2023-05-13,A,17,19,L,-2
2024,1,571437,571410.0,Air Force,Marquette,2024-02-03,H,6,12,L,-6
2024,1,571437,571390.0,Air Force,Denver,2024-02-10,A,9,11,L,-2
2024,1,571437,571421.0,Air Force,Ohio St.,2024-02-17,H,4,12,L,-8
2024,1,571437,571434.0,Air Force,Stony Brook,2024-02-24,H,12,11,W,1
2024,1,571437,571432.0,Air Force,Saint Joseph's,2024-03-03,A,11,15,L,-4
2024,1,571437,571448.0,Air Force,Queens (NC),2024-03-16,H,14,10,W,4
2024,1,571437,571376.0,Air Force,Utah,2024-03-20,A,12,11,W,1
2024,1,571437,571449.0,Air Force,Lindenwood,2024-03-23,A,15,3,W,12
2024,1,571437,571385.0,Air Force,Cleveland St.,2024-03-31,H,12,9,W,3
2024,1,571437,571378.0,Air Force,Bellarmine,2024-04-06,H,11,7,W,4
2024,1,571437,571391.0,Air Force,Detroit Mercy,2024-04-13,A,14,3,W,11
2024,1,571437,571414.0,Air Force,Mercer,2024-04-17,H,20,5,W,15
2024,1,571437,571402.0,Air Force,Jacksonville,2024-04-20,H,9,10,L,-1
2024,1,571437,571428.0,Air Force,Robert Morris,2024-04-27,A,14,11,W,3
2024,1,571437,571402.0,Air Force,#3 Jacksonville ASUN MLA Championship,2024-05-03,H,10,15,L,-5
2024,1,571438,571413.0,Army West Point,"Massachusetts @Atlanta, GA",2024-02-10,H,13,12,W,1
2024,1,571438,571429.0,Army West Point,Rutgers,2024-02-17,A,16,7,W,9
2024,1,571438,571414.0,Army West Point,Mercer,2024-02-24,H,15,7,W,8
2024,1,571438,571435.0,Army West Point,Syracuse,2024-02-28,A,14,13,W,1
2024,1,571438,571404.0,Army West Point,Lafayette,2024-03-03,A,16,11,W,5
2024,1,571438,571401.0,Army West Point,Holy Cross,2024-03-09,H,18,8,W,10
2024,1,571438,571405.0,Army West Point,Lehigh,2024-03-16,H,18,12,W,6
2024,1,571438,571380.0,Army West Point,Boston U.,2024-03-22,A,9,14,L,-5
2024,1,571438,571418.0,Army West Point,North Carolina,2024-03-30,A,13,12,W,1
2024,1,571438,571386.0,Army West Point,Colgate,2024-04-06,H,11,14,L,-3
2024,1,571438,571439.0,Army West Point,Navy,2024-04-13,H,13,8,W,5
2024,1,571438,571383.0,Army West Point,Bucknell,2024-04-19,A,19,11,W,8
2024,1,571438,571407.0,Army West Point,Loyola Maryland,2024-04-26,A,13,11,W,2
2024,1,571438,571380.0,Army West Point,#4 Boston U. Patriot MLA Championship,2024-05-03,H,10,11,L,-1
2024,1,571378,571393.0,Bellarmine,Duke,2024-02-03,A,12,20,L,-8
2024,1,571378,571375.0,Bellarmine,St. Bonaventure,2024-02-11,A,13,9,W,4
2024,1,571378,571421.0,Bellarmine,Ohio St.,2024-02-13,A,6,10,L,-4
2024,1,571378,571384.0,Bellarmine,Canisius,2024-02-17,H,7,8,L,-1
2024,1,571378,571396.0,Bellarmine,Hampton,2024-02-27,A,23,7,W,16
2024,1,571378,571409.0,Bellarmine,Marist,2024-03-02,H,11,10,W,1
2024,1,571378,571410.0,Bellarmine,Marquette,2024-03-09,H,11,5,W,6
2024,1,571378,571376.0,Bellarmine,Utah,2024-03-16,H,13,14,L,-1
2024,1,571378,571414.0,Bellarmine,Mercer,2024-03-20,A,17,9,W,8
2024,1,571378,571448.0,Bellarmine,Queens (NC),2024-03-23,A,12,5,W,7
2024,1,571378,571449.0,Bellarmine,Lindenwood,2024-03-30,H,17,10,W,7
2024,1,571378,571437.0,Bellarmine,Air Force,2024-04-06,A,7,11,L,-4
2024,1,571378,571428.0,Bellarmine,Robert Morris,2024-04-10,H,15,12,W,3
2024,1,571378,571385.0,Bellarmine,Cleveland St.,2024-04-13,H,14,9,W,5
2024,1,571378,571391.0,Bellarmine,Detroit Mercy,2024-04-20,H,10,18,L,-8
2024,1,571378,571402.0,Bellarmine,Jacksonville,2024-04-27,A,7,22,L,-15
2024,1,571378,571385.0,Bellarmine,"#5 Cleveland St. @U.S. Air Force Academy, CO (ASUN MLA Championship)",2024-04-30,H,12,15,L,-3
2024,1,571379,571402.0,Binghamton,"Jacksonville @Sparks Glencoe, MD",2024-02-10,H,8,9,L,-1
2024,1,571379,571375.0,Binghamton,St. Bonaventure,2024-02-17,H,13,12,W,1
2024,1,571379,571404.0,Binghamton,Lafayette,2024-02-24,A,12,19,L,-7
2024,1,571379,571427.0,Binghamton,Richmond,2024-03-02,A,10,19,L,-9
2024,1,571379,571417.0,Binghamton,Mount St. Mary's,2024-03-05,A,13,12,W,1
2024,1,571379,571431.0,Binghamton,St. John's (NY),2024-03-09,A,6,13,L,-7
2024,1,571379,571447.0,Binghamton,Merrimack,2024-03-16,H,9,10,L,-1
2024,1,571379,571419.0,Binghamton,NJIT,2024-03-23,A,17,12,W,5
2024,1,571379,571406.0,Binghamton,UMass Lowell,2024-03-30,H,15,6,W,9
2024,1,571379,571440.0,Binghamton,Vermont,2024-04-06,A,11,10,W,1
2024,1,571379,571411.0,Binghamton,UMBC,2024-04-13,H,21,10,W,11
2024,1,571379,571382.0,Binghamton,Bryant,2024-04-20,H,11,17,L,-6
2024,1,571379,571377.0,Binghamton,UAlbany,2024-04-27,A,10,18,L,-8
2024,1,571380,571432.0,Boston U.,"Saint Joseph's @Westport, CT",2024-02-06,H,14,10,W,4
2024,1,571380,571440.0,Boston U.,Vermont,2024-02-10,H,18,8,W,10
2024,1,571380,571382.0,Boston U.,Bryant,2024-02-16,H,6,12,L,-6
2024,1,571380,571381.0,Boston U.,Brown,2024-02-20,A,16,10,W,6
2024,1,571380,571439.0,Boston U.,Navy,2024-03-02,H,9,16,L,-7
2024,1,571380,571383.0,Boston U.,Bucknell,2024-03-09,H,13,10,W,3
2024,1,571380,571407.0,Boston U.,Loyola Maryland,2024-03-16,A,12,10,W,2
2024,1,571380,571438.0,Boston U.,Army West Point,2024-03-22,H,14,9,W,5
2024,1,571380,571393.0,Boston U.,Duke,2024-03-27,A,10,11,L,-1
2024,1,571380,571401.0,Boston U.,Holy Cross,2024-03-30,A,22,6,W,16
2024,1,571380,571445.0,Boston U.,Yale,2024-04-09,H,16,18,L,-2
2024,1,571380,571404.0,Boston U.,Lafayette,2024-04-13,H,10,11,L,-1
2024,1,571380,571405.0,Boston U.,Lehigh,2024-04-20,A,12,13,L,-1
2024,1,571380,571386.0,Boston U.,Colgate,2024-04-26,A,13,12,W,1
2024,1,571380,571386.0,Boston U.,#5 Colgate Patriot MLA Championship,2024-04-30,H,18,17,W,1
2024,1,571380,571438.0,Boston U.,#1 Army West Point Patriot MLA Championship,2024-05-03,A,11,10,W,1
2024,1,571380,571405.0,Boston U.,"#2 Lehigh @West Point, NY (Patriot MLA Championship)",2024-05-05,H,10,11,L,-1
2024,1,571381,571426.0,Brown,Quinnipiac,2024-02-17,A,7,13,L,-6
2024,1,571381,571380.0,Brown,Boston U.,2024-02-20,H,10,16,L,-6
2024,1,571381,571425.0,Brown,Providence,2024-02-24,A,11,12,L,-1
2024,1,571381,571395.0,Brown,Georgetown,2024-03-02,A,5,11,L,-6
2024,1,571381,571412.0,Brown,Maryland,2024-03-09,A,13,14,L,-1
2024,1,571381,571423.0,Brown,Penn,2024-03-16,A,6,11,L,-5
2024,1,571381,571413.0,Brown,Massachusetts,2024-03-22,H,11,10,W,1
2024,1,571381,571441.0,Brown,Villanova,2024-03-25,H,5,9,L,-4
2024,1,571381,571445.0,Brown,Yale,2024-03-30,H,10,16,L,-6
2024,1,571381,571387.0,Brown,Cornell,2024-04-06,A,8,14,L,-6
2024,1,571381,571424.0,Brown,Princeton,2024-04-13,H,13,12,W,1
2024,1,571381,571388.0,Brown,Dartmouth,2024-04-20,H,14,11,W,3
2024,1,571381,571382.0,Brown,Bryant,2024-04-23,H,7,10,L,-3
2024,1,571381,571398.0,Brown,Harvard,2024-04-27,A,10,11,L,-1
2024,1,571382,571425.0,Bryant,Providence,2024-02-10,A,15,13,W,2
2024,1,571382,571380.0,Bryant,Boston U.,2024-02-16,A,12,6,W,6
2024,1,571382,571398.0,Bryant,Harvard,2024-02-20,A,13,14,L,-1
2024,1,571382,571426.0,Bryant,Quinnipiac,2024-02-24,H,10,13,L,-3
2024,1,571382,571408.0,Bryant,Manhattan,2024-03-02,A,12,7,W,5
2024,1,571382,571394.0,Bryant,Fairfield,2024-03-06,H,16,5,W,11
2024,1,571382,571411.0,Bryant,UMBC,2024-03-16,A,12,13,L,-1
2024,1,571382,571406.0,Bryant,UMass Lowell,2024-03-23,H,17,2,W,15
2024,1,571382,571419.0,Bryant,NJIT,2024-03-30,H,12,8,W,4
2024,1,571382,571377.0,Bryant,UAlbany,2024-04-06,A,13,12,W,1
2024,1,571382,571440.0,Bryant,Vermont,2024-04-13,H,12,16,L,-4
2024,1,571382,571379.0,Bryant,Binghamton,2024-04-20,A,17,11,W,6
2024,1,571382,571381.0,Bryant,Brown,2024-04-23,A,10,7,W,3
2024,1,571382,571447.0,Bryant,Merrimack,2024-04-27,H,14,16,L,-2
2024,1,571383,571447.0,Bucknell,Merrimack,2024-02-03,A,10,14,L,-4
2024,1,571383,571409.0,Bucknell,Marist,2024-02-10,A,10,17,L,-7
2024,1,571383,571388.0,Bucknell,Dartmouth,2024-02-17,H,15,13,W,2
2024,1,571383,571398.0,Bucknell,"Harvard @Lewisburg, PA",2024-02-24,H,12,13,L,-1
2024,1,571383,571401.0,Bucknell,Holy Cross,2024-03-02,H,12,9,W,3
2024,1,571383,571380.0,Bucknell,Boston U.,2024-03-09,A,10,13,L,-3
2024,1,571383,571427.0,Bucknell,Richmond,2024-03-12,H,5,17,L,-12
2024,1,571383,571386.0,Bucknell,Colgate,2024-03-16,H,4,17,L,-13
2024,1,571383,571405.0,Bucknell,Lehigh,2024-03-23,A,8,9,L,-1
2024,1,571383,571404.0,Bucknell,Lafayette,2024-03-30,H,17,8,W,9
2024,1,571383,571407.0,Bucknell,Loyola Maryland,2024-04-06,A,13,15,L,-2
2024,1,571383,571457.0,Bucknell,Le Moyne,2024-04-12,H,7,5,W,2
2024,1,571383,571438.0,Bucknell,Army West Point,2024-04-19,H,11,19,L,-8
2024,1,571383,571439.0,Bucknell,Navy,2024-04-26,A,12,13,L,-1
2024,1,571384,571415.0,Canisius,Michigan,2024-02-13,A,5,21,L,-16
2024,1,571384,571378.0,Canisius,Bellarmine,2024-02-17,A,8,7,W,1
2024,1,571384,571399.0,Canisius,Hobart,2024-02-20,A,9,13,L,-4
2024,1,571384,571428.0,Canisius,Robert Morris,2024-02-24,A,9,8,W,1
2024,1,571384,571385.0,Canisius,Cleveland St.,2024-03-01,H,9,10,L,-1
2024,1,571384,571426.0,Canisius,Quinnipiac,2024-03-09,H,7,14,L,-7
2024,1,571384,571375.0,Canisius,St. Bonaventure,2024-03-12,A,8,12,L,-4
2024,1,571384,571409.0,Canisius,Marist,2024-03-16,A,16,20,L,-4
2024,1,571384,571408.0,Canisius,Manhattan,2024-03-23,H,5,12,L,-7
2024,1,571384,571433.0,Canisius,Siena,2024-03-27,A,13,12,W,1
2024,1,571384,571442.0,Canisius,VMI,2024-03-30,A,8,12,L,-4
2024,1,571384,571374.0,Canisius,LIU,2024-04-05,H,15,17,L,-2
2024,1,571384,571417.0,Canisius,Mount St. Mary's,2024-04-10,H,11,10,W,1
2024,1,571384,571444.0,Canisius,Wagner,2024-04-13,A,9,7,W,2
2024,1,571384,571430.0,Canisius,Sacred Heart,2024-04-20,H,12,13,L,-1
2024,1,571385,571442.0,Cleveland St.,VMI,2024-02-03,A,12,11,W,1
2024,1,571385,571421.0,Cleveland St.,Ohio St.,2024-02-10,A,6,13,L,-7
2024,1,571385,571420.0,Cleveland St.,Notre Dame,2024-02-14,A,3,25,L,-22
2024,1,571385,571446.0,Cleveland St.,High Point,2024-02-24,H,11,18,L,-7
2024,1,571385,571384.0,Cleveland St.,Canisius,2024-03-01,A,10,9,W,1
2024,1,571385,571375.0,Cleveland St.,St. Bonaventure,2024-03-09,H,10,8,W,2
2024,1,571385,571449.0,Cleveland St.,Lindenwood,2024-03-16,A,10,7,W,3
2024,1,571385,571428.0,Cleveland St.,Robert Morris,2024-03-23,H,13,6,W,7
2024,1,571385,571402.0,Cleveland St.,Jacksonville,2024-03-27,A,6,18,L,-12
2024,1,571385,571437.0,Cleveland St.,Air Force,2024-03-31,A,9,12,L,-3
2024,1,571385,571414.0,Cleveland St.,Mercer,2024-04-06,H,16,9,W,7
2024,1,571385,571448.0,Cleveland St.,Queens (NC),2024-04-10,H,12,7,W,5
2024,1,571385,571378.0,Cleveland St.,Bellarmine,2024-04-13,A,9,14,L,-5
2024,1,571385,571376.0,Cleveland St.,Utah,2024-04-20,H,7,16,L,-9
2024,1,571385,571391.0,Cleveland St.,Detroit Mercy,2024-04-27,A,13,8,W,5
2024,1,571385,571378.0,Cleveland St.,"#4 Bellarmine @U.S. Air Force Academy, CO (ASUN MLA Championship)",2024-04-30,H,15,12,W,3
2024,1,571385,571376.0,Cleveland St.,"#1 Utah @U.S. Air Force Academy, CO (ASUN MLA Championship)",2024-05-03,H,5,21,L,-16
2024,1,571386,571422.0,Colgate,Penn St.,2024-02-03,A,13,12,W,1
2024,1,571386,571435.0,Colgate,Syracuse,2024-02-05,A,10,18,L,-8
2024,1,571386,571399.0,Colgate,Hobart,2024-02-11,A,16,11,W,5
2024,1,571386,571377.0,Colgate,UAlbany,2024-02-17,A,11,10,W,1
2024,1,571386,571445.0,Colgate,"Yale @Albany, NY",2024-02-21,H,11,21,L,-10
2024,1,571386,571441.0,Colgate,Villanova,2024-02-24,A,9,15,L,-6
2024,1,571386,571407.0,Colgate,Loyola Maryland,2024-03-02,H,14,11,W,3
2024,1,571386,571404.0,Colgate,Lafayette,2024-03-09,H,16,10,W,6
2024,1,571386,571383.0,Colgate,Bucknell,2024-03-16,A,17,4,W,13
2024,1,571386,571439.0,Colgate,Navy,2024-03-30,A,9,10,L,-1
2024,1,571386,571438.0,Colgate,Army West Point,2024-04-06,A,14,11,W,3
2024,1,571386,571405.0,Colgate,Lehigh,2024-04-13,H,7,9,L,-2
2024,1,571386,571401.0,Colgate,Holy Cross,2024-04-20,A,18,8,W,10
2024,1,571386,571380.0,Colgate,Boston U.,2024-04-26,H,12,13,L,-1
2024,1,571386,571380.0,Colgate,#4 Boston U. Patriot MLA Championship,2024-04-30,A,17,18,L,-1
2024,1,571387,571405.0,Cornell,Lehigh,2024-02-17,H,17,13,W,4
2024,1,571387,571390.0,Cornell,Denver,2024-02-24,A,16,17,L,-1
2024,1,571387,571399.0,Cornell,Hobart,2024-02-27,H,23,7,W,16
2024,1,571387,571421.0,Cornell,Ohio St.,2024-03-02,H,15,11,W,4
2024,1,571387,571422.0,Cornell,Penn St.,2024-03-09,A,9,20,L,-11
2024,1,571387,571424.0,Cornell,Princeton,2024-03-17,A,15,14,W,1
2024,1,571387,571445.0,Cornell,Yale,2024-03-23,H,18,15,W,3
2024,1,571387,571423.0,Cornell,Penn,2024-03-30,A,10,11,L,-1
2024,1,571387,571435.0,Cornell,Syracuse,2024-04-02,H,18,17,W,1
2024,1,571387,571381.0,Cornell,Brown,2024-04-06,H,14,8,W,6
2024,1,571387,571420.0,Cornell,"Notre Dame @Brookville, NY",2024-04-14,H,17,18,L,-1
2024,1,571387,571398.0,Cornell,Harvard,2024-04-20,H,15,8,W,7
2024,1,571387,571388.0,Cornell,Dartmouth,2024-04-27,A,15,10,W,5
2024,1,571387,571423.0,Cornell,#4 Penn Ivy League MLA Tournament,2024-05-03,H,9,13,L,-4
2024,1,571388,571383.0,Dartmouth,Bucknell,2024-02-17,A,13,15,L,-2
2024,1,571388,571401.0,Dartmouth,Holy Cross,2024-02-24,H,14,8,W,6
2024,1,571388,571405.0,Dartmouth,"Lehigh @Hartford, CT",2024-02-26,H,6,11,L,-5
2024,1,571388,571433.0,Dartmouth,Siena,2024-03-02,A,12,11,W,1
2024,1,571388,571434.0,Dartmouth,"Stony Brook @Avon, CT",2024-03-05,H,12,15,L,-3
2024,1,571388,571440.0,Dartmouth,Vermont,2024-03-14,A,11,10,W,1
2024,1,571388,571395.0,Dartmouth,Georgetown,2024-03-19,A,9,21,L,-12
2024,1,571388,571423.0,Dartmouth,Penn,2024-03-23,H,8,11,L,-3
2024,1,571388,571424.0,Dartmouth,Princeton,2024-03-30,A,5,15,L,-10
2024,1,571388,571398.0,Dartmouth,Harvard,2024-04-06,A,7,13,L,-6
2024,1,571388,571445.0,Dartmouth,Yale,2024-04-13,H,13,20,L,-7
2024,1,571388,571381.0,Dartmouth,Brown,2024-04-20,A,11,14,L,-3
2024,1,571388,571387.0,Dartmouth,Cornell,2024-04-27,H,10,15,L,-5
2024,1,571389,571404.0,Delaware,Lafayette,2024-02-10,H,14,6,W,8
2024,1,571389,571431.0,Delaware,St. John's (NY),2024-02-17,A,17,6,W,11
2024,1,571389,571423.0,Delaware,Penn,2024-02-24,A,10,11,L,-1
2024,1,571389,571415.0,Delaware,Michigan,2024-03-02,H,8,13,L,-5
2024,1,571389,571416.0,Delaware,Monmouth,2024-03-09,A,16,7,W,9
2024,1,571389,571435.0,Delaware,"Syracuse @Chantilly, VA",2024-03-16,H,6,14,L,-8
2024,1,571389,571400.0,Delaware,Hofstra,2024-03-23,H,13,10,W,3
2024,1,571389,571396.0,Delaware,Hampton,2024-03-30,A,21,3,W,18
2024,1,571389,571394.0,Delaware,Fairfield,2024-04-06,A,14,6,W,8
2024,1,571389,571434.0,Delaware,Stony Brook,2024-04-13,H,16,12,W,4
2024,1,571389,571392.0,Delaware,Drexel,2024-04-20,A,13,6,W,7
2024,1,571389,571436.0,Delaware,Towson,2024-04-26,H,10,11,L,-1
2024,1,571389,571394.0,Delaware,"#3 Fairfield @Towson, MD (CAA MLA Championship)",2024-05-02,H,13,12,W,1
2024,1,571389,571436.0,Delaware,#1 Towson CAA MLA Championship,2024-05-04,A,6,15,L,-9
2024,1,571390,571403.0,Denver,Johns Hopkins,2024-02-03,A,13,12,W,1
2024,1,571390,571437.0,Denver,Air Force,2024-02-10,H,11,9,W,2
2024,1,571390,571376.0,Denver,Utah,2024-02-17,A,16,8,W,8
2024,1,571390,571387.0,Denver,Cornell,2024-02-24,H,17,16,W,1
2024,1,571390,571457.0,Denver,Le Moyne,2024-03-02,H,15,6,W,9
2024,1,571390,571445.0,Denver,Yale,2024-03-10,H,13,15,L,-2
2024,1,571390,571421.0,Denver,Ohio St.,2024-03-17,A,9,6,W,3
2024,1,571390,571393.0,Denver,"Duke @Baltimore, Md. (Calvert Hall)",2024-03-24,H,7,11,L,-4
2024,1,571390,571441.0,Denver,Villanova,2024-03-30,A,9,6,W,3
2024,1,571390,571431.0,Denver,St. John's (NY),2024-04-05,H,18,8,W,10
2024,1,571390,571395.0,Denver,Georgetown,2024-04-13,H,10,8,W,2
2024,1,571390,571425.0,Denver,Providence,2024-04-20,A,7,4,W,3
2024,1,571390,571410.0,Denver,Marquette,2024-04-26,H,15,9,W,6
2024,1,571390,571441.0,Denver,#4 Villanova Big East MLA Championship,2024-05-02,A,9,10,L,-1
2024,1,571390,571415.0,Denver,Michigan 2024 NCAA DI MLA Championship,2024-05-11,H,16,11,W,5
2024,1,571390,571435.0,Denver,"#4 Syracuse @Towson, MD (2024 NCAA DI MLA Championship)",2024-05-19,H,10,8,W,2
2024,1,571390,571420.0,Denver,"#1 Notre Dame @Philadelphia, PA (2024 NCAA DI MLA Championship)",2024-05-25,H,6,13,L,-7
2024,1,571391,571410.0,Detroit Mercy,Marquette,2024-02-13,A,8,22,L,-14
2024,1,571391,571442.0,Detroit Mercy,"VMI @Columbus, OH",2024-03-02,H,10,15,L,-5
2024,1,571391,571429.0,Detroit Mercy,Rutgers,2024-03-05,A,5,17,L,-12
2024,1,571391,571421.0,Detroit Mercy,Ohio St.,2024-03-12,A,10,16,L,-6
2024,1,571391,571414.0,Detroit Mercy,Mercer,2024-03-16,H,11,17,L,-6
2024,1,571391,571428.0,Detroit Mercy,Robert Morris,2024-03-20,A,12,13,L,-1
2024,1,571391,571376.0,Detroit Mercy,Utah,2024-03-23,A,9,21,L,-12
2024,1,571391,571448.0,Detroit Mercy,Queens (NC),2024-03-30,H,12,7,W,5
2024,1,571391,571449.0,Detroit Mercy,Lindenwood,2024-04-06,A,12,8,W,4
2024,1,571391,571402.0,Detroit Mercy,Jacksonville,2024-04-10,H,9,21,L,-12
2024,1,571391,571437.0,Detroit Mercy,Air Force,2024-04-13,H,3,14,L,-11
2024,1,571391,571378.0,Detroit Mercy,Bellarmine,2024-04-20,A,18,10,W,8
2024,1,571391,571385.0,Detroit Mercy,Cleveland St.,2024-04-27,H,8,13,L,-5
2024,1,571392,571411.0,Drexel,UMBC,2024-02-16,A,11,10,W,1
2024,1,571392,571404.0,Drexel,Lafayette,2024-02-20,A,7,8,L,-1
2024,1,571392,571377.0,Drexel,UAlbany,2024-02-24,H,13,12,W,1
2024,1,571392,571430.0,Drexel,Sacred Heart,2024-03-02,H,12,6,W,6
2024,1,571392,571441.0,Drexel,Villanova,2024-03-05,H,12,13,L,-1
2024,1,571392,571432.0,Drexel,Saint Joseph's,2024-03-10,A,6,15,L,-9
2024,1,571392,571436.0,Drexel,Towson,2024-03-16,H,11,16,L,-5
2024,1,571392,571443.0,Drexel,Virginia,2024-03-23,A,4,14,L,-10
2024,1,571392,571396.0,Drexel,Hampton,2024-03-25,A,16,5,W,11
2024,1,571392,571394.0,Drexel,Fairfield,2024-03-30,H,13,18,L,-5
2024,1,571392,571434.0,Drexel,Stony Brook,2024-04-06,A,8,13,L,-5
2024,1,571392,571400.0,Drexel,Hofstra,2024-04-13,A,13,12,W,1
2024,1,571392,571389.0,Drexel,Delaware,2024-04-20,H,6,13,L,-7
2024,1,571392,571416.0,Drexel,Monmouth,2024-04-26,A,6,4,W,2
2024,1,571392,571436.0,Drexel,#1 Towson CAA MLA Championship,2024-05-02,A,8,18,L,-10
2024,1,571393,571378.0,Duke,Bellarmine,2024-02-03,H,20,12,W,8
2024,1,571393,571446.0,Duke,High Point,2024-02-10,A,21,9,W,12
2024,1,571393,571432.0,Duke,Saint Joseph's,2024-02-17,H,19,10,W,9
2024,1,571393,571402.0,Duke,Jacksonville,2024-02-23,H,23,7,W,16
2024,1,571393,571423.0,Duke,Penn,2024-03-01,H,12,14,L,-2
2024,1,571393,571424.0,Duke,Princeton,2024-03-03,H,17,8,W,9
2024,1,571393,571407.0,Duke,Loyola Maryland,2024-03-09,A,16,10,W,6
2024,1,571393,571425.0,Duke,Providence,2024-03-13,H,21,6,W,15
2024,1,571393,571427.0,Duke,Richmond,2024-03-16,A,12,3,W,9
2024,1,571393,571435.0,Duke,Syracuse,2024-03-20,A,4,10,L,-6
2024,1,571393,571390.0,Duke,"Denver @Baltimore, Md. (Calvert Hall)",2024-03-24,H,11,7,W,4
2024,1,571393,571380.0,Duke,Boston U.,2024-03-27,H,11,10,W,1
2024,1,571393,571420.0,Duke,Notre Dame,2024-04-07,H,12,15,L,-3
2024,1,571393,571443.0,Duke,Virginia,2024-04-14,H,18,12,W,6
2024,1,571393,571418.0,Duke,North Carolina,2024-04-27,A,12,15,L,-3
2024,1,571393,571435.0,Duke,"#2 Syracuse @Charlotte, NC (ACC MLA Championship)",2024-05-03,H,18,13,W,5
2024,1,571393,571420.0,Duke,"#1 Notre Dame @Charlotte, NC (ACC MLA Championship)",2024-05-05,H,6,16,L,-10
2024,1,571393,571376.0,Duke,Utah 2024 NCAA DI MLA Championship,2024-05-11,H,19,7,W,12
2024,1,571393,571412.0,Duke,"#7 Maryland @Hempstead, NY (2024 NCAA DI MLA Championship)",2024-05-18,H,11,14,L,-3
2024,1,571394,571405.0,Fairfield,Lehigh,2024-02-10,H,7,8,L,-1
2024,1,571394,571418.0,Fairfield,"North Carolina @North Bethesda, MD",2024-02-17,H,8,19,L,-11
2024,1,571394,571430.0,Fairfield,Sacred Heart,2024-02-21,A,9,13,L,-4
2024,1,571394,571444.0,Fairfield,Wagner,2024-02-24,H,14,9,W,5
2024,1,571394,571425.0,Fairfield,Providence,2024-03-02,H,14,12,W,2
2024,1,571394,571382.0,Fairfield,Bryant,2024-03-06,A,5,16,L,-11
2024,1,571394,571406.0,Fairfield,UMass Lowell,2024-03-09,A,14,6,W,8
2024,1,571394,571400.0,Fairfield,Hofstra,2024-03-16,H,12,11,W,1
2024,1,571394,571436.0,Fairfield,Towson,2024-03-23,H,10,12,L,-2
2024,1,571394,571392.0,Fairfield,Drexel,2024-03-30,A,18,13,W,5
2024,1,571394,571389.0,Fairfield,Delaware,2024-04-06,H,6,14,L,-8
2024,1,571394,571416.0,Fairfield,Monmouth,2024-04-13,A,11,10,W,1
2024,1,571394,571434.0,Fairfield,Stony Brook,2024-04-20,H,11,10,W,1
2024,1,571394,571396.0,Fairfield,Hampton,2024-04-27,A,18,8,W,10
2024,1,571394,571389.0,Fairfield,"#2 Delaware @Towson, MD (CAA MLA Championship)",2024-05-02,H,12,13,L,-1
2024,1,571395,571407.0,Georgetown,Loyola Maryland,2024-02-03,A,10,18,L,-8
2024,1,571395,571403.0,Georgetown,Johns Hopkins,2024-02-10,H,9,11,L,-2
2024,1,571395,571423.0,Georgetown,Penn,2024-02-17,A,12,9,W,3
2024,1,571395,571420.0,Georgetown,Notre Dame,2024-02-25,A,11,10,W,1
2024,1,571395,571381.0,Georgetown,Brown,2024-03-02,H,11,5,W,6
2024,1,571395,571446.0,Georgetown,High Point,2024-03-05,A,14,8,W,6
2024,1,571395,571388.0,Georgetown,Dartmouth,2024-03-19,H,21,9,W,12
2024,1,571395,571427.0,Georgetown,Richmond,2024-03-23,A,14,8,W,6
2024,1,571395,571425.0,Georgetown,Providence,2024-03-30,A,15,10,W,5
2024,1,571395,571410.0,Georgetown,Marquette,2024-04-06,H,11,8,W,3
2024,1,571395,571390.0,Georgetown,Denver,2024-04-13,A,8,10,L,-2
2024,1,571395,571431.0,Georgetown,St. John's (NY),2024-04-20,H,20,6,W,14
2024,1,571395,571441.0,Georgetown,Villanova,2024-04-26,A,12,4,W,8
2024,1,571395,571425.0,Georgetown,"#3 Providence @Villanova, PA (Big East MLA Championship)",2024-05-02,H,14,13,W,1
2024,1,571395,571441.0,Georgetown,#4 Villanova Big East MLA Championship,2024-05-04,A,11,10,W,1
2024,1,571395,571422.0,Georgetown,Penn St. 2024 NCAA DI MLA Championship,2024-05-12,H,12,9,W,3
2024,1,571395,571420.0,Georgetown,"#1 Notre Dame @Hempstead, NY (2024 NCAA DI MLA Championship)",2024-05-18,H,11,16,L,-5
2024,1,571396,571414.0,Hampton,Mercer,2024-02-04,A,5,20,L,-15
2024,1,571396,571404.0,Hampton,Lafayette,2024-02-17,A,2,22,L,-20
2024,1,571396,571442.0,Hampton,VMI,2024-02-20,H,6,25,L,-19
2024,1,571396,571448.0,Hampton,Queens (NC),2024-02-24,A,7,14,L,-7
2024,1,571396,571378.0,Hampton,Bellarmine,2024-02-27,H,7,23,L,-16
2024,1,571396,571434.0,Hampton,Stony Brook,2024-03-02,A,2,23,L,-21
2024,1,571396,571446.0,Hampton,High Point,2024-03-12,H,5,27,L,-22
2024,1,571396,571392.0,Hampton,Drexel,2024-03-25,H,5,16,L,-11
2024,1,571396,571389.0,Hampton,Delaware,2024-03-30,H,3,21,L,-18
2024,1,571396,571416.0,Hampton,Monmouth,2024-04-06,A,4,15,L,-11
2024,1,571396,571436.0,Hampton,Towson,2024-04-13,H,2,25,L,-23
2024,1,571396,571400.0,Hampton,Hofstra,2024-04-20,A,5,21,L,-16
2024,1,571396,571394.0,Hampton,Fairfield,2024-04-27,H,8,18,L,-10
2024,1,571398,571425.0,Harvard,Providence,2024-02-17,H,23,7,W,16
2024,1,571398,571382.0,Harvard,Bryant,2024-02-20,H,14,13,W,1
2024,1,571398,571383.0,Harvard,"Bucknell @Lewisburg, PA",2024-02-24,H,13,12,W,1
2024,1,571398,571447.0,Harvard,Merrimack,2024-02-27,H,23,8,W,15
2024,1,571398,571440.0,Harvard,Vermont,2024-03-02,A,15,12,W,3
2024,1,571398,571415.0,Harvard,Michigan,2024-03-10,A,13,11,W,2
2024,1,571398,571445.0,Harvard,Yale,2024-03-16,A,15,17,L,-2
2024,1,571398,571424.0,Harvard,Princeton,2024-03-23,H,11,14,L,-3
2024,1,571398,571443.0,Harvard,Virginia,2024-03-30,H,10,13,L,-3
2024,1,571398,571388.0,Harvard,Dartmouth,2024-04-06,H,13,7,W,6
2024,1,571398,571423.0,Harvard,Penn,2024-04-13,A,12,15,L,-3
2024,1,571398,571387.0,Harvard,Cornell,2024-04-20,A,8,15,L,-7
2024,1,571398,571381.0,Harvard,Brown,2024-04-27,H,11,10,W,1
2024,1,571446,571414.0,High Point,Mercer,2024-02-03,H,14,7,W,7
2024,1,571446,571393.0,High Point,Duke,2024-02-10,H,9,21,L,-12
2024,1,571446,571442.0,High Point,VMI,2024-02-16,H,19,9,W,10
2024,1,571446,571448.0,High Point,Queens (NC),2024-02-18,A,17,8,W,9
2024,1,571446,571385.0,High Point,Cleveland St.,2024-02-24,A,18,11,W,7
2024,1,571446,571435.0,High Point,Syracuse,2024-03-02,A,13,19,L,-6
2024,1,571446,571395.0,High Point,Georgetown,2024-03-05,H,8,14,L,-6
2024,1,571446,571402.0,High Point,"Jacksonville @Charlotte, NC",2024-03-09,H,9,10,L,-1
2024,1,571446,571396.0,High Point,Hampton,2024-03-12,A,27,5,W,22
2024,1,571446,571418.0,High Point,North Carolina,2024-03-23,A,12,11,W,1
2024,1,571446,571432.0,High Point,Saint Joseph's,2024-03-30,A,7,15,L,-8
2024,1,571446,571375.0,High Point,St. Bonaventure,2024-04-05,H,18,7,W,11
2024,1,571446,571427.0,High Point,Richmond,2024-04-13,H,5,9,L,-4
2024,1,571446,571399.0,High Point,Hobart,2024-04-20,A,11,10,W,1
2024,1,571446,571413.0,High Point,Massachusetts,2024-04-26,H,17,10,W,7
2024,1,571446,571427.0,High Point,"#2 Richmond @Amherst, MA (Atlantic 10 MLA Championship)",2024-05-02,H,10,11,L,-1
2024,1,571399,571386.0,Hobart,Colgate,2024-02-11,H,11,16,L,-5
2024,1,571399,571415.0,Hobart,Michigan,2024-02-17,A,8,18,L,-10
2024,1,571399,571384.0,Hobart,Canisius,2024-02-20,H,13,9,W,4
2024,1,571399,571387.0,Hobart,Cornell,2024-02-27,A,7,23,L,-16
2024,1,571399,571428.0,Hobart,Robert Morris,2024-03-02,H,15,10,W,5
2024,1,571399,571377.0,Hobart,UAlbany,2024-03-09,A,10,14,L,-4
2024,1,571399,571457.0,Hobart,Le Moyne,2024-03-16,H,20,9,W,11
2024,1,571399,571435.0,Hobart,Syracuse,2024-03-23,H,7,13,L,-6
2024,1,571399,571413.0,Hobart,Massachusetts,2024-03-30,H,12,13,L,-1
2024,1,571399,571427.0,Hobart,Richmond,2024-04-06,A,8,21,L,-13
2024,1,571399,571432.0,Hobart,Saint Joseph's,2024-04-13,H,7,12,L,-5
2024,1,571399,571446.0,Hobart,High Point,2024-04-20,H,10,11,L,-1
2024,1,571399,571375.0,Hobart,St. Bonaventure,2024-04-27,A,11,10,W,1
2024,1,571400,571444.0,Hofstra,Wagner,2024-02-03,H,21,9,W,12
2024,1,571400,571439.0,Hofstra,Navy,2024-02-10,A,8,16,L,-8
2024,1,571400,571431.0,Hofstra,St. John's (NY),2024-02-13,H,17,13,W,4
2024,1,571400,571433.0,Hofstra,Siena,2024-02-17,H,14,12,W,2
2024,1,571400,571409.0,Hofstra,Marist,2024-02-24,H,10,12,L,-2
2024,1,571400,571429.0,Hofstra,Rutgers,2024-03-02,A,8,13,L,-5
2024,1,571400,571418.0,Hofstra,North Carolina,2024-03-09,H,9,21,L,-12
2024,1,571400,571394.0,Hofstra,Fairfield,2024-03-16,A,11,12,L,-1
2024,1,571400,571389.0,Hofstra,Delaware,2024-03-23,A,10,13,L,-3
2024,1,571400,571416.0,Hofstra,Monmouth,2024-03-30,H,8,7,W,1
2024,1,571400,571436.0,Hofstra,Towson,2024-04-06,A,11,15,L,-4
2024,1,571400,571392.0,Hofstra,Drexel,2024-04-13,H,12,13,L,-1
2024,1,571400,571445.0,Hofstra,Yale,2024-04-16,H,12,16,L,-4
2024,1,571400,571396.0,Hofstra,Hampton,2024-04-20,H,21,5,W,16
2024,1,571400,571434.0,Hofstra,Stony Brook,2024-04-27,A,11,9,W,2
2024,1,571401,571425.0,Holy Cross,Providence,2024-02-04,H,6,12,L,-6
2024,1,571401,571406.0,Holy Cross,UMass Lowell,2024-02-10,A,16,9,W,7
2024,1,571401,571430.0,Holy Cross,Sacred Heart,2024-02-17,H,10,9,W,1
2024,1,571401,571388.0,Holy Cross,Dartmouth,2024-02-24,A,8,14,L,-6
2024,1,571401,571383.0,Holy Cross,Bucknell,2024-03-02,A,9,12,L,-3
2024,1,571401,571438.0,Holy Cross,Army West Point,2024-03-09,A,8,18,L,-10
2024,1,571401,571404.0,Holy Cross,Lafayette,2024-03-16,H,8,17,L,-9
2024,1,571401,571439.0,Holy Cross,Navy,2024-03-23,A,7,17,L,-10
2024,1,571401,571380.0,Holy Cross,Boston U.,2024-03-30,H,6,22,L,-16
2024,1,571401,571405.0,Holy Cross,Lehigh,2024-04-06,A,7,9,L,-2
2024,1,571401,571407.0,Holy Cross,Loyola Maryland,2024-04-13,H,6,15,L,-9
2024,1,571401,571386.0,Holy Cross,Colgate,2024-04-20,H,8,18,L,-10
2024,1,571401,571457.0,Holy Cross,Le Moyne,2024-04-25,A,9,10,L,-1
2024,1,571402,571379.0,Jacksonville,"Binghamton @Sparks Glencoe, MD",2024-02-10,H,9,8,W,1
2024,1,571402,571409.0,Jacksonville,Marist,2024-02-17,A,8,9,L,-1
2024,1,571402,571393.0,Jacksonville,Duke,2024-02-23,A,7,23,L,-16
2024,1,571402,571415.0,Jacksonville,Michigan,2024-02-27,H,10,13,L,-3
2024,1,571402,571431.0,Jacksonville,St. John's (NY),2024-03-02,H,24,7,W,17
2024,1,571402,571446.0,Jacksonville,"High Point @Charlotte, NC",2024-03-09,H,10,9,W,1
2024,1,571402,571428.0,Jacksonville,Robert Morris,2024-03-16,H,13,9,W,4
2024,1,571402,571414.0,Jacksonville,Mercer,2024-03-23,A,8,7,W,1
2024,1,571402,571385.0,Jacksonville,Cleveland St.,2024-03-27,H,18,6,W,12
2024,1,571402,571376.0,Jacksonville,Utah,2024-03-30,H,14,16,L,-2
2024,1,571402,571448.0,Jacksonville,Queens (NC),2024-04-06,A,19,5,W,14
2024,1,571402,571391.0,Jacksonville,Detroit Mercy,2024-04-10,A,21,9,W,12
2024,1,571402,571449.0,Jacksonville,Lindenwood,2024-04-13,H,20,5,W,15
2024,1,571402,571437.0,Jacksonville,Air Force,2024-04-20,A,10,9,W,1
2024,1,571402,571378.0,Jacksonville,Bellarmine,2024-04-27,H,22,7,W,15
2024,1,571402,571428.0,Jacksonville,"#6 Robert Morris @U.S. Air Force Academy, CO (ASUN MLA Championship)",2024-04-30,H,17,12,W,5
2024,1,571402,571437.0,Jacksonville,#2 Air Force ASUN MLA Championship,2024-05-03,A,15,10,W,5
2024,1,571402,571376.0,Jacksonville,"#1 Utah @U.S. Air Force Academy, CO (ASUN MLA Championship)",2024-05-05,H,13,16,L,-3
2024,1,571403,571390.0,Johns Hopkins,Denver,2024-02-03,H,12,13,L,-1
2024,1,571403,571436.0,Johns Hopkins,Towson,2024-02-06,H,13,5,W,8
2024,1,571403,571395.0,Johns Hopkins,Georgetown,2024-02-10,A,11,9,W,2
2024,1,571403,571407.0,Johns Hopkins,Loyola Maryland,2024-02-17,H,13,7,W,6
2024,1,571403,571418.0,Johns Hopkins,North Carolina,2024-02-24,A,13,9,W,4
2024,1,571403,571443.0,Johns Hopkins,Virginia,2024-03-02,A,16,14,W,2
2024,1,571403,571435.0,Johns Hopkins,"Syracuse @Charlotte, NC",2024-03-09,H,13,14,L,-1
2024,1,571403,571439.0,Johns Hopkins,Navy,2024-03-15,H,9,10,L,-1
2024,1,571403,571429.0,Johns Hopkins,Rutgers,2024-03-24,A,13,8,W,5
2024,1,571403,571415.0,Johns Hopkins,Michigan,2024-03-30,H,15,11,W,4
2024,1,571403,571422.0,Johns Hopkins,Penn St.,2024-04-06,H,9,8,W,1
2024,1,571403,571421.0,Johns Hopkins,Ohio St.,2024-04-14,A,11,10,W,1
2024,1,571403,571412.0,Johns Hopkins,Maryland,2024-04-20,H,7,5,W,2
2024,1,571403,571415.0,Johns Hopkins,"#4 Michigan @Columbus, OH (Big Ten MLA Tournament)",2024-05-02,H,7,10,L,-3
2024,1,571403,571405.0,Johns Hopkins,Lehigh 2024 NCAA DI MLA Championship,2024-05-12,H,13,10,W,3
2024,1,571403,571443.0,Johns Hopkins,"#6 Virginia @Towson, MD (2024 NCAA DI MLA Championship)",2024-05-19,H,10,11,L,-1
2024,1,571374,571416.0,LIU,Monmouth,2024-02-10,A,10,14,L,-4
2024,1,571374,571447.0,LIU,Merrimack,2024-02-17,H,10,8,W,2
2024,1,571374,571449.0,LIU,Lindenwood,2024-02-24,A,10,7,W,3
2024,1,571374,571406.0,LIU,UMass Lowell,2024-03-02,H,13,6,W,7
2024,1,571374,571442.0,LIU,VMI,2024-03-09,A,17,8,W,9
2024,1,571374,571417.0,LIU,Mount St. Mary's,2024-03-16,H,13,6,W,7
2024,1,571374,571433.0,LIU,Siena,2024-03-23,A,12,11,W,1
2024,1,571374,571444.0,LIU,Wagner,2024-03-27,A,14,8,W,6
2024,1,571374,571430.0,LIU,Sacred Heart,2024-03-30,H,6,17,L,-11
2024,1,571374,571384.0,LIU,Canisius,2024-04-05,A,17,15,W,2
2024,1,571374,571408.0,LIU,Manhattan,2024-04-10,H,13,12,W,1
2024,1,571374,571409.0,LIU,Marist,2024-04-13,A,8,15,L,-7
2024,1,571374,571426.0,LIU,Quinnipiac,2024-04-20,H,10,9,W,1
2024,1,571374,571408.0,LIU,#3 Manhattan MAAC MLA Championship,2024-05-02,A,7,8,L,-1
2024,1,571404,571389.0,Lafayette,Delaware,2024-02-10,A,6,14,L,-8
2024,1,571404,571396.0,Lafayette,Hampton,2024-02-17,H,22,2,W,20
2024,1,571404,571392.0,Lafayette,Drexel,2024-02-20,H,8,7,W,1
2024,1,571404,571379.0,Lafayette,Binghamton,2024-02-24,H,19,12,W,7
2024,1,571404,571438.0,Lafayette,Army West Point,2024-03-03,H,11,16,L,-5
2024,1,571404,571386.0,Lafayette,Colgate,2024-03-09,A,10,16,L,-6
2024,1,571404,571401.0,Lafayette,Holy Cross,2024-03-16,A,17,8,W,9
2024,1,571404,571407.0,Lafayette,Loyola Maryland,2024-03-23,H,10,18,L,-8
2024,1,571404,571383.0,Lafayette,Bucknell,2024-03-30,A,8,17,L,-9
2024,1,571404,571439.0,Lafayette,Navy,2024-04-06,H,9,10,L,-1
2024,1,571404,571380.0,Lafayette,Boston U.,2024-04-13,A,11,10,W,1
2024,1,571404,571457.0,Lafayette,Le Moyne,2024-04-19,H,14,9,W,5
2024,1,571404,571405.0,Lafayette,Lehigh,2024-04-26,H,12,13,L,-1
2024,1,571405,571429.0,Lehigh,Rutgers,2024-02-03,A,12,14,L,-2
2024,1,571405,571394.0,Lehigh,Fairfield,2024-02-10,A,8,7,W,1
2024,1,571405,571387.0,Lehigh,Cornell,2024-02-17,A,13,17,L,-4
2024,1,571405,571388.0,Lehigh,"Dartmouth @Hartford, CT",2024-02-26,H,11,6,W,5
2024,1,571405,571441.0,Lehigh,Villanova,2024-03-02,H,8,14,L,-6
2024,1,571405,571439.0,Lehigh,Navy,2024-03-09,H,12,10,W,2
2024,1,571405,571438.0,Lehigh,Army West Point,2024-03-16,A,12,18,L,-6
2024,1,571405,571383.0,Lehigh,Bucknell,2024-03-23,H,9,8,W,1
2024,1,571405,571407.0,Lehigh,Loyola Maryland,2024-03-29,A,10,12,L,-2
2024,1,571405,571424.0,Lehigh,Princeton,2024-04-02,A,10,12,L,-2
2024,1,571405,571401.0,Lehigh,Holy Cross,2024-04-06,H,9,7,W,2
2024,1,571405,571386.0,Lehigh,Colgate,2024-04-13,A,9,7,W,2
2024,1,571405,571380.0,Lehigh,Boston U.,2024-04-20,H,13,12,W,1
2024,1,571405,571404.0,Lehigh,Lafayette,2024-04-26,A,13,12,W,1
2024,1,571405,571439.0,Lehigh,"#3 Navy @West Point, NY (Patriot MLA Championship)",2024-05-03,H,12,8,W,4
2024,1,571405,571380.0,Lehigh,"#4 Boston U. @West Point, NY (Patriot MLA Championship)",2024-05-05,H,11,10,W,1
2024,1,571405,571403.0,Lehigh,#3 Johns Hopkins 2024 NCAA DI MLA Championship,2024-05-12,A,10,13,L,-3
2024,1,571407,571395.0,Loyola Maryland,Georgetown,2024-02-03,H,18,10,W,8
2024,1,571407,571412.0,Loyola Maryland,Maryland,2024-02-10,A,4,11,L,-7
2024,1,571407,571403.0,Loyola Maryland,Johns Hopkins,2024-02-17,A,7,13,L,-6
2024,1,571407,571429.0,Loyola Maryland,Rutgers,2024-02-24,H,5,13,L,-8
2024,1,571407,571436.0,Loyola Maryland,Towson,2024-02-27,H,11,10,W,1
2024,1,571407,571386.0,Loyola Maryland,Colgate,2024-03-02,A,11,14,L,-3
2024,1,571407,571393.0,Loyola Maryland,Duke,2024-03-09,H,10,16,L,-6
2024,1,571407,571380.0,Loyola Maryland,Boston U.,2024-03-16,H,10,12,L,-2
2024,1,571407,571404.0,Loyola Maryland,Lafayette,2024-03-23,A,18,10,W,8
2024,1,571407,571405.0,Loyola Maryland,Lehigh,2024-03-29,H,12,10,W,2
2024,1,571407,571383.0,Loyola Maryland,Bucknell,2024-04-06,H,15,13,W,2
2024,1,571407,571401.0,Loyola Maryland,Holy Cross,2024-04-13,A,15,6,W,9
2024,1,571407,571439.0,Loyola Maryland,Navy,2024-04-19,A,12,10,W,2
2024,1,571407,571438.0,Loyola Maryland,Army West Point,2024-04-26,H,11,13,L,-2
2024,1,571407,571439.0,Loyola Maryland,#3 Navy Patriot MLA Championship,2024-04-30,A,10,12,L,-2
2024,1,571408,571435.0,Manhattan,Syracuse,2024-02-09,A,3,16,L,-13
2024,1,571408,571440.0,Manhattan,Vermont,2024-02-17,H,9,12,L,-3
2024,1,571408,571424.0,Manhattan,Princeton,2024-02-20,A,6,15,L,-9
2024,1,571408,571419.0,Manhattan,NJIT,2024-02-24,A,10,11,L,-1
2024,1,571408,571382.0,Manhattan,Bryant,2024-03-02,H,7,12,L,-5
2024,1,571408,571417.0,Manhattan,Mount St. Mary's,2024-03-10,H,12,6,W,6
2024,1,571408,571430.0,Manhattan,Sacred Heart,2024-03-16,A,12,14,L,-2
2024,1,571408,571384.0,Manhattan,Canisius,2024-03-23,A,12,5,W,7
2024,1,571408,571426.0,Manhattan,Quinnipiac,2024-03-27,H,15,12,W,3
2024,1,571408,571409.0,Manhattan,Marist,2024-03-30,A,11,10,W,1
2024,1,571408,571442.0,Manhattan,VMI,2024-04-06,H,9,8,W,1
2024,1,571408,571374.0,Manhattan,LIU,2024-04-10,A,12,13,L,-1
2024,1,571408,571433.0,Manhattan,Siena,2024-04-13,A,10,11,L,-1
2024,1,571408,571444.0,Manhattan,Wagner,2024-04-20,H,10,5,W,5
2024,1,571408,571426.0,Manhattan,#6 Quinnipiac MAAC MLA Championship,2024-04-27,H,14,13,W,1
2024,1,571408,571374.0,Manhattan,#2 LIU MAAC MLA Championship,2024-05-02,H,8,7,W,1
2024,1,571408,571430.0,Manhattan,#1 Sacred Heart MAAC MLA Championship,2024-05-04,H,5,11,L,-6
2024,1,571409,571383.0,Marist,Bucknell,2024-02-10,H,17,10,W,7
2024,1,571409,571402.0,Marist,Jacksonville,2024-02-17,H,9,8,W,1
2024,1,571409,571413.0,Marist,Massachusetts,2024-02-20,A,11,18,L,-7
2024,1,571409,571400.0,Marist,Hofstra,2024-02-24,A,12,10,W,2
2024,1,571409,571378.0,Marist,Bellarmine,2024-03-02,A,10,11,L,-1
2024,1,571409,571444.0,Marist,Wagner,2024-03-09,A,8,9,L,-1
2024,1,571409,571384.0,Marist,Canisius,2024-03-16,H,20,16,W,4
2024,1,571409,571426.0,Marist,Quinnipiac,2024-03-23,H,10,13,L,-3
2024,1,571409,571430.0,Marist,Sacred Heart,2024-03-27,A,7,12,L,-5
2024,1,571409,571408.0,Marist,Manhattan,2024-03-30,H,10,11,L,-1
2024,1,571409,571417.0,Marist,Mount St. Mary's,2024-04-06,A,11,10,W,1
2024,1,571409,571433.0,Marist,Siena,2024-04-10,H,14,13,W,1
2024,1,571409,571374.0,Marist,LIU,2024-04-13,H,15,8,W,7
2024,1,571409,571442.0,Marist,VMI,2024-04-20,A,14,10,W,4
2024,1,571409,571433.0,Marist,#5 Siena MAAC MLA Championship,2024-04-27,H,9,12,L,-3
2024,1,571410,571437.0,Marquette,Air Force,2024-02-03,A,12,6,W,6
2024,1,571410,571449.0,Marquette,Lindenwood,2024-02-09,H,16,5,W,11
2024,1,571410,571391.0,Marquette,Detroit Mercy,2024-02-13,H,22,8,W,14
2024,1,571410,571420.0,Marquette,Notre Dame,2024-02-18,H,8,21,L,-13
2024,1,571410,571415.0,Marquette,"Michigan @Naples, FL",2024-02-24,H,12,20,L,-8
2024,1,571410,571376.0,Marquette,Utah,2024-03-02,H,8,9,L,-1
2024,1,571410,571378.0,Marquette,Bellarmine,2024-03-09,A,5,11,L,-6
2024,1,571410,571422.0,Marquette,"Penn St. @Springfield, PA",2024-03-16,H,7,13,L,-6
2024,1,571410,571375.0,Marquette,St. Bonaventure,2024-03-23,A,8,3,W,5
2024,1,571410,571431.0,Marquette,St. John's (NY),2024-03-30,A,9,13,L,-4
2024,1,571410,571395.0,Marquette,Georgetown,2024-04-06,A,8,11,L,-3
2024,1,571410,571425.0,Marquette,Providence,2024-04-13,H,10,13,L,-3
2024,1,571410,571441.0,Marquette,Villanova,2024-04-20,H,6,12,L,-6
2024,1,571410,571390.0,Marquette,Denver,2024-04-26,A,9,15,L,-6
2024,1,571412,571427.0,Maryland,Richmond,2024-02-03,A,12,11,W,1
2024,1,571412,571407.0,Maryland,Loyola Maryland,2024-02-10,H,11,4,W,7
2024,1,571412,571435.0,Maryland,Syracuse,2024-02-17,A,13,12,W,1
2024,1,571412,571424.0,Maryland,Princeton,2024-02-24,H,13,7,W,6
2024,1,571412,571420.0,Maryland,Notre Dame,2024-03-03,A,9,14,L,-5
2024,1,571412,571381.0,Maryland,Brown,2024-03-09,H,14,13,W,1
2024,1,571412,571443.0,Maryland,Virginia,2024-03-16,H,10,14,L,-4
2024,1,571412,571415.0,Maryland,Michigan,2024-03-23,A,11,12,L,-1
2024,1,571412,571422.0,Maryland,Penn St.,2024-03-31,A,13,11,W,2
2024,1,571412,571421.0,Maryland,Ohio St.,2024-04-06,H,8,7,W,1
2024,1,571412,571429.0,Maryland,Rutgers,2024-04-13,H,11,6,W,5
2024,1,571412,571403.0,Maryland,Johns Hopkins,2024-04-20,A,5,7,L,-2
2024,1,571412,571422.0,Maryland,"#3 Penn St. @Columbus, OH (Big Ten MLA Tournament)",2024-05-02,H,9,19,L,-10
2024,1,571412,571424.0,Maryland,Princeton 2024 NCAA DI MLA Championship,2024-05-11,H,16,8,W,8
2024,1,571412,571393.0,Maryland,"#2 Duke @Hempstead, NY (2024 NCAA DI MLA Championship)",2024-05-18,H,14,11,W,3
2024,1,571412,571443.0,Maryland,"#6 Virginia @Philadelphia, PA (2024 NCAA DI MLA Championship)",2024-05-25,H,12,6,W,6
2024,1,571412,571420.0,Maryland,"#1 Notre Dame @Philadelphia, PA (2024 NCAA DI MLA Championship)",2024-05-27,H,5,15,L,-10
2024,1,571413,571438.0,Massachusetts,"Army West Point @Atlanta, GA",2024-02-10,H,12,13,L,-1
2024,1,571413,571406.0,Massachusetts,UMass Lowell,2024-02-17,H,10,7,W,3
2024,1,571413,571409.0,Massachusetts,Marist,2024-02-20,H,18,11,W,7
2024,1,571413,571447.0,Massachusetts,Merrimack,2024-02-24,H,17,6,W,11
2024,1,571413,571377.0,Massachusetts,UAlbany,2024-03-02,H,12,11,W,1
2024,1,571413,571440.0,Massachusetts,Vermont,2024-03-09,H,12,13,L,-1
2024,1,571413,571429.0,Massachusetts,"Rutgers @Farmingdale, NY",2024-03-16,H,9,10,L,-1
2024,1,571413,571381.0,Massachusetts,Brown,2024-03-22,A,10,11,L,-1
2024,1,571413,571399.0,Massachusetts,Hobart,2024-03-30,A,13,12,W,1
2024,1,571413,571432.0,Massachusetts,Saint Joseph's,2024-04-06,H,7,12,L,-5
2024,1,571413,571375.0,Massachusetts,St. Bonaventure,2024-04-13,A,15,3,W,12
2024,1,571413,571427.0,Massachusetts,Richmond,2024-04-20,H,12,14,L,-2
2024,1,571413,571446.0,Massachusetts,High Point,2024-04-26,A,10,17,L,-7
2024,1,571413,571432.0,Massachusetts,#1 Saint Joseph's Atlantic 10 MLA Championship,2024-05-02,H,9,11,L,-2
2024,1,571414,571446.0,Mercer,High Point,2024-02-03,A,7,14,L,-7
2024,1,571414,571396.0,Mercer,Hampton,2024-02-04,H,20,5,W,15
2024,1,571414,571418.0,Mercer,"North Carolina @Atlanta, GA",2024-02-10,H,5,13,L,-8
2024,1,571414,571438.0,Mercer,Army West Point,2024-02-24,A,7,15,L,-8
2024,1,571414,571457.0,Mercer,Le Moyne,2024-03-10,H,6,10,L,-4
2024,1,571414,571391.0,Mercer,Detroit Mercy,2024-03-16,A,17,11,W,6
2024,1,571414,571378.0,Mercer,Bellarmine,2024-03-20,H,9,17,L,-8
2024,1,571414,571402.0,Mercer,Jacksonville,2024-03-23,H,7,8,L,-1
2024,1,571414,571428.0,Mercer,Robert Morris,2024-03-30,A,7,15,L,-8
2024,1,571414,571385.0,Mercer,Cleveland St.,2024-04-06,A,9,16,L,-7
2024,1,571414,571376.0,Mercer,Utah,2024-04-12,H,9,20,L,-11
2024,1,571414,571437.0,Mercer,Air Force,2024-04-17,A,5,20,L,-15
2024,1,571414,571448.0,Mercer,Queens (NC),2024-04-20,A,10,9,W,1
2024,1,571414,571449.0,Mercer,Lindenwood,2024-04-27,H,13,11,W,2
2024,1,571447,571383.0,Merrimack,Bucknell,2024-02-03,H,14,10,W,4
2024,1,571447,571430.0,Merrimack,Sacred Heart,2024-02-10,H,11,10,W,1
2024,1,571447,571374.0,Merrimack,LIU,2024-02-17,A,8,10,L,-2
2024,1,571447,571413.0,Merrimack,Massachusetts,2024-02-24,A,6,17,L,-11
2024,1,571447,571398.0,Merrimack,Harvard,2024-02-27,A,8,23,L,-15
2024,1,571447,571426.0,Merrimack,Quinnipiac,2024-03-02,H,12,15,L,-3
2024,1,571447,571425.0,Merrimack,Providence,2024-03-05,A,10,17,L,-7
2024,1,571447,571379.0,Merrimack,Binghamton,2024-03-16,A,10,9,W,1
2024,1,571447,571411.0,Merrimack,UMBC,2024-03-23,H,9,15,L,-6
2024,1,571447,571440.0,Merrimack,Vermont,2024-03-30,A,8,20,L,-12
2024,1,571447,571419.0,Merrimack,NJIT,2024-04-06,A,15,14,W,1
2024,1,571447,571406.0,Merrimack,UMass Lowell,2024-04-12,H,14,9,W,5
2024,1,571447,571377.0,Merrimack,UAlbany,2024-04-21,H,8,14,L,-6
2024,1,571447,571382.0,Merrimack,Bryant,2024-04-27,A,16,14,W,2
2024,1,571447,571377.0,Merrimack,#1 UAlbany America East MLA Championship,2024-05-02,A,7,18,L,-11
2024,1,571415,571443.0,Michigan,Virginia,2024-02-10,A,11,19,L,-8
2024,1,571415,571384.0,Michigan,Canisius,2024-02-13,H,21,5,W,16
2024,1,571415,571399.0,Michigan,Hobart,2024-02-17,H,18,8,W,10
2024,1,571415,571410.0,Michigan,"Marquette @Naples, FL",2024-02-24,H,20,12,W,8
2024,1,571415,571402.0,Michigan,Jacksonville,2024-02-27,A,13,10,W,3
2024,1,571415,571389.0,Michigan,Delaware,2024-03-02,A,13,8,W,5
2024,1,571415,571398.0,Michigan,Harvard,2024-03-10,H,11,13,L,-2
2024,1,571415,571420.0,Michigan,Notre Dame,2024-03-16,A,9,19,L,-10
2024,1,571415,571412.0,Michigan,Maryland,2024-03-23,H,12,11,W,1
2024,1,571415,571403.0,Michigan,Johns Hopkins,2024-03-30,A,11,15,L,-4
2024,1,571415,571429.0,Michigan,Rutgers,2024-04-07,H,7,9,L,-2
2024,1,571415,571422.0,Michigan,Penn St.,2024-04-13,A,8,14,L,-6
2024,1,571415,571421.0,Michigan,Ohio St.,2024-04-20,A,13,12,W,1
2024,1,571415,571421.0,Michigan,#5 Ohio St. Big Ten MLA Tournament,2024-04-27,H,15,9,W,6
2024,1,571415,571403.0,Michigan,"#1 Johns Hopkins @Columbus, OH (Big Ten MLA Tournament)",2024-05-02,H,10,7,W,3
2024,1,571415,571422.0,Michigan,"#3 Penn St. @Columbus, OH (Big Ten MLA Tournament)",2024-05-04,H,16,4,W,12
2024,1,571415,571390.0,Michigan,#5 Denver 2024 NCAA DI MLA Championship,2024-05-11,A,11,16,L,-5
2024,1,571416,571374.0,Monmouth,LIU,2024-02-10,H,14,10,W,4
2024,1,571416,571424.0,Monmouth,Princeton,2024-02-18,A,5,15,L,-10
2024,1,571416,571419.0,Monmouth,NJIT,2024-02-21,A,13,14,L,-1
2024,1,571416,571444.0,Monmouth,Wagner,2024-02-27,H,12,6,W,6
2024,1,571416,571417.0,Monmouth,Mount St. Mary's,2024-03-02,H,13,12,W,1
2024,1,571416,571389.0,Monmouth,Delaware,2024-03-09,H,7,16,L,-9
2024,1,571416,571441.0,Monmouth,Villanova,2024-03-16,A,11,12,L,-1
2024,1,571416,571434.0,Monmouth,Stony Brook,2024-03-23,A,11,6,W,5
2024,1,571416,571400.0,Monmouth,Hofstra,2024-03-30,A,7,8,L,-1
2024,1,571416,571396.0,Monmouth,Hampton,2024-04-06,H,15,4,W,11
2024,1,571416,571394.0,Monmouth,Fairfield,2024-04-13,H,10,11,L,-1
2024,1,571416,571436.0,Monmouth,Towson,2024-04-20,A,2,17,L,-15
2024,1,571416,571392.0,Monmouth,Drexel,2024-04-26,H,4,6,L,-2
2024,1,571417,571439.0,Mount St. Mary's,Navy,2024-02-03,A,6,19,L,-13
2024,1,571417,571436.0,Mount St. Mary's,Towson,2024-02-10,A,5,15,L,-10
2024,1,571417,571419.0,Mount St. Mary's,NJIT,2024-02-18,H,7,11,L,-4
2024,1,571417,571411.0,Mount St. Mary's,UMBC,2024-02-24,H,6,18,L,-12
2024,1,571417,571416.0,Mount St. Mary's,Monmouth,2024-03-02,A,12,13,L,-1
2024,1,571417,571379.0,Mount St. Mary's,Binghamton,2024-03-05,H,12,13,L,-1
2024,1,571417,571408.0,Mount St. Mary's,Manhattan,2024-03-10,A,6,12,L,-6
2024,1,571417,571374.0,Mount St. Mary's,LIU,2024-03-16,A,6,13,L,-7
2024,1,571417,571444.0,Mount St. Mary's,Wagner,2024-03-23,H,8,7,W,1
2024,1,571417,571442.0,Mount St. Mary's,VMI,2024-03-27,H,8,12,L,-4
2024,1,571417,571426.0,Mount St. Mary's,Quinnipiac,2024-03-30,A,10,15,L,-5
2024,1,571417,571409.0,Mount St. Mary's,Marist,2024-04-06,H,10,11,L,-1
2024,1,571417,571384.0,Mount St. Mary's,Canisius,2024-04-10,A,10,11,L,-1
2024,1,571417,571430.0,Mount St. Mary's,Sacred Heart,2024-04-13,H,5,16,L,-11
2024,1,571417,571433.0,Mount St. Mary's,Siena,2024-04-20,H,7,14,L,-7
2024,1,571419,571431.0,NJIT,St. John's (NY),2024-02-03,A,10,8,W,2
2024,1,571419,571433.0,NJIT,Siena,2024-02-10,H,16,15,W,1
2024,1,571419,571417.0,NJIT,Mount St. Mary's,2024-02-18,A,11,7,W,4
2024,1,571419,571416.0,NJIT,Monmouth,2024-02-21,H,14,13,W,1
2024,1,571419,571408.0,NJIT,Manhattan,2024-02-24,H,11,10,W,1
2024,1,571419,571444.0,NJIT,Wagner,2024-03-02,A,15,5,W,10
2024,1,571419,571449.0,NJIT,Lindenwood,2024-03-09,H,18,5,W,13
2024,1,571419,571440.0,NJIT,Vermont,2024-03-16,A,9,12,L,-3
2024,1,571419,571379.0,NJIT,Binghamton,2024-03-23,H,12,17,L,-5
2024,1,571419,571382.0,NJIT,Bryant,2024-03-30,A,8,12,L,-4
2024,1,571419,571447.0,NJIT,Merrimack,2024-04-06,H,14,15,L,-1
2024,1,571419,571377.0,NJIT,UAlbany,2024-04-13,H,9,14,L,-5
2024,1,571419,571411.0,NJIT,UMBC,2024-04-20,A,6,13,L,-7
2024,1,571419,571406.0,NJIT,UMass Lowell,2024-04-27,H,12,4,W,8
2024,1,571439,571417.0,Navy,Mount St. Mary's,2024-02-03,H,19,6,W,13
2024,1,571439,571400.0,Navy,Hofstra,2024-02-10,H,16,8,W,8
2024,1,571439,571436.0,Navy,Towson,2024-02-17,A,5,17,L,-12
2024,1,571439,571422.0,Navy,Penn St.,2024-02-24,H,3,13,L,-10
2024,1,571439,571380.0,Navy,Boston U.,2024-03-02,A,16,9,W,7
2024,1,571439,571405.0,Navy,Lehigh,2024-03-09,A,10,12,L,-2
2024,1,571439,571403.0,Navy,Johns Hopkins,2024-03-15,A,10,9,W,1
2024,1,571439,571441.0,Navy,Villanova,2024-03-19,H,7,14,L,-7
2024,1,571439,571401.0,Navy,Holy Cross,2024-03-23,H,17,7,W,10
2024,1,571439,571386.0,Navy,Colgate,2024-03-30,H,10,9,W,1
2024,1,571439,571404.0,Navy,Lafayette,2024-04-06,A,10,9,W,1
2024,1,571439,571438.0,Navy,Army West Point,2024-04-13,A,8,13,L,-5
2024,1,571439,571407.0,Navy,Loyola Maryland,2024-04-19,H,10,12,L,-2
2024,1,571439,571383.0,Navy,Bucknell,2024-04-26,H,13,12,W,1
2024,1,571439,571407.0,Navy,#6 Loyola Maryland Patriot MLA Championship,2024-04-30,H,12,10,W,2
2024,1,571439,571405.0,Navy,"#2 Lehigh @West Point, NY (Patriot MLA Championship)",2024-05-03,H,8,12,L,-4
2024,1,571418,571414.0,North Carolina,"Mercer @Atlanta, GA",2024-02-10,H,13,5,W,8
2024,1,571418,571394.0,North Carolina,"Fairfield @North Bethesda, MD",2024-02-17,H,19,8,W,11
2024,1,571418,571403.0,North Carolina,Johns Hopkins,2024-02-24,H,9,13,L,-4
2024,1,571418,571424.0,North Carolina,Princeton,2024-03-01,H,9,15,L,-6
2024,1,571418,571423.0,North Carolina,Penn,2024-03-03,H,13,9,W,4
2024,1,571418,571400.0,North Carolina,Hofstra,2024-03-09,A,21,9,W,12
2024,1,571418,571444.0,North Carolina,Wagner,2024-03-12,A,18,4,W,14
2024,1,571418,571434.0,North Carolina,Stony Brook,2024-03-16,A,12,8,W,4
2024,1,571418,571446.0,North Carolina,High Point,2024-03-23,H,11,12,L,-1
2024,1,571418,571438.0,North Carolina,Army West Point,2024-03-30,H,12,13,L,-1
2024,1,571418,571443.0,North Carolina,Virginia,2024-04-06,A,6,14,L,-8
2024,1,571418,571435.0,North Carolina,Syracuse,2024-04-13,H,9,10,L,-1
2024,1,571418,571420.0,North Carolina,Notre Dame,2024-04-20,A,6,14,L,-8
2024,1,571418,571393.0,North Carolina,Duke,2024-04-27,H,15,12,W,3
2024,1,571420,571385.0,Notre Dame,Cleveland St.,2024-02-14,H,25,3,W,22
2024,1,571420,571410.0,Notre Dame,Marquette,2024-02-18,A,21,8,W,13
2024,1,571420,571395.0,Notre Dame,Georgetown,2024-02-25,H,10,11,L,-1
2024,1,571420,571412.0,Notre Dame,Maryland,2024-03-03,H,14,9,W,5
2024,1,571420,571421.0,Notre Dame,Ohio St.,2024-03-09,A,13,10,W,3
2024,1,571420,571415.0,Notre Dame,Michigan,2024-03-16,H,19,9,W,10
2024,1,571420,571435.0,Notre Dame,Syracuse,2024-03-30,H,14,12,W,2
2024,1,571420,571393.0,Notre Dame,Duke,2024-04-07,A,15,12,W,3
2024,1,571420,571387.0,Notre Dame,"Cornell @Brookville, NY",2024-04-14,H,18,17,W,1
2024,1,571420,571418.0,Notre Dame,North Carolina,2024-04-20,H,14,6,W,8
2024,1,571420,571443.0,Notre Dame,Virginia,2024-04-27,A,11,9,W,2
2024,1,571420,571443.0,Notre Dame,"#4 Virginia @Charlotte, NC (ACC MLA Championship)",2024-05-03,H,18,9,W,9
2024,1,571420,571393.0,Notre Dame,"#3 Duke @Charlotte, NC (ACC MLA Championship)",2024-05-05,H,16,6,W,10
2024,1,571420,571377.0,Notre Dame,UAlbany 2024 NCAA DI MLA Championship,2024-05-12,H,14,9,W,5
2024,1,571420,571395.0,Notre Dame,"#8 Georgetown @Hempstead, NY (2024 NCAA DI MLA Championship)",2024-05-18,H,16,11,W,5
2024,1,571420,571390.0,Notre Dame,"#5 Denver @Philadelphia, PA (2024 NCAA DI MLA Championship)",2024-05-25,H,13,6,W,7
2024,1,571420,571412.0,Notre Dame,"#7 Maryland @Philadelphia, PA (2024 NCAA DI MLA Championship)",2024-05-27,H,15,5,W,10
2024,1,571421,571376.0,Ohio St.,Utah,2024-02-03,H,11,8,W,3
2024,1,571421,571385.0,Ohio St.,Cleveland St.,2024-02-10,H,13,6,W,7
2024,1,571421,571378.0,Ohio St.,Bellarmine,2024-02-13,H,10,6,W,4
2024,1,571421,571437.0,Ohio St.,Air Force,2024-02-17,A,12,4,W,8
2024,1,571421,571443.0,Ohio St.,Virginia,2024-02-25,A,8,14,L,-6
2024,1,571421,571387.0,Ohio St.,Cornell,2024-03-02,A,11,15,L,-4
2024,1,571421,571420.0,Ohio St.,Notre Dame,2024-03-09,H,10,13,L,-3
2024,1,571421,571391.0,Ohio St.,Detroit Mercy,2024-03-12,H,16,10,W,6
2024,1,571421,571390.0,Ohio St.,Denver,2024-03-17,H,6,9,L,-3
2024,1,571421,571422.0,Ohio St.,Penn St.,2024-03-24,H,9,12,L,-3
2024,1,571421,571429.0,Ohio St.,Rutgers,2024-03-30,A,14,8,W,6
2024,1,571421,571412.0,Ohio St.,Maryland,2024-04-06,A,7,8,L,-1
2024,1,571421,571403.0,Ohio St.,Johns Hopkins,2024-04-14,H,10,11,L,-1
2024,1,571421,571415.0,Ohio St.,Michigan,2024-04-20,H,12,13,L,-1
2024,1,571421,571415.0,Ohio St.,#4 Michigan Big Ten MLA Tournament,2024-04-27,A,9,15,L,-6
2024,1,571423,571395.0,Penn,Georgetown,2024-02-17,H,9,12,L,-3
2024,1,571423,571377.0,Penn,UAlbany,2024-02-20,H,11,7,W,4
2024,1,571423,571389.0,Penn,Delaware,2024-02-24,H,11,10,W,1
2024,1,571423,571393.0,Penn,Duke,2024-03-01,A,14,12,W,2
2024,1,571423,571418.0,Penn,North Carolina,2024-03-03,A,9,13,L,-4
2024,1,571423,571441.0,Penn,Villanova,2024-03-09,A,11,8,W,3
2024,1,571423,571381.0,Penn,Brown,2024-03-16,H,11,6,W,5
2024,1,571423,571432.0,Penn,Saint Joseph's,2024-03-19,H,7,12,L,-5
2024,1,571423,571388.0,Penn,Dartmouth,2024-03-23,A,11,8,W,3
2024,1,571423,571387.0,Penn,Cornell,2024-03-30,H,11,10,W,1
2024,1,571423,571445.0,Penn,Yale,2024-04-06,A,9,12,L,-3
2024,1,571423,571398.0,Penn,Harvard,2024-04-13,H,15,12,W,3
2024,1,571423,571424.0,Penn,Princeton,2024-04-20,A,10,15,L,-5
2024,1,571423,571387.0,Penn,#1 Cornell Ivy League MLA Tournament,2024-05-03,A,13,9,W,4
2024,1,571423,571424.0,Penn,"#2 Princeton @Ithaca, NY (Ivy League MLA Tournament)",2024-05-05,H,11,18,L,-7
2024,1,571422,571386.0,Penn St.,Colgate,2024-02-03,H,12,13,L,-1
2024,1,571422,571441.0,Penn St.,Villanova,2024-02-10,H,18,10,W,8
2024,1,571422,571434.0,Penn St.,Stony Brook,2024-02-17,A,14,10,W,4
2024,1,571422,571439.0,Penn St.,Navy,2024-02-24,A,13,3,W,10
2024,1,571422,571445.0,Penn St.,Yale,2024-03-02,H,15,14,W,1
2024,1,571422,571387.0,Penn St.,Cornell,2024-03-09,H,20,9,W,11
2024,1,571422,571410.0,Penn St.,"Marquette @Springfield, PA",2024-03-16,H,13,7,W,6
2024,1,571422,571421.0,Penn St.,Ohio St.,2024-03-24,A,12,9,W,3
2024,1,571422,571412.0,Penn St.,Maryland,2024-03-31,H,11,13,L,-2
2024,1,571422,571403.0,Penn St.,Johns Hopkins,2024-04-06,A,8,9,L,-1
2024,1,571422,571415.0,Penn St.,Michigan,2024-04-13,H,14,8,W,6
2024,1,571422,571429.0,Penn St.,Rutgers,2024-04-19,A,15,9,W,6
2024,1,571422,571429.0,Penn St.,#6 Rutgers Big Ten MLA Tournament,2024-04-27,H,14,8,W,6
2024,1,571422,571412.0,Penn St.,"#2 Maryland @Columbus, OH (Big Ten MLA Tournament)",2024-05-02,H,19,9,W,10
2024,1,571422,571415.0,Penn St.,"#4 Michigan @Columbus, OH (Big Ten MLA Tournament)",2024-05-04,H,4,16,L,-12
2024,1,571422,571395.0,Penn St.,#8 Georgetown 2024 NCAA DI MLA Championship,2024-05-12,A,9,12,L,-3
2024,1,571424,571416.0,Princeton,Monmouth,2024-02-18,H,15,5,W,10
2024,1,571424,571408.0,Princeton,Manhattan,2024-02-20,H,15,6,W,9
2024,1,571424,571412.0,Princeton,Maryland,2024-02-24,A,7,13,L,-6
2024,1,571424,571418.0,Princeton,North Carolina,2024-03-01,A,15,9,W,6
2024,1,571424,571393.0,Princeton,Duke,2024-03-03,A,8,17,L,-9
2024,1,571424,571429.0,Princeton,Rutgers,2024-03-10,A,14,8,W,6
2024,1,571424,571387.0,Princeton,Cornell,2024-03-17,H,14,15,L,-1
2024,1,571424,571398.0,Princeton,Harvard,2024-03-23,A,14,11,W,3
2024,1,571424,571388.0,Princeton,Dartmouth,2024-03-30,H,15,5,W,10
2024,1,571424,571405.0,Princeton,Lehigh,2024-04-02,H,12,10,W,2
2024,1,571424,571381.0,Princeton,Brown,2024-04-13,A,12,13,L,-1
2024,1,571424,571423.0,Princeton,Penn,2024-04-20,H,15,10,W,5
2024,1,571424,571445.0,Princeton,Yale,2024-04-27,A,15,8,W,7
2024,1,571424,571445.0,Princeton,"#3 Yale @Ithaca, NY (Ivy League MLA Tournament)",2024-05-03,H,14,10,W,4
2024,1,571424,571423.0,Princeton,"#4 Penn @Ithaca, NY (Ivy League MLA Tournament)",2024-05-05,H,18,11,W,7
2024,1,571424,571412.0,Princeton,#7 Maryland 2024 NCAA DI MLA Championship,2024-05-11,A,8,16,L,-8
2024,1,571425,571401.0,Providence,Holy Cross,2024-02-04,A,12,6,W,6
2024,1,571425,571382.0,Providence,Bryant,2024-02-10,H,13,15,L,-2
2024,1,571425,571398.0,Providence,Harvard,2024-02-17,A,7,23,L,-16
2024,1,571425,571381.0,Providence,Brown,2024-02-24,H,12,11,W,1
2024,1,571425,571394.0,Providence,Fairfield,2024-03-02,A,12,14,L,-2
2024,1,571425,571447.0,Providence,Merrimack,2024-03-05,H,17,10,W,7
2024,1,571425,571434.0,Providence,Stony Brook,2024-03-09,A,13,12,W,1
2024,1,571425,571393.0,Providence,Duke,2024-03-13,A,6,21,L,-15
2024,1,571425,571432.0,Providence,Saint Joseph's,2024-03-23,H,12,13,L,-1
2024,1,571425,571395.0,Providence,Georgetown,2024-03-30,H,10,15,L,-5
2024,1,571425,571441.0,Providence,Villanova,2024-04-06,A,15,12,W,3
2024,1,571425,571410.0,Providence,Marquette,2024-04-13,A,13,10,W,3
2024,1,571425,571390.0,Providence,Denver,2024-04-20,H,4,7,L,-3
2024,1,571425,571431.0,Providence,St. John's (NY),2024-04-26,A,16,13,W,3
2024,1,571425,571395.0,Providence,"#2 Georgetown @Villanova, PA (Big East MLA Championship)",2024-05-02,H,13,14,L,-1
2024,1,571426,571431.0,Quinnipiac,St. John's (NY),2024-02-10,A,17,11,W,6
2024,1,571426,571381.0,Quinnipiac,Brown,2024-02-17,H,13,7,W,6
2024,1,571426,571382.0,Quinnipiac,Bryant,2024-02-24,A,13,10,W,3
2024,1,571426,571447.0,Quinnipiac,Merrimack,2024-03-02,A,15,12,W,3
2024,1,571426,571384.0,Quinnipiac,Canisius,2024-03-09,A,14,7,W,7
2024,1,571426,571444.0,Quinnipiac,Wagner,2024-03-16,H,14,8,W,6
2024,1,571426,571409.0,Quinnipiac,Marist,2024-03-23,A,13,10,W,3
2024,1,571426,571408.0,Quinnipiac,Manhattan,2024-03-27,A,12,15,L,-3
2024,1,571426,571417.0,Quinnipiac,Mount St. Mary's,2024-03-30,H,15,10,W,5
2024,1,571426,571433.0,Quinnipiac,Siena,2024-04-06,A,10,13,L,-3
2024,1,571426,571430.0,Quinnipiac,Sacred Heart,2024-04-10,H,12,13,L,-1
2024,1,571426,571442.0,Quinnipiac,VMI,2024-04-13,H,13,12,W,1
2024,1,571426,571374.0,Quinnipiac,LIU,2024-04-20,A,9,10,L,-1
2024,1,571426,571408.0,Quinnipiac,#3 Manhattan MAAC MLA Championship,2024-04-27,A,13,14,L,-1
2024,1,571427,571412.0,Richmond,Maryland,2024-02-03,H,11,12,L,-1
2024,1,571427,571428.0,Richmond,"Robert Morris @North Bethesda, MD",2024-02-10,H,23,7,W,16
2024,1,571427,571443.0,Richmond,Virginia,2024-02-17,H,10,14,L,-4
2024,1,571427,571431.0,Richmond,St. John's (NY),2024-02-24,H,18,2,W,16
2024,1,571427,571379.0,Richmond,Binghamton,2024-03-02,H,19,10,W,9
2024,1,571427,571411.0,Richmond,UMBC,2024-03-08,A,13,4,W,9
2024,1,571427,571383.0,Richmond,Bucknell,2024-03-12,A,17,5,W,12
2024,1,571427,571393.0,Richmond,Duke,2024-03-16,H,3,12,L,-9
2024,1,571427,571395.0,Richmond,Georgetown,2024-03-23,H,8,14,L,-6
2024,1,571427,571375.0,Richmond,St. Bonaventure,2024-03-30,A,19,8,W,11
2024,1,571427,571399.0,Richmond,Hobart,2024-04-06,H,21,8,W,13
2024,1,571427,571446.0,Richmond,High Point,2024-04-13,A,9,5,W,4
2024,1,571427,571413.0,Richmond,Massachusetts,2024-04-20,A,14,12,W,2
2024,1,571427,571432.0,Richmond,Saint Joseph's,2024-04-27,H,9,10,L,-1
2024,1,571427,571446.0,Richmond,"#3 High Point @Amherst, MA (Atlantic 10 MLA Championship)",2024-05-02,H,11,10,W,1
2024,1,571427,571432.0,Richmond,"#1 Saint Joseph's @Amherst, MA (Atlantic 10 MLA Championship)",2024-05-04,H,13,17,L,-4
2024,1,571428,571427.0,Robert Morris,"Richmond @North Bethesda, MD",2024-02-10,H,7,23,L,-16
2024,1,571428,571375.0,Robert Morris,St. Bonaventure,2024-02-20,A,16,11,W,5
2024,1,571428,571384.0,Robert Morris,Canisius,2024-02-24,H,8,9,L,-1
2024,1,571428,571399.0,Robert Morris,Hobart,2024-03-02,A,10,15,L,-5
2024,1,571428,571443.0,Robert Morris,Virginia,2024-03-05,A,7,16,L,-9
2024,1,571428,571402.0,Robert Morris,Jacksonville,2024-03-16,A,9,13,L,-4
2024,1,571428,571391.0,Robert Morris,Detroit Mercy,2024-03-20,H,13,12,W,1
2024,1,571428,571385.0,Robert Morris,Cleveland St.,2024-03-23,A,6,13,L,-7
2024,1,571428,571414.0,Robert Morris,Mercer,2024-03-30,H,15,7,W,8
2024,1,571428,571376.0,Robert Morris,Utah,2024-04-05,A,6,14,L,-8
2024,1,571428,571378.0,Robert Morris,Bellarmine,2024-04-10,A,12,15,L,-3
2024,1,571428,571448.0,Robert Morris,Queens (NC),2024-04-13,H,14,13,W,1
2024,1,571428,571449.0,Robert Morris,Lindenwood,2024-04-20,A,10,9,W,1
2024,1,571428,571437.0,Robert Morris,Air Force,2024-04-27,H,11,14,L,-3
2024,1,571428,571402.0,Robert Morris,"#3 Jacksonville @U.S. Air Force Academy, CO (ASUN MLA Championship)",2024-04-30,H,12,17,L,-5
2024,1,571429,571405.0,Rutgers,Lehigh,2024-02-03,H,14,12,W,2
2024,1,571429,571434.0,Rutgers,Stony Brook,2024-02-10,A,16,12,W,4
2024,1,571429,571438.0,Rutgers,Army West Point,2024-02-17,H,7,16,L,-9
2024,1,571429,571407.0,Rutgers,Loyola Maryland,2024-02-24,A,13,5,W,8
2024,1,571429,571400.0,Rutgers,Hofstra,2024-03-02,H,13,8,W,5
2024,1,571429,571391.0,Rutgers,Detroit Mercy,2024-03-05,H,17,5,W,12
2024,1,571429,571424.0,Rutgers,Princeton,2024-03-10,H,8,14,L,-6
2024,1,571429,571413.0,Rutgers,"Massachusetts @Farmingdale, NY",2024-03-16,H,10,9,W,1
2024,1,571429,571403.0,Rutgers,Johns Hopkins,2024-03-24,H,8,13,L,-5
2024,1,571429,571421.0,Rutgers,Ohio St.,2024-03-30,H,8,14,L,-6
2024,1,571429,571415.0,Rutgers,Michigan,2024-04-07,A,9,7,W,2
2024,1,571429,571412.0,Rutgers,Maryland,2024-04-13,A,6,11,L,-5
2024,1,571429,571422.0,Rutgers,Penn St.,2024-04-19,H,9,15,L,-6
2024,1,571429,571422.0,Rutgers,#3 Penn St. Big Ten MLA Tournament,2024-04-27,A,8,14,L,-6
2024,1,571430,571434.0,Sacred Heart,Stony Brook,2024-02-04,H,14,17,L,-3
2024,1,571430,571447.0,Sacred Heart,Merrimack,2024-02-10,A,10,11,L,-1
2024,1,571430,571401.0,Sacred Heart,Holy Cross,2024-02-17,A,9,10,L,-1
2024,1,571430,571394.0,Sacred Heart,Fairfield,2024-02-21,H,13,9,W,4
2024,1,571430,571457.0,Sacred Heart,Le Moyne,2024-02-25,H,15,7,W,8
2024,1,571430,571392.0,Sacred Heart,Drexel,2024-03-02,A,6,12,L,-6
2024,1,571430,571433.0,Sacred Heart,Siena,2024-03-09,H,18,8,W,10
2024,1,571430,571408.0,Sacred Heart,Manhattan,2024-03-16,H,14,12,W,2
2024,1,571430,571442.0,Sacred Heart,VMI,2024-03-23,A,18,8,W,10
2024,1,571430,571409.0,Sacred Heart,Marist,2024-03-27,H,12,7,W,5
2024,1,571430,571374.0,Sacred Heart,LIU,2024-03-30,A,17,6,W,11
2024,1,571430,571444.0,Sacred Heart,Wagner,2024-04-06,H,19,6,W,13
2024,1,571430,571426.0,Sacred Heart,Quinnipiac,2024-04-10,A,13,12,W,1
2024,1,571430,571417.0,Sacred Heart,Mount St. Mary's,2024-04-13,A,16,5,W,11
2024,1,571430,571384.0,Sacred Heart,Canisius,2024-04-20,A,13,12,W,1
2024,1,571430,571433.0,Sacred Heart,"#5 Siena @Riverdale, NY (MAAC MLA Championship)",2024-05-02,H,15,13,W,2
2024,1,571430,571408.0,Sacred Heart,#3 Manhattan MAAC MLA Championship,2024-05-04,A,11,5,W,6
2024,1,571430,571377.0,Sacred Heart,UAlbany 2024 NCAA DI MLA Championship,2024-05-08,A,7,13,L,-6
2024,1,571432,571380.0,Saint Joseph's,"Boston U. @Westport, CT",2024-02-06,H,10,14,L,-4
2024,1,571432,571393.0,Saint Joseph's,Duke,2024-02-17,A,10,19,L,-9
2024,1,571432,571436.0,Saint Joseph's,Towson,2024-02-23,H,7,15,L,-8
2024,1,571432,571437.0,Saint Joseph's,Air Force,2024-03-03,H,15,11,W,4
2024,1,571432,571392.0,Saint Joseph's,Drexel,2024-03-10,H,15,6,W,9
2024,1,571432,571431.0,Saint Joseph's,St. John's (NY),2024-03-16,H,15,8,W,7
2024,1,571432,571423.0,Saint Joseph's,Penn,2024-03-19,A,12,7,W,5
2024,1,571432,571425.0,Saint Joseph's,Providence,2024-03-23,A,13,12,W,1
2024,1,571432,571446.0,Saint Joseph's,High Point,2024-03-30,H,15,7,W,8
2024,1,571432,571413.0,Saint Joseph's,Massachusetts,2024-04-06,A,12,7,W,5
2024,1,571432,571399.0,Saint Joseph's,Hobart,2024-04-13,A,12,7,W,5
2024,1,571432,571375.0,Saint Joseph's,St. Bonaventure,2024-04-20,H,24,3,W,21
2024,1,571432,571427.0,Saint Joseph's,Richmond,2024-04-27,A,10,9,W,1
2024,1,571432,571413.0,Saint Joseph's,#4 Massachusetts Atlantic 10 MLA Championship,2024-05-02,A,11,9,W,2
2024,1,571432,571427.0,Saint Joseph's,"#2 Richmond @Amherst, MA (Atlantic 10 MLA Championship)",2024-05-04,H,17,13,W,4
2024,1,571432,571443.0,Saint Joseph's,#6 Virginia 2024 NCAA DI MLA Championship,2024-05-11,A,11,17,L,-6
2024,1,571433,571419.0,Siena,NJIT,2024-02-10,A,15,16,L,-1
2024,1,571433,571400.0,Siena,Hofstra,2024-02-17,A,12,14,L,-2
2024,1,571433,571406.0,Siena,UMass Lowell,2024-02-23,A,13,8,W,5
2024,1,571433,571457.0,Siena,Le Moyne,2024-02-28,H,11,9,W,2
2024,1,571433,571388.0,Siena,Dartmouth,2024-03-02,H,11,12,L,-1
2024,1,571433,571430.0,Siena,Sacred Heart,2024-03-09,A,8,18,L,-10
2024,1,571433,571442.0,Siena,VMI,2024-03-16,H,11,8,W,3
2024,1,571433,571374.0,Siena,LIU,2024-03-23,H,11,12,L,-1
2024,1,571433,571384.0,Siena,Canisius,2024-03-27,H,12,13,L,-1
2024,1,571433,571444.0,Siena,Wagner,2024-03-30,A,13,5,W,8
2024,1,571433,571426.0,Siena,Quinnipiac,2024-04-06,H,13,10,W,3
2024,1,571433,571409.0,Siena,Marist,2024-04-10,A,13,14,L,-1
2024,1,571433,571408.0,Siena,Manhattan,2024-04-13,H,11,10,W,1
2024,1,571433,571417.0,Siena,Mount St. Mary's,2024-04-20,A,14,7,W,7
2024,1,571433,571409.0,Siena,#4 Marist MAAC MLA Championship,2024-04-27,A,12,9,W,3
2024,1,571433,571430.0,Siena,"#1 Sacred Heart @Riverdale, NY (MAAC MLA Championship)",2024-05-02,H,13,15,L,-2
2024,1,571375,571378.0,St. Bonaventure,Bellarmine,2024-02-11,H,9,13,L,-4
2024,1,571375,571379.0,St. Bonaventure,Binghamton,2024-02-17,A,12,13,L,-1
2024,1,571375,571428.0,St. Bonaventure,Robert Morris,2024-02-20,H,11,16,L,-5
2024,1,571375,571442.0,St. Bonaventure,VMI,2024-02-24,A,9,17,L,-8
2024,1,571375,571385.0,St. Bonaventure,Cleveland St.,2024-03-09,A,8,10,L,-2
2024,1,571375,571384.0,St. Bonaventure,Canisius,2024-03-12,H,12,8,W,4
2024,1,571375,571410.0,St. Bonaventure,Marquette,2024-03-23,H,3,8,L,-5
2024,1,571375,571427.0,St. Bonaventure,Richmond,2024-03-30,H,8,19,L,-11
2024,1,571375,571446.0,St. Bonaventure,High Point,2024-04-05,A,7,18,L,-11
2024,1,571375,571413.0,St. Bonaventure,Massachusetts,2024-04-13,H,3,15,L,-12
2024,1,571375,571432.0,St. Bonaventure,Saint Joseph's,2024-04-20,A,3,24,L,-21
2024,1,571375,571399.0,St. Bonaventure,Hobart,2024-04-27,H,10,11,L,-1
2024,1,571431,571419.0,St. John's (NY),NJIT,2024-02-03,H,8,10,L,-2
2024,1,571431,571426.0,St. John's (NY),Quinnipiac,2024-02-10,H,11,17,L,-6
2024,1,571431,571400.0,St. John's (NY),Hofstra,2024-02-13,A,13,17,L,-4
2024,1,571431,571389.0,St. John's (NY),Delaware,2024-02-17,H,6,17,L,-11
2024,1,571431,571427.0,St. John's (NY),Richmond,2024-02-24,A,2,18,L,-16
2024,1,571431,571448.0,St. John's (NY),Queens (NC),2024-02-28,A,11,8,W,3
2024,1,571431,571402.0,St. John's (NY),Jacksonville,2024-03-02,A,7,24,L,-17
2024,1,571431,571379.0,St. John's (NY),Binghamton,2024-03-09,H,13,6,W,7
2024,1,571431,571432.0,St. John's (NY),Saint Joseph's,2024-03-16,A,8,15,L,-7
2024,1,571431,571457.0,St. John's (NY),Le Moyne,2024-03-23,A,9,7,W,2
2024,1,571431,571410.0,St. John's (NY),Marquette,2024-03-30,H,13,9,W,4
2024,1,571431,571390.0,St. John's (NY),Denver,2024-04-05,A,8,18,L,-10
2024,1,571431,571441.0,St. John's (NY),Villanova,2024-04-13,H,9,14,L,-5
2024,1,571431,571395.0,St. John's (NY),Georgetown,2024-04-20,A,6,20,L,-14
2024,1,571431,571425.0,St. John's (NY),Providence,2024-04-26,H,13,16,L,-3
2024,1,571434,571430.0,Stony Brook,Sacred Heart,2024-02-04,A,17,14,W,3
2024,1,571434,571429.0,Stony Brook,Rutgers,2024-02-10,H,12,16,L,-4
2024,1,571434,571422.0,Stony Brook,Penn St.,2024-02-17,H,10,14,L,-4
2024,1,571434,571437.0,Stony Brook,Air Force,2024-02-24,A,11,12,L,-1
2024,1,571434,571396.0,Stony Brook,Hampton,2024-03-02,H,23,2,W,21
2024,1,571434,571388.0,Stony Brook,"Dartmouth @Avon, CT",2024-03-05,H,15,12,W,3
2024,1,571434,571425.0,Stony Brook,Providence,2024-03-09,H,12,13,L,-1
2024,1,571434,571418.0,Stony Brook,North Carolina,2024-03-16,H,8,12,L,-4
2024,1,571434,571416.0,Stony Brook,Monmouth,2024-03-23,H,6,11,L,-5
2024,1,571434,571436.0,Stony Brook,Towson,2024-03-30,A,8,9,L,-1
2024,1,571434,571392.0,Stony Brook,Drexel,2024-04-06,H,13,8,W,5
2024,1,571434,571389.0,Stony Brook,Delaware,2024-04-13,A,12,16,L,-4
2024,1,571434,571394.0,Stony Brook,Fairfield,2024-04-20,A,10,11,L,-1
2024,1,571434,571400.0,Stony Brook,Hofstra,2024-04-27,H,9,11,L,-2
2024,1,571435,571440.0,Syracuse,Vermont,2024-02-03,H,20,7,W,13
2024,1,571435,571386.0,Syracuse,Colgate,2024-02-05,H,18,10,W,8
2024,1,571435,571408.0,Syracuse,Manhattan,2024-02-09,H,16,3,W,13
2024,1,571435,571412.0,Syracuse,Maryland,2024-02-17,H,12,13,L,-1
2024,1,571435,571376.0,Syracuse,Utah,2024-02-21,H,18,7,W,11
2024,1,571435,571438.0,Syracuse,Army West Point,2024-02-28,H,13,14,L,-1
2024,1,571435,571446.0,Syracuse,High Point,2024-03-02,H,19,13,W,6
2024,1,571435,571403.0,Syracuse,"Johns Hopkins @Charlotte, NC",2024-03-09,H,14,13,W,1
2024,1,571435,571389.0,Syracuse,"Delaware @Chantilly, VA",2024-03-16,H,14,6,W,8
2024,1,571435,571393.0,Syracuse,Duke,2024-03-20,H,10,4,W,6
2024,1,571435,571399.0,Syracuse,Hobart,2024-03-23,A,13,7,W,6
2024,1,571435,571420.0,Syracuse,Notre Dame,2024-03-30,A,12,14,L,-2
2024,1,571435,571387.0,Syracuse,Cornell,2024-04-02,A,17,18,L,-1
2024,1,571435,571418.0,Syracuse,North Carolina,2024-04-13,A,10,9,W,1
2024,1,571435,571443.0,Syracuse,Virginia,2024-04-20,H,18,17,W,1
2024,1,571435,571393.0,Syracuse,"#3 Duke @Charlotte, NC (ACC MLA Championship)",2024-05-03,H,13,18,L,-5
2024,1,571435,571436.0,Syracuse,Towson 2024 NCAA DI MLA Championship,2024-05-12,H,20,15,W,5
2024,1,571435,571390.0,Syracuse,"#5 Denver @Towson, MD (2024 NCAA DI MLA Championship)",2024-05-19,H,8,10,L,-2
2024,1,571436,571403.0,Towson,Johns Hopkins,2024-02-06,A,5,13,L,-8
2024,1,571436,571417.0,Towson,Mount St. Mary's,2024-02-10,H,15,5,W,10
2024,1,571436,571439.0,Towson,Navy,2024-02-17,H,17,5,W,12
2024,1,571436,571432.0,Towson,Saint Joseph's,2024-02-23,A,15,7,W,8
2024,1,571436,571407.0,Towson,Loyola Maryland,2024-02-27,A,10,11,L,-1
2024,1,571436,571411.0,Towson,UMBC,2024-03-02,H,17,7,W,10
2024,1,571436,571443.0,Towson,Virginia,2024-03-09,H,15,19,L,-4
2024,1,571436,571392.0,Towson,Drexel,2024-03-16,A,16,11,W,5
2024,1,571436,571394.0,Towson,Fairfield,2024-03-23,A,12,10,W,2
2024,1,571436,571434.0,Towson,Stony Brook,2024-03-30,H,9,8,W,1
2024,1,571436,571400.0,Towson,Hofstra,2024-04-06,H,15,11,W,4
2024,1,571436,571396.0,Towson,Hampton,2024-04-13,A,25,2,W,23
2024,1,571436,571416.0,Towson,Monmouth,2024-04-20,H,17,2,W,15
2024,1,571436,571389.0,Towson,Delaware,2024-04-26,A,11,10,W,1
2024,1,571436,571392.0,Towson,#4 Drexel CAA MLA Championship,2024-05-02,H,18,8,W,10
2024,1,571436,571389.0,Towson,#2 Delaware CAA MLA Championship,2024-05-04,H,15,6,W,9
2024,1,571436,571435.0,Towson,#4 Syracuse 2024 NCAA DI MLA Championship,2024-05-12,A,15,20,L,-5
2024,1,571377,571386.0,UAlbany,Colgate,2024-02-17,H,10,11,L,-1
2024,1,571377,571423.0,UAlbany,Penn,2024-02-20,A,7,11,L,-4
2024,1,571377,571392.0,UAlbany,Drexel,2024-02-24,A,12,13,L,-1
2024,1,571377,571413.0,UAlbany,Massachusetts,2024-03-02,A,11,12,L,-1
2024,1,571377,571399.0,UAlbany,Hobart,2024-03-09,H,14,10,W,4
2024,1,571377,571406.0,UAlbany,UMass Lowell,2024-03-16,A,19,8,W,11
2024,1,571377,571443.0,UAlbany,Virginia,2024-03-19,A,10,16,L,-6
2024,1,571377,571440.0,UAlbany,Vermont,2024-03-23,H,13,11,W,2
2024,1,571377,571411.0,UAlbany,UMBC,2024-03-30,A,14,13,W,1
2024,1,571377,571382.0,UAlbany,Bryant,2024-04-06,H,12,13,L,-1
2024,1,571377,571419.0,UAlbany,NJIT,2024-04-13,A,14,9,W,5
2024,1,571377,571445.0,UAlbany,Yale,2024-04-19,A,10,17,L,-7
2024,1,571377,571447.0,UAlbany,Merrimack,2024-04-21,A,14,8,W,6
2024,1,571377,571379.0,UAlbany,Binghamton,2024-04-27,H,18,10,W,8
2024,1,571377,571447.0,UAlbany,#4 Merrimack America East MLA Championship,2024-05-02,H,18,7,W,11
2024,1,571377,571440.0,UAlbany,#2 Vermont America East MLA Championship,2024-05-04,H,12,11,W,1
2024,1,571377,571430.0,UAlbany,Sacred Heart 2024 NCAA DI MLA Championship,2024-05-08,H,13,7,W,6
2024,1,571377,571420.0,UAlbany,#1 Notre Dame 2024 NCAA DI MLA Championship,2024-05-12,A,9,14,L,-5
2024,1,571411,571392.0,UMBC,Drexel,2024-02-16,H,10,11,L,-1
2024,1,571411,571417.0,UMBC,Mount St. Mary's,2024-02-24,A,18,6,W,12
2024,1,571411,571436.0,UMBC,Towson,2024-03-02,A,7,17,L,-10
2024,1,571411,571427.0,UMBC,Richmond,2024-03-08,H,4,13,L,-9
2024,1,571411,571382.0,UMBC,Bryant,2024-03-16,H,13,12,W,1
2024,1,571411,571447.0,UMBC,Merrimack,2024-03-23,A,15,9,W,6
2024,1,571411,571377.0,UMBC,UAlbany,2024-03-30,H,13,14,L,-1
2024,1,571411,571406.0,UMBC,UMass Lowell,2024-04-06,A,21,5,W,16
2024,1,571411,571379.0,UMBC,Binghamton,2024-04-13,A,10,21,L,-11
2024,1,571411,571419.0,UMBC,NJIT,2024-04-20,H,13,6,W,7
2024,1,571411,571440.0,UMBC,Vermont,2024-04-27,A,13,15,L,-2
2024,1,571411,571440.0,UMBC,"#2 Vermont @Albany, NY (America East MLA Championship)",2024-05-02,H,8,10,L,-2
2024,1,571406,571401.0,UMass Lowell,Holy Cross,2024-02-10,H,9,16,L,-7
2024,1,571406,571413.0,UMass Lowell,Massachusetts,2024-02-17,A,7,10,L,-3
2024,1,571406,571433.0,UMass Lowell,Siena,2024-02-23,H,8,13,L,-5
2024,1,571406,571374.0,UMass Lowell,LIU,2024-03-02,A,6,13,L,-7
2024,1,571406,571394.0,UMass Lowell,Fairfield,2024-03-09,H,6,14,L,-8
2024,1,571406,571377.0,UMass Lowell,UAlbany,2024-03-16,H,8,19,L,-11
2024,1,571406,571382.0,UMass Lowell,Bryant,2024-03-23,A,2,17,L,-15
2024,1,571406,571379.0,UMass Lowell,Binghamton,2024-03-30,A,6,15,L,-9
2024,1,571406,571411.0,UMass Lowell,UMBC,2024-04-06,H,5,21,L,-16
2024,1,571406,571447.0,UMass Lowell,Merrimack,2024-04-12,A,9,14,L,-5
2024,1,571406,571440.0,UMass Lowell,Vermont,2024-04-20,H,9,18,L,-9
2024,1,571406,571419.0,UMass Lowell,NJIT,2024-04-27,A,4,12,L,-8
2024,1,571376,571421.0,Utah,Ohio St.,2024-02-03,A,8,11,L,-3
2024,1,571376,571390.0,Utah,Denver,2024-02-17,H,8,16,L,-8
2024,1,571376,571435.0,Utah,Syracuse,2024-02-21,A,7,18,L,-11
2024,1,571376,571440.0,Utah,Vermont,2024-02-24,H,22,12,W,10
2024,1,571376,571410.0,Utah,Marquette,2024-03-02,A,9,8,W,1
2024,1,571376,571378.0,Utah,Bellarmine,2024-03-16,A,14,13,W,1
2024,1,571376,571437.0,Utah,Air Force,2024-03-20,H,11,12,L,-1
2024,1,571376,571391.0,Utah,Detroit Mercy,2024-03-23,H,21,9,W,12
2024,1,571376,571402.0,Utah,Jacksonville,2024-03-30,A,16,14,W,2
2024,1,571376,571428.0,Utah,Robert Morris,2024-04-05,H,14,6,W,8
2024,1,571376,571449.0,Utah,Lindenwood,2024-04-10,A,17,5,W,12
2024,1,571376,571414.0,Utah,Mercer,2024-04-12,A,20,9,W,11
2024,1,571376,571385.0,Utah,Cleveland St.,2024-04-20,A,16,7,W,9
2024,1,571376,571448.0,Utah,Queens (NC),2024-04-27,H,25,8,W,17
2024,1,571376,571385.0,Utah,"#5 Cleveland St. @U.S. Air Force Academy, CO (ASUN MLA Championship)",2024-05-03,H,21,5,W,16
2024,1,571376,571402.0,Utah,"#3 Jacksonville @U.S. Air Force Academy, CO (ASUN MLA Championship)",2024-05-05,H,16,13,W,3
2024,1,571376,571393.0,Utah,#2 Duke 2024 NCAA DI MLA Championship,2024-05-11,A,7,19,L,-12
2024,1,571442,571385.0,VMI,Cleveland St.,2024-02-03,H,11,12,L,-1
2024,1,571442,571448.0,VMI,Queens (NC),2024-02-10,H,14,10,W,4
2024,1,571442,571446.0,VMI,High Point,2024-02-16,A,9,19,L,-10
2024,1,571442,571396.0,VMI,Hampton,2024-02-20,A,25,6,W,19
2024,1,571442,571375.0,VMI,St. Bonaventure,2024-02-24,H,17,9,W,8
2024,1,571442,571391.0,VMI,"Detroit Mercy @Columbus, OH",2024-03-02,H,15,10,W,5
2024,1,571442,571374.0,VMI,LIU,2024-03-09,H,8,17,L,-9
2024,1,571442,571433.0,VMI,Siena,2024-03-16,A,8,11,L,-3
2024,1,571442,571430.0,VMI,Sacred Heart,2024-03-23,H,8,18,L,-10
2024,1,571442,571417.0,VMI,Mount St. Mary's,2024-03-27,A,12,8,W,4
2024,1,571442,571384.0,VMI,Canisius,2024-03-30,H,12,8,W,4
2024,1,571442,571408.0,VMI,Manhattan,2024-04-06,A,8,9,L,-1
2024,1,571442,571444.0,VMI,Wagner,2024-04-10,H,14,10,W,4
2024,1,571442,571426.0,VMI,Quinnipiac,2024-04-13,A,12,13,L,-1
2024,1,571442,571409.0,VMI,Marist,2024-04-20,H,10,14,L,-4
2024,1,571440,571435.0,Vermont,Syracuse,2024-02-03,A,7,20,L,-13
2024,1,571440,571380.0,Vermont,Boston U.,2024-02-10,A,8,18,L,-10
2024,1,571440,571408.0,Vermont,Manhattan,2024-02-17,A,12,9,W,3
2024,1,571440,571376.0,Vermont,Utah,2024-02-24,A,12,22,L,-10
2024,1,571440,571398.0,Vermont,Harvard,2024-03-02,H,12,15,L,-3
2024,1,571440,571413.0,Vermont,Massachusetts,2024-03-09,A,13,12,W,1
2024,1,571440,571388.0,Vermont,Dartmouth,2024-03-14,H,10,11,L,-1
2024,1,571440,571419.0,Vermont,NJIT,2024-03-16,H,12,9,W,3
2024,1,571440,571377.0,Vermont,UAlbany,2024-03-23,A,11,13,L,-2
2024,1,571440,571447.0,Vermont,Merrimack,2024-03-30,H,20,8,W,12
2024,1,571440,571379.0,Vermont,Binghamton,2024-04-06,H,10,11,L,-1
2024,1,571440,571382.0,Vermont,Bryant,2024-04-13,A,16,12,W,4
2024,1,571440,571406.0,Vermont,UMass Lowell,2024-04-20,A,18,9,W,9
2024,1,571440,571411.0,Vermont,UMBC,2024-04-27,H,15,13,W,2
2024,1,571440,571411.0,Vermont,"#3 UMBC @Albany, NY (America East MLA Championship)",2024-05-02,H,10,8,W,2
2024,1,571440,571377.0,Vermont,#1 UAlbany America East MLA Championship,2024-05-04,A,11,12,L,-1
2024,1,571441,571422.0,Villanova,Penn St.,2024-02-10,A,10,18,L,-8
2024,1,571441,571445.0,Villanova,Yale,2024-02-17,A,11,13,L,-2
2024,1,571441,571386.0,Villanova,Colgate,2024-02-24,H,15,9,W,6
2024,1,571441,571405.0,Villanova,Lehigh,2024-03-02,A,14,8,W,6
2024,1,571441,571392.0,Villanova,Drexel,2024-03-05,A,13,12,W,1
2024,1,571441,571423.0,Villanova,Penn,2024-03-09,H,8,11,L,-3
2024,1,571441,571416.0,Villanova,Monmouth,2024-03-16,H,12,11,W,1
2024,1,571441,571439.0,Villanova,Navy,2024-03-19,A,14,7,W,7
2024,1,571441,571381.0,Villanova,Brown,2024-03-25,A,9,5,W,4
2024,1,571441,571390.0,Villanova,Denver,2024-03-30,H,6,9,L,-3
2024,1,571441,571425.0,Villanova,Providence,2024-04-06,H,12,15,L,-3
2024,1,571441,571431.0,Villanova,St. John's (NY),2024-04-13,A,14,9,W,5
2024,1,571441,571410.0,Villanova,Marquette,2024-04-20,A,12,6,W,6
2024,1,571441,571395.0,Villanova,Georgetown,2024-04-26,H,4,12,L,-8
2024,1,571441,571390.0,Villanova,#1 Denver Big East MLA Championship,2024-05-02,H,10,9,W,1
2024,1,571441,571395.0,Villanova,#2 Georgetown Big East MLA Championship,2024-05-04,H,10,11,L,-1
2024,1,571443,571415.0,Virginia,Michigan,2024-02-10,H,19,11,W,8
2024,1,571443,571427.0,Virginia,Richmond,2024-02-17,A,14,10,W,4
2024,1,571443,571421.0,Virginia,Ohio St.,2024-02-25,H,14,8,W,6
2024,1,571443,571403.0,Virginia,Johns Hopkins,2024-03-02,H,14,16,L,-2
2024,1,571443,571428.0,Virginia,Robert Morris,2024-03-05,H,16,7,W,9
2024,1,571443,571436.0,Virginia,Towson,2024-03-09,A,19,15,W,4
2024,1,571443,571412.0,Virginia,Maryland,2024-03-16,A,14,10,W,4
2024,1,571443,571377.0,Virginia,UAlbany,2024-03-19,H,16,10,W,6
2024,1,571443,571392.0,Virginia,Drexel,2024-03-23,H,14,4,W,10
2024,1,571443,571398.0,Virginia,Harvard,2024-03-30,A,13,10,W,3
2024,1,571443,571418.0,Virginia,North Carolina,2024-04-06,H,14,6,W,8
2024,1,571443,571393.0,Virginia,Duke,2024-04-14,A,12,18,L,-6
2024,1,571443,571435.0,Virginia,Syracuse,2024-04-20,A,17,18,L,-1
2024,1,571443,571420.0,Virginia,Notre Dame,2024-04-27,H,9,11,L,-2
2024,1,571443,571420.0,Virginia,"#1 Notre Dame @Charlotte, NC (ACC MLA Championship)",2024-05-03,H,9,18,L,-9
2024,1,571443,571432.0,Virginia,Saint Joseph's 2024 NCAA DI MLA Championship,2024-05-11,H,17,11,W,6
2024,1,571443,571403.0,Virginia,"#3 Johns Hopkins @Towson, MD (2024 NCAA DI MLA Championship)",2024-05-19,H,11,10,W,1
2024,1,571443,571412.0,Virginia,"#7 Maryland @Philadelphia, PA (2024 NCAA DI MLA Championship)",2024-05-25,H,6,12,L,-6
2024,1,571444,571400.0,Wagner,Hofstra,2024-02-03,A,9,21,L,-12
2024,1,571444,571457.0,Wagner,Le Moyne,2024-02-17,H,6,17,L,-11
2024,1,571444,571394.0,Wagner,Fairfield,2024-02-24,A,9,14,L,-5
2024,1,571444,571416.0,Wagner,Monmouth,2024-02-27,A,6,12,L,-6
2024,1,571444,571419.0,Wagner,NJIT,2024-03-02,H,5,15,L,-10
2024,1,571444,571409.0,Wagner,Marist,2024-03-09,H,9,8,W,1
2024,1,571444,571418.0,Wagner,North Carolina,2024-03-12,H,4,18,L,-14
2024,1,571444,571426.0,Wagner,Quinnipiac,2024-03-16,A,8,14,L,-6
2024,1,571444,571417.0,Wagner,Mount St. Mary's,2024-03-23,A,7,8,L,-1
2024,1,571444,571374.0,Wagner,LIU,2024-03-27,H,8,14,L,-6
2024,1,571444,571433.0,Wagner,Siena,2024-03-30,H,5,13,L,-8
2024,1,571444,571430.0,Wagner,Sacred Heart,2024-04-06,A,6,19,L,-13
2024,1,571444,571442.0,Wagner,VMI,2024-04-10,A,10,14,L,-4
2024,1,571444,571384.0,Wagner,Canisius,2024-04-13,H,7,9,L,-2
2024,1,571444,571408.0,Wagner,Manhattan,2024-04-20,A,5,10,L,-5
2024,1,571445,571441.0,Yale,Villanova,2024-02-17,H,13,11,W,2
2024,1,571445,571386.0,Yale,"Colgate @Albany, NY",2024-02-21,H,21,11,W,10
2024,1,571445,571422.0,Yale,Penn St.,2024-03-02,A,14,15,L,-1
2024,1,571445,571390.0,Yale,Denver,2024-03-10,A,15,13,W,2
2024,1,571445,571398.0,Yale,Harvard,2024-03-16,H,17,15,W,2
2024,1,571445,571387.0,Yale,Cornell,2024-03-23,A,15,18,L,-3
2024,1,571445,571457.0,Yale,Le Moyne,2024-03-26,H,21,10,W,11
2024,1,571445,571381.0,Yale,Brown,2024-03-30,A,16,10,W,6
2024,1,571445,571423.0,Yale,Penn,2024-04-06,H,12,9,W,3
2024,1,571445,571380.0,Yale,Boston U.,2024-04-09,A,18,16,W,2
2024,1,571445,571388.0,Yale,Dartmouth,2024-04-13,A,20,13,W,7
2024,1,571445,571400.0,Yale,Hofstra,2024-04-16,A,16,12,W,4
2024,1,571445,571377.0,Yale,UAlbany,2024-04-19,H,17,10,W,7
2024,1,571445,571424.0,Yale,Princeton,2024-04-27,H,8,15,L,-7
2024,1,571445,571424.0,Yale,"#2 Princeton @Ithaca, NY (Ivy League MLA Tournament)",2024-05-03,H,10,14,L,-4
