academic_year,division,team_org_id,opp_org_id,team_name,opp_name,game_date,location,team_score,opp_score,result,goal_margin
2014,1,103551,103506,Air Force,Denver,2014-02-08,H,8,14,L,-6
2014,1,103551,103511,Air Force,Furman,2014-02-15,H,15,6,W,9
2014,1,103551,103501,Air Force,"Canisius @ Denver, Colo.",2014-02-22,H,6,7,L,-1
2014,1,103551,103524,Air Force,"Marist @ Denver, Colo.",2014-02-23,H,17,9,W,8
2014,1,103551,103556,Air Force,VMI,2014-03-02,A,4,6,L,-2
2014,1,103551,103495,Air Force,Bellarmine,2014-03-08,H,13,9,W,4
2014,1,103551,103518,Air Force,Jacksonville,2014-03-15,A,15,12,W,3
2014,1,103551,103496,Air Force,Binghamton,2014-03-23,A,10,8,W,2
2014,1,103551,103530,Air Force,Michigan,2014-03-29,H,15,12,W,3
2014,1,103551,103529,Air Force,Mercer,2014-04-05,H,19,6,W,13
2014,1,103551,103510,Air Force,Fairfield,2014-04-12,H,16,8,W,8
2014,1,103551,103535,Air Force,Ohio St.,2014-04-19,A,6,8,L,-2
2014,1,103551,103540,Air Force,Quinnipiac,2014-04-26,A,10,15,L,-5
2014,1,103551,103535,Air Force,Ohio St.,2014-05-01,A,14,7,W,7
2014,1,103551,103510,Air Force,"Fairfield @ Columbus, Ohio",2014-05-03,H,9,8,W,1
2014,1,103551,103541,Air Force,Richmond,2014-05-07,H,13,5,W,8
2014,1,103551,103509,Air Force,Duke,2014-05-11,A,9,20,L,-11
2014,1,103552,103528,Army West Point,Massachusetts,2014-02-08,H,5,6,L,-1
2014,1,103552,103556,Army West Point,VMI,2014-02-16,A,15,6,W,9
2014,1,103552,103511,Army West Point,"Furman @ Washington, D.C.",2014-02-22,H,12,2,W,10
2014,1,103552,103520,Army West Point,Lafayette,2014-03-01,A,8,6,W,2
2014,1,103552,103543,Army West Point,Rutgers,2014-03-04,H,8,9,L,-1
2014,1,103552,103517,Army West Point,Holy Cross,2014-03-08,H,13,3,W,10
2014,1,103552,103522,Army West Point,Loyola Maryland,2014-03-15,A,6,7,L,-1
2014,1,103552,103521,Army West Point,Lehigh,2014-03-22,H,6,5,W,1
2014,1,103552,103500,Army West Point,Bucknell,2014-03-29,H,11,6,W,5
2014,1,103552,103497,Army West Point,Boston U.,2014-04-05,A,8,7,W,1
2014,1,103552,103553,Army West Point,Navy,2014-04-12,H,14,7,W,7
2014,1,103552,103502,Army West Point,Colgate,2014-04-18,A,8,7,W,1
2014,1,103552,103521,Army West Point,"Lehigh @ Baltimore, Md.",2014-04-25,H,11,12,L,-1
2014,1,103552,103534,Army West Point,Notre Dame,2014-05-03,A,17,18,L,-1
2014,1,103495,103542,Bellarmine,Robert Morris,2014-02-15,H,10,7,W,3
2014,1,103495,103518,Bellarmine,Jacksonville,2014-02-22,A,8,4,W,4
2014,1,103495,103511,Bellarmine,Furman,2014-03-01,H,13,7,W,6
2014,1,103495,103507,Bellarmine,Detroit Mercy,2014-03-04,A,12,8,W,4
2014,1,103495,103551,Bellarmine,Air Force,2014-03-08,A,9,13,L,-4
2014,1,103495,103530,Bellarmine,Michigan,2014-03-15,H,10,11,L,-1
2014,1,103495,103535,Bellarmine,Ohio St.,2014-03-21,A,7,10,L,-3
2014,1,103495,103510,Bellarmine,Fairfield,2014-03-29,H,3,9,L,-6
2014,1,103495,103525,Bellarmine,Marquette,2014-04-01,A,10,7,W,3
2014,1,103495,103560,Bellarmine,High Point,2014-04-05,H,10,9,W,1
2014,1,103495,103557,Bellarmine,Virginia,2014-04-19,A,8,12,L,-4
2014,1,103495,103529,Bellarmine,"Mercer @ Milton, Ga.",2014-04-26,H,13,6,W,7
2014,1,103496,103544,Binghamton,Sacred Heart,2014-02-16,A,8,6,W,2
2014,1,103496,103547,Binghamton,Siena,2014-02-22,H,9,13,L,-4
2014,1,103496,103503,Binghamton,Cornell,2014-02-25,H,8,14,L,-6
2014,1,103496,103515,Binghamton,Hobart,2014-03-01,A,11,10,W,1
2014,1,103496,103505,Binghamton,Delaware,2014-03-08,H,9,10,L,-1
2014,1,103496,103502,Binghamton,Colgate,2014-03-15,H,9,10,L,-1
2014,1,103496,103551,Binghamton,Air Force,2014-03-23,H,8,10,L,-2
2014,1,103496,103513,Binghamton,Hartford,2014-03-28,A,11,10,W,1
2014,1,103496,103549,Binghamton,Syracuse,2014-04-02,A,8,10,L,-2
2014,1,103496,103526,Binghamton,UMBC,2014-04-06,H,13,7,W,6
2014,1,103496,103554,Binghamton,Vermont,2014-04-12,A,9,6,W,3
2014,1,103496,103501,Binghamton,Canisius,2014-04-15,H,9,5,W,4
2014,1,103496,103548,Binghamton,Stony Brook,2014-04-19,H,14,11,W,3
2014,1,103496,103494,Binghamton,UAlbany,2014-04-26,A,7,21,L,-14
2014,1,103496,103526,Binghamton,"UMBC @ Stony Brook, N.Y.",2014-05-01,H,10,16,L,-6
2014,1,103497,103529,Boston U.,Mercer,2014-02-08,A,6,17,L,-11
2014,1,103497,103501,Boston U.,Canisius,2014-02-15,H,3,9,L,-6
2014,1,103497,103521,Boston U.,Lehigh,2014-02-22,H,7,10,L,-3
2014,1,103497,103539,Boston U.,Providence,2014-02-25,H,7,10,L,-3
2014,1,103497,103554,Boston U.,Vermont,2014-03-01,H,9,13,L,-4
2014,1,103497,103502,Boston U.,Colgate,2014-03-08,H,5,7,L,-2
2014,1,103497,103520,Boston U.,Lafayette,2014-03-15,A,12,7,W,5
2014,1,103497,103500,Boston U.,Bucknell,2014-03-22,A,3,7,L,-4
2014,1,103497,103553,Boston U.,Navy,2014-03-29,H,7,13,L,-6
2014,1,103497,103552,Boston U.,Army West Point,2014-04-05,H,7,8,L,-1
2014,1,103497,103514,Boston U.,Harvard,2014-04-08,A,9,14,L,-5
2014,1,103497,103522,Boston U.,Loyola Maryland,2014-04-12,A,6,15,L,-9
2014,1,103497,103517,Boston U.,Holy Cross,2014-04-19,A,9,8,W,1
2014,1,103497,103509,Boston U.,Duke,2014-05-04,H,11,16,L,-5
2014,1,103498,103540,Brown,Quinnipiac,2014-02-22,A,13,6,W,7
2014,1,103498,103528,Brown,Massachusetts,2014-03-01,H,2,15,L,-13
2014,1,103498,103513,Brown,Hartford,2014-03-05,H,12,7,W,5
2014,1,103498,103515,Brown,"Hobart @ Hempstead, NY",2014-03-08,H,13,10,W,3
2014,1,103498,103514,Brown,Harvard,2014-03-15,A,10,16,L,-6
2014,1,103498,103500,Brown,Bucknell,2014-03-19,A,8,13,L,-5
2014,1,103498,103539,Brown,Providence,2014-03-22,H,12,11,W,1
2014,1,103498,103524,Brown,Marist,2014-03-25,A,13,11,W,2
2014,1,103498,103538,Brown,Princeton,2014-03-29,H,11,10,W,1
2014,1,103498,103537,Brown,Penn,2014-04-05,A,8,10,L,-2
2014,1,103498,103559,Brown,Yale,2014-04-11,H,6,7,L,-1
2014,1,103498,103503,Brown,Cornell,2014-04-19,A,9,14,L,-5
2014,1,103498,103499,Brown,Bryant,2014-04-22,H,13,11,W,2
2014,1,103498,103504,Brown,Dartmouth,2014-04-26,H,12,8,W,4
2014,1,103499,103502,Bryant,Colgate,2014-02-08,A,4,7,L,-3
2014,1,103499,103500,Bryant,Bucknell,2014-02-16,H,12,9,W,3
2014,1,103499,103513,Bryant,Hartford,2014-02-22,A,7,5,W,2
2014,1,103499,103559,Bryant,Yale,2014-03-01,H,8,9,L,-1
2014,1,103499,103508,Bryant,Drexel,2014-03-08,H,12,6,W,6
2014,1,103499,103531,Bryant,Monmouth,2014-03-11,A,12,7,W,5
2014,1,103499,103494,Bryant,UAlbany,2014-03-15,A,12,11,W,1
2014,1,103499,103515,Bryant,Hobart,2014-03-22,H,15,8,W,7
2014,1,103499,103539,Bryant,Providence,2014-03-25,A,7,6,W,1
2014,1,103499,103541,Bryant,"Richmond @ Cold Sprg Harbor, NY",2014-03-29,H,9,6,W,3
2014,1,103499,103544,Bryant,Sacred Heart,2014-04-02,A,14,5,W,9
2014,1,103499,103546,Bryant,Saint Joseph's,2014-04-05,A,7,9,L,-2
2014,1,103499,103532,Bryant,Mount St. Mary's,2014-04-12,H,9,7,W,2
2014,1,103499,103542,Bryant,Robert Morris,2014-04-19,A,13,6,W,7
2014,1,103499,103498,Bryant,Brown,2014-04-22,A,11,13,L,-2
2014,1,103499,103558,Bryant,Wagner,2014-04-26,H,15,7,W,8
2014,1,103499,103544,Bryant,"Sacred Heart @ Philadelphia, Pa.",2014-05-01,H,12,8,W,4
2014,1,103499,103515,Bryant,"Hobart @ Philadelphia, Pa.",2014-05-03,H,10,4,W,6
2014,1,103499,103547,Bryant,Siena,2014-05-07,H,9,8,W,1
2014,1,103499,103549,Bryant,Syracuse,2014-05-11,A,10,9,W,1
2014,1,103499,103527,Bryant,"Maryland @ Hempstead, New York",2014-05-17,H,8,16,L,-8
2014,1,103500,103505,Bucknell,Delaware,2014-02-08,H,6,4,W,2
2014,1,103500,103499,Bucknell,Bryant,2014-02-16,A,9,12,L,-3
2014,1,103500,103553,Bucknell,Navy,2014-02-22,H,9,6,W,3
2014,1,103500,103502,Bucknell,Colgate,2014-03-01,A,8,9,L,-1
2014,1,103500,103521,Bucknell,Lehigh,2014-03-08,H,3,9,L,-6
2014,1,103500,103533,Bucknell,North Carolina,2014-03-11,A,4,20,L,-16
2014,1,103500,103517,Bucknell,Holy Cross,2014-03-15,A,18,8,W,10
2014,1,103500,103498,Bucknell,Brown,2014-03-19,H,13,8,W,5
2014,1,103500,103497,Bucknell,Boston U.,2014-03-22,H,7,3,W,4
2014,1,103500,103552,Bucknell,Army West Point,2014-03-29,A,6,11,L,-5
2014,1,103500,103510,Bucknell,Fairfield,2014-04-01,A,6,10,L,-4
2014,1,103500,103532,Bucknell,Mount St. Mary's,2014-04-05,H,16,6,W,10
2014,1,103500,103520,Bucknell,Lafayette,2014-04-11,H,13,1,W,12
2014,1,103500,103522,Bucknell,Loyola Maryland,2014-04-17,A,5,13,L,-8
2014,1,103500,103502,Bucknell,Colgate,2014-04-22,A,9,10,L,-1
2014,1,103501,103497,Canisius,Boston U.,2014-02-15,A,9,3,W,6
2014,1,103501,103551,Canisius,"Air Force @ Denver, Colo.",2014-02-22,H,7,6,W,1
2014,1,103501,103506,Canisius,Denver,2014-02-23,A,3,14,L,-11
2014,1,103501,103503,Canisius,Cornell,2014-03-04,A,6,19,L,-13
2014,1,103501,103515,Canisius,Hobart,2014-03-11,H,10,11,L,-1
2014,1,103501,103531,Canisius,Monmouth,2014-03-15,H,5,4,W,1
2014,1,103501,103507,Canisius,Detroit Mercy,2014-03-23,H,6,8,L,-2
2014,1,103501,103494,Canisius,UAlbany,2014-03-25,A,14,10,W,4
2014,1,103501,103547,Canisius,Siena,2014-03-29,A,7,10,L,-3
2014,1,103501,103523,Canisius,Manhattan,2014-04-05,H,9,4,W,5
2014,1,103501,103540,Canisius,Quinnipiac,2014-04-12,A,11,10,W,1
2014,1,103501,103496,Canisius,Binghamton,2014-04-15,A,5,9,L,-4
2014,1,103501,103556,Canisius,VMI,2014-04-19,H,19,7,W,12
2014,1,103501,103524,Canisius,Marist,2014-04-26,A,7,13,L,-6
2014,1,103501,103547,Canisius,"Siena @ Poughkeepsie, NY",2014-05-01,H,11,14,L,-3
2014,1,103502,103499,Colgate,Bryant,2014-02-08,H,7,4,W,3
2014,1,103502,103554,Colgate,Vermont,2014-02-15,H,13,3,W,10
2014,1,103502,103520,Colgate,Lafayette,2014-02-22,A,7,8,L,-1
2014,1,103502,103500,Colgate,Bucknell,2014-03-01,H,9,8,W,1
2014,1,103502,103515,Colgate,Hobart,2014-03-04,H,7,5,W,2
2014,1,103502,103497,Colgate,Boston U.,2014-03-08,A,7,5,W,2
2014,1,103502,103496,Colgate,Binghamton,2014-03-15,A,10,9,W,1
2014,1,103502,103503,Colgate,Cornell,2014-03-18,H,10,15,L,-5
2014,1,103502,103553,Colgate,Navy,2014-03-22,A,10,7,W,3
2014,1,103502,103522,Colgate,Loyola Maryland,2014-03-29,H,8,10,L,-2
2014,1,103502,103521,Colgate,Lehigh,2014-04-05,A,7,11,L,-4
2014,1,103502,103517,Colgate,Holy Cross,2014-04-12,H,11,9,W,2
2014,1,103502,103552,Colgate,Army West Point,2014-04-18,H,7,8,L,-1
2014,1,103502,103500,Colgate,Bucknell,2014-04-22,H,10,9,W,1
2014,1,103502,103522,Colgate,Loyola Maryland,2014-04-25,A,6,12,L,-6
2014,1,103502,103549,Colgate,Syracuse,2014-05-03,A,6,19,L,-13
2014,1,103503,103515,Cornell,Hobart,2014-02-22,H,12,8,W,4
2014,1,103503,103496,Cornell,Binghamton,2014-02-25,A,14,8,W,6
2014,1,103503,103530,Cornell,Michigan,2014-03-01,A,15,14,W,1
2014,1,103503,103501,Cornell,Canisius,2014-03-04,H,19,6,W,13
2014,1,103503,103557,Cornell,Virginia,2014-03-08,H,12,9,W,3
2014,1,103503,103559,Cornell,Yale,2014-03-15,H,11,9,W,2
2014,1,103503,103502,Cornell,Colgate,2014-03-18,A,15,10,W,5
2014,1,103503,103537,Cornell,Penn,2014-03-22,A,17,9,W,8
2014,1,103503,103504,Cornell,Dartmouth,2014-03-29,A,19,4,W,15
2014,1,103503,103514,Cornell,Harvard,2014-04-05,H,9,14,L,-5
2014,1,103503,103549,Cornell,Syracuse,2014-04-08,H,9,14,L,-5
2014,1,103503,103516,Cornell,Hofstra,2014-04-12,A,9,10,L,-1
2014,1,103503,103498,Cornell,Brown,2014-04-19,H,14,9,W,5
2014,1,103503,103538,Cornell,"Princeton @ Bethpage, N.Y.",2014-04-26,H,12,10,W,2
2014,1,103503,103537,Cornell,Penn,2014-05-02,H,10,11,L,-1
2014,1,103503,103527,Cornell,Maryland,2014-05-10,A,7,8,L,-1
2014,1,103504,103533,Dartmouth,North Carolina,2014-02-22,A,5,18,L,-13
2014,1,103504,103554,Dartmouth,Vermont,2014-02-25,A,8,13,L,-5
2014,1,103504,103544,Dartmouth,"Sacred Heart @ Dallas, Texas",2014-03-01,H,14,10,W,4
2014,1,103504,103536,Dartmouth,Penn St.,2014-03-18,A,6,10,L,-4
2014,1,103504,103514,Dartmouth,Harvard,2014-03-22,A,7,16,L,-9
2014,1,103504,103503,Dartmouth,Cornell,2014-03-29,H,4,19,L,-15
2014,1,103504,103559,Dartmouth,Yale,2014-04-05,H,10,16,L,-6
2014,1,103504,103513,Dartmouth,Hartford,2014-04-08,A,7,12,L,-5
2014,1,103504,103538,Dartmouth,Princeton,2014-04-12,A,10,13,L,-3
2014,1,103504,103537,Dartmouth,Penn,2014-04-19,H,3,9,L,-6
2014,1,103504,103498,Dartmouth,Brown,2014-04-26,A,8,12,L,-4
2014,1,103504,103517,Dartmouth,Holy Cross,2014-04-29,H,17,12,W,5
2014,1,103505,103560,Delaware,High Point,2014-02-01,H,10,3,W,7
2014,1,103505,103500,Delaware,Bucknell,2014-02-08,A,4,6,L,-2
2014,1,103505,103510,Delaware,Fairfield,2014-02-15,H,8,18,L,-10
2014,1,103505,103532,Delaware,Mount St. Mary's,2014-02-22,H,15,5,W,10
2014,1,103505,103555,Delaware,Villanova,2014-03-01,H,11,9,W,2
2014,1,103505,103520,Delaware,Lafayette,2014-03-04,H,9,6,W,3
2014,1,103505,103496,Delaware,Binghamton,2014-03-08,A,10,9,W,1
2014,1,103505,103516,Delaware,Hofstra,2014-03-15,A,9,11,L,-2
2014,1,103505,103550,Delaware,Towson,2014-03-22,A,8,11,L,-3
2014,1,103505,103508,Delaware,Drexel,2014-03-29,H,7,9,L,-2
2014,1,103505,103523,Delaware,Manhattan,2014-04-01,A,10,5,W,5
2014,1,103505,103535,Delaware,Ohio St.,2014-04-06,H,9,15,L,-6
2014,1,103505,103546,Delaware,Saint Joseph's,2014-04-12,H,9,12,L,-3
2014,1,103505,103536,Delaware,Penn St.,2014-04-19,A,6,10,L,-4
2014,1,103505,103528,Delaware,Massachusetts,2014-04-25,H,15,7,W,8
2014,1,103505,103516,Delaware,Hofstra,2014-04-30,A,6,8,L,-2
2014,1,103506,103551,Denver,Air Force,2014-02-08,A,14,8,W,6
2014,1,103506,103509,Denver,Duke,2014-02-15,A,10,14,L,-4
2014,1,103506,103524,Denver,Marist,2014-02-22,H,15,9,W,6
2014,1,103506,103501,Denver,Canisius,2014-02-23,H,14,3,W,11
2014,1,103506,103537,Denver,Penn,2014-03-01,A,10,12,L,-2
2014,1,103506,103534,Denver,"Notre Dame @ Costa Mesa, Calif.",2014-03-08,H,10,7,W,3
2014,1,103506,103536,Denver,Penn St.,2014-03-10,H,15,11,W,4
2014,1,103506,103535,Denver,Ohio St.,2014-03-15,H,9,5,W,4
2014,1,103506,103543,Denver,Rutgers,2014-03-22,H,17,11,W,6
2014,1,103506,103512,Denver,Georgetown,2014-03-29,A,17,9,W,8
2014,1,103506,103555,Denver,Villanova,2014-04-04,A,9,8,W,1
2014,1,103506,103545,Denver,St. John's (NY),2014-04-12,H,16,9,W,7
2014,1,103506,103539,Denver,Providence,2014-04-19,A,14,6,W,8
2014,1,103506,103525,Denver,Marquette,2014-04-26,H,17,9,W,8
2014,1,103506,103543,Denver,"Rutgers @ Villanova, Pa.",2014-05-01,H,14,7,W,7
2014,1,103506,103555,Denver,Villanova,2014-05-03,H,14,7,W,7
2014,1,103506,103533,Denver,North Carolina,2014-05-10,H,9,5,W,4
2014,1,103506,103508,Denver,"Drexel @ Newark, Del.",2014-05-18,H,15,6,W,9
2014,1,103506,103509,Denver,"Duke @ Baltimore, Md.",2014-05-24,H,12,15,L,-3
2014,1,103507,103529,Detroit Mercy,Mercer,2014-02-16,H,11,10,W,1
2014,1,103507,103530,Detroit Mercy,Michigan,2014-02-19,H,13,14,L,-1
2014,1,103507,103542,Detroit Mercy,Robert Morris,2014-02-23,A,7,11,L,-4
2014,1,103507,103556,Detroit Mercy,VMI,2014-03-01,A,8,6,W,2
2014,1,103507,103495,Detroit Mercy,Bellarmine,2014-03-04,H,8,12,L,-4
2014,1,103507,103558,Detroit Mercy,Wagner,2014-03-08,A,9,8,W,1
2014,1,103507,103525,Detroit Mercy,Marquette,2014-03-15,H,10,15,L,-5
2014,1,103507,103501,Detroit Mercy,Canisius,2014-03-23,A,8,6,W,2
2014,1,103507,103540,Detroit Mercy,Quinnipiac,2014-03-29,H,9,10,L,-1
2014,1,103507,103524,Detroit Mercy,Marist,2014-04-05,H,12,11,W,1
2014,1,103507,103547,Detroit Mercy,Siena,2014-04-12,H,8,9,L,-1
2014,1,103507,103523,Detroit Mercy,Manhattan,2014-04-19,A,5,6,L,-1
2014,1,103507,103531,Detroit Mercy,Monmouth,2014-04-26,A,11,6,W,5
2014,1,103507,103524,Detroit Mercy,Marist,2014-05-01,A,9,11,L,-2
2014,1,103508,103557,Drexel,Virginia,2014-02-16,H,10,11,L,-1
2014,1,103508,103494,Drexel,UAlbany,2014-02-22,A,14,13,W,1
2014,1,103508,103555,Drexel,Villanova,2014-02-25,A,10,11,L,-1
2014,1,103508,103542,Drexel,Robert Morris,2014-03-01,H,18,12,W,6
2014,1,103508,103545,Drexel,St. John's (NY),2014-03-04,H,16,11,W,5
2014,1,103508,103499,Drexel,Bryant,2014-03-08,A,6,12,L,-6
2014,1,103508,103532,Drexel,Mount St. Mary's,2014-03-15,A,9,6,W,3
2014,1,103508,103516,Drexel,Hofstra,2014-03-22,H,9,11,L,-2
2014,1,103508,103546,Drexel,Saint Joseph's,2014-03-25,A,14,10,W,4
2014,1,103508,103505,Drexel,Delaware,2014-03-29,A,9,7,W,2
2014,1,103508,103536,Drexel,Penn St.,2014-04-05,H,13,12,W,1
2014,1,103508,103528,Drexel,Massachusetts,2014-04-12,H,13,9,W,4
2014,1,103508,103550,Drexel,Towson,2014-04-19,A,13,7,W,6
2014,1,103508,103560,Drexel,High Point,2014-04-25,A,11,8,W,3
2014,1,103508,103550,Drexel,Towson,2014-05-01,H,11,10,W,1
2014,1,103508,103516,Drexel,Hofstra,2014-05-03,A,11,10,W,1
2014,1,103508,103537,Drexel,Penn,2014-05-11,A,16,11,W,5
2014,1,103508,103506,Drexel,"Denver @ Newark, Del.",2014-05-18,H,6,15,L,-9
2014,1,103509,103518,Duke,Jacksonville,2014-02-08,H,16,10,W,6
2014,1,103509,103506,Duke,Denver,2014-02-15,H,14,10,W,4
2014,1,103509,103537,Duke,Penn,2014-02-21,H,9,6,W,3
2014,1,103509,103548,Duke,Stony Brook,2014-02-23,H,14,6,W,8
2014,1,103509,103527,Duke,Maryland,2014-03-01,A,6,10,L,-4
2014,1,103509,103522,Duke,Loyola Maryland,2014-03-09,A,7,14,L,-7
2014,1,103509,103525,Duke,Marquette,2014-03-11,H,20,9,W,11
2014,1,103509,103533,Duke,North Carolina,2014-03-15,H,9,8,W,1
2014,1,103509,103511,Duke,Furman,2014-03-18,A,19,4,W,15
2014,1,103509,103549,Duke,Syracuse,2014-03-23,H,21,7,W,14
2014,1,103509,103514,Duke,Harvard,2014-03-29,H,17,11,W,6
2014,1,103509,103534,Duke,Notre Dame,2014-04-05,A,15,7,W,8
2014,1,103509,103557,Duke,Virginia,2014-04-11,A,17,15,W,2
2014,1,103509,103543,Duke,Rutgers,2014-04-19,H,17,8,W,9
2014,1,103509,103549,Duke,"Syracuse @ Chester, Pa.",2014-04-25,H,15,16,L,-1
2014,1,103509,103497,Duke,Boston U.,2014-05-04,A,16,11,W,5
2014,1,103509,103551,Duke,Air Force,2014-05-11,H,20,9,W,11
2014,1,103509,103519,Duke,"Johns Hopkins @ Newark, Del.",2014-05-18,H,19,11,W,8
2014,1,103509,103506,Duke,"Denver @ Baltimore, Md.",2014-05-24,H,15,12,W,3
2014,1,103509,103534,Duke,"Notre Dame @ Baltimore, Md.",2014-05-26,H,11,9,W,2
2014,1,103510,103505,Fairfield,Delaware,2014-02-15,A,18,8,W,10
2014,1,103510,103523,Fairfield,Manhattan,2014-02-22,H,18,4,W,14
2014,1,103510,103516,Fairfield,Hofstra,2014-02-25,A,7,9,L,-2
2014,1,103510,103539,Fairfield,Providence,2014-03-04,H,11,14,L,-3
2014,1,103510,103559,Fairfield,Yale,2014-03-08,H,12,11,W,1
2014,1,103510,103548,Fairfield,Stony Brook,2014-03-15,H,15,13,W,2
2014,1,103510,103528,Fairfield,Massachusetts,2014-03-18,H,11,5,W,6
2014,1,103510,103517,Fairfield,Holy Cross,2014-03-22,A,11,9,W,2
2014,1,103510,103495,Fairfield,Bellarmine,2014-03-29,A,9,3,W,6
2014,1,103510,103500,Fairfield,Bucknell,2014-04-01,H,10,6,W,4
2014,1,103510,103530,Fairfield,Michigan,2014-04-05,A,9,8,W,1
2014,1,103510,103551,Fairfield,Air Force,2014-04-12,A,8,16,L,-8
2014,1,103510,103540,Fairfield,Quinnipiac,2014-04-15,A,15,10,W,5
2014,1,103510,103535,Fairfield,Ohio St.,2014-04-26,H,7,5,W,2
2014,1,103510,103530,Fairfield,"Michigan @ Columbus, Ohio",2014-05-01,H,12,5,W,7
2014,1,103510,103551,Fairfield,"Air Force @ Columbus, Ohio",2014-05-03,H,8,9,L,-1
2014,1,103511,103521,Furman,Lehigh,2014-02-01,H,6,13,L,-7
2014,1,103511,103533,Furman,North Carolina,2014-02-09,H,3,19,L,-16
2014,1,103511,103551,Furman,Air Force,2014-02-15,A,6,15,L,-9
2014,1,103511,103552,Furman,"Army West Point @ Washington, D.C.",2014-02-22,H,2,12,L,-10
2014,1,103511,103495,Furman,Bellarmine,2014-03-01,A,7,13,L,-6
2014,1,103511,103530,Furman,Michigan,2014-03-08,H,9,11,L,-2
2014,1,103511,103512,Furman,Georgetown,2014-03-11,A,9,16,L,-7
2014,1,103511,103509,Furman,Duke,2014-03-18,H,4,19,L,-15
2014,1,103511,103560,Furman,High Point,2014-03-29,H,7,15,L,-8
2014,1,103511,103541,Furman,Richmond,2014-04-05,H,10,13,L,-3
2014,1,103511,103556,Furman,VMI,2014-04-12,A,13,12,W,1
2014,1,103511,103529,Furman,Mercer,2014-04-19,A,8,9,L,-1
2014,1,103511,103518,Furman,Jacksonville,2014-04-26,H,11,13,L,-2
2014,1,103512,103532,Georgetown,Mount St. Mary's,2014-02-12,H,10,4,W,6
2014,1,103512,103553,Georgetown,Navy,2014-02-15,A,9,8,W,1
2014,1,103512,103550,Georgetown,Towson,2014-02-22,A,7,8,L,-1
2014,1,103512,103516,Georgetown,Hofstra,2014-03-01,A,8,9,L,-1
2014,1,103512,103514,Georgetown,Harvard,2014-03-08,H,7,15,L,-8
2014,1,103512,103511,Georgetown,Furman,2014-03-11,H,16,9,W,7
2014,1,103512,103545,Georgetown,St. John's (NY),2014-03-15,A,7,15,L,-8
2014,1,103512,103522,Georgetown,Loyola Maryland,2014-03-19,H,9,10,L,-1
2014,1,103512,103555,Georgetown,Villanova,2014-03-26,A,8,13,L,-5
2014,1,103512,103506,Georgetown,Denver,2014-03-29,H,9,17,L,-8
2014,1,103512,103539,Georgetown,Providence,2014-04-05,H,10,8,W,2
2014,1,103512,103521,Georgetown,"Lehigh @ Folsom, Pa.",2014-04-12,H,3,12,L,-9
2014,1,103512,103525,Georgetown,Marquette,2014-04-19,A,10,11,L,-1
2014,1,103512,103543,Georgetown,Rutgers,2014-04-26,H,8,12,L,-4
2014,1,103513,103541,Hartford,Richmond,2014-02-16,A,19,11,W,8
2014,1,103513,103499,Hartford,Bryant,2014-02-22,H,5,7,L,-2
2014,1,103513,103523,Hartford,Manhattan,2014-03-01,A,12,7,W,5
2014,1,103513,103498,Hartford,Brown,2014-03-05,A,7,12,L,-5
2014,1,103513,103547,Hartford,Siena,2014-03-08,H,10,11,L,-1
2014,1,103513,103540,Hartford,Quinnipiac,2014-03-12,H,6,3,W,3
2014,1,103513,103544,Hartford,Sacred Heart,2014-03-15,A,12,10,W,2
2014,1,103513,103528,Hartford,Massachusetts,2014-03-22,A,6,12,L,-6
2014,1,103513,103517,Hartford,Holy Cross,2014-03-25,H,8,13,L,-5
2014,1,103513,103496,Hartford,Binghamton,2014-03-28,H,10,11,L,-1
2014,1,103513,103494,Hartford,UAlbany,2014-04-06,H,11,15,L,-4
2014,1,103513,103504,Hartford,Dartmouth,2014-04-08,H,12,7,W,5
2014,1,103513,103526,Hartford,UMBC,2014-04-12,A,11,16,L,-5
2014,1,103513,103554,Hartford,Vermont,2014-04-19,H,11,7,W,4
2014,1,103513,103548,Hartford,Stony Brook,2014-04-25,A,10,14,L,-4
2014,1,103514,103528,Harvard,Massachusetts,2014-02-22,A,4,8,L,-4
2014,1,103514,103517,Harvard,Holy Cross,2014-02-25,H,17,9,W,8
2014,1,103514,103494,Harvard,UAlbany,2014-03-01,A,8,14,L,-6
2014,1,103514,103540,Harvard,Quinnipiac,2014-03-04,H,10,8,W,2
2014,1,103514,103512,Harvard,Georgetown,2014-03-08,A,15,7,W,8
2014,1,103514,103498,Harvard,Brown,2014-03-15,H,16,10,W,6
2014,1,103514,103533,Harvard,North Carolina,2014-03-18,A,10,13,L,-3
2014,1,103514,103504,Harvard,Dartmouth,2014-03-22,H,16,7,W,9
2014,1,103514,103509,Harvard,Duke,2014-03-29,A,11,17,L,-6
2014,1,103514,103503,Harvard,Cornell,2014-04-05,A,14,9,W,5
2014,1,103514,103497,Harvard,Boston U.,2014-04-08,H,14,9,W,5
2014,1,103514,103537,Harvard,Penn,2014-04-12,A,7,8,L,-1
2014,1,103514,103538,Harvard,Princeton,2014-04-19,H,9,8,W,1
2014,1,103514,103559,Harvard,Yale,2014-04-26,A,11,10,W,1
2014,1,103514,103559,Harvard,Yale,2014-05-02,H,10,9,W,1
2014,1,103514,103537,Harvard,Penn,2014-05-04,H,5,7,L,-2
2014,1,103514,103534,Harvard,Notre Dame,2014-05-10,A,5,13,L,-8
2014,1,103560,103505,High Point,Delaware,2014-02-01,A,3,10,L,-7
2014,1,103560,103550,High Point,Towson,2014-02-08,A,8,11,L,-3
2014,1,103560,103546,High Point,Saint Joseph's,2014-02-16,H,9,7,W,2
2014,1,103560,103544,High Point,Sacred Heart,2014-02-22,A,12,10,W,2
2014,1,103560,103518,High Point,Jacksonville,2014-03-01,H,8,7,W,1
2014,1,103560,103530,High Point,Michigan,2014-03-05,H,9,7,W,2
2014,1,103560,103556,High Point,VMI,2014-03-08,H,9,8,W,1
2014,1,103560,103526,High Point,UMBC,2014-03-15,H,17,15,W,2
2014,1,103560,103529,High Point,Mercer,2014-03-22,H,9,10,L,-1
2014,1,103560,103511,High Point,Furman,2014-03-29,A,15,7,W,8
2014,1,103560,103495,High Point,Bellarmine,2014-04-05,A,9,10,L,-1
2014,1,103560,103541,High Point,Richmond,2014-04-12,A,11,7,W,4
2014,1,103560,103533,High Point,North Carolina,2014-04-18,H,8,12,L,-4
2014,1,103560,103508,High Point,Drexel,2014-04-25,H,8,11,L,-3
2014,1,103560,103518,High Point,"Jacksonville @ Macon, Ga.",2014-05-01,H,12,11,W,1
2014,1,103560,103541,High Point,"Richmond @ Macon, Ga.",2014-05-03,H,7,8,L,-1
2014,1,103515,103547,Hobart,Siena,2014-02-15,H,7,12,L,-5
2014,1,103515,103503,Hobart,Cornell,2014-02-22,A,8,12,L,-4
2014,1,103515,103496,Hobart,Binghamton,2014-03-01,H,10,11,L,-1
2014,1,103515,103502,Hobart,Colgate,2014-03-04,A,5,7,L,-2
2014,1,103515,103498,Hobart,"Brown @ Hempstead, NY",2014-03-08,H,10,13,L,-3
2014,1,103515,103501,Hobart,Canisius,2014-03-11,A,11,10,W,1
2014,1,103515,103542,Hobart,Robert Morris,2014-03-15,H,8,6,W,2
2014,1,103515,103499,Hobart,Bryant,2014-03-22,A,8,15,L,-7
2014,1,103515,103532,Hobart,Mount St. Mary's,2014-03-29,A,8,5,W,3
2014,1,103515,103544,Hobart,Sacred Heart,2014-04-05,H,9,10,L,-1
2014,1,103515,103558,Hobart,Wagner,2014-04-11,A,15,6,W,9
2014,1,103515,103549,Hobart,Syracuse,2014-04-19,H,9,15,L,-6
2014,1,103515,103546,Hobart,Saint Joseph's,2014-04-26,H,8,15,L,-7
2014,1,103515,103546,Hobart,Saint Joseph's,2014-05-01,A,10,9,W,1
2014,1,103515,103499,Hobart,"Bryant @ Philadelphia, Pa.",2014-05-03,H,4,10,L,-6
2014,1,103516,103525,Hofstra,Marquette,2014-02-15,H,9,11,L,-2
2014,1,103516,103538,Hofstra,Princeton,2014-02-22,A,10,12,L,-2
2014,1,103516,103510,Hofstra,Fairfield,2014-02-25,H,9,7,W,2
2014,1,103516,103512,Hofstra,Georgetown,2014-03-01,H,9,8,W,1
2014,1,103516,103535,Hofstra,Ohio St.,2014-03-08,H,7,5,W,2
2014,1,103516,103505,Hofstra,Delaware,2014-03-15,H,11,9,W,2
2014,1,103516,103545,Hofstra,St. John's (NY),2014-03-18,A,10,11,L,-1
2014,1,103516,103508,Hofstra,Drexel,2014-03-22,A,11,9,W,2
2014,1,103516,103550,Hofstra,Towson,2014-03-29,H,9,7,W,2
2014,1,103516,103547,Hofstra,Siena,2014-04-05,H,7,6,W,1
2014,1,103516,103524,Hofstra,Marist,2014-04-08,H,15,10,W,5
2014,1,103516,103503,Hofstra,Cornell,2014-04-12,H,10,9,W,1
2014,1,103516,103528,Hofstra,Massachusetts,2014-04-19,A,11,6,W,5
2014,1,103516,103536,Hofstra,Penn St.,2014-04-26,A,7,8,L,-1
2014,1,103516,103505,Hofstra,Delaware,2014-04-30,H,8,6,W,2
2014,1,103516,103508,Hofstra,Drexel,2014-05-03,H,10,11,L,-1
2014,1,103517,103545,Holy Cross,St. John's (NY),2014-02-16,A,13,15,L,-2
2014,1,103517,103522,Holy Cross,Loyola Maryland,2014-02-22,H,4,16,L,-12
2014,1,103517,103514,Holy Cross,Harvard,2014-02-25,A,9,17,L,-8
2014,1,103517,103553,Holy Cross,Navy,2014-03-01,A,12,21,L,-9
2014,1,103517,103541,Holy Cross,Richmond,2014-03-04,A,11,9,W,2
2014,1,103517,103552,Holy Cross,Army West Point,2014-03-08,A,3,13,L,-10
2014,1,103517,103500,Holy Cross,Bucknell,2014-03-15,H,8,18,L,-10
2014,1,103517,103510,Holy Cross,Fairfield,2014-03-22,H,9,11,L,-2
2014,1,103517,103513,Holy Cross,Hartford,2014-03-25,A,13,8,W,5
2014,1,103517,103521,Holy Cross,Lehigh,2014-03-29,A,4,20,L,-16
2014,1,103517,103520,Holy Cross,Lafayette,2014-04-05,H,10,5,W,5
2014,1,103517,103544,Holy Cross,Sacred Heart,2014-04-08,H,11,12,L,-1
2014,1,103517,103502,Holy Cross,Colgate,2014-04-12,A,9,11,L,-2
2014,1,103517,103497,Holy Cross,Boston U.,2014-04-19,H,8,9,L,-1
2014,1,103517,103504,Holy Cross,Dartmouth,2014-04-29,A,12,17,L,-5
2014,1,103518,103509,Jacksonville,Duke,2014-02-08,A,10,16,L,-6
2014,1,103518,103534,Jacksonville,Notre Dame,2014-02-16,H,7,19,L,-12
2014,1,103518,103495,Jacksonville,Bellarmine,2014-02-22,H,4,8,L,-4
2014,1,103518,103560,Jacksonville,High Point,2014-03-01,A,7,8,L,-1
2014,1,103518,103525,Jacksonville,Marquette,2014-03-08,H,9,8,W,1
2014,1,103518,103551,Jacksonville,Air Force,2014-03-15,H,12,15,L,-3
2014,1,103518,103542,Jacksonville,Robert Morris,2014-03-22,A,9,13,L,-4
2014,1,103518,103535,Jacksonville,Ohio St.,2014-03-29,A,2,13,L,-11
2014,1,103518,103556,Jacksonville,VMI,2014-04-05,H,14,5,W,9
2014,1,103518,103529,Jacksonville,Mercer,2014-04-12,H,14,12,W,2
2014,1,103518,103541,Jacksonville,Richmond,2014-04-20,A,12,13,L,-1
2014,1,103518,103511,Jacksonville,Furman,2014-04-26,A,13,11,W,2
2014,1,103518,103560,Jacksonville,"High Point @ Macon, Ga.",2014-05-01,H,11,12,L,-1
2014,1,103519,103535,Johns Hopkins,Ohio St.,2014-02-09,H,10,9,W,1
2014,1,103519,103550,Johns Hopkins,Towson,2014-02-15,H,15,8,W,7
2014,1,103519,103530,Johns Hopkins,Michigan,2014-02-22,H,14,5,W,9
2014,1,103519,103538,Johns Hopkins,Princeton,2014-03-01,A,15,9,W,6
2014,1,103519,103526,Johns Hopkins,UMBC,2014-03-08,A,15,8,W,7
2014,1,103519,103549,Johns Hopkins,Syracuse,2014-03-15,H,10,12,L,-2
2014,1,103519,103557,Johns Hopkins,Virginia,2014-03-22,A,10,11,L,-1
2014,1,103519,103533,Johns Hopkins,North Carolina,2014-03-29,H,9,13,L,-4
2014,1,103519,103494,Johns Hopkins,UAlbany,2014-04-04,H,13,8,W,5
2014,1,103519,103527,Johns Hopkins,Maryland,2014-04-12,H,11,6,W,5
2014,1,103519,103532,Johns Hopkins,Mount St. Mary's,2014-04-14,A,17,2,W,15
2014,1,103519,103553,Johns Hopkins,Navy,2014-04-18,A,6,5,W,1
2014,1,103519,103555,Johns Hopkins,Villanova,2014-04-23,H,13,7,W,6
2014,1,103519,103522,Johns Hopkins,Loyola Maryland,2014-05-03,A,10,13,L,-3
2014,1,103519,103557,Johns Hopkins,Virginia,2014-05-11,A,14,8,W,6
2014,1,103519,103509,Johns Hopkins,"Duke @ Newark, Del.",2014-05-18,H,11,19,L,-8
2014,1,103520,103548,Lafayette,Stony Brook,2014-02-18,A,10,18,L,-8
2014,1,103520,103502,Lafayette,Colgate,2014-02-22,H,8,7,W,1
2014,1,103520,103552,Lafayette,Army West Point,2014-03-01,H,6,8,L,-2
2014,1,103520,103505,Lafayette,Delaware,2014-03-04,A,6,9,L,-3
2014,1,103520,103553,Lafayette,Navy,2014-03-07,A,3,11,L,-8
2014,1,103520,103497,Lafayette,Boston U.,2014-03-15,H,7,12,L,-5
2014,1,103520,103522,Lafayette,Loyola Maryland,2014-03-22,A,4,21,L,-17
2014,1,103520,103529,Lafayette,Mercer,2014-03-28,H,8,9,L,-1
2014,1,103520,103531,Lafayette,Monmouth,2014-04-01,A,9,5,W,4
2014,1,103520,103517,Lafayette,Holy Cross,2014-04-05,A,5,10,L,-5
2014,1,103520,103523,Lafayette,Manhattan,2014-04-08,H,7,8,L,-1
2014,1,103520,103500,Lafayette,Bucknell,2014-04-11,A,1,13,L,-12
2014,1,103520,103521,Lafayette,Lehigh,2014-04-18,H,6,17,L,-11
2014,1,103521,103511,Lehigh,Furman,2014-02-01,A,13,6,W,7
2014,1,103521,103525,Lehigh,Marquette,2014-02-08,H,13,6,W,7
2014,1,103521,103555,Lehigh,Villanova,2014-02-16,H,7,6,W,1
2014,1,103521,103497,Lehigh,Boston U.,2014-02-22,A,10,7,W,3
2014,1,103521,103522,Lehigh,Loyola Maryland,2014-03-01,H,7,14,L,-7
2014,1,103521,103500,Lehigh,Bucknell,2014-03-08,A,9,3,W,6
2014,1,103521,103559,Lehigh,Yale,2014-03-11,A,2,10,L,-8
2014,1,103521,103553,Lehigh,Navy,2014-03-15,H,13,2,W,11
2014,1,103521,103552,Lehigh,Army West Point,2014-03-22,A,5,6,L,-1
2014,1,103521,103531,Lehigh,Monmouth,2014-03-26,H,13,7,W,6
2014,1,103521,103517,Lehigh,Holy Cross,2014-03-29,H,20,4,W,16
2014,1,103521,103502,Lehigh,Colgate,2014-04-05,H,11,7,W,4
2014,1,103521,103538,Lehigh,Princeton,2014-04-08,A,9,10,L,-1
2014,1,103521,103512,Lehigh,"Georgetown @ Folsom, Pa.",2014-04-12,H,12,3,W,9
2014,1,103521,103520,Lehigh,Lafayette,2014-04-18,A,17,6,W,11
2014,1,103521,103553,Lehigh,Navy,2014-04-22,H,10,6,W,4
2014,1,103521,103552,Lehigh,"Army West Point @ Baltimore, Md.",2014-04-25,H,12,11,W,1
2014,1,103521,103522,Lehigh,Loyola Maryland,2014-04-27,A,7,16,L,-9
2014,1,103522,103557,Loyola Maryland,Virginia,2014-02-06,A,13,14,L,-1
2014,1,103522,103536,Loyola Maryland,Penn St.,2014-02-15,A,12,11,W,1
2014,1,103522,103550,Loyola Maryland,Towson,2014-02-19,H,20,4,W,16
2014,1,103522,103517,Loyola Maryland,Holy Cross,2014-02-22,A,16,4,W,12
2014,1,103522,103521,Loyola Maryland,Lehigh,2014-03-01,A,14,7,W,7
2014,1,103522,103509,Loyola Maryland,Duke,2014-03-09,H,14,7,W,7
2014,1,103522,103552,Loyola Maryland,Army West Point,2014-03-15,H,7,6,W,1
2014,1,103522,103512,Loyola Maryland,Georgetown,2014-03-19,A,10,9,W,1
2014,1,103522,103520,Loyola Maryland,Lafayette,2014-03-22,H,21,4,W,17
2014,1,103522,103502,Loyola Maryland,Colgate,2014-03-29,A,10,8,W,2
2014,1,103522,103553,Loyola Maryland,Navy,2014-04-05,A,7,6,W,1
2014,1,103522,103497,Loyola Maryland,Boston U.,2014-04-12,H,15,6,W,9
2014,1,103522,103500,Loyola Maryland,Bucknell,2014-04-17,H,13,5,W,8
2014,1,103522,103502,Loyola Maryland,Colgate,2014-04-25,H,12,6,W,6
2014,1,103522,103521,Loyola Maryland,Lehigh,2014-04-27,H,16,7,W,9
2014,1,103522,103519,Loyola Maryland,Johns Hopkins,2014-05-03,H,13,10,W,3
2014,1,103522,103494,Loyola Maryland,UAlbany,2014-05-10,H,6,13,L,-7
2014,1,103523,103543,Manhattan,Rutgers,2014-02-08,A,5,13,L,-8
2014,1,103523,103533,Manhattan,North Carolina,2014-02-16,A,5,21,L,-16
2014,1,103523,103510,Manhattan,Fairfield,2014-02-22,A,4,18,L,-14
2014,1,103523,103538,Manhattan,Princeton,2014-02-25,H,8,14,L,-6
2014,1,103523,103513,Manhattan,Hartford,2014-03-01,H,7,12,L,-5
2014,1,103523,103532,Manhattan,Mount St. Mary's,2014-03-09,H,8,7,W,1
2014,1,103523,103540,Manhattan,Quinnipiac,2014-03-15,A,7,10,L,-3
2014,1,103523,103548,Manhattan,Stony Brook,2014-03-18,A,8,12,L,-4
2014,1,103523,103524,Manhattan,Marist,2014-03-29,A,14,13,W,1
2014,1,103523,103505,Manhattan,Delaware,2014-04-01,H,5,10,L,-5
2014,1,103523,103501,Manhattan,Canisius,2014-04-05,A,4,9,L,-5
2014,1,103523,103520,Manhattan,Lafayette,2014-04-08,A,8,7,W,1
2014,1,103523,103531,Manhattan,Monmouth,2014-04-12,H,11,6,W,5
2014,1,103523,103507,Manhattan,Detroit Mercy,2014-04-19,H,6,5,W,1
2014,1,103523,103547,Manhattan,Siena,2014-04-26,H,7,8,L,-1
2014,1,103524,103548,Marist,Stony Brook,2014-02-14,A,13,12,W,1
2014,1,103524,103506,Marist,Denver,2014-02-22,A,9,15,L,-6
2014,1,103524,103551,Marist,"Air Force @ Denver, Colo.",2014-02-23,H,9,17,L,-8
2014,1,103524,103525,Marist,Marquette,2014-03-01,H,16,12,W,4
2014,1,103524,103550,Marist,Towson,2014-03-07,H,9,12,L,-3
2014,1,103524,103547,Marist,Siena,2014-03-15,A,8,9,L,-1
2014,1,103524,103540,Marist,Quinnipiac,2014-03-22,H,13,8,W,5
2014,1,103524,103498,Marist,Brown,2014-03-25,H,11,13,L,-2
2014,1,103524,103523,Marist,Manhattan,2014-03-29,H,13,14,L,-1
2014,1,103524,103507,Marist,Detroit Mercy,2014-04-05,A,11,12,L,-1
2014,1,103524,103516,Marist,Hofstra,2014-04-08,A,10,15,L,-5
2014,1,103524,103531,Marist,Monmouth,2014-04-19,A,12,9,W,3
2014,1,103524,103501,Marist,Canisius,2014-04-26,H,13,7,W,6
2014,1,103524,103507,Marist,Detroit Mercy,2014-05-01,H,11,9,W,2
2014,1,103524,103547,Marist,Siena,2014-05-03,H,7,11,L,-4
2014,1,103525,103521,Marquette,Lehigh,2014-02-08,A,6,13,L,-7
2014,1,103525,103516,Marquette,Hofstra,2014-02-15,A,11,9,W,2
2014,1,103525,103535,Marquette,Ohio St.,2014-02-22,A,7,11,L,-4
2014,1,103525,103524,Marquette,Marist,2014-03-01,A,12,16,L,-4
2014,1,103525,103518,Marquette,Jacksonville,2014-03-08,A,8,9,L,-1
2014,1,103525,103509,Marquette,Duke,2014-03-11,A,9,20,L,-11
2014,1,103525,103507,Marquette,Detroit Mercy,2014-03-15,A,15,10,W,5
2014,1,103525,103555,Marquette,Villanova,2014-03-22,H,8,10,L,-2
2014,1,103525,103543,Marquette,Rutgers,2014-03-29,A,14,13,W,1
2014,1,103525,103495,Marquette,Bellarmine,2014-04-01,H,7,10,L,-3
2014,1,103525,103545,Marquette,St. John's (NY),2014-04-06,A,11,10,W,1
2014,1,103525,103534,Marquette,Notre Dame,2014-04-08,H,7,12,L,-5
2014,1,103525,103539,Marquette,Providence,2014-04-12,H,7,6,W,1
2014,1,103525,103512,Marquette,Georgetown,2014-04-19,H,11,10,W,1
2014,1,103525,103506,Marquette,Denver,2014-04-26,A,9,17,L,-8
2014,1,103525,103555,Marquette,"Villanova @ Villanova, Pa.",2014-05-01,H,6,9,L,-3
2014,1,103527,103532,Maryland,Mount St. Mary's,2014-02-08,H,16,3,W,13
2014,1,103527,103526,Maryland,UMBC,2014-02-15,H,14,3,W,11
2014,1,103527,103549,Maryland,Syracuse,2014-02-22,A,16,8,W,8
2014,1,103527,103509,Maryland,Duke,2014-03-01,H,10,6,W,4
2014,1,103527,103548,Maryland,Stony Brook,2014-03-08,A,11,8,W,3
2014,1,103527,103555,Maryland,Villanova,2014-03-14,H,12,10,W,2
2014,1,103527,103530,Maryland,Michigan,2014-03-18,A,13,5,W,8
2014,1,103527,103533,Maryland,North Carolina,2014-03-22,A,8,11,L,-3
2014,1,103527,103557,Maryland,Virginia,2014-03-30,H,9,6,W,3
2014,1,103527,103542,Maryland,Robert Morris,2014-04-02,H,19,6,W,13
2014,1,103527,103519,Maryland,Johns Hopkins,2014-04-12,A,6,11,L,-5
2014,1,103527,103534,Maryland,Notre Dame,2014-04-19,A,12,8,W,4
2014,1,103527,103534,Maryland,"Notre Dame @ Chester, Pa.",2014-04-25,H,5,6,L,-1
2014,1,103527,103553,Maryland,Navy,2014-05-03,H,12,6,W,6
2014,1,103527,103503,Maryland,Cornell,2014-05-10,H,8,7,W,1
2014,1,103527,103499,Maryland,"Bryant @ Hempstead, New York",2014-05-17,H,16,8,W,8
2014,1,103527,103534,Maryland,"Notre Dame @ Baltimore, Md.",2014-05-24,H,6,11,L,-5
2014,1,103528,103552,Massachusetts,Army West Point,2014-02-08,A,6,5,W,1
2014,1,103528,103535,Massachusetts,"Ohio St. @ Jacksonville, Fla.",2014-02-16,H,12,11,W,1
2014,1,103528,103514,Massachusetts,Harvard,2014-02-22,H,8,4,W,4
2014,1,103528,103498,Massachusetts,Brown,2014-03-01,A,15,2,W,13
2014,1,103528,103494,Massachusetts,UAlbany,2014-03-08,H,10,25,L,-15
2014,1,103528,103539,Massachusetts,Providence,2014-03-11,H,16,11,W,5
2014,1,103528,103536,Massachusetts,Penn St.,2014-03-15,A,8,6,W,2
2014,1,103528,103510,Massachusetts,Fairfield,2014-03-18,A,5,11,L,-6
2014,1,103528,103513,Massachusetts,Hartford,2014-03-22,H,12,6,W,6
2014,1,103528,103550,Massachusetts,Towson,2014-04-05,H,5,6,L,-1
2014,1,103528,103508,Massachusetts,Drexel,2014-04-12,A,9,13,L,-4
2014,1,103528,103516,Massachusetts,Hofstra,2014-04-19,H,6,11,L,-5
2014,1,103528,103505,Massachusetts,Delaware,2014-04-25,A,7,15,L,-8
2014,1,103529,103497,Mercer,Boston U.,2014-02-08,H,17,6,W,11
2014,1,103529,103530,Mercer,Michigan,2014-02-14,A,7,20,L,-13
2014,1,103529,103507,Mercer,Detroit Mercy,2014-02-16,A,10,11,L,-1
2014,1,103529,103541,Mercer,Richmond,2014-02-22,H,11,7,W,4
2014,1,103529,103526,Mercer,UMBC,2014-03-11,A,6,15,L,-9
2014,1,103529,103556,Mercer,VMI,2014-03-15,H,8,3,W,5
2014,1,103529,103560,Mercer,High Point,2014-03-22,A,10,9,W,1
2014,1,103529,103520,Mercer,Lafayette,2014-03-28,A,9,8,W,1
2014,1,103529,103558,Mercer,Wagner,2014-03-30,A,16,5,W,11
2014,1,103529,103551,Mercer,Air Force,2014-04-05,A,6,19,L,-13
2014,1,103529,103518,Mercer,Jacksonville,2014-04-12,A,12,14,L,-2
2014,1,103529,103511,Mercer,Furman,2014-04-19,H,9,8,W,1
2014,1,103529,103495,Mercer,"Bellarmine @ Milton, Ga.",2014-04-26,H,6,13,L,-7
2014,1,103529,103541,Mercer,Richmond,2014-05-01,H,6,14,L,-8
2014,1,103530,103536,Michigan,Penn St.,2014-02-08,A,7,22,L,-15
2014,1,103530,103529,Michigan,Mercer,2014-02-14,H,20,7,W,13
2014,1,103530,103507,Michigan,Detroit Mercy,2014-02-19,A,14,13,W,1
2014,1,103530,103519,Michigan,Johns Hopkins,2014-02-22,A,5,14,L,-9
2014,1,103530,103503,Michigan,Cornell,2014-03-01,H,14,15,L,-1
2014,1,103530,103560,Michigan,High Point,2014-03-05,A,7,9,L,-2
2014,1,103530,103511,Michigan,Furman,2014-03-08,A,11,9,W,2
2014,1,103530,103495,Michigan,Bellarmine,2014-03-15,A,11,10,W,1
2014,1,103530,103527,Michigan,Maryland,2014-03-18,H,5,13,L,-8
2014,1,103530,103546,Michigan,Saint Joseph's,2014-03-22,H,6,15,L,-9
2014,1,103530,103551,Michigan,Air Force,2014-03-29,A,12,15,L,-3
2014,1,103530,103510,Michigan,Fairfield,2014-04-05,H,8,9,L,-1
2014,1,103530,103535,Michigan,Ohio St.,2014-04-12,A,6,15,L,-9
2014,1,103530,103559,Michigan,Yale,2014-04-19,H,7,13,L,-6
2014,1,103530,103542,Michigan,Robert Morris,2014-04-26,H,19,10,W,9
2014,1,103530,103510,Michigan,"Fairfield @ Columbus, Ohio",2014-05-01,H,5,12,L,-7
2014,1,103531,103526,Monmouth,UMBC,2014-02-22,A,8,10,L,-2
2014,1,103531,103558,Monmouth,Wagner,2014-02-26,A,6,7,L,-1
2014,1,103531,103546,Monmouth,Saint Joseph's,2014-03-04,H,6,11,L,-5
2014,1,103531,103543,Monmouth,Rutgers,2014-03-08,A,4,20,L,-16
2014,1,103531,103499,Monmouth,Bryant,2014-03-11,H,7,12,L,-5
2014,1,103531,103501,Monmouth,Canisius,2014-03-15,A,4,5,L,-1
2014,1,103531,103547,Monmouth,Siena,2014-03-22,A,3,8,L,-5
2014,1,103531,103521,Monmouth,Lehigh,2014-03-26,A,7,13,L,-6
2014,1,103531,103520,Monmouth,Lafayette,2014-04-01,H,5,9,L,-4
2014,1,103531,103540,Monmouth,Quinnipiac,2014-04-05,H,9,17,L,-8
2014,1,103531,103523,Monmouth,Manhattan,2014-04-12,A,6,11,L,-5
2014,1,103531,103524,Monmouth,Marist,2014-04-19,H,9,12,L,-3
2014,1,103531,103507,Monmouth,Detroit Mercy,2014-04-26,H,6,11,L,-5
2014,1,103532,103527,Mount St. Mary's,Maryland,2014-02-08,A,3,16,L,-13
2014,1,103532,103512,Mount St. Mary's,Georgetown,2014-02-12,A,4,10,L,-6
2014,1,103532,103505,Mount St. Mary's,Delaware,2014-02-22,A,5,15,L,-10
2014,1,103532,103557,Mount St. Mary's,Virginia,2014-02-25,H,6,14,L,-8
2014,1,103532,103550,Mount St. Mary's,Towson,2014-03-01,A,1,9,L,-8
2014,1,103532,103523,Mount St. Mary's,Manhattan,2014-03-09,A,7,8,L,-1
2014,1,103532,103508,Mount St. Mary's,Drexel,2014-03-15,H,6,9,L,-3
2014,1,103532,103526,Mount St. Mary's,UMBC,2014-03-22,H,7,17,L,-10
2014,1,103532,103542,Mount St. Mary's,Robert Morris,2014-03-25,H,8,15,L,-7
2014,1,103532,103515,Mount St. Mary's,Hobart,2014-03-29,H,5,8,L,-3
2014,1,103532,103546,Mount St. Mary's,Saint Joseph's,2014-04-01,A,5,10,L,-5
2014,1,103532,103500,Mount St. Mary's,Bucknell,2014-04-05,A,6,16,L,-10
2014,1,103532,103499,Mount St. Mary's,Bryant,2014-04-12,A,7,9,L,-2
2014,1,103532,103519,Mount St. Mary's,Johns Hopkins,2014-04-14,H,2,17,L,-15
2014,1,103532,103558,Mount St. Mary's,Wagner,2014-04-19,H,9,5,W,4
2014,1,103532,103544,Mount St. Mary's,Sacred Heart,2014-04-26,A,10,14,L,-4
2014,1,103553,103556,Navy,VMI,2014-02-08,H,18,5,W,13
2014,1,103553,103512,Navy,Georgetown,2014-02-15,H,8,9,L,-1
2014,1,103553,103500,Navy,Bucknell,2014-02-22,A,6,9,L,-3
2014,1,103553,103517,Navy,Holy Cross,2014-03-01,H,21,12,W,9
2014,1,103553,103520,Navy,Lafayette,2014-03-07,H,11,3,W,8
2014,1,103553,103550,Navy,Towson,2014-03-11,A,9,14,L,-5
2014,1,103553,103521,Navy,Lehigh,2014-03-15,A,2,13,L,-11
2014,1,103553,103502,Navy,Colgate,2014-03-22,H,7,10,L,-3
2014,1,103553,103497,Navy,Boston U.,2014-03-29,A,13,7,W,6
2014,1,103553,103522,Navy,Loyola Maryland,2014-04-05,H,6,7,L,-1
2014,1,103553,103552,Navy,Army West Point,2014-04-12,A,7,14,L,-7
2014,1,103553,103519,Navy,Johns Hopkins,2014-04-18,H,5,6,L,-1
2014,1,103553,103521,Navy,Lehigh,2014-04-22,A,6,10,L,-4
2014,1,103553,103527,Navy,Maryland,2014-05-03,A,6,12,L,-6
2014,1,103533,103511,North Carolina,Furman,2014-02-09,A,19,3,W,16
2014,1,103533,103523,North Carolina,Manhattan,2014-02-16,H,21,5,W,16
2014,1,103533,103504,North Carolina,Dartmouth,2014-02-22,H,18,5,W,13
2014,1,103533,103534,North Carolina,Notre Dame,2014-03-01,H,10,11,L,-1
2014,1,103533,103538,North Carolina,Princeton,2014-03-07,A,13,11,W,2
2014,1,103533,103500,North Carolina,Bucknell,2014-03-11,H,20,4,W,16
2014,1,103533,103509,North Carolina,Duke,2014-03-15,A,8,9,L,-1
2014,1,103533,103514,North Carolina,Harvard,2014-03-18,H,13,10,W,3
2014,1,103533,103527,North Carolina,Maryland,2014-03-22,H,11,8,W,3
2014,1,103533,103519,North Carolina,Johns Hopkins,2014-03-29,A,13,9,W,4
2014,1,103533,103557,North Carolina,Virginia,2014-04-05,H,11,10,W,1
2014,1,103533,103549,North Carolina,Syracuse,2014-04-12,A,10,11,L,-1
2014,1,103533,103560,North Carolina,High Point,2014-04-18,A,12,8,W,4
2014,1,103533,103557,North Carolina,"Virginia @ Chester, Pa.",2014-04-26,H,11,13,L,-2
2014,1,103533,103506,North Carolina,Denver,2014-05-10,A,5,9,L,-4
2014,1,103534,103518,Notre Dame,Jacksonville,2014-02-16,A,19,7,W,12
2014,1,103534,103536,Notre Dame,Penn St.,2014-02-22,H,7,8,L,-1
2014,1,103534,103533,Notre Dame,North Carolina,2014-03-01,A,11,10,W,1
2014,1,103534,103506,Notre Dame,"Denver @ Costa Mesa, Calif.",2014-03-08,H,7,10,L,-3
2014,1,103534,103557,Notre Dame,Virginia,2014-03-16,H,18,9,W,9
2014,1,103534,103535,Notre Dame,Ohio St.,2014-03-25,A,13,7,W,6
2014,1,103534,103549,Notre Dame,Syracuse,2014-03-29,A,10,11,L,-1
2014,1,103534,103509,Notre Dame,Duke,2014-04-05,H,7,15,L,-8
2014,1,103534,103525,Notre Dame,Marquette,2014-04-08,A,12,7,W,5
2014,1,103534,103542,Notre Dame,Robert Morris,2014-04-12,H,15,5,W,10
2014,1,103534,103527,Notre Dame,Maryland,2014-04-19,H,8,12,L,-4
2014,1,103534,103527,Notre Dame,"Maryland @ Chester, Pa.",2014-04-25,H,6,5,W,1
2014,1,103534,103549,Notre Dame,"Syracuse @ Chester, Pa.",2014-04-27,H,15,14,W,1
2014,1,103534,103552,Notre Dame,Army West Point,2014-05-03,H,18,17,W,1
2014,1,103534,103514,Notre Dame,Harvard,2014-05-10,H,13,5,W,8
2014,1,103534,103494,Notre Dame,"UAlbany @ Hempstead, N.Y.",2014-05-17,H,14,13,W,1
2014,1,103534,103527,Notre Dame,"Maryland @ Baltimore, Md.",2014-05-24,H,11,6,W,5
2014,1,103534,103509,Notre Dame,"Duke @ Baltimore, Md.",2014-05-26,H,9,11,L,-2
2014,1,103535,103519,Ohio St.,Johns Hopkins,2014-02-09,A,9,10,L,-1
2014,1,103535,103528,Ohio St.,"Massachusetts @ Jacksonville, Fla.",2014-02-16,H,11,12,L,-1
2014,1,103535,103525,Ohio St.,Marquette,2014-02-22,H,11,7,W,4
2014,1,103535,103536,Ohio St.,Penn St.,2014-03-01,H,8,11,L,-3
2014,1,103535,103516,Ohio St.,Hofstra,2014-03-08,A,5,7,L,-2
2014,1,103535,103506,Ohio St.,Denver,2014-03-15,A,5,9,L,-4
2014,1,103535,103495,Ohio St.,Bellarmine,2014-03-21,H,10,7,W,3
2014,1,103535,103534,Ohio St.,Notre Dame,2014-03-25,H,7,13,L,-6
2014,1,103535,103518,Ohio St.,Jacksonville,2014-03-29,H,13,2,W,11
2014,1,103535,103505,Ohio St.,Delaware,2014-04-06,A,15,9,W,6
2014,1,103535,103530,Ohio St.,Michigan,2014-04-12,H,15,6,W,9
2014,1,103535,103551,Ohio St.,Air Force,2014-04-19,H,8,6,W,2
2014,1,103535,103510,Ohio St.,Fairfield,2014-04-26,A,5,7,L,-2
2014,1,103535,103551,Ohio St.,Air Force,2014-05-01,H,7,14,L,-7
2014,1,103537,103509,Penn,Duke,2014-02-21,A,6,9,L,-3
2014,1,103537,103546,Penn,Saint Joseph's,2014-02-25,H,14,4,W,10
2014,1,103537,103506,Penn,Denver,2014-03-01,H,12,10,W,2
2014,1,103537,103555,Penn,Villanova,2014-03-08,A,12,11,W,1
2014,1,103537,103538,Penn,Princeton,2014-03-15,A,12,15,L,-3
2014,1,103537,103503,Penn,Cornell,2014-03-22,H,9,17,L,-8
2014,1,103537,103559,Penn,Yale,2014-03-29,A,6,5,W,1
2014,1,103537,103498,Penn,Brown,2014-04-05,H,10,8,W,2
2014,1,103537,103514,Penn,Harvard,2014-04-12,H,8,7,W,1
2014,1,103537,103504,Penn,Dartmouth,2014-04-19,A,9,3,W,6
2014,1,103537,103550,Penn,Towson,2014-04-22,A,15,9,W,6
2014,1,103537,103545,Penn,St. John's (NY),2014-04-25,H,17,10,W,7
2014,1,103537,103503,Penn,Cornell,2014-05-02,A,11,10,W,1
2014,1,103537,103514,Penn,Harvard,2014-05-04,A,7,5,W,2
2014,1,103537,103508,Penn,Drexel,2014-05-11,H,11,16,L,-5
2014,1,103536,103530,Penn St.,Michigan,2014-02-08,H,22,7,W,15
2014,1,103536,103522,Penn St.,Loyola Maryland,2014-02-15,H,11,12,L,-1
2014,1,103536,103534,Penn St.,Notre Dame,2014-02-22,A,8,7,W,1
2014,1,103536,103535,Penn St.,Ohio St.,2014-03-01,A,11,8,W,3
2014,1,103536,103506,Penn St.,Denver,2014-03-10,A,11,15,L,-4
2014,1,103536,103528,Penn St.,Massachusetts,2014-03-15,H,6,8,L,-2
2014,1,103536,103504,Penn St.,Dartmouth,2014-03-18,H,10,6,W,4
2014,1,103536,103494,Penn St.,UAlbany,2014-03-22,H,10,17,L,-7
2014,1,103536,103555,Penn St.,Villanova,2014-03-29,H,7,9,L,-2
2014,1,103536,103508,Penn St.,Drexel,2014-04-05,A,12,13,L,-1
2014,1,103536,103550,Penn St.,Towson,2014-04-12,A,8,1,W,7
2014,1,103536,103505,Penn St.,Delaware,2014-04-19,H,10,6,W,4
2014,1,103536,103516,Penn St.,Hofstra,2014-04-26,H,8,7,W,1
2014,1,103538,103516,Princeton,Hofstra,2014-02-22,H,12,10,W,2
2014,1,103538,103523,Princeton,Manhattan,2014-02-25,A,14,8,W,6
2014,1,103538,103519,Princeton,Johns Hopkins,2014-03-01,H,9,15,L,-6
2014,1,103538,103533,Princeton,North Carolina,2014-03-07,H,11,13,L,-2
2014,1,103538,103537,Princeton,Penn,2014-03-15,H,15,12,W,3
2014,1,103538,103555,Princeton,Villanova,2014-03-18,A,14,6,W,8
2014,1,103538,103559,Princeton,Yale,2014-03-22,A,15,16,L,-1
2014,1,103538,103498,Princeton,Brown,2014-03-29,A,10,11,L,-1
2014,1,103538,103543,Princeton,Rutgers,2014-04-05,H,15,11,W,4
2014,1,103538,103521,Princeton,Lehigh,2014-04-08,H,10,9,W,1
2014,1,103538,103504,Princeton,Dartmouth,2014-04-12,H,13,10,W,3
2014,1,103538,103514,Princeton,Harvard,2014-04-19,A,8,9,L,-1
2014,1,103538,103503,Princeton,"Cornell @ Bethpage, N.Y.",2014-04-26,H,10,12,L,-2
2014,1,103539,103554,Providence,Vermont,2014-02-22,A,8,6,W,2
2014,1,103539,103497,Providence,Boston U.,2014-02-25,A,10,7,W,3
2014,1,103539,103540,Providence,Quinnipiac,2014-03-01,H,9,16,L,-7
2014,1,103539,103510,Providence,Fairfield,2014-03-04,A,14,11,W,3
2014,1,103539,103544,Providence,Sacred Heart,2014-03-08,A,10,11,L,-1
2014,1,103539,103528,Providence,Massachusetts,2014-03-11,A,11,16,L,-5
2014,1,103539,103543,Providence,Rutgers,2014-03-15,H,6,12,L,-6
2014,1,103539,103498,Providence,Brown,2014-03-22,A,11,12,L,-1
2014,1,103539,103499,Providence,Bryant,2014-03-25,H,6,7,L,-1
2014,1,103539,103545,Providence,St. John's (NY),2014-03-29,H,7,14,L,-7
2014,1,103539,103559,Providence,Yale,2014-04-01,H,5,8,L,-3
2014,1,103539,103512,Providence,Georgetown,2014-04-05,A,8,10,L,-2
2014,1,103539,103525,Providence,Marquette,2014-04-12,A,6,7,L,-1
2014,1,103539,103506,Providence,Denver,2014-04-19,H,6,14,L,-8
2014,1,103539,103555,Providence,Villanova,2014-04-26,A,11,10,W,1
2014,1,103540,103498,Quinnipiac,Brown,2014-02-22,H,6,13,L,-7
2014,1,103540,103539,Quinnipiac,Providence,2014-03-01,A,16,9,W,7
2014,1,103540,103514,Quinnipiac,Harvard,2014-03-04,A,8,10,L,-2
2014,1,103540,103513,Quinnipiac,Hartford,2014-03-12,A,3,6,L,-3
2014,1,103540,103523,Quinnipiac,Manhattan,2014-03-15,H,10,7,W,3
2014,1,103540,103524,Quinnipiac,Marist,2014-03-22,A,8,13,L,-5
2014,1,103540,103507,Quinnipiac,Detroit Mercy,2014-03-29,A,10,9,W,1
2014,1,103540,103548,Quinnipiac,Stony Brook,2014-04-01,A,12,11,W,1
2014,1,103540,103531,Quinnipiac,Monmouth,2014-04-05,A,17,9,W,8
2014,1,103540,103501,Quinnipiac,Canisius,2014-04-12,H,10,11,L,-1
2014,1,103540,103510,Quinnipiac,Fairfield,2014-04-15,H,10,15,L,-5
2014,1,103540,103547,Quinnipiac,Siena,2014-04-19,H,12,18,L,-6
2014,1,103540,103559,Quinnipiac,Yale,2014-04-22,A,11,14,L,-3
2014,1,103540,103551,Quinnipiac,Air Force,2014-04-26,H,15,10,W,5
2014,1,103541,103557,Richmond,Virginia,2014-02-08,H,12,13,L,-1
2014,1,103541,103513,Richmond,Hartford,2014-02-16,H,11,19,L,-8
2014,1,103541,103529,Richmond,Mercer,2014-02-22,A,7,11,L,-4
2014,1,103541,103526,Richmond,UMBC,2014-03-01,A,5,14,L,-9
2014,1,103541,103517,Richmond,Holy Cross,2014-03-04,H,9,11,L,-2
2014,1,103541,103554,Richmond,Vermont,2014-03-08,H,12,11,W,1
2014,1,103541,103546,Richmond,Saint Joseph's,2014-03-15,A,4,7,L,-3
2014,1,103541,103543,Richmond,Rutgers,2014-03-17,A,7,10,L,-3
2014,1,103541,103558,Richmond,Wagner,2014-03-21,H,14,7,W,7
2014,1,103541,103499,Richmond,"Bryant @ Cold Sprg Harbor, NY",2014-03-29,H,6,9,L,-3
2014,1,103541,103511,Richmond,Furman,2014-04-05,A,13,10,W,3
2014,1,103541,103560,Richmond,High Point,2014-04-12,H,7,11,L,-4
2014,1,103541,103518,Richmond,Jacksonville,2014-04-20,H,13,12,W,1
2014,1,103541,103556,Richmond,VMI,2014-04-26,A,6,7,L,-1
2014,1,103541,103529,Richmond,Mercer,2014-05-01,A,14,6,W,8
2014,1,103541,103560,Richmond,"High Point @ Macon, Ga.",2014-05-03,H,8,7,W,1
2014,1,103541,103551,Richmond,Air Force,2014-05-07,A,5,13,L,-8
2014,1,103542,103495,Robert Morris,Bellarmine,2014-02-15,A,7,10,L,-3
2014,1,103542,103507,Robert Morris,Detroit Mercy,2014-02-23,H,11,7,W,4
2014,1,103542,103508,Robert Morris,Drexel,2014-03-01,A,12,18,L,-6
2014,1,103542,103546,Robert Morris,Saint Joseph's,2014-03-09,H,8,11,L,-3
2014,1,103542,103547,Robert Morris,Siena,2014-03-12,A,10,9,W,1
2014,1,103542,103515,Robert Morris,Hobart,2014-03-15,A,6,8,L,-2
2014,1,103542,103518,Robert Morris,Jacksonville,2014-03-22,H,13,9,W,4
2014,1,103542,103532,Robert Morris,Mount St. Mary's,2014-03-25,A,15,8,W,7
2014,1,103542,103544,Robert Morris,Sacred Heart,2014-03-29,H,7,9,L,-2
2014,1,103542,103527,Robert Morris,Maryland,2014-04-02,A,6,19,L,-13
2014,1,103542,103558,Robert Morris,Wagner,2014-04-05,A,12,7,W,5
2014,1,103542,103534,Robert Morris,Notre Dame,2014-04-12,A,5,15,L,-10
2014,1,103542,103499,Robert Morris,Bryant,2014-04-19,H,6,13,L,-7
2014,1,103542,103530,Robert Morris,Michigan,2014-04-26,A,10,19,L,-9
2014,1,103543,103523,Rutgers,Manhattan,2014-02-08,H,13,5,W,8
2014,1,103543,103558,Rutgers,Wagner,2014-02-18,A,20,5,W,15
2014,1,103543,103557,Rutgers,Virginia,2014-02-22,A,12,19,L,-7
2014,1,103543,103548,Rutgers,Stony Brook,2014-03-01,A,9,12,L,-3
2014,1,103543,103552,Rutgers,Army West Point,2014-03-04,A,9,8,W,1
2014,1,103543,103531,Rutgers,Monmouth,2014-03-08,H,20,4,W,16
2014,1,103543,103539,Rutgers,Providence,2014-03-15,A,12,6,W,6
2014,1,103543,103541,Rutgers,Richmond,2014-03-17,H,10,7,W,3
2014,1,103543,103506,Rutgers,Denver,2014-03-22,A,11,17,L,-6
2014,1,103543,103525,Rutgers,Marquette,2014-03-29,H,13,14,L,-1
2014,1,103543,103545,Rutgers,St. John's (NY),2014-04-02,H,16,13,W,3
2014,1,103543,103538,Rutgers,Princeton,2014-04-05,A,11,15,L,-4
2014,1,103543,103555,Rutgers,Villanova,2014-04-12,H,11,15,L,-4
2014,1,103543,103509,Rutgers,Duke,2014-04-19,A,8,17,L,-9
2014,1,103543,103512,Rutgers,Georgetown,2014-04-26,A,12,8,W,4
2014,1,103543,103506,Rutgers,"Denver @ Villanova, Pa.",2014-05-01,H,7,14,L,-7
2014,1,103544,103496,Sacred Heart,Binghamton,2014-02-16,H,6,8,L,-2
2014,1,103544,103560,Sacred Heart,High Point,2014-02-22,H,10,12,L,-2
2014,1,103544,103504,Sacred Heart,"Dartmouth @ Dallas, Texas",2014-03-01,H,10,14,L,-4
2014,1,103544,103539,Sacred Heart,Providence,2014-03-08,H,11,10,W,1
2014,1,103544,103548,Sacred Heart,Stony Brook,2014-03-11,A,13,14,L,-1
2014,1,103544,103513,Sacred Heart,Hartford,2014-03-15,H,10,12,L,-2
2014,1,103544,103554,Sacred Heart,Vermont,2014-03-22,A,9,13,L,-4
2014,1,103544,103542,Sacred Heart,Robert Morris,2014-03-29,A,9,7,W,2
2014,1,103544,103499,Sacred Heart,Bryant,2014-04-02,H,5,14,L,-9
2014,1,103544,103515,Sacred Heart,Hobart,2014-04-05,A,10,9,W,1
2014,1,103544,103517,Sacred Heart,Holy Cross,2014-04-08,A,12,11,W,1
2014,1,103544,103558,Sacred Heart,Wagner,2014-04-15,H,16,8,W,8
2014,1,103544,103546,Sacred Heart,Saint Joseph's,2014-04-19,A,9,21,L,-12
2014,1,103544,103532,Sacred Heart,Mount St. Mary's,2014-04-26,H,14,10,W,4
2014,1,103544,103499,Sacred Heart,"Bryant @ Philadelphia, Pa.",2014-05-01,H,8,12,L,-4
2014,1,103546,103560,Saint Joseph's,High Point,2014-02-16,A,7,9,L,-2
2014,1,103546,103556,Saint Joseph's,VMI,2014-02-22,H,14,6,W,8
2014,1,103546,103537,Saint Joseph's,Penn,2014-02-25,A,4,14,L,-10
2014,1,103546,103558,Saint Joseph's,Wagner,2014-03-01,A,12,8,W,4
2014,1,103546,103531,Saint Joseph's,Monmouth,2014-03-04,A,11,6,W,5
2014,1,103546,103542,Saint Joseph's,Robert Morris,2014-03-09,A,11,8,W,3
2014,1,103546,103541,Saint Joseph's,Richmond,2014-03-15,H,7,4,W,3
2014,1,103546,103530,Saint Joseph's,Michigan,2014-03-22,A,15,6,W,9
2014,1,103546,103508,Saint Joseph's,Drexel,2014-03-25,H,10,14,L,-4
2014,1,103546,103532,Saint Joseph's,Mount St. Mary's,2014-04-01,H,10,5,W,5
2014,1,103546,103499,Saint Joseph's,Bryant,2014-04-05,H,9,7,W,2
2014,1,103546,103505,Saint Joseph's,Delaware,2014-04-12,A,12,9,W,3
2014,1,103546,103544,Saint Joseph's,Sacred Heart,2014-04-19,H,21,9,W,12
2014,1,103546,103515,Saint Joseph's,Hobart,2014-04-26,A,15,8,W,7
2014,1,103546,103515,Saint Joseph's,Hobart,2014-05-01,H,9,10,L,-1
2014,1,103547,103549,Siena,Syracuse,2014-02-10,A,7,19,L,-12
2014,1,103547,103515,Siena,Hobart,2014-02-15,A,12,7,W,5
2014,1,103547,103496,Siena,Binghamton,2014-02-22,A,13,9,W,4
2014,1,103547,103545,Siena,St. John's (NY),2014-03-01,A,9,14,L,-5
2014,1,103547,103513,Siena,Hartford,2014-03-08,A,11,10,W,1
2014,1,103547,103542,Siena,Robert Morris,2014-03-12,H,9,10,L,-1
2014,1,103547,103524,Siena,Marist,2014-03-15,H,9,8,W,1
2014,1,103547,103531,Siena,Monmouth,2014-03-22,H,8,3,W,5
2014,1,103547,103501,Siena,Canisius,2014-03-29,H,10,7,W,3
2014,1,103547,103516,Siena,Hofstra,2014-04-05,A,6,7,L,-1
2014,1,103547,103507,Siena,Detroit Mercy,2014-04-12,A,9,8,W,1
2014,1,103547,103540,Siena,Quinnipiac,2014-04-19,A,18,12,W,6
2014,1,103547,103494,Siena,UAlbany,2014-04-22,A,11,19,L,-8
2014,1,103547,103523,Siena,Manhattan,2014-04-26,A,8,7,W,1
2014,1,103547,103501,Siena,"Canisius @ Poughkeepsie, NY",2014-05-01,H,14,11,W,3
2014,1,103547,103524,Siena,Marist,2014-05-03,A,11,7,W,4
2014,1,103547,103499,Siena,Bryant,2014-05-07,A,8,9,L,-1
2014,1,103545,103517,St. John's (NY),Holy Cross,2014-02-16,H,15,13,W,2
2014,1,103545,103559,St. John's (NY),Yale,2014-02-22,A,6,10,L,-4
2014,1,103545,103547,St. John's (NY),Siena,2014-03-01,H,14,9,W,5
2014,1,103545,103508,St. John's (NY),Drexel,2014-03-04,A,11,16,L,-5
2014,1,103545,103549,St. John's (NY),"Syracuse @ Kennesaw, Ga.",2014-03-08,H,8,14,L,-6
2014,1,103545,103512,St. John's (NY),Georgetown,2014-03-15,H,15,7,W,8
2014,1,103545,103516,St. John's (NY),Hofstra,2014-03-18,H,11,10,W,1
2014,1,103545,103548,St. John's (NY),Stony Brook,2014-03-22,A,13,11,W,2
2014,1,103545,103539,St. John's (NY),Providence,2014-03-29,A,14,7,W,7
2014,1,103545,103543,St. John's (NY),Rutgers,2014-04-02,A,13,16,L,-3
2014,1,103545,103525,St. John's (NY),Marquette,2014-04-06,H,10,11,L,-1
2014,1,103545,103506,St. John's (NY),Denver,2014-04-12,A,9,16,L,-7
2014,1,103545,103555,St. John's (NY),Villanova,2014-04-19,H,11,10,W,1
2014,1,103545,103537,St. John's (NY),Penn,2014-04-25,A,10,17,L,-7
2014,1,103548,103524,Stony Brook,Marist,2014-02-14,H,12,13,L,-1
2014,1,103548,103520,Stony Brook,Lafayette,2014-02-18,H,18,10,W,8
2014,1,103548,103509,Stony Brook,Duke,2014-02-23,A,6,14,L,-8
2014,1,103548,103543,Stony Brook,Rutgers,2014-03-01,H,12,9,W,3
2014,1,103548,103527,Stony Brook,Maryland,2014-03-08,H,8,11,L,-3
2014,1,103548,103544,Stony Brook,Sacred Heart,2014-03-11,H,14,13,W,1
2014,1,103548,103510,Stony Brook,Fairfield,2014-03-15,A,13,15,L,-2
2014,1,103548,103523,Stony Brook,Manhattan,2014-03-18,H,12,8,W,4
2014,1,103548,103545,Stony Brook,St. John's (NY),2014-03-22,H,11,13,L,-2
2014,1,103548,103526,Stony Brook,UMBC,2014-03-28,A,11,12,L,-1
2014,1,103548,103540,Stony Brook,Quinnipiac,2014-04-01,H,11,12,L,-1
2014,1,103548,103554,Stony Brook,Vermont,2014-04-05,H,10,7,W,3
2014,1,103548,103494,Stony Brook,UAlbany,2014-04-12,A,7,17,L,-10
2014,1,103548,103496,Stony Brook,Binghamton,2014-04-19,A,11,14,L,-3
2014,1,103548,103513,Stony Brook,Hartford,2014-04-25,H,14,10,W,4
2014,1,103548,103494,Stony Brook,"UAlbany @ Stony Brook, N.Y.",2014-05-01,H,16,17,L,-1
2014,1,103549,103547,Syracuse,Siena,2014-02-10,H,19,7,W,12
2014,1,103549,103494,Syracuse,UAlbany,2014-02-16,H,17,16,W,1
2014,1,103549,103527,Syracuse,Maryland,2014-02-22,H,8,16,L,-8
2014,1,103549,103557,Syracuse,Virginia,2014-03-01,A,12,17,L,-5
2014,1,103549,103545,Syracuse,"St. John's (NY) @ Kennesaw, Ga.",2014-03-08,H,14,8,W,6
2014,1,103549,103519,Syracuse,Johns Hopkins,2014-03-15,A,12,10,W,2
2014,1,103549,103509,Syracuse,Duke,2014-03-23,A,7,21,L,-14
2014,1,103549,103534,Syracuse,Notre Dame,2014-03-29,H,11,10,W,1
2014,1,103549,103496,Syracuse,Binghamton,2014-04-02,H,10,8,W,2
2014,1,103549,103503,Syracuse,Cornell,2014-04-08,A,14,9,W,5
2014,1,103549,103533,Syracuse,North Carolina,2014-04-12,H,11,10,W,1
2014,1,103549,103515,Syracuse,Hobart,2014-04-19,A,15,9,W,6
2014,1,103549,103509,Syracuse,"Duke @ Chester, Pa.",2014-04-25,H,16,15,W,1
2014,1,103549,103534,Syracuse,"Notre Dame @ Chester, Pa.",2014-04-27,H,14,15,L,-1
2014,1,103549,103502,Syracuse,Colgate,2014-05-03,H,19,6,W,13
2014,1,103549,103499,Syracuse,Bryant,2014-05-11,H,9,10,L,-1
2014,1,103550,103560,Towson,High Point,2014-02-08,H,11,8,W,3
2014,1,103550,103519,Towson,Johns Hopkins,2014-02-15,A,8,15,L,-7
2014,1,103550,103522,Towson,Loyola Maryland,2014-02-19,A,4,20,L,-16
2014,1,103550,103512,Towson,Georgetown,2014-02-22,H,8,7,W,1
2014,1,103550,103532,Towson,Mount St. Mary's,2014-03-01,H,9,1,W,8
2014,1,103550,103524,Towson,Marist,2014-03-07,A,12,9,W,3
2014,1,103550,103553,Towson,Navy,2014-03-11,H,14,9,W,5
2014,1,103550,103526,Towson,UMBC,2014-03-18,H,10,8,W,2
2014,1,103550,103505,Towson,Delaware,2014-03-22,H,11,8,W,3
2014,1,103550,103516,Towson,Hofstra,2014-03-29,A,7,9,L,-2
2014,1,103550,103528,Towson,Massachusetts,2014-04-05,A,6,5,W,1
2014,1,103550,103536,Towson,Penn St.,2014-04-12,H,1,8,L,-7
2014,1,103550,103508,Towson,Drexel,2014-04-19,H,7,13,L,-6
2014,1,103550,103537,Towson,Penn,2014-04-22,H,9,15,L,-6
2014,1,103550,103508,Towson,Drexel,2014-05-01,A,10,11,L,-1
2014,1,103494,103549,UAlbany,Syracuse,2014-02-16,A,16,17,L,-1
2014,1,103494,103508,UAlbany,Drexel,2014-02-22,H,13,14,L,-1
2014,1,103494,103514,UAlbany,Harvard,2014-03-01,H,14,8,W,6
2014,1,103494,103528,UAlbany,Massachusetts,2014-03-08,A,25,10,W,15
2014,1,103494,103499,UAlbany,Bryant,2014-03-15,H,11,12,L,-1
2014,1,103494,103536,UAlbany,Penn St.,2014-03-22,A,17,10,W,7
2014,1,103494,103501,UAlbany,Canisius,2014-03-25,H,10,14,L,-4
2014,1,103494,103554,UAlbany,Vermont,2014-03-29,H,20,9,W,11
2014,1,103494,103519,UAlbany,Johns Hopkins,2014-04-04,A,8,13,L,-5
2014,1,103494,103513,UAlbany,Hartford,2014-04-06,A,15,11,W,4
2014,1,103494,103548,UAlbany,Stony Brook,2014-04-12,H,17,7,W,10
2014,1,103494,103526,UAlbany,UMBC,2014-04-19,A,18,14,W,4
2014,1,103494,103547,UAlbany,Siena,2014-04-22,H,19,11,W,8
2014,1,103494,103496,UAlbany,Binghamton,2014-04-26,H,21,7,W,14
2014,1,103494,103548,UAlbany,"Stony Brook @ Stony Brook, N.Y.",2014-05-01,H,17,16,W,1
2014,1,103494,103526,UAlbany,"UMBC @ Stony Brook, N.Y.",2014-05-03,H,20,11,W,9
2014,1,103494,103522,UAlbany,Loyola Maryland,2014-05-10,A,13,6,W,7
2014,1,103494,103534,UAlbany,"Notre Dame @ Hempstead, N.Y.",2014-05-17,H,13,14,L,-1
2014,1,103526,103527,UMBC,Maryland,2014-02-15,A,3,14,L,-11
2014,1,103526,103531,UMBC,Monmouth,2014-02-22,H,10,8,W,2
2014,1,103526,103541,UMBC,Richmond,2014-03-01,H,14,5,W,9
2014,1,103526,103519,UMBC,Johns Hopkins,2014-03-08,H,8,15,L,-7
2014,1,103526,103529,UMBC,Mercer,2014-03-11,H,15,6,W,9
2014,1,103526,103560,UMBC,High Point,2014-03-15,A,15,17,L,-2
2014,1,103526,103550,UMBC,Towson,2014-03-18,A,8,10,L,-2
2014,1,103526,103532,UMBC,Mount St. Mary's,2014-03-22,A,17,7,W,10
2014,1,103526,103548,UMBC,Stony Brook,2014-03-28,H,12,11,W,1
2014,1,103526,103496,UMBC,Binghamton,2014-04-06,A,7,13,L,-6
2014,1,103526,103513,UMBC,Hartford,2014-04-12,H,16,11,W,5
2014,1,103526,103494,UMBC,UAlbany,2014-04-19,H,14,18,L,-4
2014,1,103526,103554,UMBC,Vermont,2014-04-26,A,17,14,W,3
2014,1,103526,103496,UMBC,"Binghamton @ Stony Brook, N.Y.",2014-05-01,H,16,10,W,6
2014,1,103526,103494,UMBC,"UAlbany @ Stony Brook, N.Y.",2014-05-03,H,11,20,L,-9
2014,1,103556,103553,VMI,Navy,2014-02-08,A,5,18,L,-13
2014,1,103556,103552,VMI,Army West Point,2014-02-16,H,6,15,L,-9
2014,1,103556,103546,VMI,Saint Joseph's,2014-02-22,A,6,14,L,-8
2014,1,103556,103507,VMI,Detroit Mercy,2014-03-01,H,6,8,L,-2
2014,1,103556,103551,VMI,Air Force,2014-03-02,H,6,4,W,2
2014,1,103556,103554,VMI,Vermont,2014-03-05,H,7,18,L,-11
2014,1,103556,103560,VMI,High Point,2014-03-08,A,8,9,L,-1
2014,1,103556,103529,VMI,Mercer,2014-03-15,A,3,8,L,-5
2014,1,103556,103558,VMI,Wagner,2014-03-18,H,6,7,L,-1
2014,1,103556,103557,VMI,Virginia,2014-03-24,A,3,21,L,-18
2014,1,103556,103518,VMI,Jacksonville,2014-04-05,A,5,14,L,-9
2014,1,103556,103511,VMI,Furman,2014-04-12,H,12,13,L,-1
2014,1,103556,103501,VMI,Canisius,2014-04-19,A,7,19,L,-12
2014,1,103556,103541,VMI,Richmond,2014-04-26,H,7,6,W,1
2014,1,103554,103502,Vermont,Colgate,2014-02-15,A,3,13,L,-10
2014,1,103554,103539,Vermont,Providence,2014-02-22,H,6,8,L,-2
2014,1,103554,103504,Vermont,Dartmouth,2014-02-25,H,13,8,W,5
2014,1,103554,103497,Vermont,Boston U.,2014-03-01,A,13,9,W,4
2014,1,103554,103556,Vermont,VMI,2014-03-05,A,18,7,W,11
2014,1,103554,103541,Vermont,Richmond,2014-03-08,A,11,12,L,-1
2014,1,103554,103558,Vermont,Wagner,2014-03-15,A,11,10,W,1
2014,1,103554,103544,Vermont,Sacred Heart,2014-03-22,H,13,9,W,4
2014,1,103554,103494,Vermont,UAlbany,2014-03-29,A,9,20,L,-11
2014,1,103554,103548,Vermont,Stony Brook,2014-04-05,A,7,10,L,-3
2014,1,103554,103496,Vermont,Binghamton,2014-04-12,H,6,9,L,-3
2014,1,103554,103513,Vermont,Hartford,2014-04-19,A,7,11,L,-4
2014,1,103554,103526,Vermont,UMBC,2014-04-26,H,14,17,L,-3
2014,1,103555,103521,Villanova,Lehigh,2014-02-16,A,6,7,L,-1
2014,1,103555,103508,Villanova,Drexel,2014-02-25,H,11,10,W,1
2014,1,103555,103505,Villanova,Delaware,2014-03-01,A,9,11,L,-2
2014,1,103555,103537,Villanova,Penn,2014-03-08,H,11,12,L,-1
2014,1,103555,103527,Villanova,Maryland,2014-03-14,A,10,12,L,-2
2014,1,103555,103538,Villanova,Princeton,2014-03-18,H,6,14,L,-8
2014,1,103555,103525,Villanova,Marquette,2014-03-22,A,10,8,W,2
2014,1,103555,103512,Villanova,Georgetown,2014-03-26,H,13,8,W,5
2014,1,103555,103536,Villanova,Penn St.,2014-03-29,A,9,7,W,2
2014,1,103555,103506,Villanova,Denver,2014-04-04,H,8,9,L,-1
2014,1,103555,103543,Villanova,Rutgers,2014-04-12,A,15,11,W,4
2014,1,103555,103545,Villanova,St. John's (NY),2014-04-19,A,10,11,L,-1
2014,1,103555,103519,Villanova,Johns Hopkins,2014-04-23,A,7,13,L,-6
2014,1,103555,103539,Villanova,Providence,2014-04-26,H,10,11,L,-1
2014,1,103555,103525,Villanova,"Marquette @ Villanova, Pa.",2014-05-01,H,9,6,W,3
2014,1,103555,103506,Villanova,Denver,2014-05-03,A,7,14,L,-7
2014,1,103557,103522,Virginia,Loyola Maryland,2014-02-06,H,14,13,W,1
2014,1,103557,103541,Virginia,Richmond,2014-02-08,A,13,12,W,1
2014,1,103557,103508,Virginia,Drexel,2014-02-16,A,11,10,W,1
2014,1,103557,103543,Virginia,Rutgers,2014-02-22,H,19,12,W,7
2014,1,103557,103532,Virginia,Mount St. Mary's,2014-02-25,A,14,6,W,8
2014,1,103557,103549,Virginia,Syracuse,2014-03-01,H,17,12,W,5
2014,1,103557,103503,Virginia,Cornell,2014-03-08,A,9,12,L,-3
2014,1,103557,103534,Virginia,Notre Dame,2014-03-16,A,9,18,L,-9
2014,1,103557,103519,Virginia,Johns Hopkins,2014-03-22,H,11,10,W,1
2014,1,103557,103556,Virginia,VMI,2014-03-24,H,21,3,W,18
2014,1,103557,103527,Virginia,Maryland,2014-03-30,A,6,9,L,-3
2014,1,103557,103533,Virginia,North Carolina,2014-04-05,A,10,11,L,-1
2014,1,103557,103509,Virginia,Duke,2014-04-11,H,15,17,L,-2
2014,1,103557,103495,Virginia,Bellarmine,2014-04-19,H,12,8,W,4
2014,1,103557,103533,Virginia,"North Carolina @ Chester, Pa.",2014-04-26,H,13,11,W,2
2014,1,103557,103519,Virginia,Johns Hopkins,2014-05-11,H,8,14,L,-6
2014,1,103558,103543,Wagner,Rutgers,2014-02-18,H,5,20,L,-15
2014,1,103558,103531,Wagner,Monmouth,2014-02-26,H,7,6,W,1
2014,1,103558,103546,Wagner,Saint Joseph's,2014-03-01,H,8,12,L,-4
2014,1,103558,103507,Wagner,Detroit Mercy,2014-03-08,H,8,9,L,-1
2014,1,103558,103554,Wagner,Vermont,2014-03-15,H,10,11,L,-1
2014,1,103558,103556,Wagner,VMI,2014-03-18,A,7,6,W,1
2014,1,103558,103541,Wagner,Richmond,2014-03-21,A,7,14,L,-7
2014,1,103558,103529,Wagner,Mercer,2014-03-30,H,5,16,L,-11
2014,1,103558,103542,Wagner,Robert Morris,2014-04-05,H,7,12,L,-5
2014,1,103558,103515,Wagner,Hobart,2014-04-11,H,6,15,L,-9
2014,1,103558,103544,Wagner,Sacred Heart,2014-04-15,A,8,16,L,-8
2014,1,103558,103532,Wagner,Mount St. Mary's,2014-04-19,A,5,9,L,-4
2014,1,103558,103499,Wagner,Bryant,2014-04-26,A,7,15,L,-8
2014,1,103559,103545,Yale,St. John's (NY),2014-02-22,H,10,6,W,4
2014,1,103559,103499,Yale,Bryant,2014-03-01,A,9,8,W,1
2014,1,103559,103510,Yale,Fairfield,2014-03-08,A,11,12,L,-1
2014,1,103559,103521,Yale,Lehigh,2014-03-11,H,10,2,W,8
2014,1,103559,103503,Yale,Cornell,2014-03-15,A,9,11,L,-2
2014,1,103559,103538,Yale,Princeton,2014-03-22,H,16,15,W,1
2014,1,103559,103537,Yale,Penn,2014-03-29,H,5,6,L,-1
2014,1,103559,103539,Yale,Providence,2014-04-01,A,8,5,W,3
2014,1,103559,103504,Yale,Dartmouth,2014-04-05,A,16,10,W,6
2014,1,103559,103498,Yale,Brown,2014-04-11,A,7,6,W,1
2014,1,103559,103530,Yale,Michigan,2014-04-19,A,13,7,W,6
2014,1,103559,103540,Yale,Quinnipiac,2014-04-22,H,14,11,W,3
2014,1,103559,103514,Yale,Harvard,2014-04-26,H,10,11,L,-1
2014,1,103559,103514,Yale,Harvard,2014-05-02,A,9,10,L,-1
2015,1,105982,105938,Air Force,Duke,2015-02-08,A,7,13,L,-6
2015,1,105982,105954,Air Force,Marist,2015-02-14,H,6,7,L,-1
2015,1,105982,105935,Air Force,Denver,2015-02-21,A,6,16,L,-10
2015,1,105982,105930,Air Force,Canisius,2015-02-22,H,13,6,W,7
2015,1,105982,105940,Air Force,Furman,2015-02-28,A,6,4,W,2
2015,1,105982,105985,Air Force,"Vermont @ Bethesda, Md.",2015-03-07,H,10,11,L,-1
2015,1,105982,105987,Air Force,"VMI @ Bethesda, Md.",2015-03-08,H,12,8,W,4
2015,1,105982,105936,Air Force,Detroit Mercy,2015-03-14,H,9,6,W,3
2015,1,105982,105991,Air Force,High Point,2015-03-21,A,9,10,L,-1
2015,1,105982,105947,Air Force,Jacksonville,2015-03-28,H,18,5,W,13
2015,1,105982,105924,Air Force,"Bellarmine @ Southlake, Texas",2015-04-04,H,11,8,W,3
2015,1,105982,105959,Air Force,Mercer,2015-04-11,A,10,7,W,3
2015,1,105982,105973,Air Force,Robert Morris,2015-04-18,H,10,9,W,1
2015,1,105982,105971,Air Force,Quinnipiac,2015-04-23,H,10,12,L,-2
2015,1,105982,105984,Air Force,Navy,2015-05-02,H,8,9,L,-1
2015,1,105983,105958,Army West Point,Massachusetts,2015-02-07,A,12,7,W,5
2015,1,105983,105987,Army West Point,VMI,2015-02-09,H,24,3,W,21
2015,1,105983,105947,Army West Point,Jacksonville,2015-02-15,A,20,4,W,16
2015,1,105983,105980,Army West Point,Syracuse,2015-02-22,A,9,12,L,-3
2015,1,105983,105949,Army West Point,Lafayette,2015-02-28,H,14,3,W,11
2015,1,105983,105974,Army West Point,Rutgers,2015-03-03,A,9,7,W,2
2015,1,105983,105946,Army West Point,Holy Cross,2015-03-07,A,6,7,L,-1
2015,1,105983,105952,Army West Point,Loyola Maryland,2015-03-14,H,10,12,L,-2
2015,1,105983,105950,Army West Point,Lehigh,2015-03-21,A,7,5,W,2
2015,1,105983,105929,Army West Point,Bucknell,2015-03-28,A,12,4,W,8
2015,1,105983,105926,Army West Point,Boston U.,2015-04-04,H,17,8,W,9
2015,1,105983,105984,Army West Point,Navy,2015-04-11,A,7,10,L,-3
2015,1,105983,105931,Army West Point,Colgate,2015-04-17,H,5,8,L,-3
2015,1,105983,105952,Army West Point,Loyola Maryland,2015-04-21,A,12,11,W,1
2015,1,105983,105984,Army West Point,Navy,2015-04-24,A,11,7,W,4
2015,1,105983,105931,Army West Point,"Colgate @ Annapolis, Md.",2015-04-26,H,8,11,L,-3
2015,1,105983,105965,Army West Point,Notre Dame,2015-05-02,H,8,17,L,-9
2015,1,105924,105960,Bellarmine,Michigan,2015-02-07,A,9,16,L,-7
2015,1,105924,105973,Bellarmine,Robert Morris,2015-02-14,A,13,10,W,3
2015,1,105924,105966,Bellarmine,Ohio St.,2015-02-27,H,7,8,L,-1
2015,1,105924,105936,Bellarmine,Detroit Mercy,2015-03-01,H,11,14,L,-3
2015,1,105924,105940,Bellarmine,Furman,2015-03-14,A,7,9,L,-2
2015,1,105924,105987,Bellarmine,VMI,2015-03-21,H,17,7,W,10
2015,1,105924,105959,Bellarmine,Mercer,2015-03-28,A,6,8,L,-2
2015,1,105924,105955,Bellarmine,Marquette,2015-03-31,H,9,3,W,6
2015,1,105924,105982,Bellarmine,"Air Force @ Southlake, Texas",2015-04-04,H,8,11,L,-3
2015,1,105924,105947,Bellarmine,Jacksonville,2015-04-11,H,17,9,W,8
2015,1,105924,105972,Bellarmine,Richmond,2015-04-18,H,6,11,L,-5
2015,1,105924,105991,Bellarmine,High Point,2015-04-25,A,9,10,L,-1
2015,1,105925,105954,Binghamton,Marist,2015-02-22,H,9,12,L,-3
2015,1,105925,105932,Binghamton,"Cornell @ Binghamton, NY",2015-02-24,H,10,17,L,-7
2015,1,105925,105944,Binghamton,Hobart,2015-02-28,H,10,11,L,-1
2015,1,105925,105934,Binghamton,Delaware,2015-03-08,A,11,7,W,4
2015,1,105925,105956,Binghamton,UMBC,2015-03-14,A,13,4,W,9
2015,1,105925,105981,Binghamton,Towson,2015-03-21,H,8,9,L,-1
2015,1,105925,105937,Binghamton,Drexel,2015-03-24,A,5,9,L,-4
2015,1,105925,105942,Binghamton,Hartford,2015-03-28,H,12,13,L,-1
2015,1,105925,105951,Binghamton,UMass Lowell,2015-04-04,A,14,6,W,8
2015,1,105925,105923,Binghamton,UAlbany,2015-04-11,H,11,15,L,-4
2015,1,105925,105930,Binghamton,Canisius,2015-04-14,A,11,9,W,2
2015,1,105925,105979,Binghamton,Stony Brook,2015-04-19,A,13,14,L,-1
2015,1,105925,105985,Binghamton,Vermont,2015-04-25,H,13,14,L,-1
2015,1,105926,105959,Boston U.,Mercer,2015-02-07,H,18,6,W,12
2015,1,105926,105930,Boston U.,Canisius,2015-02-14,H,13,9,W,4
2015,1,105926,105950,Boston U.,Lehigh,2015-02-21,A,9,10,L,-1
2015,1,105926,105970,Boston U.,Providence,2015-02-25,A,4,7,L,-3
2015,1,105926,105985,Boston U.,Vermont,2015-02-28,A,15,7,W,8
2015,1,105926,105931,Boston U.,Colgate,2015-03-07,A,18,11,W,7
2015,1,105926,105949,Boston U.,Lafayette,2015-03-14,H,17,8,W,9
2015,1,105926,105929,Boston U.,Bucknell,2015-03-21,H,11,9,W,2
2015,1,105926,105984,Boston U.,Navy,2015-03-28,A,6,14,L,-8
2015,1,105926,105983,Boston U.,Army West Point,2015-04-04,A,8,17,L,-9
2015,1,105926,105943,Boston U.,Harvard,2015-04-07,H,8,9,L,-1
2015,1,105926,105952,Boston U.,Loyola Maryland,2015-04-11,H,6,8,L,-2
2015,1,105926,105946,Boston U.,Holy Cross,2015-04-17,H,10,12,L,-2
2015,1,105926,105938,Boston U.,Duke,2015-05-03,A,7,13,L,-6
2015,1,105927,105971,Brown,Quinnipiac,2015-02-21,H,17,6,W,11
2015,1,105927,105958,Brown,Massachusetts,2015-02-28,A,18,12,W,6
2015,1,105927,105942,Brown,Hartford,2015-03-04,A,17,8,W,9
2015,1,105927,105960,Brown,Michigan,2015-03-08,A,22,12,W,10
2015,1,105927,105943,Brown,Harvard,2015-03-14,H,14,9,W,5
2015,1,105927,105929,Brown,Bucknell,2015-03-17,H,9,10,L,-1
2015,1,105927,105953,Brown,Manhattan,2015-03-21,H,22,9,W,13
2015,1,105927,105954,Brown,Marist,2015-03-24,H,16,15,W,1
2015,1,105927,105969,Brown,Princeton,2015-03-29,A,10,8,W,2
2015,1,105927,105968,Brown,Penn,2015-04-04,H,11,14,L,-3
2015,1,105927,105990,Brown,Yale,2015-04-11,A,10,16,L,-6
2015,1,105927,105970,Brown,Providence,2015-04-14,A,15,11,W,4
2015,1,105927,105932,Brown,Cornell,2015-04-18,H,15,6,W,9
2015,1,105927,105928,Brown,Bryant,2015-04-21,A,9,8,W,1
2015,1,105927,105933,Brown,Dartmouth,2015-04-25,A,17,8,W,9
2015,1,105927,105990,Brown,Yale,2015-05-01,H,6,10,L,-4
2015,1,105927,105935,Brown,Denver,2015-05-10,A,9,15,L,-6
2015,1,105928,105931,Bryant,Colgate,2015-02-07,H,5,9,L,-4
2015,1,105928,105929,Bryant,Bucknell,2015-02-14,A,5,7,L,-2
2015,1,105928,105942,Bryant,Hartford,2015-02-21,H,11,9,W,2
2015,1,105928,105990,Bryant,Yale,2015-02-28,A,9,16,L,-7
2015,1,105928,105937,Bryant,Drexel,2015-03-07,A,8,11,L,-3
2015,1,105928,105963,Bryant,North Carolina,2015-03-10,A,9,10,L,-1
2015,1,105928,105944,Bryant,Hobart,2015-03-21,A,6,7,L,-1
2015,1,105928,105970,Bryant,Providence,2015-03-24,H,7,5,W,2
2015,1,105928,105977,Bryant,Saint Joseph's,2015-03-29,H,7,8,L,-1
2015,1,105928,105989,Bryant,Wagner,2015-04-04,A,5,3,W,2
2015,1,105928,105975,Bryant,Sacred Heart,2015-04-07,H,16,6,W,10
2015,1,105928,105973,Bryant,Robert Morris,2015-04-11,H,10,8,W,2
2015,1,105928,105923,Bryant,UAlbany,2015-04-14,H,8,10,L,-2
2015,1,105928,105962,Bryant,Mount St. Mary's,2015-04-18,A,8,6,W,2
2015,1,105928,105927,Bryant,Brown,2015-04-21,H,8,9,L,-1
2015,1,105928,105944,Bryant,"Hobart @ Philadelphia, Pa.",2015-04-30,H,11,8,W,3
2015,1,105928,105977,Bryant,Saint Joseph's,2015-05-02,A,10,6,W,4
2015,1,105928,105954,Bryant,Marist,2015-05-06,A,6,10,L,-4
2015,1,105929,105934,Bucknell,Delaware,2015-02-07,A,11,12,L,-1
2015,1,105929,105928,Bucknell,Bryant,2015-02-14,H,7,5,W,2
2015,1,105929,105984,Bucknell,Navy,2015-02-21,A,8,7,W,1
2015,1,105929,105931,Bucknell,Colgate,2015-02-28,H,8,10,L,-2
2015,1,105929,105950,Bucknell,Lehigh,2015-03-07,A,9,8,W,1
2015,1,105929,105939,Bucknell,Fairfield,2015-03-10,H,10,9,W,1
2015,1,105929,105946,Bucknell,Holy Cross,2015-03-14,H,15,6,W,9
2015,1,105929,105927,Bucknell,Brown,2015-03-17,A,10,9,W,1
2015,1,105929,105926,Bucknell,Boston U.,2015-03-21,A,9,11,L,-2
2015,1,105929,105983,Bucknell,Army West Point,2015-03-28,H,4,12,L,-8
2015,1,105929,105962,Bucknell,Mount St. Mary's,2015-04-04,A,11,12,L,-1
2015,1,105929,105949,Bucknell,"Lafayette @ Folsom, Pa.",2015-04-11,H,14,13,W,1
2015,1,105929,105952,Bucknell,Loyola Maryland,2015-04-17,H,10,9,W,1
2015,1,105929,105950,Bucknell,Lehigh,2015-04-21,H,13,8,W,5
2015,1,105929,105931,Bucknell,"Colgate @ Annapolis, Md.",2015-04-24,H,5,18,L,-13
2015,1,105930,105926,Canisius,Boston U.,2015-02-14,A,9,13,L,-4
2015,1,105930,105940,Canisius,"Furman @ Denver, Colo.",2015-02-21,H,8,9,L,-1
2015,1,105930,105982,Canisius,Air Force,2015-02-22,A,6,13,L,-7
2015,1,105930,105960,Canisius,Michigan,2015-02-28,A,5,13,L,-8
2015,1,105930,105944,Canisius,Hobart,2015-03-10,A,4,10,L,-6
2015,1,105930,105953,Canisius,Manhattan,2015-03-14,A,8,4,W,4
2015,1,105930,105923,Canisius,UAlbany,2015-03-17,H,6,26,L,-20
2015,1,105930,105954,Canisius,Marist,2015-03-21,H,7,9,L,-2
2015,1,105930,105978,Canisius,Siena,2015-03-28,H,10,9,W,1
2015,1,105930,105961,Canisius,Monmouth,2015-04-04,A,7,10,L,-3
2015,1,105930,105932,Canisius,Cornell,2015-04-07,A,6,12,L,-6
2015,1,105930,105971,Canisius,Quinnipiac,2015-04-11,H,7,9,L,-2
2015,1,105930,105925,Canisius,Binghamton,2015-04-14,H,9,11,L,-2
2015,1,105930,105987,Canisius,VMI,2015-04-19,A,20,6,W,14
2015,1,105930,105936,Canisius,Detroit Mercy,2015-04-25,A,6,11,L,-5
2015,1,105931,105928,Colgate,Bryant,2015-02-07,A,9,5,W,4
2015,1,105931,105985,Colgate,Vermont,2015-02-14,A,10,8,W,2
2015,1,105931,105949,Colgate,Lafayette,2015-02-21,H,12,10,W,2
2015,1,105931,105929,Colgate,Bucknell,2015-02-28,A,10,8,W,2
2015,1,105931,105926,Colgate,Boston U.,2015-03-07,H,11,18,L,-7
2015,1,105931,105939,Colgate,Fairfield,2015-03-14,A,9,13,L,-4
2015,1,105931,105932,Colgate,Cornell,2015-03-17,A,9,10,L,-1
2015,1,105931,105984,Colgate,Navy,2015-03-21,H,6,7,L,-1
2015,1,105931,105952,Colgate,Loyola Maryland,2015-03-28,A,11,4,W,7
2015,1,105931,105950,Colgate,Lehigh,2015-04-04,H,12,8,W,4
2015,1,105931,105946,Colgate,Holy Cross,2015-04-11,A,14,13,W,1
2015,1,105931,105983,Colgate,Army West Point,2015-04-17,A,8,5,W,3
2015,1,105931,105929,Colgate,"Bucknell @ Annapolis, Md.",2015-04-24,H,18,5,W,13
2015,1,105931,105983,Colgate,"Army West Point @ Annapolis, Md.",2015-04-26,H,11,8,W,3
2015,1,105931,105980,Colgate,Syracuse,2015-05-02,H,7,9,L,-2
2015,1,105931,105963,Colgate,North Carolina,2015-05-10,A,12,19,L,-7
2015,1,105932,105980,Cornell,Syracuse,2015-02-15,A,6,14,L,-8
2015,1,105932,105944,Cornell,"Hobart @ Binghamton, N.Y.",2015-02-20,H,16,8,W,8
2015,1,105932,105925,Cornell,"Binghamton @ Binghamton, NY",2015-02-24,H,17,10,W,7
2015,1,105932,105923,Cornell,"UAlbany @ Dallas, Texas",2015-02-28,H,16,9,W,7
2015,1,105932,105988,Cornell,Virginia,2015-03-07,A,14,15,L,-1
2015,1,105932,105990,Cornell,Yale,2015-03-14,A,14,7,W,7
2015,1,105932,105931,Cornell,Colgate,2015-03-17,H,10,9,W,1
2015,1,105932,105968,Cornell,Penn,2015-03-21,H,10,9,W,1
2015,1,105932,105933,Cornell,Dartmouth,2015-03-28,H,8,2,W,6
2015,1,105932,105943,Cornell,Harvard,2015-04-04,A,9,10,L,-1
2015,1,105932,105930,Cornell,Canisius,2015-04-07,H,12,6,W,6
2015,1,105932,105945,Cornell,Hofstra,2015-04-11,H,14,5,W,9
2015,1,105932,105927,Cornell,Brown,2015-04-18,A,6,15,L,-9
2015,1,105932,105969,Cornell,Princeton,2015-04-25,H,15,10,W,5
2015,1,105932,105969,Cornell,"Princeton @ Providence, RI",2015-05-01,H,7,11,L,-4
2015,1,105932,105923,Cornell,UAlbany,2015-05-09,H,10,19,L,-9
2015,1,105933,105966,Dartmouth,Ohio St.,2015-02-21,A,5,15,L,-10
2015,1,105933,105965,Dartmouth,Notre Dame,2015-02-28,A,5,20,L,-15
2015,1,105933,105975,Dartmouth,Sacred Heart,2015-03-04,H,9,10,L,-1
2015,1,105933,105989,Dartmouth,Wagner,2015-03-07,A,11,10,W,1
2015,1,105933,105943,Dartmouth,Harvard,2015-03-21,H,12,11,W,1
2015,1,105933,105985,Dartmouth,Vermont,2015-03-24,H,16,15,W,1
2015,1,105933,105932,Dartmouth,Cornell,2015-03-28,A,2,8,L,-6
2015,1,105933,105990,Dartmouth,Yale,2015-04-04,A,4,10,L,-6
2015,1,105933,105969,Dartmouth,Princeton,2015-04-11,H,5,16,L,-11
2015,1,105933,105964,Dartmouth,NJIT,2015-04-14,A,7,5,W,2
2015,1,105933,105968,Dartmouth,Penn,2015-04-18,A,12,15,L,-3
2015,1,105933,105951,Dartmouth,UMass Lowell,2015-04-21,H,18,9,W,9
2015,1,105933,105927,Dartmouth,Brown,2015-04-25,H,8,17,L,-9
2015,1,105934,105991,Delaware,High Point,2015-02-01,A,10,15,L,-5
2015,1,105934,105929,Delaware,Bucknell,2015-02-07,H,12,11,W,1
2015,1,105934,105966,Delaware,Ohio St.,2015-02-15,A,3,10,L,-7
2015,1,105934,105962,Delaware,Mount St. Mary's,2015-02-24,A,11,10,W,1
2015,1,105934,105986,Delaware,Villanova,2015-02-28,A,4,10,L,-6
2015,1,105934,105946,Delaware,Holy Cross,2015-03-03,H,18,6,W,12
2015,1,105934,105925,Delaware,Binghamton,2015-03-08,H,7,11,L,-4
2015,1,105934,105974,Delaware,Rutgers,2015-03-14,H,12,17,L,-5
2015,1,105934,105953,Delaware,Manhattan,2015-03-18,H,12,5,W,7
2015,1,105934,105977,Delaware,Saint Joseph's,2015-03-21,H,6,14,L,-8
2015,1,105934,105945,Delaware,Hofstra,2015-03-28,H,5,9,L,-4
2015,1,105934,105981,Delaware,Towson,2015-04-04,H,7,12,L,-5
2015,1,105934,105937,Delaware,Drexel,2015-04-11,A,8,9,L,-1
2015,1,105934,105939,Delaware,Fairfield,2015-04-18,A,11,12,L,-1
2015,1,105934,105958,Delaware,Massachusetts,2015-04-24,A,10,9,W,1
2015,1,105935,105938,Denver,"Duke @ Kennesaw, Ga.",2015-02-14,H,17,13,W,4
2015,1,105935,105982,Denver,Air Force,2015-02-21,H,16,6,W,10
2015,1,105935,105940,Denver,"Furman @ USAFA, Colo.",2015-02-22,H,10,5,W,5
2015,1,105935,105963,Denver,North Carolina,2015-02-27,A,10,12,L,-2
2015,1,105935,105965,Denver,Notre Dame,2015-03-07,H,11,10,W,1
2015,1,105935,105966,Denver,Ohio St.,2015-03-14,A,11,13,L,-2
2015,1,105935,105950,Denver,Lehigh,2015-03-17,A,10,4,W,6
2015,1,105935,105967,Denver,"Penn St. @ Hempstead, New York",2015-03-21,H,10,8,W,2
2015,1,105935,105941,Denver,Georgetown,2015-03-28,H,19,7,W,12
2015,1,105935,105986,Denver,Villanova,2015-04-03,H,15,4,W,11
2015,1,105935,105976,Denver,St. John's (NY),2015-04-11,A,18,5,W,13
2015,1,105935,105970,Denver,Providence,2015-04-18,H,13,9,W,4
2015,1,105935,105955,Denver,Marquette,2015-04-25,A,18,11,W,7
2015,1,105935,105986,Denver,Villanova,2015-04-30,A,16,9,W,7
2015,1,105935,105941,Denver,"Georgetown @ Villanova, Pa.",2015-05-02,H,16,8,W,8
2015,1,105935,105927,Denver,Brown,2015-05-10,H,15,9,W,6
2015,1,105935,105966,Denver,"Ohio St. @ Denver, Colo.",2015-05-16,H,15,13,W,2
2015,1,105935,105965,Denver,"Notre Dame @ Philadelphia, Pa.",2015-05-23,H,11,10,W,1
2015,1,105935,105957,Denver,"Maryland @ Philadelphia, Pa.",2015-05-25,H,10,5,W,5
2015,1,105936,105966,Detroit Mercy,Ohio St.,2015-02-07,H,9,8,W,1
2015,1,105936,105960,Detroit Mercy,Michigan,2015-02-14,A,6,15,L,-9
2015,1,105936,105973,Detroit Mercy,Robert Morris,2015-02-21,H,11,10,W,1
2015,1,105936,105955,Detroit Mercy,"Marquette @ Louisville, KY",2015-02-27,H,6,12,L,-6
2015,1,105936,105924,Detroit Mercy,Bellarmine,2015-03-01,A,14,11,W,3
2015,1,105936,105959,Detroit Mercy,Mercer,2015-03-04,H,12,7,W,5
2015,1,105936,105982,Detroit Mercy,Air Force,2015-03-14,A,6,9,L,-3
2015,1,105936,105971,Detroit Mercy,Quinnipiac,2015-03-21,A,12,13,L,-1
2015,1,105936,105953,Detroit Mercy,Manhattan,2015-03-28,H,13,7,W,6
2015,1,105936,105954,Detroit Mercy,Marist,2015-04-04,A,7,8,L,-1
2015,1,105936,105961,Detroit Mercy,Monmouth,2015-04-11,H,9,8,W,1
2015,1,105936,105978,Detroit Mercy,Siena,2015-04-18,A,14,13,W,1
2015,1,105936,105930,Detroit Mercy,Canisius,2015-04-25,H,11,6,W,5
2015,1,105936,105971,Detroit Mercy,"Quinnipiac @ Poughkeepsie, N.Y.",2015-04-30,H,9,16,L,-7
2015,1,105937,105988,Drexel,Virginia,2015-02-14,A,10,14,L,-4
2015,1,105937,105923,Drexel,UAlbany,2015-02-21,H,8,15,L,-7
2015,1,105937,105986,Drexel,Villanova,2015-02-24,H,11,14,L,-3
2015,1,105937,105957,Drexel,Maryland,2015-02-28,A,3,12,L,-9
2015,1,105937,105977,Drexel,Saint Joseph's,2015-03-03,H,11,7,W,4
2015,1,105937,105928,Drexel,Bryant,2015-03-07,H,11,8,W,3
2015,1,105937,105976,Drexel,St. John's (NY),2015-03-14,A,9,10,L,-1
2015,1,105937,105960,Drexel,Michigan,2015-03-21,A,9,7,W,2
2015,1,105937,105925,Drexel,Binghamton,2015-03-24,H,9,5,W,4
2015,1,105937,105939,Drexel,Fairfield,2015-03-28,H,4,7,L,-3
2015,1,105937,105945,Drexel,Hofstra,2015-04-04,A,8,7,W,1
2015,1,105937,105934,Drexel,Delaware,2015-04-11,H,9,8,W,1
2015,1,105937,105958,Drexel,Massachusetts,2015-04-18,A,9,12,L,-3
2015,1,105937,105981,Drexel,Towson,2015-04-25,H,11,10,W,1
2015,1,105937,105981,Drexel,"Towson @ Fairfield, Conn.",2015-04-30,H,8,11,L,-3
2015,1,105938,105991,Duke,High Point,2015-02-07,A,16,13,W,3
2015,1,105938,105982,Duke,Air Force,2015-02-08,H,13,7,W,6
2015,1,105938,105935,Duke,"Denver @ Kennesaw, Ga.",2015-02-14,H,13,17,L,-4
2015,1,105938,105959,Duke,Mercer,2015-02-15,A,16,6,W,10
2015,1,105938,105943,Duke,Harvard,2015-02-28,H,21,14,W,7
2015,1,105938,105970,Duke,Providence,2015-03-01,H,20,8,W,12
2015,1,105938,105952,Duke,Loyola Maryland,2015-03-07,H,14,8,W,6
2015,1,105938,105941,Duke,Georgetown,2015-03-14,A,15,13,W,2
2015,1,105938,105980,Duke,Syracuse,2015-03-22,A,7,19,L,-12
2015,1,105938,105963,Duke,North Carolina,2015-03-29,A,14,15,L,-1
2015,1,105938,105965,Duke,Notre Dame,2015-04-04,H,10,15,L,-5
2015,1,105938,105988,Duke,Virginia,2015-04-12,H,15,8,W,7
2015,1,105938,105979,Duke,Stony Brook,2015-04-15,A,17,11,W,6
2015,1,105938,105955,Duke,Marquette,2015-04-18,A,15,8,W,7
2015,1,105938,105965,Duke,"Notre Dame @ Chester, Pa.",2015-04-24,H,13,8,W,5
2015,1,105938,105980,Duke,"Syracuse @ Chester, Pa.",2015-04-26,H,14,15,L,-1
2015,1,105938,105926,Duke,Boston U.,2015-05-03,H,13,7,W,6
2015,1,105938,105966,Duke,Ohio St.,2015-05-09,H,11,16,L,-5
2015,1,105939,105946,Fairfield,Holy Cross,2015-02-14,H,9,10,L,-1
2015,1,105939,105970,Fairfield,Providence,2015-02-18,A,10,6,W,4
2015,1,105939,105953,Fairfield,Manhattan,2015-02-21,H,15,4,W,11
2015,1,105939,105979,Fairfield,Stony Brook,2015-02-28,A,9,10,L,-1
2015,1,105939,105990,Fairfield,Yale,2015-03-07,A,8,9,L,-1
2015,1,105939,105929,Fairfield,Bucknell,2015-03-10,A,9,10,L,-1
2015,1,105939,105931,Fairfield,Colgate,2015-03-14,H,13,9,W,4
2015,1,105939,105951,Fairfield,UMass Lowell,2015-03-17,A,11,5,W,6
2015,1,105939,105986,Fairfield,Villanova,2015-03-21,H,11,4,W,7
2015,1,105939,105937,Fairfield,Drexel,2015-03-28,A,7,4,W,3
2015,1,105939,105958,Fairfield,Massachusetts,2015-04-04,A,10,9,W,1
2015,1,105939,105981,Fairfield,Towson,2015-04-11,H,7,8,L,-1
2015,1,105939,105934,Fairfield,Delaware,2015-04-18,H,12,11,W,1
2015,1,105939,105945,Fairfield,Hofstra,2015-04-24,H,5,4,W,1
2015,1,105939,105958,Fairfield,Massachusetts,2015-04-30,H,8,9,L,-1
2015,1,105940,105963,Furman,North Carolina,2015-02-07,A,4,19,L,-15
2015,1,105940,105950,Furman,Lehigh,2015-02-14,H,11,14,L,-3
2015,1,105940,105930,Furman,"Canisius @ Denver, Colo.",2015-02-21,H,9,8,W,1
2015,1,105940,105935,Furman,"Denver @ USAFA, Colo.",2015-02-22,H,5,10,L,-5
2015,1,105940,105982,Furman,Air Force,2015-02-28,H,4,6,L,-2
2015,1,105940,105962,Furman,Mount St. Mary's,2015-03-07,H,6,7,L,-1
2015,1,105940,105924,Furman,Bellarmine,2015-03-14,H,9,7,W,2
2015,1,105940,105959,Furman,Mercer,2015-03-21,H,10,11,L,-1
2015,1,105940,105991,Furman,High Point,2015-03-28,A,3,10,L,-7
2015,1,105940,105972,Furman,Richmond,2015-04-04,A,2,8,L,-6
2015,1,105940,105987,Furman,VMI,2015-04-11,H,13,5,W,8
2015,1,105940,105947,Furman,Jacksonville,2015-04-25,A,11,7,W,4
2015,1,105940,105972,Furman,Richmond,2015-04-30,A,7,8,L,-1
2015,1,105941,105965,Georgetown,Notre Dame,2015-02-14,A,12,14,L,-2
2015,1,105941,105981,Georgetown,Towson,2015-02-22,H,6,9,L,-3
2015,1,105941,105945,Georgetown,Hofstra,2015-02-28,H,13,11,W,2
2015,1,105941,105962,Georgetown,Mount St. Mary's,2015-03-04,A,11,5,W,6
2015,1,105941,105944,Georgetown,Hobart,2015-03-07,H,15,10,W,5
2015,1,105941,105985,Georgetown,Vermont,2015-03-10,H,18,10,W,8
2015,1,105941,105938,Georgetown,Duke,2015-03-14,H,13,15,L,-2
2015,1,105941,105952,Georgetown,Loyola Maryland,2015-03-18,A,13,12,W,1
2015,1,105941,105955,Georgetown,Marquette,2015-03-21,H,10,9,W,1
2015,1,105941,105935,Georgetown,Denver,2015-03-28,A,7,19,L,-12
2015,1,105941,105970,Georgetown,Providence,2015-04-04,A,9,6,W,3
2015,1,105941,105986,Georgetown,Villanova,2015-04-11,H,17,8,W,9
2015,1,105941,105988,Georgetown,Virginia,2015-04-18,A,9,12,L,-3
2015,1,105941,105976,Georgetown,St. John's (NY),2015-04-25,H,13,10,W,3
2015,1,105941,105955,Georgetown,"Marquette @ Villanova, Pa.",2015-04-30,H,12,8,W,4
2015,1,105941,105935,Georgetown,"Denver @ Villanova, Pa.",2015-05-02,H,8,16,L,-8
2015,1,105942,105928,Hartford,Bryant,2015-02-21,A,9,11,L,-2
2015,1,105942,105953,Hartford,Manhattan,2015-02-28,H,15,5,W,10
2015,1,105942,105927,Hartford,Brown,2015-03-04,H,8,17,L,-9
2015,1,105942,105971,Hartford,Quinnipiac,2015-03-07,A,10,9,W,1
2015,1,105942,105951,Hartford,UMass Lowell,2015-03-14,H,13,5,W,8
2015,1,105942,105946,Hartford,Holy Cross,2015-03-17,A,2,11,L,-9
2015,1,105942,105923,Hartford,UAlbany,2015-03-21,A,6,24,L,-18
2015,1,105942,105925,Hartford,Binghamton,2015-03-28,A,13,12,W,1
2015,1,105942,105978,Hartford,Siena,2015-03-31,A,14,9,W,5
2015,1,105942,105956,Hartford,UMBC,2015-04-04,H,9,8,W,1
2015,1,105942,105958,Hartford,Massachusetts,2015-04-11,H,15,8,W,7
2015,1,105942,105975,Hartford,Sacred Heart,2015-04-14,H,8,9,L,-1
2015,1,105942,105985,Hartford,Vermont,2015-04-18,A,11,14,L,-3
2015,1,105942,105979,Hartford,Stony Brook,2015-04-24,H,8,9,L,-1
2015,1,105942,105923,Hartford,UAlbany,2015-04-30,A,6,15,L,-9
2015,1,105943,105958,Harvard,Massachusetts,2015-02-21,H,14,13,W,1
2015,1,105943,105938,Harvard,Duke,2015-02-28,A,14,21,L,-7
2015,1,105943,105971,Harvard,Quinnipiac,2015-03-03,H,17,12,W,5
2015,1,105943,105967,Harvard,Penn St.,2015-03-07,H,12,9,W,3
2015,1,105943,105946,Harvard,Holy Cross,2015-03-09,A,20,9,W,11
2015,1,105943,105927,Harvard,Brown,2015-03-14,A,9,14,L,-5
2015,1,105943,105963,Harvard,North Carolina,2015-03-17,A,10,15,L,-5
2015,1,105943,105933,Harvard,Dartmouth,2015-03-21,A,11,12,L,-1
2015,1,105943,105923,Harvard,UAlbany,2015-03-25,H,18,21,L,-3
2015,1,105943,105932,Harvard,Cornell,2015-04-04,H,10,9,W,1
2015,1,105943,105926,Harvard,Boston U.,2015-04-07,A,9,8,W,1
2015,1,105943,105968,Harvard,Penn,2015-04-11,H,9,10,L,-1
2015,1,105943,105969,Harvard,Princeton,2015-04-17,A,11,12,L,-1
2015,1,105943,105990,Harvard,Yale,2015-04-25,H,8,7,W,1
2015,1,105991,105934,High Point,Delaware,2015-02-01,H,15,10,W,5
2015,1,105991,105938,High Point,Duke,2015-02-07,H,13,16,L,-3
2015,1,105991,105963,High Point,North Carolina,2015-02-10,A,9,15,L,-6
2015,1,105991,105977,High Point,Saint Joseph's,2015-02-14,A,11,12,L,-1
2015,1,105991,105975,High Point,Sacred Heart,2015-02-21,H,13,5,W,8
2015,1,105991,105973,High Point,Robert Morris,2015-02-28,H,13,10,W,3
2015,1,105991,105954,High Point,Marist,2015-03-07,A,9,10,L,-1
2015,1,105991,105959,High Point,Mercer,2015-03-14,A,11,12,L,-1
2015,1,105991,105982,High Point,Air Force,2015-03-21,H,10,9,W,1
2015,1,105991,105940,High Point,Furman,2015-03-28,H,10,3,W,7
2015,1,105991,105947,High Point,Jacksonville,2015-04-04,A,9,6,W,3
2015,1,105991,105972,High Point,Richmond,2015-04-11,H,9,20,L,-11
2015,1,105991,105987,High Point,VMI,2015-04-17,A,18,5,W,13
2015,1,105991,105924,High Point,Bellarmine,2015-04-25,H,10,9,W,1
2015,1,105991,105959,High Point,"Mercer @ Richmond, Va.",2015-04-30,H,7,6,W,1
2015,1,105991,105972,High Point,Richmond,2015-05-02,A,9,8,W,1
2015,1,105991,105981,High Point,Towson,2015-05-06,A,8,10,L,-2
2015,1,105944,105978,Hobart,Siena,2015-02-13,A,12,8,W,4
2015,1,105944,105932,Hobart,"Cornell @ Binghamton, N.Y.",2015-02-20,H,8,16,L,-8
2015,1,105944,105925,Hobart,Binghamton,2015-02-28,A,11,10,W,1
2015,1,105944,105941,Hobart,Georgetown,2015-03-07,A,10,15,L,-5
2015,1,105944,105930,Hobart,Canisius,2015-03-10,H,10,4,W,6
2015,1,105944,105981,Hobart,Towson,2015-03-14,A,6,9,L,-3
2015,1,105944,105928,Hobart,Bryant,2015-03-21,H,7,6,W,1
2015,1,105944,105973,Hobart,Robert Morris,2015-03-28,A,7,6,W,1
2015,1,105944,105975,Hobart,Sacred Heart,2015-04-04,A,13,5,W,8
2015,1,105944,105989,Hobart,Wagner,2015-04-11,H,7,6,W,1
2015,1,105944,105980,Hobart,Syracuse,2015-04-14,A,5,18,L,-13
2015,1,105944,105977,Hobart,Saint Joseph's,2015-04-18,A,6,7,L,-1
2015,1,105944,105962,Hobart,Mount St. Mary's,2015-04-25,H,8,10,L,-2
2015,1,105944,105928,Hobart,"Bryant @ Philadelphia, Pa.",2015-04-30,H,8,11,L,-3
2015,1,105945,105955,Hofstra,Marquette,2015-02-14,H,10,11,L,-1
2015,1,105945,105969,Hofstra,Princeton,2015-02-21,A,12,14,L,-2
2015,1,105945,105953,Hofstra,Manhattan,2015-02-24,H,18,0,W,18
2015,1,105945,105941,Hofstra,Georgetown,2015-02-28,A,11,13,L,-2
2015,1,105945,105966,Hofstra,Ohio St.,2015-03-07,A,8,9,L,-1
2015,1,105945,105970,Hofstra,Providence,2015-03-14,H,15,4,W,11
2015,1,105945,105976,Hofstra,St. John's (NY),2015-03-17,H,10,7,W,3
2015,1,105945,105958,Hofstra,Massachusetts,2015-03-21,H,7,9,L,-2
2015,1,105945,105934,Hofstra,Delaware,2015-03-28,A,9,5,W,4
2015,1,105945,105937,Hofstra,Drexel,2015-04-04,H,7,8,L,-1
2015,1,105945,105954,Hofstra,Marist,2015-04-07,H,8,11,L,-3
2015,1,105945,105932,Hofstra,Cornell,2015-04-11,A,5,14,L,-9
2015,1,105945,105981,Hofstra,Towson,2015-04-18,A,9,2,W,7
2015,1,105945,105939,Hofstra,Fairfield,2015-04-24,A,4,5,L,-1
2015,1,105946,105939,Holy Cross,Fairfield,2015-02-14,A,10,9,W,1
2015,1,105946,105952,Holy Cross,Loyola Maryland,2015-02-21,A,13,12,W,1
2015,1,105946,105984,Holy Cross,Navy,2015-02-28,H,6,7,L,-1
2015,1,105946,105934,Holy Cross,Delaware,2015-03-03,A,6,18,L,-12
2015,1,105946,105983,Holy Cross,Army West Point,2015-03-07,H,7,6,W,1
2015,1,105946,105943,Holy Cross,Harvard,2015-03-09,H,9,20,L,-11
2015,1,105946,105929,Holy Cross,Bucknell,2015-03-14,A,6,15,L,-9
2015,1,105946,105942,Holy Cross,Hartford,2015-03-17,H,11,2,W,9
2015,1,105946,105976,Holy Cross,St. John's (NY),2015-03-21,H,13,11,W,2
2015,1,105946,105950,Holy Cross,Lehigh,2015-03-28,H,7,19,L,-12
2015,1,105946,105949,Holy Cross,Lafayette,2015-04-04,A,7,11,L,-4
2015,1,105946,105931,Holy Cross,Colgate,2015-04-11,H,13,14,L,-1
2015,1,105946,105926,Holy Cross,Boston U.,2015-04-17,A,12,10,W,2
2015,1,105947,105983,Jacksonville,Army West Point,2015-02-15,H,4,20,L,-16
2015,1,105947,105976,Jacksonville,St. John's (NY),2015-02-21,H,12,11,W,1
2015,1,105947,105960,Jacksonville,Michigan,2015-03-03,H,14,8,W,6
2015,1,105947,105955,Jacksonville,Marquette,2015-03-06,H,10,12,L,-2
2015,1,105947,105973,Jacksonville,Robert Morris,2015-03-11,H,18,13,W,5
2015,1,105947,105987,Jacksonville,VMI,2015-03-14,A,8,3,W,5
2015,1,105947,105972,Jacksonville,Richmond,2015-03-21,H,8,17,L,-9
2015,1,105947,105982,Jacksonville,Air Force,2015-03-28,A,5,18,L,-13
2015,1,105947,105991,Jacksonville,High Point,2015-04-04,H,6,9,L,-3
2015,1,105947,105924,Jacksonville,Bellarmine,2015-04-11,A,9,17,L,-8
2015,1,105947,105959,Jacksonville,Mercer,2015-04-18,A,8,9,L,-1
2015,1,105947,105940,Jacksonville,Furman,2015-04-25,H,7,11,L,-4
2015,1,105948,105956,Johns Hopkins,UMBC,2015-02-07,H,16,4,W,12
2015,1,105948,105981,Johns Hopkins,Towson,2015-02-10,A,5,7,L,-2
2015,1,105948,105986,Johns Hopkins,Villanova,2015-02-14,A,13,10,W,3
2015,1,105948,105963,Johns Hopkins,North Carolina,2015-02-21,A,11,13,L,-2
2015,1,105948,105969,Johns Hopkins,Princeton,2015-02-28,H,15,16,L,-1
2015,1,105948,105984,Johns Hopkins,Navy,2015-03-07,H,13,8,W,5
2015,1,105948,105980,Johns Hopkins,Syracuse,2015-03-14,A,10,13,L,-3
2015,1,105948,105988,Johns Hopkins,Virginia,2015-03-21,H,15,16,L,-1
2015,1,105948,105974,Johns Hopkins,Rutgers,2015-03-28,H,9,7,W,2
2015,1,105948,105966,Johns Hopkins,Ohio St.,2015-04-05,A,12,15,L,-3
2015,1,105948,105967,Johns Hopkins,Penn St.,2015-04-11,H,11,10,W,1
2015,1,105948,105960,Johns Hopkins,Michigan,2015-04-18,H,16,9,W,7
2015,1,105948,105957,Johns Hopkins,Maryland,2015-04-25,A,15,12,W,3
2015,1,105948,105967,Johns Hopkins,"Penn St. @ College Park, MD",2015-04-30,H,14,9,W,5
2015,1,105948,105966,Johns Hopkins,"Ohio St. @ College Park, MD",2015-05-02,H,13,6,W,7
2015,1,105948,105988,Johns Hopkins,Virginia,2015-05-10,A,19,7,W,12
2015,1,105948,105980,Johns Hopkins,"Syracuse @ Annapolis, Md.",2015-05-17,H,16,15,W,1
2015,1,105948,105957,Johns Hopkins,"Maryland @ Philadelphia, Pa.",2015-05-23,H,11,12,L,-1
2015,1,105949,105989,Lafayette,Wagner,2015-02-13,A,10,5,W,5
2015,1,105949,105931,Lafayette,Colgate,2015-02-21,A,10,12,L,-2
2015,1,105949,105983,Lafayette,Army West Point,2015-02-28,A,3,14,L,-11
2015,1,105949,105968,Lafayette,Penn,2015-03-03,H,6,9,L,-3
2015,1,105949,105984,Lafayette,Navy,2015-03-10,H,4,18,L,-14
2015,1,105949,105926,Lafayette,Boston U.,2015-03-14,A,8,17,L,-9
2015,1,105949,105975,Lafayette,Sacred Heart,2015-03-17,A,11,14,L,-3
2015,1,105949,105952,Lafayette,Loyola Maryland,2015-03-21,H,10,19,L,-9
2015,1,105949,105956,Lafayette,UMBC,2015-03-27,A,7,18,L,-11
2015,1,105949,105961,Lafayette,Monmouth,2015-03-31,H,8,7,W,1
2015,1,105949,105946,Lafayette,Holy Cross,2015-04-04,H,11,7,W,4
2015,1,105949,105964,Lafayette,NJIT,2015-04-07,H,16,6,W,10
2015,1,105949,105929,Lafayette,"Bucknell @ Folsom, Pa.",2015-04-11,H,13,14,L,-1
2015,1,105949,105950,Lafayette,Lehigh,2015-04-17,A,10,11,L,-1
2015,1,105950,105955,Lehigh,Marquette,2015-02-07,H,9,10,L,-1
2015,1,105950,105940,Lehigh,Furman,2015-02-14,A,14,11,W,3
2015,1,105950,105926,Lehigh,Boston U.,2015-02-21,H,10,9,W,1
2015,1,105950,105952,Lehigh,Loyola Maryland,2015-02-28,A,8,11,L,-3
2015,1,105950,105929,Lehigh,Bucknell,2015-03-07,H,8,9,L,-1
2015,1,105950,105986,Lehigh,Villanova,2015-03-10,A,3,8,L,-5
2015,1,105950,105984,Lehigh,Navy,2015-03-14,A,12,13,L,-1
2015,1,105950,105935,Lehigh,Denver,2015-03-17,H,4,10,L,-6
2015,1,105950,105983,Lehigh,Army West Point,2015-03-21,H,5,7,L,-2
2015,1,105950,105961,Lehigh,Monmouth,2015-03-24,A,16,5,W,11
2015,1,105950,105946,Lehigh,Holy Cross,2015-03-28,A,19,7,W,12
2015,1,105950,105931,Lehigh,Colgate,2015-04-04,A,8,12,L,-4
2015,1,105950,105969,Lehigh,Princeton,2015-04-07,H,16,15,W,1
2015,1,105950,105979,Lehigh,Stony Brook,2015-04-12,A,12,11,W,1
2015,1,105950,105949,Lehigh,Lafayette,2015-04-17,H,11,10,W,1
2015,1,105950,105929,Lehigh,Bucknell,2015-04-21,A,8,13,L,-5
2015,1,105952,105988,Loyola Maryland,Virginia,2015-02-07,H,12,13,L,-1
2015,1,105952,105967,Loyola Maryland,Penn St.,2015-02-14,H,8,6,W,2
2015,1,105952,105981,Loyola Maryland,Towson,2015-02-18,A,15,11,W,4
2015,1,105952,105946,Loyola Maryland,Holy Cross,2015-02-21,H,12,13,L,-1
2015,1,105952,105950,Loyola Maryland,Lehigh,2015-02-28,H,11,8,W,3
2015,1,105952,105938,Loyola Maryland,Duke,2015-03-07,A,8,14,L,-6
2015,1,105952,105983,Loyola Maryland,Army West Point,2015-03-14,A,12,10,W,2
2015,1,105952,105941,Loyola Maryland,Georgetown,2015-03-18,H,12,13,L,-1
2015,1,105952,105949,Loyola Maryland,Lafayette,2015-03-21,A,19,10,W,9
2015,1,105952,105931,Loyola Maryland,Colgate,2015-03-28,H,4,11,L,-7
2015,1,105952,105984,Loyola Maryland,Navy,2015-04-04,H,17,7,W,10
2015,1,105952,105957,Loyola Maryland,Maryland,2015-04-08,A,10,11,L,-1
2015,1,105952,105926,Loyola Maryland,Boston U.,2015-04-11,A,8,6,W,2
2015,1,105952,105929,Loyola Maryland,Bucknell,2015-04-17,A,9,10,L,-1
2015,1,105952,105983,Loyola Maryland,Army West Point,2015-04-21,H,11,12,L,-1
2015,1,105953,105979,Manhattan,Stony Brook,2015-02-07,A,3,19,L,-16
2015,1,105953,105969,Manhattan,Princeton,2015-02-14,A,4,14,L,-10
2015,1,105953,105939,Manhattan,Fairfield,2015-02-21,A,4,15,L,-11
2015,1,105953,105945,Manhattan,Hofstra,2015-02-24,A,0,18,L,-18
2015,1,105953,105942,Manhattan,Hartford,2015-02-28,A,5,15,L,-10
2015,1,105953,105963,Manhattan,North Carolina,2015-03-07,A,6,26,L,-20
2015,1,105953,105930,Manhattan,Canisius,2015-03-14,H,4,8,L,-4
2015,1,105953,105934,Manhattan,Delaware,2015-03-18,A,5,12,L,-7
2015,1,105953,105927,Manhattan,Brown,2015-03-21,A,9,22,L,-13
2015,1,105953,105936,Manhattan,Detroit Mercy,2015-03-28,A,7,13,L,-6
2015,1,105953,105964,Manhattan,NJIT,2015-03-31,H,7,5,W,2
2015,1,105953,105971,Manhattan,Quinnipiac,2015-04-04,H,6,8,L,-2
2015,1,105953,105978,Manhattan,Siena,2015-04-11,A,6,14,L,-8
2015,1,105953,105954,Manhattan,Marist,2015-04-18,H,3,15,L,-12
2015,1,105953,105961,Manhattan,Monmouth,2015-04-25,A,5,14,L,-9
2015,1,105954,105982,Marist,Air Force,2015-02-14,A,7,6,W,1
2015,1,105954,105925,Marist,Binghamton,2015-02-22,A,12,9,W,3
2015,1,105954,105979,Marist,Stony Brook,2015-03-04,H,10,14,L,-4
2015,1,105954,105991,Marist,High Point,2015-03-07,H,10,9,W,1
2015,1,105954,105967,Marist,"Penn St. @ Babson Park, Mass.",2015-03-10,H,8,9,L,-1
2015,1,105954,105961,Marist,Monmouth,2015-03-14,H,10,3,W,7
2015,1,105954,105930,Marist,Canisius,2015-03-21,A,9,7,W,2
2015,1,105954,105927,Marist,Brown,2015-03-24,A,15,16,L,-1
2015,1,105954,105971,Marist,Quinnipiac,2015-03-28,A,17,10,W,7
2015,1,105954,105936,Marist,Detroit Mercy,2015-04-04,H,8,7,W,1
2015,1,105954,105945,Marist,Hofstra,2015-04-07,A,11,8,W,3
2015,1,105954,105964,Marist,NJIT,2015-04-11,H,20,4,W,16
2015,1,105954,105953,Marist,Manhattan,2015-04-18,A,15,3,W,12
2015,1,105954,105978,Marist,Siena,2015-04-25,H,15,4,W,11
2015,1,105954,105961,Marist,Monmouth,2015-04-30,H,11,6,W,5
2015,1,105954,105971,Marist,Quinnipiac,2015-05-02,H,16,14,W,2
2015,1,105954,105928,Marist,Bryant,2015-05-06,H,10,6,W,4
2015,1,105954,105980,Marist,Syracuse,2015-05-10,A,8,20,L,-12
2015,1,105955,105950,Marquette,Lehigh,2015-02-07,A,10,9,W,1
2015,1,105955,105945,Marquette,Hofstra,2015-02-14,A,11,10,W,1
2015,1,105955,105972,Marquette,Richmond,2015-02-22,A,11,10,W,1
2015,1,105955,105936,Marquette,"Detroit Mercy @ Louisville, KY",2015-02-27,H,12,6,W,6
2015,1,105955,105966,Marquette,"Ohio St. @ Louisville, KY",2015-03-01,H,10,9,W,1
2015,1,105955,105947,Marquette,Jacksonville,2015-03-06,A,12,10,W,2
2015,1,105955,105959,Marquette,Mercer,2015-03-08,A,14,6,W,8
2015,1,105955,105941,Marquette,Georgetown,2015-03-21,A,9,10,L,-1
2015,1,105955,105986,Marquette,Villanova,2015-03-28,A,9,8,W,1
2015,1,105955,105924,Marquette,Bellarmine,2015-03-31,A,3,9,L,-6
2015,1,105955,105976,Marquette,St. John's (NY),2015-04-04,H,14,12,W,2
2015,1,105955,105965,Marquette,Notre Dame,2015-04-07,A,7,14,L,-7
2015,1,105955,105970,Marquette,Providence,2015-04-11,A,14,10,W,4
2015,1,105955,105938,Marquette,Duke,2015-04-18,H,8,15,L,-7
2015,1,105955,105935,Marquette,Denver,2015-04-25,H,11,18,L,-7
2015,1,105955,105941,Marquette,"Georgetown @ Villanova, Pa.",2015-04-30,H,8,12,L,-4
2015,1,105957,105984,Maryland,Navy,2015-02-14,A,8,1,W,7
2015,1,105957,105990,Maryland,Yale,2015-02-21,A,6,10,L,-4
2015,1,105957,105968,Maryland,Penn,2015-02-24,H,11,7,W,4
2015,1,105957,105937,Maryland,Drexel,2015-02-28,H,12,3,W,9
2015,1,105957,105969,Maryland,Princeton,2015-03-07,H,11,4,W,7
2015,1,105957,105986,Maryland,Villanova,2015-03-14,A,11,2,W,9
2015,1,105957,105963,Maryland,"North Carolina @ Santa Ana, Calif.",2015-03-21,H,10,8,W,2
2015,1,105957,105973,Maryland,Robert Morris,2015-03-24,A,13,4,W,9
2015,1,105957,105960,Maryland,Michigan,2015-03-29,H,13,4,W,9
2015,1,105957,105967,Maryland,Penn St.,2015-04-04,H,12,5,W,7
2015,1,105957,105952,Maryland,Loyola Maryland,2015-04-08,H,11,10,W,1
2015,1,105957,105974,Maryland,Rutgers,2015-04-12,A,9,8,W,1
2015,1,105957,105966,Maryland,Ohio St.,2015-04-18,A,10,9,W,1
2015,1,105957,105948,Maryland,Johns Hopkins,2015-04-25,H,12,15,L,-3
2015,1,105957,105966,Maryland,Ohio St.,2015-04-30,H,6,9,L,-3
2015,1,105957,105990,Maryland,Yale,2015-05-09,H,8,7,W,1
2015,1,105957,105963,Maryland,"North Carolina @ Annapolis, Md.",2015-05-17,H,14,7,W,7
2015,1,105957,105948,Maryland,"Johns Hopkins @ Philadelphia, Pa.",2015-05-23,H,12,11,W,1
2015,1,105957,105935,Maryland,"Denver @ Philadelphia, Pa.",2015-05-25,H,5,10,L,-5
2015,1,105958,105983,Massachusetts,Army West Point,2015-02-07,H,7,12,L,-5
2015,1,105958,105963,Massachusetts,North Carolina,2015-02-14,A,8,20,L,-12
2015,1,105958,105943,Massachusetts,Harvard,2015-02-21,A,13,14,L,-1
2015,1,105958,105927,Massachusetts,Brown,2015-02-28,H,12,18,L,-6
2015,1,105958,105923,Massachusetts,UAlbany,2015-03-07,A,9,10,L,-1
2015,1,105958,105971,Massachusetts,Quinnipiac,2015-03-10,H,18,5,W,13
2015,1,105958,105967,Massachusetts,Penn St.,2015-03-14,H,12,8,W,4
2015,1,105958,105945,Massachusetts,Hofstra,2015-03-21,A,9,7,W,2
2015,1,105958,105981,Massachusetts,Towson,2015-03-28,A,3,6,L,-3
2015,1,105958,105939,Massachusetts,Fairfield,2015-04-04,H,9,10,L,-1
2015,1,105958,105942,Massachusetts,Hartford,2015-04-11,A,8,15,L,-7
2015,1,105958,105937,Massachusetts,Drexel,2015-04-18,H,12,9,W,3
2015,1,105958,105934,Massachusetts,Delaware,2015-04-24,H,9,10,L,-1
2015,1,105958,105939,Massachusetts,Fairfield,2015-04-30,A,9,8,W,1
2015,1,105958,105981,Massachusetts,"Towson @ Fairfield, Conn.",2015-05-02,H,8,9,L,-1
2015,1,105959,105926,Mercer,Boston U.,2015-02-07,A,6,18,L,-12
2015,1,105959,105938,Mercer,Duke,2015-02-15,H,6,16,L,-10
2015,1,105959,105978,Mercer,Siena,2015-02-24,H,8,15,L,-7
2015,1,105959,105936,Mercer,Detroit Mercy,2015-03-04,A,7,12,L,-5
2015,1,105959,105955,Mercer,Marquette,2015-03-08,H,6,14,L,-8
2015,1,105959,105991,Mercer,High Point,2015-03-14,H,12,11,W,1
2015,1,105959,105940,Mercer,Furman,2015-03-21,A,11,10,W,1
2015,1,105959,105924,Mercer,Bellarmine,2015-03-28,H,8,6,W,2
2015,1,105959,105987,Mercer,VMI,2015-04-04,A,17,4,W,13
2015,1,105959,105982,Mercer,Air Force,2015-04-11,H,7,10,L,-3
2015,1,105959,105947,Mercer,Jacksonville,2015-04-18,H,9,8,W,1
2015,1,105959,105972,Mercer,Richmond,2015-04-25,A,5,10,L,-5
2015,1,105959,105991,Mercer,"High Point @ Richmond, Va.",2015-04-30,H,6,7,L,-1
2015,1,105960,105924,Michigan,Bellarmine,2015-02-07,H,16,9,W,7
2015,1,105960,105936,Michigan,Detroit Mercy,2015-02-14,H,15,6,W,9
2015,1,105960,105965,Michigan,Notre Dame,2015-02-21,H,8,17,L,-9
2015,1,105960,105930,Michigan,Canisius,2015-02-28,H,13,5,W,8
2015,1,105960,105947,Michigan,Jacksonville,2015-03-03,A,8,14,L,-6
2015,1,105960,105927,Michigan,Brown,2015-03-08,H,12,22,L,-10
2015,1,105960,105977,Michigan,Saint Joseph's,2015-03-14,A,9,8,W,1
2015,1,105960,105937,Michigan,Drexel,2015-03-21,H,7,9,L,-2
2015,1,105960,105957,Michigan,Maryland,2015-03-29,A,4,13,L,-9
2015,1,105960,105974,Michigan,Rutgers,2015-04-05,H,10,8,W,2
2015,1,105960,105966,Michigan,Ohio St.,2015-04-12,H,8,13,L,-5
2015,1,105960,105948,Michigan,Johns Hopkins,2015-04-18,A,9,16,L,-7
2015,1,105960,105967,Michigan,Penn St.,2015-04-25,H,9,10,L,-1
2015,1,105961,105956,Monmouth,UMBC,2015-02-21,H,2,4,L,-2
2015,1,105961,105974,Monmouth,Rutgers,2015-02-28,A,10,9,W,1
2015,1,105961,105989,Monmouth,Wagner,2015-03-03,H,7,3,W,4
2015,1,105961,105977,Monmouth,Saint Joseph's,2015-03-07,A,2,9,L,-7
2015,1,105961,105954,Monmouth,Marist,2015-03-14,A,3,10,L,-7
2015,1,105961,105964,Monmouth,NJIT,2015-03-17,A,6,3,W,3
2015,1,105961,105978,Monmouth,Siena,2015-03-21,H,5,4,W,1
2015,1,105961,105950,Monmouth,Lehigh,2015-03-24,H,5,16,L,-11
2015,1,105961,105949,Monmouth,Lafayette,2015-03-31,A,7,8,L,-1
2015,1,105961,105930,Monmouth,Canisius,2015-04-04,H,10,7,W,3
2015,1,105961,105936,Monmouth,Detroit Mercy,2015-04-11,A,8,9,L,-1
2015,1,105961,105971,Monmouth,Quinnipiac,2015-04-18,A,8,9,L,-1
2015,1,105961,105953,Monmouth,Manhattan,2015-04-25,H,14,5,W,9
2015,1,105961,105954,Monmouth,Marist,2015-04-30,A,6,11,L,-5
2015,1,105962,105987,Mount St. Mary's,VMI,2015-02-14,A,11,8,W,3
2015,1,105962,105934,Mount St. Mary's,Delaware,2015-02-24,H,10,11,L,-1
2015,1,105962,105981,Mount St. Mary's,Towson,2015-02-27,H,4,7,L,-3
2015,1,105962,105941,Mount St. Mary's,Georgetown,2015-03-04,H,5,11,L,-6
2015,1,105962,105940,Mount St. Mary's,Furman,2015-03-07,A,7,6,W,1
2015,1,105962,105972,Mount St. Mary's,Richmond,2015-03-11,H,7,8,L,-1
2015,1,105962,105989,Mount St. Mary's,Wagner,2015-03-21,A,5,6,L,-1
2015,1,105962,105956,Mount St. Mary's,UMBC,2015-03-24,A,8,11,L,-3
2015,1,105962,105975,Mount St. Mary's,Sacred Heart,2015-03-28,H,10,2,W,8
2015,1,105962,105929,Mount St. Mary's,Bucknell,2015-04-04,H,12,11,W,1
2015,1,105962,105973,Mount St. Mary's,Robert Morris,2015-04-08,A,7,10,L,-3
2015,1,105962,105977,Mount St. Mary's,Saint Joseph's,2015-04-11,H,4,16,L,-12
2015,1,105962,105928,Mount St. Mary's,Bryant,2015-04-18,H,6,8,L,-2
2015,1,105962,105944,Mount St. Mary's,Hobart,2015-04-25,A,10,8,W,2
2015,1,105962,105977,Mount St. Mary's,Saint Joseph's,2015-04-30,A,4,10,L,-6
2015,1,105964,105979,NJIT,Stony Brook,2015-02-20,A,4,18,L,-14
2015,1,105964,105971,NJIT,Quinnipiac,2015-02-28,H,3,10,L,-7
2015,1,105964,105985,NJIT,Vermont,2015-03-03,H,10,17,L,-7
2015,1,105964,105951,NJIT,UMass Lowell,2015-03-07,H,7,9,L,-2
2015,1,105964,105961,NJIT,Monmouth,2015-03-17,H,3,6,L,-3
2015,1,105964,105974,NJIT,Rutgers,2015-03-20,A,2,21,L,-19
2015,1,105964,105972,NJIT,Richmond,2015-03-23,A,3,21,L,-18
2015,1,105964,105989,NJIT,Wagner,2015-03-28,H,2,7,L,-5
2015,1,105964,105953,NJIT,Manhattan,2015-03-31,A,5,7,L,-2
2015,1,105964,105949,NJIT,Lafayette,2015-04-07,A,6,16,L,-10
2015,1,105964,105954,NJIT,Marist,2015-04-11,A,4,20,L,-16
2015,1,105964,105933,NJIT,Dartmouth,2015-04-14,H,5,7,L,-2
2015,1,105984,105987,Navy,VMI,2015-02-08,H,21,7,W,14
2015,1,105984,105957,Navy,Maryland,2015-02-14,H,1,8,L,-7
2015,1,105984,105929,Navy,Bucknell,2015-02-21,H,7,8,L,-1
2015,1,105984,105946,Navy,Holy Cross,2015-02-28,A,7,6,W,1
2015,1,105984,105981,Navy,Towson,2015-03-03,H,8,7,W,1
2015,1,105984,105948,Navy,Johns Hopkins,2015-03-07,A,8,13,L,-5
2015,1,105984,105949,Navy,Lafayette,2015-03-10,A,18,4,W,14
2015,1,105984,105950,Navy,Lehigh,2015-03-14,H,13,12,W,1
2015,1,105984,105931,Navy,Colgate,2015-03-21,A,7,6,W,1
2015,1,105984,105926,Navy,Boston U.,2015-03-28,H,14,6,W,8
2015,1,105984,105952,Navy,Loyola Maryland,2015-04-04,A,7,17,L,-10
2015,1,105984,105983,Navy,Army West Point,2015-04-11,H,10,7,W,3
2015,1,105984,105983,Navy,Army West Point,2015-04-24,H,7,11,L,-4
2015,1,105984,105982,Navy,Air Force,2015-05-02,A,9,8,W,1
2015,1,105963,105940,North Carolina,Furman,2015-02-07,H,19,4,W,15
2015,1,105963,105991,North Carolina,High Point,2015-02-10,H,15,9,W,6
2015,1,105963,105958,North Carolina,Massachusetts,2015-02-14,H,20,8,W,12
2015,1,105963,105948,North Carolina,Johns Hopkins,2015-02-21,H,13,11,W,2
2015,1,105963,105935,North Carolina,Denver,2015-02-27,H,12,10,W,2
2015,1,105963,105953,North Carolina,Manhattan,2015-03-07,H,26,6,W,20
2015,1,105963,105928,North Carolina,Bryant,2015-03-10,H,10,9,W,1
2015,1,105963,105972,North Carolina,Richmond,2015-03-14,A,16,11,W,5
2015,1,105963,105943,North Carolina,Harvard,2015-03-17,H,15,10,W,5
2015,1,105963,105957,North Carolina,"Maryland @ Santa Ana, Calif.",2015-03-21,H,8,10,L,-2
2015,1,105963,105938,North Carolina,Duke,2015-03-29,H,15,14,W,1
2015,1,105963,105988,North Carolina,Virginia,2015-04-03,A,10,6,W,4
2015,1,105963,105980,North Carolina,Syracuse,2015-04-11,H,17,15,W,2
2015,1,105963,105965,North Carolina,Notre Dame,2015-04-18,A,14,15,L,-1
2015,1,105963,105980,North Carolina,"Syracuse @ Chester, Pa.",2015-04-24,H,8,9,L,-1
2015,1,105963,105931,North Carolina,Colgate,2015-05-10,H,19,12,W,7
2015,1,105963,105957,North Carolina,"Maryland @ Annapolis, Md.",2015-05-17,H,7,14,L,-7
2015,1,105965,105941,Notre Dame,Georgetown,2015-02-14,H,14,12,W,2
2015,1,105965,105960,Notre Dame,Michigan,2015-02-21,A,17,8,W,9
2015,1,105965,105933,Notre Dame,Dartmouth,2015-02-28,H,20,5,W,15
2015,1,105965,105935,Notre Dame,Denver,2015-03-07,A,10,11,L,-1
2015,1,105965,105988,Notre Dame,Virginia,2015-03-14,A,11,9,W,2
2015,1,105965,105966,Notre Dame,Ohio St.,2015-03-21,H,9,0,W,9
2015,1,105965,105980,Notre Dame,Syracuse,2015-03-28,H,13,12,W,1
2015,1,105965,105938,Notre Dame,Duke,2015-04-04,A,15,10,W,5
2015,1,105965,105955,Notre Dame,Marquette,2015-04-07,H,14,7,W,7
2015,1,105965,105963,Notre Dame,North Carolina,2015-04-18,H,15,14,W,1
2015,1,105965,105938,Notre Dame,"Duke @ Chester, Pa.",2015-04-24,H,8,13,L,-5
2015,1,105965,105983,Notre Dame,Army West Point,2015-05-02,A,17,8,W,9
2015,1,105965,105981,Notre Dame,Towson,2015-05-09,H,12,10,W,2
2015,1,105965,105923,Notre Dame,"UAlbany @ Denver, Colo.",2015-05-16,H,14,10,W,4
2015,1,105965,105935,Notre Dame,"Denver @ Philadelphia, Pa.",2015-05-23,H,10,11,L,-1
2015,1,105966,105936,Ohio St.,Detroit Mercy,2015-02-07,A,8,9,L,-1
2015,1,105966,105973,Ohio St.,Robert Morris,2015-02-10,H,10,6,W,4
2015,1,105966,105934,Ohio St.,Delaware,2015-02-15,H,10,3,W,7
2015,1,105966,105933,Ohio St.,Dartmouth,2015-02-21,H,15,5,W,10
2015,1,105966,105924,Ohio St.,Bellarmine,2015-02-27,A,8,7,W,1
2015,1,105966,105955,Ohio St.,"Marquette @ Louisville, KY",2015-03-01,H,9,10,L,-1
2015,1,105966,105945,Ohio St.,Hofstra,2015-03-07,H,9,8,W,1
2015,1,105966,105935,Ohio St.,Denver,2015-03-14,H,13,11,W,2
2015,1,105966,105981,Ohio St.,Towson,2015-03-17,A,7,6,W,1
2015,1,105966,105965,Ohio St.,Notre Dame,2015-03-21,A,0,9,L,-9
2015,1,105966,105967,Ohio St.,Penn St.,2015-03-29,A,10,8,W,2
2015,1,105966,105948,Ohio St.,Johns Hopkins,2015-04-05,H,15,12,W,3
2015,1,105966,105960,Ohio St.,Michigan,2015-04-12,A,13,8,W,5
2015,1,105966,105957,Ohio St.,Maryland,2015-04-18,H,9,10,L,-1
2015,1,105966,105974,Ohio St.,Rutgers,2015-04-25,A,10,17,L,-7
2015,1,105966,105957,Ohio St.,Maryland,2015-04-30,A,9,6,W,3
2015,1,105966,105948,Ohio St.,"Johns Hopkins @ College Park, MD",2015-05-02,H,6,13,L,-7
2015,1,105966,105938,Ohio St.,Duke,2015-05-09,A,16,11,W,5
2015,1,105966,105935,Ohio St.,"Denver @ Denver, Colo.",2015-05-16,H,13,15,L,-2
2015,1,105968,105956,Penn,UMBC,2015-02-14,H,10,8,W,2
2015,1,105968,105977,Penn,Saint Joseph's,2015-02-17,A,11,10,W,1
2015,1,105968,105957,Penn,Maryland,2015-02-24,A,7,11,L,-4
2015,1,105968,105967,Penn,Penn St.,2015-02-28,A,11,14,L,-3
2015,1,105968,105949,Penn,Lafayette,2015-03-03,A,9,6,W,3
2015,1,105968,105986,Penn,Villanova,2015-03-07,H,11,17,L,-6
2015,1,105968,105969,Penn,Princeton,2015-03-14,H,11,17,L,-6
2015,1,105968,105932,Penn,Cornell,2015-03-21,A,9,10,L,-1
2015,1,105968,105990,Penn,Yale,2015-03-28,H,7,15,L,-8
2015,1,105968,105927,Penn,Brown,2015-04-04,A,14,11,W,3
2015,1,105968,105943,Penn,Harvard,2015-04-11,A,10,9,W,1
2015,1,105968,105933,Penn,Dartmouth,2015-04-18,H,15,12,W,3
2015,1,105968,105988,Penn,"Virginia @ Chester, Pa.",2015-04-25,H,6,12,L,-6
2015,1,105967,105985,Penn St.,Vermont,2015-02-07,H,15,8,W,7
2015,1,105967,105952,Penn St.,Loyola Maryland,2015-02-14,A,6,8,L,-2
2015,1,105967,105986,Penn St.,Villanova,2015-02-21,A,7,11,L,-4
2015,1,105967,105968,Penn St.,Penn,2015-02-28,H,14,11,W,3
2015,1,105967,105943,Penn St.,Harvard,2015-03-07,A,9,12,L,-3
2015,1,105967,105954,Penn St.,"Marist @ Babson Park, Mass.",2015-03-10,H,9,8,W,1
2015,1,105967,105958,Penn St.,Massachusetts,2015-03-14,A,8,12,L,-4
2015,1,105967,105935,Penn St.,"Denver @ Hempstead, New York",2015-03-21,H,8,10,L,-2
2015,1,105967,105966,Penn St.,Ohio St.,2015-03-29,H,8,10,L,-2
2015,1,105967,105957,Penn St.,Maryland,2015-04-04,A,5,12,L,-7
2015,1,105967,105948,Penn St.,Johns Hopkins,2015-04-11,A,10,11,L,-1
2015,1,105967,105974,Penn St.,Rutgers,2015-04-19,H,11,6,W,5
2015,1,105967,105960,Penn St.,Michigan,2015-04-25,A,10,9,W,1
2015,1,105967,105948,Penn St.,"Johns Hopkins @ College Park, MD",2015-04-30,H,9,14,L,-5
2015,1,105969,105953,Princeton,Manhattan,2015-02-14,H,14,4,W,10
2015,1,105969,105945,Princeton,Hofstra,2015-02-21,H,14,12,W,2
2015,1,105969,105948,Princeton,Johns Hopkins,2015-02-28,A,16,15,W,1
2015,1,105969,105957,Princeton,Maryland,2015-03-07,A,4,11,L,-7
2015,1,105969,105968,Princeton,Penn,2015-03-14,A,17,11,W,6
2015,1,105969,105974,Princeton,Rutgers,2015-03-17,A,12,11,W,1
2015,1,105969,105990,Princeton,Yale,2015-03-21,H,11,10,W,1
2015,1,105969,105927,Princeton,Brown,2015-03-29,H,8,10,L,-2
2015,1,105969,105979,Princeton,Stony Brook,2015-04-04,A,10,13,L,-3
2015,1,105969,105950,Princeton,Lehigh,2015-04-07,A,15,16,L,-1
2015,1,105969,105933,Princeton,Dartmouth,2015-04-11,A,16,5,W,11
2015,1,105969,105943,Princeton,Harvard,2015-04-17,H,12,11,W,1
2015,1,105969,105932,Princeton,Cornell,2015-04-25,A,10,15,L,-5
2015,1,105969,105932,Princeton,"Cornell @ Providence, RI",2015-05-01,H,11,7,W,4
2015,1,105969,105990,Princeton,"Yale @ Providence, R.I.",2015-05-03,H,10,11,L,-1
2015,1,105970,105939,Providence,Fairfield,2015-02-18,H,6,10,L,-4
2015,1,105970,105985,Providence,Vermont,2015-02-21,H,12,9,W,3
2015,1,105970,105926,Providence,Boston U.,2015-02-25,H,7,4,W,3
2015,1,105970,105938,Providence,Duke,2015-03-01,A,8,20,L,-12
2015,1,105970,105975,Providence,Sacred Heart,2015-03-07,H,11,8,W,3
2015,1,105970,105951,Providence,UMass Lowell,2015-03-10,A,11,6,W,5
2015,1,105970,105945,Providence,Hofstra,2015-03-14,A,4,15,L,-11
2015,1,105970,105928,Providence,Bryant,2015-03-24,A,5,7,L,-2
2015,1,105970,105976,Providence,St. John's (NY),2015-03-28,A,7,17,L,-10
2015,1,105970,105941,Providence,Georgetown,2015-04-04,H,6,9,L,-3
2015,1,105970,105955,Providence,Marquette,2015-04-11,H,10,14,L,-4
2015,1,105970,105927,Providence,Brown,2015-04-14,H,11,15,L,-4
2015,1,105970,105935,Providence,Denver,2015-04-18,A,9,13,L,-4
2015,1,105970,105986,Providence,Villanova,2015-04-25,H,6,5,W,1
2015,1,105971,105927,Quinnipiac,Brown,2015-02-21,A,6,17,L,-11
2015,1,105971,105964,Quinnipiac,NJIT,2015-02-28,A,10,3,W,7
2015,1,105971,105943,Quinnipiac,Harvard,2015-03-03,A,12,17,L,-5
2015,1,105971,105942,Quinnipiac,Hartford,2015-03-07,H,9,10,L,-1
2015,1,105971,105958,Quinnipiac,Massachusetts,2015-03-10,A,5,18,L,-13
2015,1,105971,105978,Quinnipiac,Siena,2015-03-14,A,6,9,L,-3
2015,1,105971,105936,Quinnipiac,Detroit Mercy,2015-03-21,H,13,12,W,1
2015,1,105971,105954,Quinnipiac,Marist,2015-03-28,H,10,17,L,-7
2015,1,105971,105979,Quinnipiac,Stony Brook,2015-03-31,A,9,17,L,-8
2015,1,105971,105953,Quinnipiac,Manhattan,2015-04-04,A,8,6,W,2
2015,1,105971,105930,Quinnipiac,Canisius,2015-04-11,A,9,7,W,2
2015,1,105971,105961,Quinnipiac,Monmouth,2015-04-18,H,9,8,W,1
2015,1,105971,105982,Quinnipiac,Air Force,2015-04-23,A,12,10,W,2
2015,1,105971,105936,Quinnipiac,"Detroit Mercy @ Poughkeepsie, N.Y.",2015-04-30,H,16,9,W,7
2015,1,105971,105954,Quinnipiac,Marist,2015-05-02,A,14,16,L,-2
2015,1,105972,105977,Richmond,Saint Joseph's,2015-02-07,H,9,5,W,4
2015,1,105972,105974,Richmond,Rutgers,2015-02-14,H,15,7,W,8
2015,1,105972,105955,Richmond,Marquette,2015-02-22,H,10,11,L,-1
2015,1,105972,105956,Richmond,UMBC,2015-02-28,H,5,9,L,-4
2015,1,105972,105987,Richmond,VMI,2015-03-07,H,20,1,W,19
2015,1,105972,105962,Richmond,Mount St. Mary's,2015-03-11,A,8,7,W,1
2015,1,105972,105963,Richmond,North Carolina,2015-03-14,H,11,16,L,-5
2015,1,105972,105947,Richmond,Jacksonville,2015-03-21,A,17,8,W,9
2015,1,105972,105964,Richmond,NJIT,2015-03-23,H,21,3,W,18
2015,1,105972,105988,Richmond,Virginia,2015-03-28,A,7,14,L,-7
2015,1,105972,105940,Richmond,Furman,2015-04-04,H,8,2,W,6
2015,1,105972,105991,Richmond,High Point,2015-04-11,A,20,9,W,11
2015,1,105972,105924,Richmond,Bellarmine,2015-04-18,A,11,6,W,5
2015,1,105972,105959,Richmond,Mercer,2015-04-25,H,10,5,W,5
2015,1,105972,105940,Richmond,Furman,2015-04-30,H,8,7,W,1
2015,1,105972,105991,Richmond,High Point,2015-05-02,H,8,9,L,-1
2015,1,105973,105966,Robert Morris,Ohio St.,2015-02-10,A,6,10,L,-4
2015,1,105973,105924,Robert Morris,Bellarmine,2015-02-14,H,10,13,L,-3
2015,1,105973,105936,Robert Morris,Detroit Mercy,2015-02-21,A,10,11,L,-1
2015,1,105973,105991,Robert Morris,High Point,2015-02-28,A,10,13,L,-3
2015,1,105973,105978,Robert Morris,Siena,2015-03-07,H,12,10,W,2
2015,1,105973,105947,Robert Morris,Jacksonville,2015-03-11,A,13,18,L,-5
2015,1,105973,105975,Robert Morris,Sacred Heart,2015-03-21,A,10,12,L,-2
2015,1,105973,105957,Robert Morris,Maryland,2015-03-24,H,4,13,L,-9
2015,1,105973,105944,Robert Morris,Hobart,2015-03-28,H,6,7,L,-1
2015,1,105973,105977,Robert Morris,Saint Joseph's,2015-04-04,A,11,18,L,-7
2015,1,105973,105962,Robert Morris,Mount St. Mary's,2015-04-08,H,10,7,W,3
2015,1,105973,105928,Robert Morris,Bryant,2015-04-11,A,8,10,L,-2
2015,1,105973,105982,Robert Morris,Air Force,2015-04-18,A,9,10,L,-1
2015,1,105973,105989,Robert Morris,Wagner,2015-04-25,H,14,6,W,8
2015,1,105974,105976,Rutgers,St. John's (NY),2015-02-07,A,10,8,W,2
2015,1,105974,105972,Rutgers,Richmond,2015-02-14,A,7,15,L,-8
2015,1,105974,105988,Rutgers,Virginia,2015-02-21,H,5,14,L,-9
2015,1,105974,105989,Rutgers,Wagner,2015-02-24,H,13,10,W,3
2015,1,105974,105961,Rutgers,Monmouth,2015-02-28,H,9,10,L,-1
2015,1,105974,105983,Rutgers,Army West Point,2015-03-03,H,7,9,L,-2
2015,1,105974,105979,Rutgers,Stony Brook,2015-03-08,H,9,13,L,-4
2015,1,105974,105934,Rutgers,Delaware,2015-03-14,A,17,12,W,5
2015,1,105974,105969,Rutgers,Princeton,2015-03-17,H,11,12,L,-1
2015,1,105974,105964,Rutgers,NJIT,2015-03-20,H,21,2,W,19
2015,1,105974,105948,Rutgers,Johns Hopkins,2015-03-28,A,7,9,L,-2
2015,1,105974,105960,Rutgers,Michigan,2015-04-05,A,8,10,L,-2
2015,1,105974,105957,Rutgers,Maryland,2015-04-12,H,8,9,L,-1
2015,1,105974,105967,Rutgers,Penn St.,2015-04-19,A,6,11,L,-5
2015,1,105974,105966,Rutgers,Ohio St.,2015-04-25,H,17,10,W,7
2015,1,105975,105991,Sacred Heart,High Point,2015-02-21,A,5,13,L,-8
2015,1,105975,105933,Sacred Heart,Dartmouth,2015-03-04,A,10,9,W,1
2015,1,105975,105970,Sacred Heart,Providence,2015-03-07,A,8,11,L,-3
2015,1,105975,105985,Sacred Heart,Vermont,2015-03-14,H,21,17,W,4
2015,1,105975,105949,Sacred Heart,Lafayette,2015-03-17,H,14,11,W,3
2015,1,105975,105973,Sacred Heart,Robert Morris,2015-03-21,H,12,10,W,2
2015,1,105975,105962,Sacred Heart,Mount St. Mary's,2015-03-28,A,2,10,L,-8
2015,1,105975,105990,Sacred Heart,Yale,2015-03-31,A,3,13,L,-10
2015,1,105975,105944,Sacred Heart,Hobart,2015-04-04,H,5,13,L,-8
2015,1,105975,105928,Sacred Heart,Bryant,2015-04-07,A,6,16,L,-10
2015,1,105975,105942,Sacred Heart,Hartford,2015-04-14,A,9,8,W,1
2015,1,105975,105989,Sacred Heart,Wagner,2015-04-18,A,9,8,W,1
2015,1,105975,105977,Sacred Heart,Saint Joseph's,2015-04-25,H,8,13,L,-5
2015,1,105977,105972,Saint Joseph's,Richmond,2015-02-07,A,5,9,L,-4
2015,1,105977,105991,Saint Joseph's,High Point,2015-02-14,H,12,11,W,1
2015,1,105977,105968,Saint Joseph's,Penn,2015-02-17,H,10,11,L,-1
2015,1,105977,105987,Saint Joseph's,VMI,2015-02-25,A,11,3,W,8
2015,1,105977,105937,Saint Joseph's,Drexel,2015-03-03,A,7,11,L,-4
2015,1,105977,105961,Saint Joseph's,Monmouth,2015-03-07,H,9,2,W,7
2015,1,105977,105988,Saint Joseph's,Virginia,2015-03-10,A,14,15,L,-1
2015,1,105977,105960,Saint Joseph's,Michigan,2015-03-14,H,8,9,L,-1
2015,1,105977,105934,Saint Joseph's,Delaware,2015-03-21,A,14,6,W,8
2015,1,105977,105928,Saint Joseph's,Bryant,2015-03-29,A,8,7,W,1
2015,1,105977,105973,Saint Joseph's,Robert Morris,2015-04-04,H,18,11,W,7
2015,1,105977,105989,Saint Joseph's,Wagner,2015-04-07,H,14,3,W,11
2015,1,105977,105962,Saint Joseph's,Mount St. Mary's,2015-04-11,A,16,4,W,12
2015,1,105977,105944,Saint Joseph's,Hobart,2015-04-18,H,7,6,W,1
2015,1,105977,105975,Saint Joseph's,Sacred Heart,2015-04-25,A,13,8,W,5
2015,1,105977,105962,Saint Joseph's,Mount St. Mary's,2015-04-30,H,10,4,W,6
2015,1,105977,105928,Saint Joseph's,Bryant,2015-05-02,H,6,10,L,-4
2015,1,105978,105980,Siena,Syracuse,2015-02-07,A,7,21,L,-14
2015,1,105978,105944,Siena,Hobart,2015-02-13,H,8,12,L,-4
2015,1,105978,105951,Siena,UMass Lowell,2015-02-21,A,13,9,W,4
2015,1,105978,105959,Siena,Mercer,2015-02-24,A,15,8,W,7
2015,1,105978,105976,Siena,St. John's (NY),2015-02-28,H,8,7,W,1
2015,1,105978,105973,Siena,Robert Morris,2015-03-07,A,10,12,L,-2
2015,1,105978,105971,Siena,Quinnipiac,2015-03-14,H,9,6,W,3
2015,1,105978,105961,Siena,Monmouth,2015-03-21,A,4,5,L,-1
2015,1,105978,105930,Siena,Canisius,2015-03-28,A,9,10,L,-1
2015,1,105978,105942,Siena,Hartford,2015-03-31,H,9,14,L,-5
2015,1,105978,105953,Siena,Manhattan,2015-04-11,H,14,6,W,8
2015,1,105978,105936,Siena,Detroit Mercy,2015-04-18,H,13,14,L,-1
2015,1,105978,105923,Siena,UAlbany,2015-04-21,H,7,23,L,-16
2015,1,105978,105954,Siena,Marist,2015-04-25,A,4,15,L,-11
2015,1,105976,105974,St. John's (NY),Rutgers,2015-02-07,H,8,10,L,-2
2015,1,105976,105979,St. John's (NY),Stony Brook,2015-02-14,H,13,8,W,5
2015,1,105976,105947,St. John's (NY),Jacksonville,2015-02-21,A,11,12,L,-1
2015,1,105976,105978,St. John's (NY),Siena,2015-02-28,A,7,8,L,-1
2015,1,105976,105990,St. John's (NY),Yale,2015-03-03,H,10,11,L,-1
2015,1,105976,105980,St. John's (NY),"Syracuse @ Kennesaw, Ga.",2015-03-07,H,6,14,L,-8
2015,1,105976,105937,St. John's (NY),Drexel,2015-03-14,H,10,9,W,1
2015,1,105976,105945,St. John's (NY),Hofstra,2015-03-17,A,7,10,L,-3
2015,1,105976,105946,St. John's (NY),Holy Cross,2015-03-21,A,11,13,L,-2
2015,1,105976,105970,St. John's (NY),Providence,2015-03-28,H,17,7,W,10
2015,1,105976,105955,St. John's (NY),Marquette,2015-04-04,A,12,14,L,-2
2015,1,105976,105935,St. John's (NY),Denver,2015-04-11,H,5,18,L,-13
2015,1,105976,105986,St. John's (NY),Villanova,2015-04-18,A,11,21,L,-10
2015,1,105976,105941,St. John's (NY),Georgetown,2015-04-25,A,10,13,L,-3
2015,1,105979,105953,Stony Brook,Manhattan,2015-02-07,H,19,3,W,16
2015,1,105979,105976,Stony Brook,St. John's (NY),2015-02-14,A,8,13,L,-5
2015,1,105979,105964,Stony Brook,NJIT,2015-02-20,H,18,4,W,14
2015,1,105979,105939,Stony Brook,Fairfield,2015-02-28,H,10,9,W,1
2015,1,105979,105954,Stony Brook,Marist,2015-03-04,A,14,10,W,4
2015,1,105979,105974,Stony Brook,Rutgers,2015-03-08,A,13,9,W,4
2015,1,105979,105923,Stony Brook,UAlbany,2015-03-14,H,15,17,L,-2
2015,1,105979,105956,Stony Brook,UMBC,2015-03-21,H,12,6,W,6
2015,1,105979,105985,Stony Brook,Vermont,2015-03-28,A,21,12,W,9
2015,1,105979,105971,Stony Brook,Quinnipiac,2015-03-31,H,17,9,W,8
2015,1,105979,105969,Stony Brook,Princeton,2015-04-04,H,13,10,W,3
2015,1,105979,105951,Stony Brook,UMass Lowell,2015-04-10,A,20,9,W,11
2015,1,105979,105950,Stony Brook,Lehigh,2015-04-12,H,11,12,L,-1
2015,1,105979,105938,Stony Brook,Duke,2015-04-15,H,11,17,L,-6
2015,1,105979,105925,Stony Brook,Binghamton,2015-04-19,H,14,13,W,1
2015,1,105979,105942,Stony Brook,Hartford,2015-04-24,A,9,8,W,1
2015,1,105979,105985,Stony Brook,"Vermont @ Albany, N.Y.",2015-04-30,H,16,13,W,3
2015,1,105979,105923,Stony Brook,UAlbany,2015-05-02,A,9,22,L,-13
2015,1,105980,105978,Syracuse,Siena,2015-02-07,H,21,7,W,14
2015,1,105980,105932,Syracuse,Cornell,2015-02-15,H,14,6,W,8
2015,1,105980,105983,Syracuse,Army West Point,2015-02-22,H,12,9,W,3
2015,1,105980,105988,Syracuse,Virginia,2015-03-01,H,15,9,W,6
2015,1,105980,105976,Syracuse,"St. John's (NY) @ Kennesaw, Ga.",2015-03-07,H,14,6,W,8
2015,1,105980,105948,Syracuse,Johns Hopkins,2015-03-14,H,13,10,W,3
2015,1,105980,105938,Syracuse,Duke,2015-03-22,H,19,7,W,12
2015,1,105980,105965,Syracuse,Notre Dame,2015-03-28,A,12,13,L,-1
2015,1,105980,105923,Syracuse,UAlbany,2015-04-02,H,17,12,W,5
2015,1,105980,105963,Syracuse,North Carolina,2015-04-11,A,15,17,L,-2
2015,1,105980,105944,Syracuse,Hobart,2015-04-14,H,18,5,W,13
2015,1,105980,105963,Syracuse,"North Carolina @ Chester, Pa.",2015-04-24,H,9,8,W,1
2015,1,105980,105938,Syracuse,"Duke @ Chester, Pa.",2015-04-26,H,15,14,W,1
2015,1,105980,105931,Syracuse,Colgate,2015-05-02,A,9,7,W,2
2015,1,105980,105954,Syracuse,Marist,2015-05-10,H,20,8,W,12
2015,1,105980,105948,Syracuse,"Johns Hopkins @ Annapolis, Md.",2015-05-17,H,15,16,L,-1
2015,1,105981,105948,Towson,Johns Hopkins,2015-02-10,H,7,5,W,2
2015,1,105981,105952,Towson,Loyola Maryland,2015-02-18,H,11,15,L,-4
2015,1,105981,105941,Towson,Georgetown,2015-02-22,A,9,6,W,3
2015,1,105981,105962,Towson,Mount St. Mary's,2015-02-27,A,7,4,W,3
2015,1,105981,105984,Towson,Navy,2015-03-03,A,7,8,L,-1
2015,1,105981,105956,Towson,UMBC,2015-03-07,A,11,7,W,4
2015,1,105981,105944,Towson,Hobart,2015-03-14,H,9,6,W,3
2015,1,105981,105966,Towson,Ohio St.,2015-03-17,H,6,7,L,-1
2015,1,105981,105925,Towson,Binghamton,2015-03-21,A,9,8,W,1
2015,1,105981,105958,Towson,Massachusetts,2015-03-28,H,6,3,W,3
2015,1,105981,105934,Towson,Delaware,2015-04-04,A,12,7,W,5
2015,1,105981,105939,Towson,Fairfield,2015-04-11,A,8,7,W,1
2015,1,105981,105945,Towson,Hofstra,2015-04-18,H,2,9,L,-7
2015,1,105981,105937,Towson,Drexel,2015-04-25,A,10,11,L,-1
2015,1,105981,105937,Towson,"Drexel @ Fairfield, Conn.",2015-04-30,H,11,8,W,3
2015,1,105981,105958,Towson,"Massachusetts @ Fairfield, Conn.",2015-05-02,H,9,8,W,1
2015,1,105981,105991,Towson,High Point,2015-05-06,H,10,8,W,2
2015,1,105981,105965,Towson,Notre Dame,2015-05-09,A,10,12,L,-2
2015,1,105923,105937,UAlbany,Drexel,2015-02-21,A,15,8,W,7
2015,1,105923,105932,UAlbany,"Cornell @ Dallas, Texas",2015-02-28,H,9,16,L,-7
2015,1,105923,105958,UAlbany,Massachusetts,2015-03-07,H,10,9,W,1
2015,1,105923,105979,UAlbany,Stony Brook,2015-03-14,A,17,15,W,2
2015,1,105923,105930,UAlbany,Canisius,2015-03-17,A,26,6,W,20
2015,1,105923,105942,UAlbany,Hartford,2015-03-21,H,24,6,W,18
2015,1,105923,105943,UAlbany,Harvard,2015-03-25,A,21,18,W,3
2015,1,105923,105951,UAlbany,UMass Lowell,2015-03-28,H,25,0,W,25
2015,1,105923,105980,UAlbany,Syracuse,2015-04-02,A,12,17,L,-5
2015,1,105923,105985,UAlbany,Vermont,2015-04-04,A,20,10,W,10
2015,1,105923,105925,UAlbany,Binghamton,2015-04-11,A,15,11,W,4
2015,1,105923,105928,UAlbany,Bryant,2015-04-14,A,10,8,W,2
2015,1,105923,105990,UAlbany,Yale,2015-04-18,H,12,11,W,1
2015,1,105923,105978,UAlbany,Siena,2015-04-21,A,23,7,W,16
2015,1,105923,105956,UAlbany,UMBC,2015-04-25,H,20,9,W,11
2015,1,105923,105942,UAlbany,Hartford,2015-04-30,H,15,6,W,9
2015,1,105923,105979,UAlbany,Stony Brook,2015-05-02,H,22,9,W,13
2015,1,105923,105932,UAlbany,Cornell,2015-05-09,A,19,10,W,9
2015,1,105923,105965,UAlbany,"Notre Dame @ Denver, Colo.",2015-05-16,H,10,14,L,-4
2015,1,105956,105948,UMBC,Johns Hopkins,2015-02-07,A,4,16,L,-12
2015,1,105956,105968,UMBC,Penn,2015-02-14,A,8,10,L,-2
2015,1,105956,105961,UMBC,Monmouth,2015-02-21,A,4,2,W,2
2015,1,105956,105972,UMBC,Richmond,2015-02-28,A,9,5,W,4
2015,1,105956,105981,UMBC,Towson,2015-03-07,H,7,11,L,-4
2015,1,105956,105925,UMBC,Binghamton,2015-03-14,H,4,13,L,-9
2015,1,105956,105979,UMBC,Stony Brook,2015-03-21,A,6,12,L,-6
2015,1,105956,105962,UMBC,Mount St. Mary's,2015-03-24,H,11,8,W,3
2015,1,105956,105949,UMBC,Lafayette,2015-03-27,H,18,7,W,11
2015,1,105956,105942,UMBC,Hartford,2015-04-04,A,8,9,L,-1
2015,1,105956,105985,UMBC,Vermont,2015-04-11,H,10,11,L,-1
2015,1,105956,105951,UMBC,UMass Lowell,2015-04-18,H,13,7,W,6
2015,1,105956,105923,UMBC,UAlbany,2015-04-25,A,9,20,L,-11
2015,1,105987,105984,VMI,Navy,2015-02-08,A,7,21,L,-14
2015,1,105987,105983,VMI,Army West Point,2015-02-09,A,3,24,L,-21
2015,1,105987,105962,VMI,Mount St. Mary's,2015-02-14,H,8,11,L,-3
2015,1,105987,105977,VMI,Saint Joseph's,2015-02-25,H,3,11,L,-8
2015,1,105987,105972,VMI,Richmond,2015-03-07,A,1,20,L,-19
2015,1,105987,105982,VMI,"Air Force @ Bethesda, Md.",2015-03-08,H,8,12,L,-4
2015,1,105987,105947,VMI,Jacksonville,2015-03-14,H,3,8,L,-5
2015,1,105987,105989,VMI,Wagner,2015-03-17,A,4,12,L,-8
2015,1,105987,105924,VMI,Bellarmine,2015-03-21,A,7,17,L,-10
2015,1,105987,105988,VMI,Virginia,2015-03-24,H,3,17,L,-14
2015,1,105987,105959,VMI,Mercer,2015-04-04,H,4,17,L,-13
2015,1,105987,105940,VMI,Furman,2015-04-11,A,5,13,L,-8
2015,1,105987,105991,VMI,High Point,2015-04-17,H,5,18,L,-13
2015,1,105987,105930,VMI,Canisius,2015-04-19,H,6,20,L,-14
2015,1,105987,105951,VMI,"UMass Lowell @ Scranton, Pa.",2015-04-26,H,11,10,W,1
2015,1,105985,105967,Vermont,Penn St.,2015-02-07,A,8,15,L,-7
2015,1,105985,105931,Vermont,Colgate,2015-02-14,H,8,10,L,-2
2015,1,105985,105970,Vermont,Providence,2015-02-21,A,9,12,L,-3
2015,1,105985,105926,Vermont,Boston U.,2015-02-28,H,7,15,L,-8
2015,1,105985,105964,Vermont,NJIT,2015-03-03,A,17,10,W,7
2015,1,105985,105982,Vermont,"Air Force @ Bethesda, Md.",2015-03-07,H,11,10,W,1
2015,1,105985,105941,Vermont,Georgetown,2015-03-10,A,10,18,L,-8
2015,1,105985,105975,Vermont,Sacred Heart,2015-03-14,A,17,21,L,-4
2015,1,105985,105951,Vermont,UMass Lowell,2015-03-21,A,18,10,W,8
2015,1,105985,105933,Vermont,Dartmouth,2015-03-24,A,15,16,L,-1
2015,1,105985,105979,Vermont,Stony Brook,2015-03-28,H,12,21,L,-9
2015,1,105985,105923,Vermont,UAlbany,2015-04-04,H,10,20,L,-10
2015,1,105985,105956,Vermont,UMBC,2015-04-11,A,11,10,W,1
2015,1,105985,105942,Vermont,Hartford,2015-04-18,H,14,11,W,3
2015,1,105985,105925,Vermont,Binghamton,2015-04-25,A,14,13,W,1
2015,1,105985,105979,Vermont,"Stony Brook @ Albany, N.Y.",2015-04-30,H,13,16,L,-3
2015,1,105986,105948,Villanova,Johns Hopkins,2015-02-14,H,10,13,L,-3
2015,1,105986,105967,Villanova,Penn St.,2015-02-21,H,11,7,W,4
2015,1,105986,105937,Villanova,Drexel,2015-02-24,A,14,11,W,3
2015,1,105986,105934,Villanova,Delaware,2015-02-28,H,10,4,W,6
2015,1,105986,105968,Villanova,Penn,2015-03-07,A,17,11,W,6
2015,1,105986,105950,Villanova,Lehigh,2015-03-10,H,8,3,W,5
2015,1,105986,105957,Villanova,Maryland,2015-03-14,H,2,11,L,-9
2015,1,105986,105939,Villanova,Fairfield,2015-03-21,A,4,11,L,-7
2015,1,105986,105955,Villanova,Marquette,2015-03-28,H,8,9,L,-1
2015,1,105986,105935,Villanova,Denver,2015-04-03,A,4,15,L,-11
2015,1,105986,105941,Villanova,Georgetown,2015-04-11,A,8,17,L,-9
2015,1,105986,105976,Villanova,St. John's (NY),2015-04-18,H,21,11,W,10
2015,1,105986,105970,Villanova,Providence,2015-04-25,A,5,6,L,-1
2015,1,105986,105935,Villanova,Denver,2015-04-30,H,9,16,L,-7
2015,1,105988,105952,Virginia,Loyola Maryland,2015-02-07,A,13,12,W,1
2015,1,105988,105937,Virginia,Drexel,2015-02-14,H,14,10,W,4
2015,1,105988,105974,Virginia,Rutgers,2015-02-21,A,14,5,W,9
2015,1,105988,105980,Virginia,Syracuse,2015-03-01,A,9,15,L,-6
2015,1,105988,105932,Virginia,Cornell,2015-03-07,H,15,14,W,1
2015,1,105988,105977,Virginia,Saint Joseph's,2015-03-10,H,15,14,W,1
2015,1,105988,105965,Virginia,Notre Dame,2015-03-14,H,9,11,L,-2
2015,1,105988,105948,Virginia,Johns Hopkins,2015-03-21,A,16,15,W,1
2015,1,105988,105987,Virginia,VMI,2015-03-24,A,17,3,W,14
2015,1,105988,105972,Virginia,Richmond,2015-03-28,H,14,7,W,7
2015,1,105988,105963,Virginia,North Carolina,2015-04-03,H,6,10,L,-4
2015,1,105988,105938,Virginia,Duke,2015-04-12,A,8,15,L,-7
2015,1,105988,105941,Virginia,Georgetown,2015-04-18,H,12,9,W,3
2015,1,105988,105968,Virginia,"Penn @ Chester, Pa.",2015-04-25,H,12,6,W,6
2015,1,105988,105948,Virginia,Johns Hopkins,2015-05-10,H,7,19,L,-12
2015,1,105989,105949,Wagner,Lafayette,2015-02-13,H,5,10,L,-5
2015,1,105989,105974,Wagner,Rutgers,2015-02-24,A,10,13,L,-3
2015,1,105989,105951,Wagner,UMass Lowell,2015-02-28,A,14,6,W,8
2015,1,105989,105961,Wagner,Monmouth,2015-03-03,A,3,7,L,-4
2015,1,105989,105933,Wagner,Dartmouth,2015-03-07,H,10,11,L,-1
2015,1,105989,105987,Wagner,VMI,2015-03-17,H,12,4,W,8
2015,1,105989,105962,Wagner,Mount St. Mary's,2015-03-21,H,6,5,W,1
2015,1,105989,105964,Wagner,NJIT,2015-03-28,A,7,2,W,5
2015,1,105989,105928,Wagner,Bryant,2015-04-04,H,3,5,L,-2
2015,1,105989,105977,Wagner,Saint Joseph's,2015-04-07,A,3,14,L,-11
2015,1,105989,105944,Wagner,Hobart,2015-04-11,A,6,7,L,-1
2015,1,105989,105975,Wagner,Sacred Heart,2015-04-18,H,8,9,L,-1
2015,1,105989,105973,Wagner,Robert Morris,2015-04-25,A,6,14,L,-8
2015,1,105990,105951,Yale,UMass Lowell,2015-02-14,H,19,4,W,15
2015,1,105990,105957,Yale,Maryland,2015-02-21,H,10,6,W,4
2015,1,105990,105928,Yale,Bryant,2015-02-28,H,16,9,W,7
2015,1,105990,105976,Yale,St. John's (NY),2015-03-03,A,11,10,W,1
2015,1,105990,105939,Yale,Fairfield,2015-03-07,H,9,8,W,1
2015,1,105990,105932,Yale,Cornell,2015-03-14,H,7,14,L,-7
2015,1,105990,105969,Yale,Princeton,2015-03-21,A,10,11,L,-1
2015,1,105990,105968,Yale,Penn,2015-03-28,A,15,7,W,8
2015,1,105990,105975,Yale,Sacred Heart,2015-03-31,H,13,3,W,10
2015,1,105990,105933,Yale,Dartmouth,2015-04-04,H,10,4,W,6
2015,1,105990,105927,Yale,Brown,2015-04-11,H,16,10,W,6
2015,1,105990,105923,Yale,UAlbany,2015-04-18,A,11,12,L,-1
2015,1,105990,105943,Yale,Harvard,2015-04-25,A,7,8,L,-1
2015,1,105990,105927,Yale,Brown,2015-05-01,A,10,6,W,4
2015,1,105990,105969,Yale,"Princeton @ Providence, R.I.",2015-05-03,H,11,10,W,1
2015,1,105990,105957,Yale,Maryland,2015-05-09,A,7,8,L,-1
2016,1,23983,23985,Air Force,Navy,2016-02-06,A,6,10,L,-4
2016,1,23983,23936,Air Force,Denver,2016-02-13,H,9,10,L,-1
2016,1,23983,23955,Air Force,Marist,2016-02-20,A,7,6,W,1
2016,1,23983,23934,Air Force,"Dartmouth @ Denver, Colo.",2016-02-27,H,9,3,W,6
2016,1,23983,23976,Air Force,"Sacred Heart @ Denver, Colo.",2016-02-28,H,13,10,W,3
2016,1,23983,23974,Air Force,Robert Morris,2016-03-05,A,11,10,W,1
2016,1,23983,23941,Air Force,Furman,2016-03-12,H,14,4,W,10
2016,1,23983,23992,Air Force,High Point,2016-03-19,H,13,4,W,9
2016,1,23983,23939,Air Force,Duke,2016-03-22,A,10,9,W,1
2016,1,23983,23937,Air Force,Detroit Mercy,2016-03-26,A,7,5,W,2
2016,1,23983,23925,Air Force,Bellarmine,2016-04-02,A,8,7,W,1
2016,1,23983,23960,Air Force,Mercer,2016-04-09,H,15,13,W,2
2016,1,23983,23988,Air Force,VMI,2016-04-16,H,13,3,W,10
2016,1,23983,23973,Air Force,Richmond,2016-04-23,A,9,8,W,1
2016,1,23983,23948,Air Force,Jacksonville,2016-04-30,A,11,6,W,5
2016,1,23983,23925,Air Force,"Bellarmine @ Richmond, Va.",2016-05-05,H,10,8,W,2
2016,1,23983,23973,Air Force,Richmond,2016-05-07,H,9,8,W,1
2016,1,23983,23966,Air Force,Notre Dame,2016-05-14,A,7,15,L,-8
2016,1,23984,23959,Army West Point,Massachusetts,2016-02-12,H,9,5,W,4
2016,1,23984,23975,Army West Point,Rutgers,2016-02-20,H,11,13,L,-2
2016,1,23984,23988,Army West Point,VMI,2016-02-21,H,22,3,W,19
2016,1,23984,23981,Army West Point,Syracuse,2016-02-28,A,8,9,L,-1
2016,1,23984,23950,Army West Point,Lafayette,2016-03-05,A,14,5,W,9
2016,1,23984,23951,Army West Point,Lehigh,2016-03-12,H,13,10,W,3
2016,1,23984,23965,Army West Point,NJIT,2016-03-13,H,16,6,W,10
2016,1,23984,23947,Army West Point,Holy Cross,2016-03-19,H,16,7,W,9
2016,1,23984,23932,Army West Point,Colgate,2016-03-26,A,11,7,W,4
2016,1,23984,23930,Army West Point,Bucknell,2016-04-02,H,7,8,L,-1
2016,1,23984,23927,Army West Point,Boston U.,2016-04-09,A,15,4,W,11
2016,1,23984,23985,Army West Point,Navy,2016-04-16,H,10,11,L,-1
2016,1,23984,23953,Army West Point,Loyola Maryland,2016-04-22,A,6,12,L,-6
2016,1,23984,23951,Army West Point,Lehigh,2016-04-26,H,13,6,W,7
2016,1,23984,23985,Army West Point,Navy,2016-04-29,A,9,3,W,6
2016,1,23984,23953,Army West Point,"Loyola Maryland @ Annapolis, Md.",2016-05-01,H,6,14,L,-8
2016,1,23984,23966,Army West Point,Notre Dame,2016-05-08,A,7,13,L,-6
2016,1,23925,23974,Bellarmine,Robert Morris,2016-02-13,H,11,10,W,1
2016,1,23925,23956,Bellarmine,Marquette,2016-02-20,A,7,9,L,-2
2016,1,23925,23966,Bellarmine,Notre Dame,2016-02-24,A,6,11,L,-5
2016,1,23925,23972,Bellarmine,Quinnipiac,2016-02-27,H,6,12,L,-6
2016,1,23925,23937,Bellarmine,"Detroit Mercy @ Columbus, Ohio",2016-03-04,H,7,6,W,1
2016,1,23925,23967,Bellarmine,Ohio St.,2016-03-06,A,5,9,L,-4
2016,1,23925,23960,Bellarmine,Mercer,2016-03-12,H,11,7,W,4
2016,1,23925,23948,Bellarmine,Jacksonville,2016-03-19,A,10,9,W,1
2016,1,23925,23971,Bellarmine,Providence,2016-03-26,A,7,9,L,-2
2016,1,23925,23983,Bellarmine,Air Force,2016-04-02,H,7,8,L,-1
2016,1,23925,23992,Bellarmine,High Point,2016-04-09,A,7,13,L,-6
2016,1,23925,23973,Bellarmine,Richmond,2016-04-16,A,7,10,L,-3
2016,1,23925,23988,Bellarmine,VMI,2016-04-23,A,15,6,W,9
2016,1,23925,23941,Bellarmine,Furman,2016-04-30,H,15,8,W,7
2016,1,23925,23983,Bellarmine,"Air Force @ Richmond, Va.",2016-05-05,H,8,10,L,-2
2016,1,23926,23932,Binghamton,Colgate,2016-02-20,A,4,11,L,-7
2016,1,23926,23955,Binghamton,Marist,2016-02-27,A,8,10,L,-2
2016,1,23926,23945,Binghamton,Hobart,2016-03-05,A,6,12,L,-6
2016,1,23926,23935,Binghamton,Delaware,2016-03-12,H,11,12,L,-1
2016,1,23926,23957,Binghamton,UMBC,2016-03-19,H,16,10,W,6
2016,1,23926,23938,Binghamton,Drexel,2016-03-22,H,10,7,W,3
2016,1,23926,23982,Binghamton,Towson,2016-03-26,A,6,15,L,-9
2016,1,23926,23943,Binghamton,Hartford,2016-04-02,A,9,17,L,-8
2016,1,23926,23952,Binghamton,UMass Lowell,2016-04-09,H,16,5,W,11
2016,1,23926,23931,Binghamton,Canisius,2016-04-12,H,13,12,W,1
2016,1,23926,23924,Binghamton,UAlbany,2016-04-16,A,8,12,L,-4
2016,1,23926,23981,Binghamton,Syracuse,2016-04-20,A,5,13,L,-8
2016,1,23926,23980,Binghamton,Stony Brook,2016-04-24,H,11,16,L,-5
2016,1,23926,23986,Binghamton,Vermont,2016-04-30,A,9,17,L,-8
2016,1,23927,23971,Boston U.,Providence,2016-02-06,H,9,5,W,4
2016,1,23927,23952,Boston U.,UMass Lowell,2016-02-12,H,8,5,W,3
2016,1,23927,23992,Boston U.,High Point,2016-02-16,A,13,10,W,3
2016,1,23927,23943,Boston U.,Hartford,2016-02-20,H,10,16,L,-6
2016,1,23927,23985,Boston U.,Navy,2016-02-27,H,10,9,W,1
2016,1,23927,23931,Boston U.,Canisius,2016-03-05,A,10,8,W,2
2016,1,23927,23932,Boston U.,Colgate,2016-03-12,H,11,6,W,5
2016,1,23927,23930,Boston U.,Bucknell,2016-03-19,A,6,13,L,-7
2016,1,23927,23944,Boston U.,Harvard,2016-03-22,A,9,8,W,1
2016,1,23927,23950,Boston U.,Lafayette,2016-03-26,A,16,6,W,10
2016,1,23927,23951,Boston U.,Lehigh,2016-04-02,H,7,8,L,-1
2016,1,23927,23984,Boston U.,Army West Point,2016-04-09,H,4,15,L,-11
2016,1,23927,23953,Boston U.,Loyola Maryland,2016-04-16,A,12,13,L,-1
2016,1,23927,23947,Boston U.,Holy Cross,2016-04-22,A,7,11,L,-4
2016,1,23927,23939,Boston U.,Duke,2016-05-08,H,8,15,L,-7
2016,1,23928,23972,Brown,Quinnipiac,2016-02-20,A,20,7,W,13
2016,1,23928,23980,Brown,Stony Brook,2016-02-27,A,16,14,W,2
2016,1,23928,23959,Brown,Massachusetts,2016-03-05,H,15,7,W,8
2016,1,23928,23947,Brown,Holy Cross,2016-03-08,A,20,7,W,13
2016,1,23928,23961,Brown,Michigan,2016-03-12,H,22,8,W,14
2016,1,23928,23944,Brown,Harvard,2016-03-19,A,11,8,W,3
2016,1,23928,23987,Brown,Villanova,2016-03-29,A,19,8,W,11
2016,1,23928,23970,Brown,Princeton,2016-04-02,H,19,8,W,11
2016,1,23928,23929,Brown,Bryant,2016-04-05,H,10,11,L,-1
2016,1,23928,23969,Brown,Penn,2016-04-09,A,17,6,W,11
2016,1,23928,23991,Brown,Yale,2016-04-16,H,14,12,W,2
2016,1,23928,23971,Brown,Providence,2016-04-19,H,16,10,W,6
2016,1,23928,23933,Brown,Cornell,2016-04-23,A,22,5,W,17
2016,1,23928,23934,Brown,Dartmouth,2016-04-27,H,16,3,W,13
2016,1,23928,23989,Brown,"Virginia @ Kennesaw, Georgia",2016-04-30,H,19,11,W,8
2016,1,23928,23944,Brown,Harvard,2016-05-06,H,12,13,L,-1
2016,1,23928,23949,Brown,Johns Hopkins,2016-05-14,H,17,8,W,9
2016,1,23928,23985,Brown,Navy,2016-05-21,H,11,10,W,1
2016,1,23928,23958,Brown,"Maryland @ Philadelphia, Pa.",2016-05-28,H,14,15,L,-1
2016,1,23929,23954,Bryant,Manhattan,2016-02-06,H,16,3,W,13
2016,1,23929,23930,Bryant,Bucknell,2016-02-14,H,10,11,L,-1
2016,1,23929,23971,Bryant,Providence,2016-02-20,A,12,10,W,2
2016,1,23929,23943,Bryant,Hartford,2016-02-27,A,16,11,W,5
2016,1,23929,23991,Bryant,Yale,2016-03-05,H,4,14,L,-10
2016,1,23929,23944,Bryant,Harvard,2016-03-08,H,12,9,W,3
2016,1,23929,23938,Bryant,Drexel,2016-03-12,H,5,14,L,-9
2016,1,23929,23974,Bryant,Robert Morris,2016-04-02,A,13,12,W,1
2016,1,23929,23928,Bryant,Brown,2016-04-05,A,11,10,W,1
2016,1,23929,23990,Bryant,Wagner,2016-04-09,H,18,5,W,13
2016,1,23929,23978,Bryant,Saint Joseph's,2016-04-16,A,9,10,L,-1
2016,1,23929,23963,Bryant,Mount St. Mary's,2016-04-19,H,12,7,W,5
2016,1,23929,23945,Bryant,Hobart,2016-04-23,H,15,2,W,13
2016,1,23929,23976,Bryant,Sacred Heart,2016-04-26,A,9,3,W,6
2016,1,23929,23945,Bryant,"Hobart @ Philadelphia, Pa.",2016-05-05,H,6,7,L,-1
2016,1,23930,23935,Bucknell,Delaware,2016-02-06,H,13,5,W,8
2016,1,23930,23929,Bucknell,Bryant,2016-02-14,A,11,10,W,1
2016,1,23930,23940,Bucknell,Fairfield,2016-02-20,A,13,8,W,5
2016,1,23930,23932,Bucknell,Colgate,2016-02-27,A,10,11,L,-1
2016,1,23930,23985,Bucknell,Navy,2016-03-05,H,6,13,L,-7
2016,1,23930,23947,Bucknell,Holy Cross,2016-03-12,A,18,12,W,6
2016,1,23930,23987,Bucknell,Villanova,2016-03-15,H,8,12,L,-4
2016,1,23930,23927,Bucknell,Boston U.,2016-03-19,H,13,6,W,7
2016,1,23930,23953,Bucknell,Loyola Maryland,2016-03-26,A,3,14,L,-11
2016,1,23930,23984,Bucknell,Army West Point,2016-04-02,A,8,7,W,1
2016,1,23930,23963,Bucknell,Mount St. Mary's,2016-04-08,H,15,10,W,5
2016,1,23930,23950,Bucknell,Lafayette,2016-04-15,H,14,7,W,7
2016,1,23930,23951,Bucknell,Lehigh,2016-04-22,H,15,7,W,8
2016,1,23930,23947,Bucknell,Holy Cross,2016-04-26,H,13,7,W,6
2016,1,23930,23953,Bucknell,"Loyola Maryland @ Annapolis, Md.",2016-04-29,H,6,7,L,-1
2016,1,23931,23927,Canisius,Boston U.,2016-03-05,H,8,10,L,-2
2016,1,23931,23986,Canisius,"Vermont @ Oshawa, Ontario",2016-03-08,H,11,6,W,5
2016,1,23931,23945,Canisius,Hobart,2016-03-15,H,7,8,L,-1
2016,1,23931,23979,Canisius,Siena,2016-03-19,A,12,9,W,3
2016,1,23931,23955,Canisius,Marist,2016-03-26,A,10,13,L,-3
2016,1,23931,23962,Canisius,Monmouth,2016-04-02,H,6,11,L,-5
2016,1,23931,23954,Canisius,Manhattan,2016-04-09,H,13,11,W,2
2016,1,23931,23926,Canisius,Binghamton,2016-04-12,A,12,13,L,-1
2016,1,23931,23972,Canisius,Quinnipiac,2016-04-16,A,9,17,L,-8
2016,1,23931,23974,Canisius,Robert Morris,2016-04-19,H,6,15,L,-9
2016,1,23931,23937,Canisius,Detroit Mercy,2016-04-23,H,9,5,W,4
2016,1,23931,23972,Canisius,Quinnipiac,2016-05-05,A,7,13,L,-6
2016,1,23932,23961,Colgate,Michigan,2016-02-14,A,8,9,L,-1
2016,1,23932,23926,Colgate,Binghamton,2016-02-20,H,11,4,W,7
2016,1,23932,23930,Colgate,Bucknell,2016-02-27,H,11,10,W,1
2016,1,23932,23951,Colgate,Lehigh,2016-03-05,A,9,12,L,-3
2016,1,23932,23945,Colgate,Hobart,2016-03-08,A,7,6,W,1
2016,1,23932,23927,Colgate,Boston U.,2016-03-12,A,6,11,L,-5
2016,1,23932,23933,Colgate,Cornell,2016-03-15,H,5,6,L,-1
2016,1,23932,23940,Colgate,Fairfield,2016-03-19,H,7,12,L,-5
2016,1,23932,23984,Colgate,Army West Point,2016-03-26,H,7,11,L,-4
2016,1,23932,23953,Colgate,Loyola Maryland,2016-04-03,H,4,12,L,-8
2016,1,23932,23985,Colgate,Navy,2016-04-09,A,9,16,L,-7
2016,1,23932,23947,Colgate,Holy Cross,2016-04-16,H,6,12,L,-6
2016,1,23932,23950,Colgate,Lafayette,2016-04-22,A,14,9,W,5
2016,1,23932,23981,Colgate,Syracuse,2016-05-07,A,3,18,L,-15
2016,1,23933,23968,Cornell,Penn St.,2016-02-20,H,7,8,L,-1
2016,1,23933,23945,Cornell,"Hobart @ West Palm Beach, FL",2016-02-27,H,10,8,W,2
2016,1,23933,23924,Cornell,UAlbany,2016-03-05,A,8,12,L,-4
2016,1,23933,23989,Cornell,Virginia,2016-03-12,H,14,10,W,4
2016,1,23933,23932,Cornell,Colgate,2016-03-15,A,6,5,W,1
2016,1,23933,23991,Cornell,Yale,2016-03-19,H,9,15,L,-6
2016,1,23933,23969,Cornell,Penn,2016-03-26,A,6,9,L,-3
2016,1,23933,23934,Cornell,Dartmouth,2016-04-02,A,19,4,W,15
2016,1,23933,23944,Cornell,Harvard,2016-04-09,H,8,12,L,-4
2016,1,23933,23981,Cornell,Syracuse,2016-04-12,H,10,9,W,1
2016,1,23933,23951,Cornell,Lehigh,2016-04-16,A,13,12,W,1
2016,1,23933,23928,Cornell,Brown,2016-04-23,H,5,22,L,-17
2016,1,23933,23970,Cornell,Princeton,2016-04-30,A,6,7,L,-1
2016,1,23934,23976,Dartmouth,Sacred Heart,2016-02-20,A,8,10,L,-2
2016,1,23934,23983,Dartmouth,"Air Force @ Denver, Colo.",2016-02-27,H,3,9,L,-6
2016,1,23934,23936,Dartmouth,Denver,2016-02-28,A,6,16,L,-10
2016,1,23934,23990,Dartmouth,Wagner,2016-03-05,H,6,7,L,-1
2016,1,23934,23961,Dartmouth,Michigan,2016-03-19,A,13,12,W,1
2016,1,23934,23965,Dartmouth,NJIT,2016-03-22,H,7,10,L,-3
2016,1,23934,23944,Dartmouth,Harvard,2016-03-26,A,8,18,L,-10
2016,1,23934,23986,Dartmouth,Vermont,2016-03-29,A,9,15,L,-6
2016,1,23934,23933,Dartmouth,Cornell,2016-04-02,H,4,19,L,-15
2016,1,23934,23991,Dartmouth,Yale,2016-04-09,H,5,15,L,-10
2016,1,23934,23970,Dartmouth,Princeton,2016-04-16,A,3,7,L,-4
2016,1,23934,23952,Dartmouth,UMass Lowell,2016-04-19,A,10,11,L,-1
2016,1,23934,23969,Dartmouth,Penn,2016-04-23,H,4,11,L,-7
2016,1,23934,23928,Dartmouth,Brown,2016-04-27,A,3,16,L,-13
2016,1,23935,23930,Delaware,Bucknell,2016-02-06,A,5,13,L,-8
2016,1,23935,23963,Delaware,Mount St. Mary's,2016-02-12,H,11,14,L,-3
2016,1,23935,23985,Delaware,Navy,2016-02-21,A,1,5,L,-4
2016,1,23935,23961,Delaware,"Michigan @ Costa Mesa, Calif.",2016-02-27,H,7,10,L,-3
2016,1,23935,23988,Delaware,VMI,2016-03-01,H,14,6,W,8
2016,1,23935,23987,Delaware,Villanova,2016-03-05,H,13,23,L,-10
2016,1,23935,23954,Delaware,Manhattan,2016-03-08,A,6,5,W,1
2016,1,23935,23926,Delaware,Binghamton,2016-03-12,A,12,11,W,1
2016,1,23935,23978,Delaware,Saint Joseph's,2016-03-19,A,7,12,L,-5
2016,1,23935,23975,Delaware,Rutgers,2016-03-26,A,11,15,L,-4
2016,1,23935,23959,Delaware,Massachusetts,2016-04-02,H,9,7,W,2
2016,1,23935,23946,Delaware,Hofstra,2016-04-09,A,7,13,L,-6
2016,1,23935,23982,Delaware,Towson,2016-04-16,A,10,7,W,3
2016,1,23935,23938,Delaware,Drexel,2016-04-23,H,5,6,L,-1
2016,1,23935,23940,Delaware,Fairfield,2016-04-29,H,5,10,L,-5
2016,1,23936,23983,Denver,Air Force,2016-02-13,A,10,9,W,1
2016,1,23936,23939,Denver,"Duke @ Kennesaw, Ga.",2016-02-20,H,14,12,W,2
2016,1,23936,23976,Denver,Sacred Heart,2016-02-27,H,18,7,W,11
2016,1,23936,23934,Denver,Dartmouth,2016-02-28,H,16,6,W,10
2016,1,23936,23964,Denver,North Carolina,2016-03-05,A,13,12,W,1
2016,1,23936,23966,Denver,Notre Dame,2016-03-13,A,9,8,W,1
2016,1,23936,23967,Denver,Ohio St.,2016-03-19,H,15,6,W,9
2016,1,23936,23968,Denver,"Penn St. @ Dallas, Texas",2016-03-26,H,10,15,L,-5
2016,1,23936,23942,Denver,Georgetown,2016-04-02,A,17,4,W,13
2016,1,23936,23987,Denver,Villanova,2016-04-09,A,12,11,W,1
2016,1,23936,23977,Denver,St. John's (NY),2016-04-16,H,17,10,W,7
2016,1,23936,23971,Denver,Providence,2016-04-23,A,17,7,W,10
2016,1,23936,23956,Denver,Marquette,2016-04-30,H,14,11,W,3
2016,1,23936,23971,Denver,Providence,2016-05-05,H,17,8,W,9
2016,1,23936,23956,Denver,Marquette,2016-05-07,H,9,10,L,-1
2016,1,23936,23982,Denver,Towson,2016-05-15,H,9,10,L,-1
2016,1,23937,23967,Detroit Mercy,Ohio St.,2016-02-13,A,5,16,L,-11
2016,1,23937,23960,Detroit Mercy,Mercer,2016-02-19,A,8,9,L,-1
2016,1,23937,23966,Detroit Mercy,Notre Dame,2016-02-27,A,5,14,L,-9
2016,1,23937,23925,Detroit Mercy,"Bellarmine @ Columbus, Ohio",2016-03-04,H,6,7,L,-1
2016,1,23937,23956,Detroit Mercy,"Marquette @ Columbus, Ohio",2016-03-06,H,8,10,L,-2
2016,1,23937,23954,Detroit Mercy,Manhattan,2016-03-19,A,9,3,W,6
2016,1,23937,23983,Detroit Mercy,Air Force,2016-03-26,H,5,7,L,-2
2016,1,23937,23979,Detroit Mercy,Siena,2016-04-02,H,6,7,L,-1
2016,1,23937,23972,Detroit Mercy,Quinnipiac,2016-04-10,H,4,14,L,-10
2016,1,23937,23962,Detroit Mercy,Monmouth,2016-04-16,A,9,8,W,1
2016,1,23937,23931,Detroit Mercy,Canisius,2016-04-23,A,5,9,L,-4
2016,1,23937,23955,Detroit Mercy,Marist,2016-04-30,H,3,14,L,-11
2016,1,23938,23989,Drexel,Virginia,2016-02-20,H,7,14,L,-7
2016,1,23938,23924,Drexel,UAlbany,2016-02-27,A,14,20,L,-6
2016,1,23938,23987,Drexel,Villanova,2016-03-01,A,9,14,L,-5
2016,1,23938,23978,Drexel,Saint Joseph's,2016-03-05,A,10,9,W,1
2016,1,23938,23958,Drexel,Maryland,2016-03-08,H,8,12,L,-4
2016,1,23938,23929,Drexel,Bryant,2016-03-12,A,14,5,W,9
2016,1,23938,23977,Drexel,St. John's (NY),2016-03-19,H,13,4,W,9
2016,1,23938,23926,Drexel,Binghamton,2016-03-22,A,7,10,L,-3
2016,1,23938,23960,Drexel,Mercer,2016-03-26,H,12,5,W,7
2016,1,23938,23982,Drexel,Towson,2016-04-02,A,7,11,L,-4
2016,1,23938,23940,Drexel,Fairfield,2016-04-09,A,7,8,L,-1
2016,1,23938,23946,Drexel,Hofstra,2016-04-16,H,4,10,L,-6
2016,1,23938,23935,Drexel,Delaware,2016-04-23,A,6,5,W,1
2016,1,23938,23959,Drexel,Massachusetts,2016-04-29,H,10,5,W,5
2016,1,23938,23982,Drexel,Towson,2016-05-05,A,6,10,L,-4
2016,1,23939,23992,Duke,High Point,2016-02-12,H,17,6,W,11
2016,1,23939,23951,Duke,Lehigh,2016-02-14,H,13,11,W,2
2016,1,23939,23936,Duke,"Denver @ Kennesaw, Ga.",2016-02-20,H,12,14,L,-2
2016,1,23939,23948,Duke,Jacksonville,2016-02-27,A,18,5,W,13
2016,1,23939,23960,Duke,Mercer,2016-02-29,H,19,9,W,10
2016,1,23939,23944,Duke,"Harvard @ Hempstead, NY",2016-03-05,H,9,14,L,-5
2016,1,23939,23973,Duke,Richmond,2016-03-07,H,10,12,L,-2
2016,1,23939,23953,Duke,Loyola Maryland,2016-03-12,A,15,6,W,9
2016,1,23939,23942,Duke,Georgetown,2016-03-19,H,20,6,W,14
2016,1,23939,23983,Duke,Air Force,2016-03-22,H,9,10,L,-1
2016,1,23939,23981,Duke,Syracuse,2016-03-26,H,16,15,W,1
2016,1,23939,23964,Duke,North Carolina,2016-04-01,H,16,17,L,-1
2016,1,23939,23966,Duke,Notre Dame,2016-04-10,A,6,8,L,-2
2016,1,23939,23989,Duke,Virginia,2016-04-17,A,14,8,W,6
2016,1,23939,23956,Duke,Marquette,2016-04-22,H,16,1,W,15
2016,1,23939,23966,Duke,"Notre Dame @ Kennesaw, Georgia",2016-04-29,H,10,9,W,1
2016,1,23939,23981,Duke,"Syracuse @ Kennesaw, Georgia",2016-05-01,H,8,14,L,-6
2016,1,23939,23927,Duke,Boston U.,2016-05-08,A,15,8,W,7
2016,1,23939,23953,Duke,Loyola Maryland,2016-05-14,A,11,16,L,-5
2016,1,23940,23973,Fairfield,Richmond,2016-02-15,H,10,11,L,-1
2016,1,23940,23930,Fairfield,Bucknell,2016-02-20,H,8,13,L,-5
2016,1,23940,23975,Fairfield,Rutgers,2016-02-27,A,6,12,L,-6
2016,1,23940,23952,Fairfield,UMass Lowell,2016-03-01,H,12,10,W,2
2016,1,23940,23980,Fairfield,Stony Brook,2016-03-05,H,6,9,L,-3
2016,1,23940,23942,Fairfield,Georgetown,2016-03-08,A,13,9,W,4
2016,1,23940,23991,Fairfield,Yale,2016-03-12,H,5,10,L,-5
2016,1,23940,23932,Fairfield,Colgate,2016-03-19,A,12,7,W,5
2016,1,23940,23972,Fairfield,Quinnipiac,2016-03-22,H,13,7,W,6
2016,1,23940,23987,Fairfield,Villanova,2016-03-26,A,9,15,L,-6
2016,1,23940,23946,Fairfield,Hofstra,2016-04-02,A,9,8,W,1
2016,1,23940,23938,Fairfield,Drexel,2016-04-09,H,8,7,W,1
2016,1,23940,23959,Fairfield,Massachusetts,2016-04-16,H,8,6,W,2
2016,1,23940,23982,Fairfield,Towson,2016-04-23,A,11,18,L,-7
2016,1,23940,23935,Fairfield,Delaware,2016-04-29,A,10,5,W,5
2016,1,23940,23946,Fairfield,"Hofstra @ Towson, Md.",2016-05-05,H,11,8,W,3
2016,1,23940,23982,Fairfield,Towson,2016-05-07,A,2,4,L,-2
2016,1,23941,23967,Furman,Ohio St.,2016-02-06,H,7,8,L,-1
2016,1,23941,23964,Furman,North Carolina,2016-02-13,A,6,14,L,-8
2016,1,23941,23951,Furman,Lehigh,2016-02-20,H,7,15,L,-8
2016,1,23941,23963,Furman,Mount St. Mary's,2016-03-05,A,8,10,L,-2
2016,1,23941,23968,Furman,Penn St.,2016-03-08,H,7,16,L,-9
2016,1,23941,23983,Furman,Air Force,2016-03-12,A,4,14,L,-10
2016,1,23941,23982,Furman,Towson,2016-03-19,A,6,15,L,-9
2016,1,23941,23988,Furman,VMI,2016-03-26,A,18,5,W,13
2016,1,23941,23948,Furman,Jacksonville,2016-04-02,H,13,7,W,6
2016,1,23941,23973,Furman,Richmond,2016-04-09,H,5,6,L,-1
2016,1,23941,23960,Furman,Mercer,2016-04-16,A,10,12,L,-2
2016,1,23941,23992,Furman,High Point,2016-04-23,H,5,10,L,-5
2016,1,23941,23925,Furman,Bellarmine,2016-04-30,A,8,15,L,-7
2016,1,23942,23966,Georgetown,"Notre Dame @ Kennesaw, Ga.",2016-02-20,H,7,12,L,-5
2016,1,23942,23982,Georgetown,Towson,2016-02-27,A,7,10,L,-3
2016,1,23942,23963,Georgetown,Mount St. Mary's,2016-03-01,H,8,11,L,-3
2016,1,23942,23946,Georgetown,Hofstra,2016-03-05,A,11,6,W,5
2016,1,23942,23940,Georgetown,Fairfield,2016-03-08,H,9,13,L,-4
2016,1,23942,23945,Georgetown,Hobart,2016-03-12,H,9,10,L,-1
2016,1,23942,23939,Georgetown,Duke,2016-03-19,A,6,20,L,-14
2016,1,23942,23953,Georgetown,Loyola Maryland,2016-03-23,H,7,10,L,-3
2016,1,23942,23956,Georgetown,Marquette,2016-03-26,A,8,9,L,-1
2016,1,23942,23936,Georgetown,Denver,2016-04-02,H,4,17,L,-13
2016,1,23942,23971,Georgetown,Providence,2016-04-09,H,8,5,W,3
2016,1,23942,23987,Georgetown,Villanova,2016-04-16,A,4,16,L,-12
2016,1,23942,23989,Georgetown,Virginia,2016-04-23,H,7,8,L,-1
2016,1,23942,23977,Georgetown,St. John's (NY),2016-04-30,A,5,8,L,-3
2016,1,23943,23927,Hartford,Boston U.,2016-02-20,A,16,10,W,6
2016,1,23943,23929,Hartford,Bryant,2016-02-27,H,11,16,L,-5
2016,1,23943,23959,Hartford,Massachusetts,2016-03-01,A,3,11,L,-8
2016,1,23943,23954,Hartford,Manhattan,2016-03-05,A,16,4,W,12
2016,1,23943,23972,Hartford,Quinnipiac,2016-03-12,H,10,11,L,-1
2016,1,23943,23955,Hartford,Marist,2016-03-15,A,11,8,W,3
2016,1,23943,23952,Hartford,UMass Lowell,2016-03-19,A,9,8,W,1
2016,1,23943,23924,Hartford,UAlbany,2016-03-26,H,9,13,L,-4
2016,1,23943,23947,Hartford,Holy Cross,2016-03-29,H,10,8,W,2
2016,1,23943,23926,Hartford,Binghamton,2016-04-02,H,17,9,W,8
2016,1,23943,23957,Hartford,UMBC,2016-04-09,A,10,4,W,6
2016,1,23943,23979,Hartford,Siena,2016-04-16,H,15,4,W,11
2016,1,23943,23976,Hartford,Sacred Heart,2016-04-19,A,9,8,W,1
2016,1,23943,23986,Hartford,Vermont,2016-04-23,H,4,13,L,-9
2016,1,23943,23980,Hartford,Stony Brook,2016-04-30,A,8,16,L,-8
2016,1,23943,23924,Hartford,UAlbany,2016-05-05,A,11,10,W,1
2016,1,23943,23986,Hartford,"Vermont @ Albany, N.Y.",2016-05-07,H,17,16,W,1
2016,1,23943,23972,Hartford,Quinnipiac,2016-05-11,A,9,14,L,-5
2016,1,23944,23987,Harvard,Villanova,2016-02-20,H,13,12,W,1
2016,1,23944,23947,Harvard,Holy Cross,2016-02-23,H,11,10,W,1
2016,1,23944,23959,Harvard,Massachusetts,2016-02-27,A,10,9,W,1
2016,1,23944,23939,Harvard,"Duke @ Hempstead, NY",2016-03-05,H,14,9,W,5
2016,1,23944,23929,Harvard,Bryant,2016-03-08,A,9,12,L,-3
2016,1,23944,23968,Harvard,Penn St.,2016-03-12,A,12,13,L,-1
2016,1,23944,23928,Harvard,Brown,2016-03-19,H,8,11,L,-3
2016,1,23944,23927,Harvard,Boston U.,2016-03-22,H,8,9,L,-1
2016,1,23944,23934,Harvard,Dartmouth,2016-03-26,H,18,8,W,10
2016,1,23944,23924,Harvard,UAlbany,2016-03-30,A,9,10,L,-1
2016,1,23944,23933,Harvard,Cornell,2016-04-09,A,12,8,W,4
2016,1,23944,23969,Harvard,Penn,2016-04-16,A,13,14,L,-1
2016,1,23944,23970,Harvard,Princeton,2016-04-23,H,16,12,W,4
2016,1,23944,23991,Harvard,Yale,2016-04-30,A,8,9,L,-1
2016,1,23944,23928,Harvard,Brown,2016-05-06,A,13,12,W,1
2016,1,23944,23991,Harvard,"Yale @ Providence, R.I.",2016-05-08,H,9,14,L,-5
2016,1,23992,23939,High Point,Duke,2016-02-12,A,6,17,L,-11
2016,1,23992,23927,High Point,Boston U.,2016-02-16,H,10,13,L,-3
2016,1,23992,23958,High Point,Maryland,2016-02-20,A,10,15,L,-5
2016,1,23992,23989,High Point,Virginia,2016-02-23,A,12,11,W,1
2016,1,23992,23974,High Point,Robert Morris,2016-02-27,A,15,10,W,5
2016,1,23992,23955,High Point,Marist,2016-03-05,H,11,9,W,2
2016,1,23992,23971,High Point,Providence,2016-03-12,H,13,12,W,1
2016,1,23992,23983,High Point,Air Force,2016-03-19,A,4,13,L,-9
2016,1,23992,23973,High Point,Richmond,2016-03-27,A,3,7,L,-4
2016,1,23992,23960,High Point,Mercer,2016-04-03,H,15,10,W,5
2016,1,23992,23925,High Point,Bellarmine,2016-04-09,H,13,7,W,6
2016,1,23992,23948,High Point,Jacksonville,2016-04-16,H,14,10,W,4
2016,1,23992,23941,High Point,Furman,2016-04-23,A,10,5,W,5
2016,1,23992,23988,High Point,VMI,2016-04-30,H,20,6,W,14
2016,1,23992,23973,High Point,Richmond,2016-05-05,A,6,17,L,-11
2016,1,23945,23968,Hobart,Penn St.,2016-02-13,A,12,17,L,-5
2016,1,23945,23979,Hobart,"Siena @ Kennesaw, Ga.",2016-02-20,H,12,9,W,3
2016,1,23945,23933,Hobart,"Cornell @ West Palm Beach, FL",2016-02-27,H,8,10,L,-2
2016,1,23945,23926,Hobart,Binghamton,2016-03-05,H,12,6,W,6
2016,1,23945,23932,Hobart,Colgate,2016-03-08,H,6,7,L,-1
2016,1,23945,23942,Hobart,Georgetown,2016-03-12,A,10,9,W,1
2016,1,23945,23931,Hobart,Canisius,2016-03-15,A,8,7,W,1
2016,1,23945,23990,Hobart,Wagner,2016-03-19,A,10,9,W,1
2016,1,23945,23978,Hobart,Saint Joseph's,2016-03-26,H,5,13,L,-8
2016,1,23945,23981,Hobart,Syracuse,2016-04-06,H,6,13,L,-7
2016,1,23945,23974,Hobart,Robert Morris,2016-04-09,H,16,10,W,6
2016,1,23945,23963,Hobart,Mount St. Mary's,2016-04-16,A,12,6,W,6
2016,1,23945,23929,Hobart,Bryant,2016-04-23,A,2,15,L,-13
2016,1,23945,23976,Hobart,Sacred Heart,2016-04-30,H,15,10,W,5
2016,1,23945,23929,Hobart,"Bryant @ Philadelphia, Pa.",2016-05-05,H,7,6,W,1
2016,1,23945,23978,Hobart,Saint Joseph's,2016-05-07,A,11,7,W,4
2016,1,23945,23982,Hobart,Towson,2016-05-11,A,5,18,L,-13
2016,1,23946,23964,Hofstra,North Carolina,2016-02-20,A,10,5,W,5
2016,1,23946,23970,Hofstra,Princeton,2016-02-27,H,11,10,W,1
2016,1,23946,23965,Hofstra,NJIT,2016-03-01,H,19,4,W,15
2016,1,23946,23942,Hofstra,Georgetown,2016-03-05,H,6,11,L,-5
2016,1,23946,23967,Hofstra,Ohio St.,2016-03-12,H,8,5,W,3
2016,1,23946,23980,Hofstra,Stony Brook,2016-03-15,A,5,13,L,-8
2016,1,23946,23971,Hofstra,Providence,2016-03-19,A,7,12,L,-5
2016,1,23946,23986,Hofstra,Vermont,2016-03-22,H,13,12,W,1
2016,1,23946,23977,Hofstra,St. John's (NY),2016-03-26,A,15,8,W,7
2016,1,23946,23940,Hofstra,Fairfield,2016-04-02,H,8,9,L,-1
2016,1,23946,23935,Hofstra,Delaware,2016-04-09,H,13,7,W,6
2016,1,23946,23938,Hofstra,Drexel,2016-04-16,A,10,4,W,6
2016,1,23946,23959,Hofstra,Massachusetts,2016-04-23,A,10,9,W,1
2016,1,23946,23982,Hofstra,Towson,2016-04-30,H,7,8,L,-1
2016,1,23946,23940,Hofstra,"Fairfield @ Towson, Md.",2016-05-05,H,8,11,L,-3
2016,1,23947,23971,Holy Cross,Providence,2016-02-12,A,8,12,L,-4
2016,1,23947,23986,Holy Cross,Vermont,2016-02-20,H,8,14,L,-6
2016,1,23947,23944,Holy Cross,Harvard,2016-02-23,A,10,11,L,-1
2016,1,23947,23951,Holy Cross,Lehigh,2016-02-27,A,11,12,L,-1
2016,1,23947,23953,Holy Cross,Loyola Maryland,2016-03-05,H,9,10,L,-1
2016,1,23947,23928,Holy Cross,Brown,2016-03-08,H,7,20,L,-13
2016,1,23947,23930,Holy Cross,Bucknell,2016-03-12,H,12,18,L,-6
2016,1,23947,23984,Holy Cross,Army West Point,2016-03-19,A,7,16,L,-9
2016,1,23947,23948,Holy Cross,Jacksonville,2016-03-26,H,10,6,W,4
2016,1,23947,23943,Holy Cross,Hartford,2016-03-29,A,8,10,L,-2
2016,1,23947,23985,Holy Cross,Navy,2016-04-02,A,3,12,L,-9
2016,1,23947,23950,Holy Cross,Lafayette,2016-04-09,H,11,6,W,5
2016,1,23947,23932,Holy Cross,Colgate,2016-04-16,A,12,6,W,6
2016,1,23947,23927,Holy Cross,Boston U.,2016-04-22,H,11,7,W,4
2016,1,23947,23930,Holy Cross,Bucknell,2016-04-26,A,7,13,L,-6
2016,1,23948,23986,Jacksonville,Vermont,2016-02-06,H,17,16,W,1
2016,1,23948,23962,Jacksonville,Monmouth,2016-02-14,H,5,11,L,-6
2016,1,23948,23977,Jacksonville,St. John's (NY),2016-02-18,A,8,7,W,1
2016,1,23948,23939,Jacksonville,Duke,2016-02-27,H,5,18,L,-13
2016,1,23948,23952,Jacksonville,UMass Lowell,2016-03-05,A,9,12,L,-3
2016,1,23948,23973,Jacksonville,Richmond,2016-03-12,A,6,12,L,-6
2016,1,23948,23925,Jacksonville,Bellarmine,2016-03-19,H,9,10,L,-1
2016,1,23948,23947,Jacksonville,Holy Cross,2016-03-26,A,6,10,L,-4
2016,1,23948,23941,Jacksonville,Furman,2016-04-02,A,7,13,L,-6
2016,1,23948,23988,Jacksonville,VMI,2016-04-09,H,14,2,W,12
2016,1,23948,23992,Jacksonville,High Point,2016-04-16,A,10,14,L,-4
2016,1,23948,23960,Jacksonville,Mercer,2016-04-23,H,5,12,L,-7
2016,1,23948,23983,Jacksonville,Air Force,2016-04-30,H,6,11,L,-5
2016,1,23949,23985,Johns Hopkins,Navy,2016-02-09,A,12,11,W,1
2016,1,23949,23953,Johns Hopkins,Loyola Maryland,2016-02-20,A,8,9,L,-1
2016,1,23949,23964,Johns Hopkins,North Carolina,2016-02-28,H,11,15,L,-4
2016,1,23949,23970,Johns Hopkins,Princeton,2016-03-05,H,17,7,W,10
2016,1,23949,23982,Johns Hopkins,Towson,2016-03-12,H,14,8,W,6
2016,1,23949,23981,Johns Hopkins,Syracuse,2016-03-19,H,11,10,W,1
2016,1,23949,23989,Johns Hopkins,Virginia,2016-03-27,A,12,13,L,-1
2016,1,23949,23957,Johns Hopkins,UMBC,2016-03-30,A,19,7,W,12
2016,1,23949,23975,Johns Hopkins,Rutgers,2016-04-02,A,9,16,L,-7
2016,1,23949,23967,Johns Hopkins,Ohio St.,2016-04-09,H,13,12,W,1
2016,1,23949,23968,Johns Hopkins,Penn St.,2016-04-17,A,12,11,W,1
2016,1,23949,23961,Johns Hopkins,Michigan,2016-04-23,A,19,13,W,6
2016,1,23949,23958,Johns Hopkins,Maryland,2016-04-30,H,8,11,L,-3
2016,1,23949,23975,Johns Hopkins,Rutgers,2016-05-05,H,12,14,L,-2
2016,1,23949,23928,Johns Hopkins,Brown,2016-05-14,A,8,17,L,-9
2016,1,23950,23976,Lafayette,Sacred Heart,2016-02-12,H,8,12,L,-4
2016,1,23950,23990,Lafayette,Wagner,2016-02-19,H,12,7,W,5
2016,1,23950,23953,Lafayette,Loyola Maryland,2016-02-27,A,8,12,L,-4
2016,1,23950,23984,Lafayette,Army West Point,2016-03-05,H,5,14,L,-9
2016,1,23950,23969,Lafayette,Penn,2016-03-08,A,6,12,L,-6
2016,1,23950,23951,Lafayette,Lehigh,2016-03-19,H,6,11,L,-5
2016,1,23950,23985,Lafayette,Navy,2016-03-22,A,4,11,L,-7
2016,1,23950,23927,Lafayette,Boston U.,2016-03-26,H,6,16,L,-10
2016,1,23950,23957,Lafayette,UMBC,2016-04-02,H,8,13,L,-5
2016,1,23950,23962,Lafayette,Monmouth,2016-04-05,A,11,10,W,1
2016,1,23950,23947,Lafayette,Holy Cross,2016-04-09,A,6,11,L,-5
2016,1,23950,23965,Lafayette,NJIT,2016-04-12,A,12,4,W,8
2016,1,23950,23930,Lafayette,Bucknell,2016-04-15,A,7,14,L,-7
2016,1,23950,23932,Lafayette,Colgate,2016-04-22,H,9,14,L,-5
2016,1,23951,23965,Lehigh,NJIT,2016-02-06,H,21,4,W,17
2016,1,23951,23939,Lehigh,Duke,2016-02-14,A,11,13,L,-2
2016,1,23951,23941,Lehigh,Furman,2016-02-20,A,15,7,W,8
2016,1,23951,23947,Lehigh,Holy Cross,2016-02-27,H,12,11,W,1
2016,1,23951,23932,Lehigh,Colgate,2016-03-05,H,12,9,W,3
2016,1,23951,23984,Lehigh,Army West Point,2016-03-12,A,10,13,L,-3
2016,1,23951,23950,Lehigh,Lafayette,2016-03-19,A,11,6,W,5
2016,1,23951,23985,Lehigh,Navy,2016-03-26,H,7,12,L,-5
2016,1,23951,23980,Lehigh,Stony Brook,2016-03-29,H,6,16,L,-10
2016,1,23951,23927,Lehigh,Boston U.,2016-04-02,A,8,7,W,1
2016,1,23951,23953,Lehigh,Loyola Maryland,2016-04-09,H,10,11,L,-1
2016,1,23951,23970,Lehigh,Princeton,2016-04-12,A,6,13,L,-7
2016,1,23951,23933,Lehigh,Cornell,2016-04-16,H,12,13,L,-1
2016,1,23951,23930,Lehigh,Bucknell,2016-04-22,A,7,15,L,-8
2016,1,23951,23984,Lehigh,Army West Point,2016-04-26,A,6,13,L,-7
2016,1,23953,23989,Loyola Maryland,Virginia,2016-02-13,A,11,4,W,7
2016,1,23953,23949,Loyola Maryland,Johns Hopkins,2016-02-20,H,9,8,W,1
2016,1,23953,23950,Loyola Maryland,Lafayette,2016-02-27,H,12,8,W,4
2016,1,23953,23982,Loyola Maryland,Towson,2016-03-02,H,8,10,L,-2
2016,1,23953,23947,Loyola Maryland,Holy Cross,2016-03-05,A,10,9,W,1
2016,1,23953,23939,Loyola Maryland,Duke,2016-03-12,H,6,15,L,-9
2016,1,23953,23985,Loyola Maryland,Navy,2016-03-19,A,9,10,L,-1
2016,1,23953,23942,Loyola Maryland,Georgetown,2016-03-23,A,10,7,W,3
2016,1,23953,23930,Loyola Maryland,Bucknell,2016-03-26,H,14,3,W,11
2016,1,23953,23932,Loyola Maryland,Colgate,2016-04-03,A,12,4,W,8
2016,1,23953,23951,Loyola Maryland,Lehigh,2016-04-09,A,11,10,W,1
2016,1,23953,23927,Loyola Maryland,Boston U.,2016-04-16,H,13,12,W,1
2016,1,23953,23984,Loyola Maryland,Army West Point,2016-04-22,H,12,6,W,6
2016,1,23953,23930,Loyola Maryland,"Bucknell @ Annapolis, Md.",2016-04-29,H,7,6,W,1
2016,1,23953,23984,Loyola Maryland,"Army West Point @ Annapolis, Md.",2016-05-01,H,14,6,W,8
2016,1,23953,23939,Loyola Maryland,Duke,2016-05-14,H,16,11,W,5
2016,1,23953,23982,Loyola Maryland,"Towson @ Columbus, Ohio",2016-05-22,H,10,8,W,2
2016,1,23953,23964,Loyola Maryland,"North Carolina @ Philadelphia, Pa.",2016-05-28,H,13,18,L,-5
2016,1,23954,23929,Manhattan,Bryant,2016-02-06,A,3,16,L,-13
2016,1,23954,23990,Manhattan,Wagner,2016-02-12,A,8,15,L,-7
2016,1,23954,23974,Manhattan,Robert Morris,2016-02-20,A,6,19,L,-13
2016,1,23954,23978,Manhattan,Saint Joseph's,2016-02-27,A,9,16,L,-7
2016,1,23954,23943,Manhattan,Hartford,2016-03-05,H,4,16,L,-12
2016,1,23954,23935,Manhattan,Delaware,2016-03-08,H,5,6,L,-1
2016,1,23954,23952,Manhattan,UMass Lowell,2016-03-12,A,8,5,W,3
2016,1,23954,23964,Manhattan,North Carolina,2016-03-14,H,2,18,L,-16
2016,1,23954,23937,Manhattan,Detroit Mercy,2016-03-19,H,3,9,L,-6
2016,1,23954,23962,Manhattan,Monmouth,2016-03-26,H,5,10,L,-5
2016,1,23954,23965,Manhattan,NJIT,2016-04-02,A,14,5,W,9
2016,1,23954,23931,Manhattan,Canisius,2016-04-09,A,11,13,L,-2
2016,1,23954,23955,Manhattan,Marist,2016-04-16,A,11,10,W,1
2016,1,23954,23979,Manhattan,Siena,2016-04-23,H,11,16,L,-5
2016,1,23954,23972,Manhattan,Quinnipiac,2016-04-30,A,3,10,L,-7
2016,1,23955,23983,Marist,Air Force,2016-02-20,H,6,7,L,-1
2016,1,23955,23926,Marist,Binghamton,2016-02-27,H,10,8,W,2
2016,1,23955,23992,Marist,High Point,2016-03-05,A,9,11,L,-2
2016,1,23955,23957,Marist,UMBC,2016-03-12,A,8,9,L,-1
2016,1,23955,23943,Marist,Hartford,2016-03-15,H,8,11,L,-3
2016,1,23955,23962,Marist,Monmouth,2016-03-19,A,9,8,W,1
2016,1,23955,23961,Marist,Michigan,2016-03-23,A,7,6,W,1
2016,1,23955,23931,Marist,Canisius,2016-03-26,H,13,10,W,3
2016,1,23955,23972,Marist,Quinnipiac,2016-04-02,H,7,8,L,-1
2016,1,23955,23979,Marist,Siena,2016-04-09,A,12,6,W,6
2016,1,23955,23980,Marist,Stony Brook,2016-04-12,A,10,9,W,1
2016,1,23955,23954,Marist,Manhattan,2016-04-16,H,10,11,L,-1
2016,1,23955,23965,Marist,NJIT,2016-04-23,A,14,10,W,4
2016,1,23955,23937,Marist,Detroit Mercy,2016-04-30,A,14,3,W,11
2016,1,23955,23962,Marist,"Monmouth @ Hamden, Conn.",2016-05-05,H,8,7,W,1
2016,1,23955,23972,Marist,Quinnipiac,2016-05-07,A,9,13,L,-4
2016,1,23956,23925,Marquette,Bellarmine,2016-02-20,H,9,7,W,2
2016,1,23956,23973,Marquette,Richmond,2016-02-27,A,7,2,W,5
2016,1,23956,23967,Marquette,Ohio St.,2016-03-04,A,8,12,L,-4
2016,1,23956,23937,Marquette,"Detroit Mercy @ Columbus, Ohio",2016-03-06,H,10,8,W,2
2016,1,23956,23974,Marquette,Robert Morris,2016-03-12,H,13,5,W,8
2016,1,23956,23972,Marquette,Quinnipiac,2016-03-19,A,11,5,W,6
2016,1,23956,23942,Marquette,Georgetown,2016-03-26,H,9,8,W,1
2016,1,23956,23987,Marquette,Villanova,2016-04-02,H,11,3,W,8
2016,1,23956,23977,Marquette,St. John's (NY),2016-04-09,A,11,7,W,4
2016,1,23956,23966,Marquette,Notre Dame,2016-04-13,A,7,8,L,-1
2016,1,23956,23971,Marquette,Providence,2016-04-16,H,8,7,W,1
2016,1,23956,23939,Marquette,Duke,2016-04-22,A,1,16,L,-15
2016,1,23956,23936,Marquette,Denver,2016-04-30,A,11,14,L,-3
2016,1,23956,23987,Marquette,"Villanova @ Denver, Colo.",2016-05-05,H,14,9,W,5
2016,1,23956,23936,Marquette,Denver,2016-05-07,A,10,9,W,1
2016,1,23956,23964,Marquette,North Carolina,2016-05-14,H,9,10,L,-1
2016,1,23958,23992,Maryland,High Point,2016-02-20,H,15,10,W,5
2016,1,23958,23991,Maryland,Yale,2016-02-27,A,5,8,L,-3
2016,1,23958,23966,Maryland,"Notre Dame @ Costa Mesa, CA",2016-03-05,H,4,9,L,-5
2016,1,23958,23938,Maryland,Drexel,2016-03-08,A,12,8,W,4
2016,1,23958,23970,Maryland,Princeton,2016-03-12,A,17,5,W,12
2016,1,23958,23924,Maryland,UAlbany,2016-03-16,H,10,7,W,3
2016,1,23958,23964,Maryland,North Carolina,2016-03-26,H,11,8,W,3
2016,1,23958,23969,Maryland,Penn,2016-03-29,A,13,8,W,5
2016,1,23958,23961,Maryland,Michigan,2016-04-02,A,8,7,W,1
2016,1,23958,23968,Maryland,Penn St.,2016-04-10,A,11,10,W,1
2016,1,23958,23975,Maryland,Rutgers,2016-04-16,H,11,8,W,3
2016,1,23958,23985,Maryland,Navy,2016-04-19,H,10,5,W,5
2016,1,23958,23967,Maryland,Ohio St.,2016-04-24,H,10,8,W,2
2016,1,23958,23949,Maryland,Johns Hopkins,2016-04-30,A,11,8,W,3
2016,1,23958,23968,Maryland,"Penn St. @ Baltimore, MD",2016-05-05,H,16,9,W,7
2016,1,23958,23975,Maryland,"Rutgers @ Baltimore, MD",2016-05-07,H,14,8,W,6
2016,1,23958,23972,Maryland,Quinnipiac,2016-05-15,H,13,6,W,7
2016,1,23958,23981,Maryland,"Syracuse @ Providence, R.I.",2016-05-21,H,13,7,W,6
2016,1,23958,23928,Maryland,"Brown @ Philadelphia, Pa.",2016-05-28,H,15,14,W,1
2016,1,23958,23964,Maryland,"North Carolina @ Philadelphia, Pa.",2016-05-30,H,13,14,L,-1
2016,1,23959,23984,Massachusetts,Army West Point,2016-02-12,A,5,9,L,-4
2016,1,23959,23967,Massachusetts,Ohio St.,2016-02-20,H,16,9,W,7
2016,1,23959,23944,Massachusetts,Harvard,2016-02-27,H,9,10,L,-1
2016,1,23959,23943,Massachusetts,Hartford,2016-03-01,H,11,3,W,8
2016,1,23959,23928,Massachusetts,Brown,2016-03-05,A,7,15,L,-8
2016,1,23959,23924,Massachusetts,UAlbany,2016-03-08,H,4,16,L,-12
2016,1,23959,23964,Massachusetts,North Carolina,2016-03-12,H,14,9,W,5
2016,1,23959,23968,Massachusetts,Penn St.,2016-03-19,A,11,9,W,2
2016,1,23959,23935,Massachusetts,Delaware,2016-04-02,A,7,9,L,-2
2016,1,23959,23982,Massachusetts,Towson,2016-04-09,H,8,11,L,-3
2016,1,23959,23940,Massachusetts,Fairfield,2016-04-16,A,6,8,L,-2
2016,1,23959,23946,Massachusetts,Hofstra,2016-04-23,H,9,10,L,-1
2016,1,23959,23938,Massachusetts,Drexel,2016-04-29,A,5,10,L,-5
2016,1,23960,23982,Mercer,Towson,2016-02-12,A,2,11,L,-9
2016,1,23960,23937,Mercer,Detroit Mercy,2016-02-19,H,9,8,W,1
2016,1,23960,23979,Mercer,Siena,2016-02-23,H,12,11,W,1
2016,1,23960,23939,Mercer,Duke,2016-02-29,A,9,19,L,-10
2016,1,23960,23974,Mercer,Robert Morris,2016-03-08,H,10,11,L,-1
2016,1,23960,23925,Mercer,Bellarmine,2016-03-12,A,7,11,L,-4
2016,1,23960,23988,Mercer,VMI,2016-03-19,H,13,2,W,11
2016,1,23960,23938,Mercer,Drexel,2016-03-26,A,5,12,L,-7
2016,1,23960,23992,Mercer,High Point,2016-04-03,A,10,15,L,-5
2016,1,23960,23983,Mercer,Air Force,2016-04-09,A,13,15,L,-2
2016,1,23960,23941,Mercer,Furman,2016-04-16,H,12,10,W,2
2016,1,23960,23948,Mercer,Jacksonville,2016-04-23,A,12,5,W,7
2016,1,23960,23973,Mercer,Richmond,2016-04-30,H,6,12,L,-6
2016,1,23961,23964,Michigan,North Carolina,2016-02-06,A,10,20,L,-10
2016,1,23961,23932,Michigan,Colgate,2016-02-14,H,9,8,W,1
2016,1,23961,23969,Michigan,Penn,2016-02-20,A,10,12,L,-2
2016,1,23961,23935,Michigan,"Delaware @ Costa Mesa, Calif.",2016-02-27,H,10,7,W,3
2016,1,23961,23986,Michigan,Vermont,2016-03-05,H,15,13,W,2
2016,1,23961,23928,Michigan,Brown,2016-03-12,A,8,22,L,-14
2016,1,23961,23934,Michigan,Dartmouth,2016-03-19,H,12,13,L,-1
2016,1,23961,23955,Michigan,Marist,2016-03-23,H,6,7,L,-1
2016,1,23961,23958,Michigan,Maryland,2016-04-02,H,7,8,L,-1
2016,1,23961,23975,Michigan,Rutgers,2016-04-10,A,6,13,L,-7
2016,1,23961,23967,Michigan,Ohio St.,2016-04-16,A,7,10,L,-3
2016,1,23961,23949,Michigan,Johns Hopkins,2016-04-23,H,13,19,L,-6
2016,1,23961,23968,Michigan,Penn St.,2016-04-30,A,9,14,L,-5
2016,1,23962,23948,Monmouth,Jacksonville,2016-02-14,A,11,5,W,6
2016,1,23962,23990,Monmouth,Wagner,2016-02-23,A,8,4,W,4
2016,1,23962,23975,Monmouth,Rutgers,2016-03-05,H,6,12,L,-6
2016,1,23962,23965,Monmouth,NJIT,2016-03-08,H,12,5,W,7
2016,1,23962,23978,Monmouth,Saint Joseph's,2016-03-12,H,8,18,L,-10
2016,1,23962,23988,Monmouth,VMI,2016-03-15,A,17,5,W,12
2016,1,23962,23955,Monmouth,Marist,2016-03-19,H,8,9,L,-1
2016,1,23962,23954,Monmouth,Manhattan,2016-03-26,A,10,5,W,5
2016,1,23962,23931,Monmouth,Canisius,2016-04-02,A,11,6,W,5
2016,1,23962,23950,Monmouth,Lafayette,2016-04-05,H,10,11,L,-1
2016,1,23962,23937,Monmouth,Detroit Mercy,2016-04-16,H,8,9,L,-1
2016,1,23962,23972,Monmouth,Quinnipiac,2016-04-23,H,5,8,L,-3
2016,1,23962,23979,Monmouth,Siena,2016-04-30,A,14,13,W,1
2016,1,23962,23955,Monmouth,"Marist @ Hamden, Conn.",2016-05-05,H,7,8,L,-1
2016,1,23963,23935,Mount St. Mary's,Delaware,2016-02-12,A,14,11,W,3
2016,1,23963,23982,Mount St. Mary's,Towson,2016-02-20,A,5,9,L,-4
2016,1,23963,23973,Mount St. Mary's,Richmond,2016-02-23,A,6,9,L,-3
2016,1,23963,23942,Mount St. Mary's,Georgetown,2016-03-01,A,11,8,W,3
2016,1,23963,23941,Mount St. Mary's,Furman,2016-03-05,H,10,8,W,2
2016,1,23963,23988,Mount St. Mary's,VMI,2016-03-12,H,14,2,W,12
2016,1,23963,23974,Mount St. Mary's,Robert Morris,2016-03-26,H,9,11,L,-2
2016,1,23963,23976,Mount St. Mary's,Sacred Heart,2016-04-02,A,19,16,W,3
2016,1,23963,23930,Mount St. Mary's,Bucknell,2016-04-08,A,10,15,L,-5
2016,1,23963,23957,Mount St. Mary's,UMBC,2016-04-12,H,11,14,L,-3
2016,1,23963,23945,Mount St. Mary's,Hobart,2016-04-16,H,6,12,L,-6
2016,1,23963,23929,Mount St. Mary's,Bryant,2016-04-19,A,7,12,L,-5
2016,1,23963,23990,Mount St. Mary's,Wagner,2016-04-23,H,7,3,W,4
2016,1,23963,23978,Mount St. Mary's,Saint Joseph's,2016-04-30,A,5,12,L,-7
2016,1,23965,23951,NJIT,Lehigh,2016-02-06,A,4,21,L,-17
2016,1,23965,23986,NJIT,Vermont,2016-02-16,H,5,19,L,-14
2016,1,23965,23970,NJIT,Princeton,2016-02-20,A,4,21,L,-17
2016,1,23965,23988,NJIT,VMI,2016-02-27,H,7,10,L,-3
2016,1,23965,23946,NJIT,Hofstra,2016-03-01,A,4,19,L,-15
2016,1,23965,23972,NJIT,Quinnipiac,2016-03-05,A,7,9,L,-2
2016,1,23965,23962,NJIT,Monmouth,2016-03-08,A,5,12,L,-7
2016,1,23965,23984,NJIT,Army West Point,2016-03-13,A,6,16,L,-10
2016,1,23965,23975,NJIT,Rutgers,2016-03-18,A,3,16,L,-13
2016,1,23965,23934,NJIT,Dartmouth,2016-03-22,A,10,7,W,3
2016,1,23965,23990,NJIT,Wagner,2016-03-26,A,8,10,L,-2
2016,1,23965,23954,NJIT,Manhattan,2016-04-02,H,5,14,L,-9
2016,1,23965,23950,NJIT,Lafayette,2016-04-12,H,4,12,L,-8
2016,1,23965,23955,NJIT,Marist,2016-04-23,H,10,14,L,-4
2016,1,23965,23952,NJIT,UMass Lowell,2016-04-30,A,6,7,L,-1
2016,1,23985,23983,Navy,Air Force,2016-02-06,H,10,6,W,4
2016,1,23985,23949,Navy,Johns Hopkins,2016-02-09,H,11,12,L,-1
2016,1,23985,23935,Navy,Delaware,2016-02-21,H,5,1,W,4
2016,1,23985,23927,Navy,Boston U.,2016-02-27,A,9,10,L,-1
2016,1,23985,23930,Navy,Bucknell,2016-03-05,A,13,6,W,7
2016,1,23985,23953,Navy,Loyola Maryland,2016-03-19,H,10,9,W,1
2016,1,23985,23950,Navy,Lafayette,2016-03-22,H,11,4,W,7
2016,1,23985,23951,Navy,Lehigh,2016-03-26,A,12,7,W,5
2016,1,23985,23947,Navy,Holy Cross,2016-04-02,H,12,3,W,9
2016,1,23985,23932,Navy,Colgate,2016-04-09,H,16,9,W,7
2016,1,23985,23984,Navy,Army West Point,2016-04-16,A,11,10,W,1
2016,1,23985,23958,Navy,Maryland,2016-04-19,A,5,10,L,-5
2016,1,23985,23976,Navy,Sacred Heart,2016-04-22,H,7,1,W,6
2016,1,23985,23984,Navy,Army West Point,2016-04-29,H,3,9,L,-6
2016,1,23985,23991,Navy,Yale,2016-05-15,A,13,10,W,3
2016,1,23985,23928,Navy,Brown,2016-05-21,A,10,11,L,-1
2016,1,23964,23961,North Carolina,Michigan,2016-02-06,H,20,10,W,10
2016,1,23964,23941,North Carolina,Furman,2016-02-13,H,14,6,W,8
2016,1,23964,23946,North Carolina,Hofstra,2016-02-20,H,5,10,L,-5
2016,1,23964,23949,North Carolina,Johns Hopkins,2016-02-28,A,15,11,W,4
2016,1,23964,23936,North Carolina,Denver,2016-03-05,H,12,13,L,-1
2016,1,23964,23959,North Carolina,Massachusetts,2016-03-12,A,9,14,L,-5
2016,1,23964,23954,North Carolina,Manhattan,2016-03-14,A,18,2,W,16
2016,1,23964,23973,North Carolina,Richmond,2016-03-19,H,15,6,W,9
2016,1,23964,23958,North Carolina,Maryland,2016-03-26,A,8,11,L,-3
2016,1,23964,23939,North Carolina,Duke,2016-04-01,A,17,16,W,1
2016,1,23964,23989,North Carolina,Virginia,2016-04-10,H,16,8,W,8
2016,1,23964,23981,North Carolina,Syracuse,2016-04-16,A,7,13,L,-6
2016,1,23964,23966,North Carolina,Notre Dame,2016-04-23,H,17,15,W,2
2016,1,23964,23981,North Carolina,"Syracuse @ Kennesaw, Georgia",2016-04-29,H,7,10,L,-3
2016,1,23964,23956,North Carolina,Marquette,2016-05-14,A,10,9,W,1
2016,1,23964,23966,North Carolina,"Notre Dame @ Columbus, Ohio",2016-05-22,H,13,9,W,4
2016,1,23964,23953,North Carolina,"Loyola Maryland @ Philadelphia, Pa.",2016-05-28,H,18,13,W,5
2016,1,23964,23958,North Carolina,"Maryland @ Philadelphia, Pa.",2016-05-30,H,14,13,W,1
2016,1,23966,23942,Notre Dame,"Georgetown @ Kennesaw, Ga.",2016-02-20,H,12,7,W,5
2016,1,23966,23925,Notre Dame,Bellarmine,2016-02-24,H,11,6,W,5
2016,1,23966,23937,Notre Dame,Detroit Mercy,2016-02-27,H,14,5,W,9
2016,1,23966,23958,Notre Dame,"Maryland @ Costa Mesa, CA",2016-03-05,H,9,4,W,5
2016,1,23966,23936,Notre Dame,Denver,2016-03-13,H,8,9,L,-1
2016,1,23966,23989,Notre Dame,Virginia,2016-03-19,H,8,7,W,1
2016,1,23966,23967,Notre Dame,Ohio St.,2016-03-26,A,9,8,W,1
2016,1,23966,23981,Notre Dame,Syracuse,2016-04-02,A,17,7,W,10
2016,1,23966,23939,Notre Dame,Duke,2016-04-10,H,8,6,W,2
2016,1,23966,23956,Notre Dame,Marquette,2016-04-13,H,8,7,W,1
2016,1,23966,23964,Notre Dame,North Carolina,2016-04-23,A,15,17,L,-2
2016,1,23966,23939,Notre Dame,"Duke @ Kennesaw, Georgia",2016-04-29,H,9,10,L,-1
2016,1,23966,23984,Notre Dame,Army West Point,2016-05-08,H,13,7,W,6
2016,1,23966,23983,Notre Dame,Air Force,2016-05-14,H,15,7,W,8
2016,1,23966,23964,Notre Dame,"North Carolina @ Columbus, Ohio",2016-05-22,H,9,13,L,-4
2016,1,23967,23941,Ohio St.,Furman,2016-02-06,A,8,7,W,1
2016,1,23967,23937,Ohio St.,Detroit Mercy,2016-02-13,H,16,5,W,11
2016,1,23967,23959,Ohio St.,Massachusetts,2016-02-20,A,9,16,L,-7
2016,1,23967,23957,Ohio St.,UMBC,2016-02-26,H,12,7,W,5
2016,1,23967,23956,Ohio St.,Marquette,2016-03-04,H,12,8,W,4
2016,1,23967,23925,Ohio St.,Bellarmine,2016-03-06,H,9,5,W,4
2016,1,23967,23946,Ohio St.,Hofstra,2016-03-12,A,5,8,L,-3
2016,1,23967,23982,Ohio St.,Towson,2016-03-15,H,9,10,L,-1
2016,1,23967,23936,Ohio St.,Denver,2016-03-19,A,6,15,L,-9
2016,1,23967,23966,Ohio St.,Notre Dame,2016-03-26,H,8,9,L,-1
2016,1,23967,23968,Ohio St.,Penn St.,2016-04-03,H,5,6,L,-1
2016,1,23967,23949,Ohio St.,Johns Hopkins,2016-04-09,A,12,13,L,-1
2016,1,23967,23961,Ohio St.,Michigan,2016-04-16,H,10,7,W,3
2016,1,23967,23958,Ohio St.,Maryland,2016-04-24,A,8,10,L,-2
2016,1,23967,23975,Ohio St.,Rutgers,2016-04-30,H,12,10,W,2
2016,1,23969,23961,Penn,Michigan,2016-02-20,H,12,10,W,2
2016,1,23969,23989,Penn,Virginia,2016-02-28,A,10,15,L,-5
2016,1,23969,23968,Penn,Penn St.,2016-03-05,H,11,7,W,4
2016,1,23969,23950,Penn,Lafayette,2016-03-08,H,12,6,W,6
2016,1,23969,23987,Penn,Villanova,2016-03-12,A,8,16,L,-8
2016,1,23969,23970,Penn,Princeton,2016-03-19,A,20,10,W,10
2016,1,23969,23933,Penn,Cornell,2016-03-26,H,9,6,W,3
2016,1,23969,23958,Penn,Maryland,2016-03-29,H,8,13,L,-5
2016,1,23969,23991,Penn,Yale,2016-04-02,A,10,11,L,-1
2016,1,23969,23928,Penn,Brown,2016-04-09,H,6,17,L,-11
2016,1,23969,23944,Penn,Harvard,2016-04-16,H,14,13,W,1
2016,1,23969,23957,Penn,UMBC,2016-04-19,A,8,7,W,1
2016,1,23969,23934,Penn,Dartmouth,2016-04-23,A,11,4,W,7
2016,1,23969,23978,Penn,Saint Joseph's,2016-04-26,H,8,9,L,-1
2016,1,23969,23991,Penn,"Yale @ Providence, R.I.",2016-05-06,H,6,7,L,-1
2016,1,23968,23974,Penn St.,Robert Morris,2016-02-06,H,20,7,W,13
2016,1,23968,23945,Penn St.,Hobart,2016-02-13,H,17,12,W,5
2016,1,23968,23933,Penn St.,Cornell,2016-02-20,A,8,7,W,1
2016,1,23968,23987,Penn St.,Villanova,2016-02-27,H,9,19,L,-10
2016,1,23968,23969,Penn St.,Penn,2016-03-05,A,7,11,L,-4
2016,1,23968,23941,Penn St.,Furman,2016-03-08,A,16,7,W,9
2016,1,23968,23944,Penn St.,Harvard,2016-03-12,H,13,12,W,1
2016,1,23968,23959,Penn St.,Massachusetts,2016-03-19,H,9,11,L,-2
2016,1,23968,23936,Penn St.,"Denver @ Dallas, Texas",2016-03-26,H,15,10,W,5
2016,1,23968,23967,Penn St.,Ohio St.,2016-04-03,A,6,5,W,1
2016,1,23968,23958,Penn St.,Maryland,2016-04-10,H,10,11,L,-1
2016,1,23968,23949,Penn St.,Johns Hopkins,2016-04-17,H,11,12,L,-1
2016,1,23968,23975,Penn St.,Rutgers,2016-04-22,A,14,15,L,-1
2016,1,23968,23961,Penn St.,Michigan,2016-04-30,H,14,9,W,5
2016,1,23968,23958,Penn St.,"Maryland @ Baltimore, MD",2016-05-05,H,9,16,L,-7
2016,1,23970,23965,Princeton,NJIT,2016-02-20,H,21,4,W,17
2016,1,23970,23946,Princeton,Hofstra,2016-02-27,A,10,11,L,-1
2016,1,23970,23949,Princeton,Johns Hopkins,2016-03-05,A,7,17,L,-10
2016,1,23970,23958,Princeton,Maryland,2016-03-12,H,5,17,L,-12
2016,1,23970,23975,Princeton,Rutgers,2016-03-14,H,10,7,W,3
2016,1,23970,23969,Princeton,Penn,2016-03-19,H,10,20,L,-10
2016,1,23970,23991,Princeton,Yale,2016-03-26,A,10,11,L,-1
2016,1,23970,23928,Princeton,Brown,2016-04-02,A,8,19,L,-11
2016,1,23970,23980,Princeton,Stony Brook,2016-04-09,H,10,13,L,-3
2016,1,23970,23951,Princeton,Lehigh,2016-04-12,H,13,6,W,7
2016,1,23970,23934,Princeton,Dartmouth,2016-04-16,H,7,3,W,4
2016,1,23970,23944,Princeton,Harvard,2016-04-23,A,12,16,L,-4
2016,1,23970,23933,Princeton,Cornell,2016-04-30,H,7,6,W,1
2016,1,23971,23927,Providence,Boston U.,2016-02-06,A,5,9,L,-4
2016,1,23971,23947,Providence,Holy Cross,2016-02-12,H,12,8,W,4
2016,1,23971,23929,Providence,Bryant,2016-02-20,H,10,12,L,-2
2016,1,23971,23986,Providence,Vermont,2016-02-27,A,11,8,W,3
2016,1,23971,23976,Providence,Sacred Heart,2016-03-05,A,11,8,W,3
2016,1,23971,23992,Providence,High Point,2016-03-12,A,12,13,L,-1
2016,1,23971,23946,Providence,Hofstra,2016-03-19,H,12,7,W,5
2016,1,23971,23952,Providence,UMass Lowell,2016-03-22,H,15,11,W,4
2016,1,23971,23925,Providence,Bellarmine,2016-03-26,H,9,7,W,2
2016,1,23971,23977,Providence,St. John's (NY),2016-04-02,H,15,10,W,5
2016,1,23971,23942,Providence,Georgetown,2016-04-09,A,5,8,L,-3
2016,1,23971,23956,Providence,Marquette,2016-04-16,A,7,8,L,-1
2016,1,23971,23928,Providence,Brown,2016-04-19,A,10,16,L,-6
2016,1,23971,23936,Providence,Denver,2016-04-23,H,7,17,L,-10
2016,1,23971,23987,Providence,Villanova,2016-04-30,A,7,14,L,-7
2016,1,23971,23936,Providence,Denver,2016-05-05,A,8,17,L,-9
2016,1,23972,23928,Quinnipiac,Brown,2016-02-20,H,7,20,L,-13
2016,1,23972,23925,Quinnipiac,Bellarmine,2016-02-27,A,12,6,W,6
2016,1,23972,23965,Quinnipiac,NJIT,2016-03-05,H,9,7,W,2
2016,1,23972,23943,Quinnipiac,Hartford,2016-03-12,A,11,10,W,1
2016,1,23972,23956,Quinnipiac,Marquette,2016-03-19,H,5,11,L,-6
2016,1,23972,23940,Quinnipiac,Fairfield,2016-03-22,A,7,13,L,-6
2016,1,23972,23979,Quinnipiac,Siena,2016-03-26,H,11,6,W,5
2016,1,23972,23955,Quinnipiac,Marist,2016-04-02,A,8,7,W,1
2016,1,23972,23937,Quinnipiac,Detroit Mercy,2016-04-10,A,14,4,W,10
2016,1,23972,23931,Quinnipiac,Canisius,2016-04-16,H,17,9,W,8
2016,1,23972,23962,Quinnipiac,Monmouth,2016-04-23,A,8,5,W,3
2016,1,23972,23954,Quinnipiac,Manhattan,2016-04-30,H,10,3,W,7
2016,1,23972,23931,Quinnipiac,Canisius,2016-05-05,H,13,7,W,6
2016,1,23972,23955,Quinnipiac,Marist,2016-05-07,H,13,9,W,4
2016,1,23972,23943,Quinnipiac,Hartford,2016-05-11,H,14,9,W,5
2016,1,23972,23958,Quinnipiac,Maryland,2016-05-15,A,6,13,L,-7
2016,1,23973,23940,Richmond,Fairfield,2016-02-15,A,11,10,W,1
2016,1,23973,23957,Richmond,UMBC,2016-02-20,A,7,5,W,2
2016,1,23973,23963,Richmond,Mount St. Mary's,2016-02-23,H,9,6,W,3
2016,1,23973,23956,Richmond,Marquette,2016-02-27,H,2,7,L,-5
2016,1,23973,23988,Richmond,VMI,2016-03-05,A,11,6,W,5
2016,1,23973,23939,Richmond,Duke,2016-03-07,A,12,10,W,2
2016,1,23973,23948,Richmond,Jacksonville,2016-03-12,H,12,6,W,6
2016,1,23973,23964,Richmond,North Carolina,2016-03-19,A,6,15,L,-9
2016,1,23973,23992,Richmond,High Point,2016-03-27,H,7,3,W,4
2016,1,23973,23989,Richmond,Virginia,2016-04-02,H,0,9,L,-9
2016,1,23973,23941,Richmond,Furman,2016-04-09,A,6,5,W,1
2016,1,23973,23925,Richmond,Bellarmine,2016-04-16,H,10,7,W,3
2016,1,23973,23983,Richmond,Air Force,2016-04-23,H,8,9,L,-1
2016,1,23973,23960,Richmond,Mercer,2016-04-30,A,12,6,W,6
2016,1,23973,23992,Richmond,High Point,2016-05-05,H,17,6,W,11
2016,1,23973,23983,Richmond,Air Force,2016-05-07,A,8,9,L,-1
2016,1,23974,23968,Robert Morris,Penn St.,2016-02-06,A,7,20,L,-13
2016,1,23974,23925,Robert Morris,Bellarmine,2016-02-13,A,10,11,L,-1
2016,1,23974,23954,Robert Morris,Manhattan,2016-02-20,H,19,6,W,13
2016,1,23974,23992,Robert Morris,High Point,2016-02-27,H,10,15,L,-5
2016,1,23974,23983,Robert Morris,Air Force,2016-03-05,H,10,11,L,-1
2016,1,23974,23960,Robert Morris,Mercer,2016-03-08,A,11,10,W,1
2016,1,23974,23956,Robert Morris,Marquette,2016-03-12,A,5,13,L,-8
2016,1,23974,23976,Robert Morris,Sacred Heart,2016-03-19,H,12,7,W,5
2016,1,23974,23963,Robert Morris,Mount St. Mary's,2016-03-26,A,11,9,W,2
2016,1,23974,23929,Robert Morris,Bryant,2016-04-02,H,12,13,L,-1
2016,1,23974,23945,Robert Morris,Hobart,2016-04-09,A,10,16,L,-6
2016,1,23974,23931,Robert Morris,Canisius,2016-04-19,A,15,6,W,9
2016,1,23974,23978,Robert Morris,Saint Joseph's,2016-04-23,H,13,8,W,5
2016,1,23974,23990,Robert Morris,Wagner,2016-04-30,A,18,12,W,6
2016,1,23974,23978,Robert Morris,Saint Joseph's,2016-05-05,A,7,14,L,-7
2016,1,23975,23977,Rutgers,St. John's (NY),2016-02-12,H,19,11,W,8
2016,1,23975,23984,Rutgers,Army West Point,2016-02-20,A,13,11,W,2
2016,1,23975,23940,Rutgers,Fairfield,2016-02-27,H,12,6,W,6
2016,1,23975,23990,Rutgers,Wagner,2016-03-01,A,15,7,W,8
2016,1,23975,23962,Rutgers,Monmouth,2016-03-05,A,12,6,W,6
2016,1,23975,23980,Rutgers,Stony Brook,2016-03-11,A,6,15,L,-9
2016,1,23975,23970,Rutgers,Princeton,2016-03-14,A,7,10,L,-3
2016,1,23975,23965,Rutgers,NJIT,2016-03-18,H,16,3,W,13
2016,1,23975,23935,Rutgers,Delaware,2016-03-26,H,15,11,W,4
2016,1,23975,23949,Rutgers,Johns Hopkins,2016-04-02,H,16,9,W,7
2016,1,23975,23961,Rutgers,Michigan,2016-04-10,H,13,6,W,7
2016,1,23975,23958,Rutgers,Maryland,2016-04-16,A,8,11,L,-3
2016,1,23975,23968,Rutgers,Penn St.,2016-04-22,H,15,14,W,1
2016,1,23975,23967,Rutgers,Ohio St.,2016-04-30,A,10,12,L,-2
2016,1,23975,23949,Rutgers,Johns Hopkins,2016-05-05,A,14,12,W,2
2016,1,23975,23958,Rutgers,"Maryland @ Baltimore, MD",2016-05-07,H,8,14,L,-6
2016,1,23976,23950,Sacred Heart,Lafayette,2016-02-12,A,12,8,W,4
2016,1,23976,23980,Sacred Heart,Stony Brook,2016-02-16,A,8,17,L,-9
2016,1,23976,23934,Sacred Heart,Dartmouth,2016-02-20,H,10,8,W,2
2016,1,23976,23936,Sacred Heart,Denver,2016-02-27,A,7,18,L,-11
2016,1,23976,23983,Sacred Heart,"Air Force @ Denver, Colo.",2016-02-28,H,10,13,L,-3
2016,1,23976,23971,Sacred Heart,Providence,2016-03-05,H,8,11,L,-3
2016,1,23976,23986,Sacred Heart,Vermont,2016-03-12,A,8,9,L,-1
2016,1,23976,23974,Sacred Heart,Robert Morris,2016-03-19,A,7,12,L,-5
2016,1,23976,23963,Sacred Heart,Mount St. Mary's,2016-04-02,H,16,19,L,-3
2016,1,23976,23991,Sacred Heart,Yale,2016-04-05,A,3,19,L,-16
2016,1,23976,23978,Sacred Heart,Saint Joseph's,2016-04-09,A,6,16,L,-10
2016,1,23976,23990,Sacred Heart,Wagner,2016-04-16,H,8,11,L,-3
2016,1,23976,23943,Sacred Heart,Hartford,2016-04-19,H,8,9,L,-1
2016,1,23976,23985,Sacred Heart,Navy,2016-04-22,A,1,7,L,-6
2016,1,23976,23929,Sacred Heart,Bryant,2016-04-26,H,3,9,L,-6
2016,1,23976,23945,Sacred Heart,Hobart,2016-04-30,A,10,15,L,-5
2016,1,23978,23988,Saint Joseph's,VMI,2016-02-20,H,15,5,W,10
2016,1,23978,23954,Saint Joseph's,Manhattan,2016-02-27,H,16,9,W,7
2016,1,23978,23977,Saint Joseph's,St. John's (NY),2016-03-02,H,16,8,W,8
2016,1,23978,23938,Saint Joseph's,Drexel,2016-03-05,H,9,10,L,-1
2016,1,23978,23989,Saint Joseph's,Virginia,2016-03-08,A,7,9,L,-2
2016,1,23978,23962,Saint Joseph's,Monmouth,2016-03-12,A,18,8,W,10
2016,1,23978,23935,Saint Joseph's,Delaware,2016-03-19,H,12,7,W,5
2016,1,23978,23945,Saint Joseph's,Hobart,2016-03-26,A,13,5,W,8
2016,1,23978,23990,Saint Joseph's,Wagner,2016-04-02,A,15,6,W,9
2016,1,23978,23976,Saint Joseph's,Sacred Heart,2016-04-09,H,16,6,W,10
2016,1,23978,23929,Saint Joseph's,Bryant,2016-04-16,H,10,9,W,1
2016,1,23978,23974,Saint Joseph's,Robert Morris,2016-04-23,A,8,13,L,-5
2016,1,23978,23969,Saint Joseph's,Penn,2016-04-26,A,9,8,W,1
2016,1,23978,23963,Saint Joseph's,Mount St. Mary's,2016-04-30,H,12,5,W,7
2016,1,23978,23974,Saint Joseph's,Robert Morris,2016-05-05,H,14,7,W,7
2016,1,23978,23945,Saint Joseph's,Hobart,2016-05-07,H,7,11,L,-4
2016,1,23979,23981,Siena,Syracuse,2016-02-13,A,5,18,L,-13
2016,1,23979,23945,Siena,"Hobart @ Kennesaw, Ga.",2016-02-20,H,9,12,L,-3
2016,1,23979,23960,Siena,Mercer,2016-02-23,A,11,12,L,-1
2016,1,23979,23952,Siena,UMass Lowell,2016-02-27,H,11,7,W,4
2016,1,23979,23977,Siena,St. John's (NY),2016-03-05,A,9,10,L,-1
2016,1,23979,23931,Siena,Canisius,2016-03-19,H,9,12,L,-3
2016,1,23979,23972,Siena,Quinnipiac,2016-03-26,A,6,11,L,-5
2016,1,23979,23937,Siena,Detroit Mercy,2016-04-02,A,7,6,W,1
2016,1,23979,23955,Siena,Marist,2016-04-09,H,6,12,L,-6
2016,1,23979,23943,Siena,Hartford,2016-04-16,A,4,15,L,-11
2016,1,23979,23954,Siena,Manhattan,2016-04-23,A,16,11,W,5
2016,1,23979,23924,Siena,UAlbany,2016-04-26,A,8,17,L,-9
2016,1,23979,23962,Siena,Monmouth,2016-04-30,H,13,14,L,-1
2016,1,23977,23975,St. John's (NY),Rutgers,2016-02-12,A,11,19,L,-8
2016,1,23977,23948,St. John's (NY),Jacksonville,2016-02-18,H,7,8,L,-1
2016,1,23977,23980,St. John's (NY),Stony Brook,2016-02-21,A,6,14,L,-8
2016,1,23977,23978,St. John's (NY),Saint Joseph's,2016-03-02,A,8,16,L,-8
2016,1,23977,23979,St. John's (NY),Siena,2016-03-05,H,10,9,W,1
2016,1,23977,23991,St. John's (NY),Yale,2016-03-08,A,8,13,L,-5
2016,1,23977,23981,St. John's (NY),Syracuse,2016-03-12,A,4,15,L,-11
2016,1,23977,23938,St. John's (NY),Drexel,2016-03-19,A,4,13,L,-9
2016,1,23977,23946,St. John's (NY),Hofstra,2016-03-26,H,8,15,L,-7
2016,1,23977,23971,St. John's (NY),Providence,2016-04-02,A,10,15,L,-5
2016,1,23977,23956,St. John's (NY),Marquette,2016-04-09,H,7,11,L,-4
2016,1,23977,23936,St. John's (NY),Denver,2016-04-16,A,10,17,L,-7
2016,1,23977,23987,St. John's (NY),Villanova,2016-04-23,H,13,18,L,-5
2016,1,23977,23942,St. John's (NY),Georgetown,2016-04-30,H,8,5,W,3
2016,1,23980,23976,Stony Brook,Sacred Heart,2016-02-16,H,17,8,W,9
2016,1,23980,23977,Stony Brook,St. John's (NY),2016-02-21,H,14,6,W,8
2016,1,23980,23928,Stony Brook,Brown,2016-02-27,H,14,16,L,-2
2016,1,23980,23940,Stony Brook,Fairfield,2016-03-05,A,9,6,W,3
2016,1,23980,23975,Stony Brook,Rutgers,2016-03-11,H,15,6,W,9
2016,1,23980,23946,Stony Brook,Hofstra,2016-03-15,H,13,5,W,8
2016,1,23980,23924,Stony Brook,UAlbany,2016-03-19,A,10,16,L,-6
2016,1,23980,23957,Stony Brook,UMBC,2016-03-26,A,14,11,W,3
2016,1,23980,23951,Stony Brook,Lehigh,2016-03-29,A,16,6,W,10
2016,1,23980,23986,Stony Brook,Vermont,2016-04-03,H,13,10,W,3
2016,1,23980,23970,Stony Brook,Princeton,2016-04-09,A,13,10,W,3
2016,1,23980,23955,Stony Brook,Marist,2016-04-12,H,9,10,L,-1
2016,1,23980,23952,Stony Brook,UMass Lowell,2016-04-16,H,15,7,W,8
2016,1,23980,23926,Stony Brook,Binghamton,2016-04-24,A,16,11,W,5
2016,1,23980,23943,Stony Brook,Hartford,2016-04-30,H,16,8,W,8
2016,1,23980,23986,Stony Brook,"Vermont @ Albany, N.Y.",2016-05-05,H,9,10,L,-1
2016,1,23981,23979,Syracuse,Siena,2016-02-13,H,18,5,W,13
2016,1,23981,23924,Syracuse,UAlbany,2016-02-21,H,16,7,W,9
2016,1,23981,23984,Syracuse,Army West Point,2016-02-28,H,9,8,W,1
2016,1,23981,23989,Syracuse,Virginia,2016-03-04,A,14,13,W,1
2016,1,23981,23977,Syracuse,St. John's (NY),2016-03-12,H,15,4,W,11
2016,1,23981,23949,Syracuse,Johns Hopkins,2016-03-19,A,10,11,L,-1
2016,1,23981,23939,Syracuse,Duke,2016-03-26,A,15,16,L,-1
2016,1,23981,23966,Syracuse,Notre Dame,2016-04-02,H,7,17,L,-10
2016,1,23981,23945,Syracuse,Hobart,2016-04-06,A,13,6,W,7
2016,1,23981,23933,Syracuse,Cornell,2016-04-12,A,9,10,L,-1
2016,1,23981,23964,Syracuse,North Carolina,2016-04-16,H,13,7,W,6
2016,1,23981,23926,Syracuse,Binghamton,2016-04-20,H,13,5,W,8
2016,1,23981,23964,Syracuse,"North Carolina @ Kennesaw, Georgia",2016-04-29,H,10,7,W,3
2016,1,23981,23939,Syracuse,"Duke @ Kennesaw, Georgia",2016-05-01,H,14,8,W,6
2016,1,23981,23932,Syracuse,Colgate,2016-05-07,H,18,3,W,15
2016,1,23981,23924,Syracuse,UAlbany,2016-05-15,H,11,9,W,2
2016,1,23981,23958,Syracuse,"Maryland @ Providence, R.I.",2016-05-21,H,7,13,L,-6
2016,1,23982,23960,Towson,Mercer,2016-02-12,H,11,2,W,9
2016,1,23982,23963,Towson,Mount St. Mary's,2016-02-20,H,9,5,W,4
2016,1,23982,23942,Towson,Georgetown,2016-02-27,H,10,7,W,3
2016,1,23982,23953,Towson,Loyola Maryland,2016-03-02,A,10,8,W,2
2016,1,23982,23957,Towson,UMBC,2016-03-05,H,14,6,W,8
2016,1,23982,23949,Towson,Johns Hopkins,2016-03-12,A,8,14,L,-6
2016,1,23982,23967,Towson,Ohio St.,2016-03-15,A,10,9,W,1
2016,1,23982,23941,Towson,Furman,2016-03-19,H,15,6,W,9
2016,1,23982,23926,Towson,Binghamton,2016-03-26,H,15,6,W,9
2016,1,23982,23938,Towson,Drexel,2016-04-02,H,11,7,W,4
2016,1,23982,23959,Towson,Massachusetts,2016-04-09,A,11,8,W,3
2016,1,23982,23935,Towson,Delaware,2016-04-16,H,7,10,L,-3
2016,1,23982,23940,Towson,Fairfield,2016-04-23,H,18,11,W,7
2016,1,23982,23946,Towson,Hofstra,2016-04-30,A,8,7,W,1
2016,1,23982,23938,Towson,Drexel,2016-05-05,H,10,6,W,4
2016,1,23982,23940,Towson,Fairfield,2016-05-07,H,4,2,W,2
2016,1,23982,23945,Towson,Hobart,2016-05-11,H,18,5,W,13
2016,1,23982,23936,Towson,Denver,2016-05-15,A,10,9,W,1
2016,1,23982,23953,Towson,"Loyola Maryland @ Columbus, Ohio",2016-05-22,H,8,10,L,-2
2016,1,23924,23981,UAlbany,Syracuse,2016-02-21,A,7,16,L,-9
2016,1,23924,23938,UAlbany,Drexel,2016-02-27,H,20,14,W,6
2016,1,23924,23933,UAlbany,Cornell,2016-03-05,H,12,8,W,4
2016,1,23924,23959,UAlbany,Massachusetts,2016-03-08,A,16,4,W,12
2016,1,23924,23958,UAlbany,Maryland,2016-03-16,A,7,10,L,-3
2016,1,23924,23980,UAlbany,Stony Brook,2016-03-19,H,16,10,W,6
2016,1,23924,23943,UAlbany,Hartford,2016-03-26,A,13,9,W,4
2016,1,23924,23944,UAlbany,Harvard,2016-03-30,H,10,9,W,1
2016,1,23924,23952,UAlbany,UMass Lowell,2016-04-02,A,16,9,W,7
2016,1,23924,23986,UAlbany,Vermont,2016-04-09,H,13,7,W,6
2016,1,23924,23926,UAlbany,Binghamton,2016-04-16,H,12,8,W,4
2016,1,23924,23991,UAlbany,Yale,2016-04-23,A,14,13,W,1
2016,1,23924,23979,UAlbany,Siena,2016-04-26,H,17,8,W,9
2016,1,23924,23957,UAlbany,UMBC,2016-04-30,A,15,14,W,1
2016,1,23924,23943,UAlbany,Hartford,2016-05-05,H,10,11,L,-1
2016,1,23924,23981,UAlbany,Syracuse,2016-05-15,A,9,11,L,-2
2016,1,23957,23973,UMBC,Richmond,2016-02-20,H,5,7,L,-2
2016,1,23957,23967,UMBC,Ohio St.,2016-02-26,A,7,12,L,-5
2016,1,23957,23982,UMBC,Towson,2016-03-05,A,6,14,L,-8
2016,1,23957,23955,UMBC,Marist,2016-03-12,H,9,8,W,1
2016,1,23957,23926,UMBC,Binghamton,2016-03-19,A,10,16,L,-6
2016,1,23957,23980,UMBC,Stony Brook,2016-03-26,H,11,14,L,-3
2016,1,23957,23949,UMBC,Johns Hopkins,2016-03-30,H,7,19,L,-12
2016,1,23957,23950,UMBC,Lafayette,2016-04-02,A,13,8,W,5
2016,1,23957,23943,UMBC,Hartford,2016-04-09,H,4,10,L,-6
2016,1,23957,23963,UMBC,Mount St. Mary's,2016-04-12,A,14,11,W,3
2016,1,23957,23986,UMBC,Vermont,2016-04-16,A,10,14,L,-4
2016,1,23957,23969,UMBC,Penn,2016-04-19,H,7,8,L,-1
2016,1,23957,23952,UMBC,UMass Lowell,2016-04-24,A,9,8,W,1
2016,1,23957,23924,UMBC,UAlbany,2016-04-30,H,14,15,L,-1
2016,1,23988,23978,VMI,Saint Joseph's,2016-02-20,A,5,15,L,-10
2016,1,23988,23984,VMI,Army West Point,2016-02-21,A,3,22,L,-19
2016,1,23988,23965,VMI,NJIT,2016-02-27,A,10,7,W,3
2016,1,23988,23935,VMI,Delaware,2016-03-01,A,6,14,L,-8
2016,1,23988,23973,VMI,Richmond,2016-03-05,H,6,11,L,-5
2016,1,23988,23990,VMI,Wagner,2016-03-08,H,6,7,L,-1
2016,1,23988,23963,VMI,Mount St. Mary's,2016-03-12,A,2,14,L,-12
2016,1,23988,23962,VMI,Monmouth,2016-03-15,H,5,17,L,-12
2016,1,23988,23960,VMI,Mercer,2016-03-19,A,2,13,L,-11
2016,1,23988,23941,VMI,Furman,2016-03-26,H,5,18,L,-13
2016,1,23988,23989,VMI,Virginia,2016-03-29,A,4,19,L,-15
2016,1,23988,221996,VMI,Hampton,2016-04-02,H,25,4,W,21
2016,1,23988,23948,VMI,Jacksonville,2016-04-09,A,2,14,L,-12
2016,1,23988,23983,VMI,Air Force,2016-04-16,A,3,13,L,-10
2016,1,23988,23925,VMI,Bellarmine,2016-04-23,H,6,15,L,-9
2016,1,23988,23992,VMI,High Point,2016-04-30,A,6,20,L,-14
2016,1,23986,23948,Vermont,Jacksonville,2016-02-06,A,16,17,L,-1
2016,1,23986,23965,Vermont,NJIT,2016-02-16,A,19,5,W,14
2016,1,23986,23947,Vermont,Holy Cross,2016-02-20,A,14,8,W,6
2016,1,23986,23971,Vermont,Providence,2016-02-27,H,8,11,L,-3
2016,1,23986,23961,Vermont,Michigan,2016-03-05,A,13,15,L,-2
2016,1,23986,23931,Vermont,"Canisius @ Oshawa, Ontario",2016-03-08,H,6,11,L,-5
2016,1,23986,23976,Vermont,Sacred Heart,2016-03-12,H,9,8,W,1
2016,1,23986,23946,Vermont,Hofstra,2016-03-22,A,12,13,L,-1
2016,1,23986,23952,Vermont,UMass Lowell,2016-03-26,H,11,9,W,2
2016,1,23986,23934,Vermont,Dartmouth,2016-03-29,H,15,9,W,6
2016,1,23986,23980,Vermont,Stony Brook,2016-04-03,A,10,13,L,-3
2016,1,23986,23924,Vermont,UAlbany,2016-04-09,A,7,13,L,-6
2016,1,23986,23957,Vermont,UMBC,2016-04-16,H,14,10,W,4
2016,1,23986,23943,Vermont,Hartford,2016-04-23,A,13,4,W,9
2016,1,23986,23926,Vermont,Binghamton,2016-04-30,H,17,9,W,8
2016,1,23986,23980,Vermont,"Stony Brook @ Albany, N.Y.",2016-05-05,H,10,9,W,1
2016,1,23986,23943,Vermont,"Hartford @ Albany, N.Y.",2016-05-07,H,16,17,L,-1
2016,1,23987,23944,Villanova,Harvard,2016-02-20,A,12,13,L,-1
2016,1,23987,23968,Villanova,Penn St.,2016-02-27,A,19,9,W,10
2016,1,23987,23938,Villanova,Drexel,2016-03-01,H,14,9,W,5
2016,1,23987,23935,Villanova,Delaware,2016-03-05,A,23,13,W,10
2016,1,23987,23969,Villanova,Penn,2016-03-12,H,16,8,W,8
2016,1,23987,23930,Villanova,Bucknell,2016-03-15,A,12,8,W,4
2016,1,23987,23940,Villanova,Fairfield,2016-03-26,H,15,9,W,6
2016,1,23987,23928,Villanova,Brown,2016-03-29,H,8,19,L,-11
2016,1,23987,23956,Villanova,Marquette,2016-04-02,A,3,11,L,-8
2016,1,23987,23936,Villanova,Denver,2016-04-09,H,11,12,L,-1
2016,1,23987,23942,Villanova,Georgetown,2016-04-16,H,16,4,W,12
2016,1,23987,23977,Villanova,St. John's (NY),2016-04-23,A,18,13,W,5
2016,1,23987,23971,Villanova,Providence,2016-04-30,H,14,7,W,7
2016,1,23987,23956,Villanova,"Marquette @ Denver, Colo.",2016-05-05,H,9,14,L,-5
2016,1,23989,23953,Virginia,Loyola Maryland,2016-02-13,H,4,11,L,-7
2016,1,23989,23938,Virginia,Drexel,2016-02-20,A,14,7,W,7
2016,1,23989,23992,Virginia,High Point,2016-02-23,H,11,12,L,-1
2016,1,23989,23969,Virginia,Penn,2016-02-28,H,15,10,W,5
2016,1,23989,23981,Virginia,Syracuse,2016-03-04,H,13,14,L,-1
2016,1,23989,23978,Virginia,Saint Joseph's,2016-03-08,H,9,7,W,2
2016,1,23989,23933,Virginia,Cornell,2016-03-12,A,10,14,L,-4
2016,1,23989,23966,Virginia,Notre Dame,2016-03-19,A,7,8,L,-1
2016,1,23989,23949,Virginia,Johns Hopkins,2016-03-27,H,13,12,W,1
2016,1,23989,23988,Virginia,VMI,2016-03-29,H,19,4,W,15
2016,1,23989,23973,Virginia,Richmond,2016-04-02,A,9,0,W,9
2016,1,23989,23964,Virginia,North Carolina,2016-04-10,A,8,16,L,-8
2016,1,23989,23939,Virginia,Duke,2016-04-17,H,8,14,L,-6
2016,1,23989,23942,Virginia,Georgetown,2016-04-23,A,8,7,W,1
2016,1,23989,23928,Virginia,"Brown @ Kennesaw, Georgia",2016-04-30,H,11,19,L,-8
2016,1,23990,23954,Wagner,Manhattan,2016-02-12,H,15,8,W,7
2016,1,23990,23950,Wagner,Lafayette,2016-02-19,A,7,12,L,-5
2016,1,23990,23962,Wagner,Monmouth,2016-02-23,H,4,8,L,-4
2016,1,23990,23975,Wagner,Rutgers,2016-03-01,H,7,15,L,-8
2016,1,23990,23934,Wagner,Dartmouth,2016-03-05,A,7,6,W,1
2016,1,23990,23988,Wagner,VMI,2016-03-08,A,7,6,W,1
2016,1,23990,221996,Wagner,"Hampton @ Charlottesville, Va.",2016-03-10,H,18,4,W,14
2016,1,23990,23952,Wagner,UMass Lowell,2016-03-15,H,11,12,L,-1
2016,1,23990,23945,Wagner,Hobart,2016-03-19,H,9,10,L,-1
2016,1,23990,23965,Wagner,NJIT,2016-03-26,H,10,8,W,2
2016,1,23990,23978,Wagner,Saint Joseph's,2016-04-02,H,6,15,L,-9
2016,1,23990,23929,Wagner,Bryant,2016-04-09,A,5,18,L,-13
2016,1,23990,23976,Wagner,Sacred Heart,2016-04-16,A,11,8,W,3
2016,1,23990,23963,Wagner,Mount St. Mary's,2016-04-23,A,3,7,L,-4
2016,1,23990,23974,Wagner,Robert Morris,2016-04-30,H,12,18,L,-6
2016,1,23991,23952,Yale,UMass Lowell,2016-02-20,A,17,7,W,10
2016,1,23991,23958,Yale,Maryland,2016-02-27,H,8,5,W,3
2016,1,23991,23929,Yale,Bryant,2016-03-05,A,14,4,W,10
2016,1,23991,23977,Yale,St. John's (NY),2016-03-08,H,13,8,W,5
2016,1,23991,23940,Yale,Fairfield,2016-03-12,A,10,5,W,5
2016,1,23991,23933,Yale,Cornell,2016-03-19,A,15,9,W,6
2016,1,23991,23970,Yale,Princeton,2016-03-26,H,11,10,W,1
2016,1,23991,23969,Yale,Penn,2016-04-02,H,11,10,W,1
2016,1,23991,23976,Yale,Sacred Heart,2016-04-05,H,19,3,W,16
2016,1,23991,23934,Yale,Dartmouth,2016-04-09,A,15,5,W,10
2016,1,23991,23928,Yale,Brown,2016-04-16,A,12,14,L,-2
2016,1,23991,23924,Yale,UAlbany,2016-04-23,H,13,14,L,-1
2016,1,23991,23944,Yale,Harvard,2016-04-30,H,9,8,W,1
2016,1,23991,23969,Yale,"Penn @ Providence, R.I.",2016-05-06,H,7,6,W,1
2016,1,23991,23944,Yale,"Harvard @ Providence, R.I.",2016-05-08,H,14,9,W,5
2016,1,23991,23985,Yale,Navy,2016-05-15,H,10,13,L,-3
